[2025-12-16T17:54:02.650+0000] {processor.py:157} INFO - Started process (PID=4002) to work on /home/vscode/.local/lib/python3.10/site-packages/airflow/example_dags/example_datasets.py
[2025-12-16T17:54:02.651+0000] {processor.py:826} INFO - Processing file /home/vscode/.local/lib/python3.10/site-packages/airflow/example_dags/example_datasets.py for tasks to queue
[2025-12-16T17:54:02.651+0000] {logging_mixin.py:150} INFO - [2025-12-16T17:54:02.651+0000] {dagbag.py:541} INFO - Filling up the DagBag from /home/vscode/.local/lib/python3.10/site-packages/airflow/example_dags/example_datasets.py
[2025-12-16T17:54:02.658+0000] {processor.py:836} INFO - DAG(s) dict_keys(['dataset_produces_2', 'dataset_consumes_1_never_scheduled', 'dataset_produces_1', 'dataset_consumes_1_and_2', 'dataset_consumes_unknown_never_scheduled', 'dataset_consumes_1']) retrieved from /home/vscode/.local/lib/python3.10/site-packages/airflow/example_dags/example_datasets.py
[2025-12-16T17:54:02.745+0000] {logging_mixin.py:150} INFO - [2025-12-16T17:54:02.745+0000] {manager.py:504} INFO - Created Permission View: can read on DAG:dataset_produces_2
[2025-12-16T17:54:02.755+0000] {logging_mixin.py:150} INFO - [2025-12-16T17:54:02.755+0000] {manager.py:504} INFO - Created Permission View: can delete on DAG:dataset_produces_2
[2025-12-16T17:54:02.761+0000] {logging_mixin.py:150} INFO - [2025-12-16T17:54:02.761+0000] {manager.py:504} INFO - Created Permission View: can edit on DAG:dataset_produces_2
[2025-12-16T17:54:02.781+0000] {logging_mixin.py:150} INFO - [2025-12-16T17:54:02.781+0000] {manager.py:504} INFO - Created Permission View: can read on DAG:dataset_consumes_1_never_scheduled
[2025-12-16T17:54:02.787+0000] {logging_mixin.py:150} INFO - [2025-12-16T17:54:02.787+0000] {manager.py:504} INFO - Created Permission View: can delete on DAG:dataset_consumes_1_never_scheduled
[2025-12-16T17:54:02.793+0000] {logging_mixin.py:150} INFO - [2025-12-16T17:54:02.793+0000] {manager.py:504} INFO - Created Permission View: can edit on DAG:dataset_consumes_1_never_scheduled
[2025-12-16T17:54:02.808+0000] {logging_mixin.py:150} INFO - [2025-12-16T17:54:02.808+0000] {manager.py:504} INFO - Created Permission View: can read on DAG:dataset_produces_1
[2025-12-16T17:54:02.814+0000] {logging_mixin.py:150} INFO - [2025-12-16T17:54:02.814+0000] {manager.py:504} INFO - Created Permission View: can delete on DAG:dataset_produces_1
[2025-12-16T17:54:02.820+0000] {logging_mixin.py:150} INFO - [2025-12-16T17:54:02.820+0000] {manager.py:504} INFO - Created Permission View: can edit on DAG:dataset_produces_1
[2025-12-16T17:54:02.838+0000] {logging_mixin.py:150} INFO - [2025-12-16T17:54:02.838+0000] {manager.py:504} INFO - Created Permission View: can read on DAG:dataset_consumes_1_and_2
[2025-12-16T17:54:02.844+0000] {logging_mixin.py:150} INFO - [2025-12-16T17:54:02.844+0000] {manager.py:504} INFO - Created Permission View: can delete on DAG:dataset_consumes_1_and_2
[2025-12-16T17:54:02.851+0000] {logging_mixin.py:150} INFO - [2025-12-16T17:54:02.851+0000] {manager.py:504} INFO - Created Permission View: can edit on DAG:dataset_consumes_1_and_2
[2025-12-16T17:54:02.868+0000] {logging_mixin.py:150} INFO - [2025-12-16T17:54:02.868+0000] {manager.py:504} INFO - Created Permission View: can read on DAG:dataset_consumes_unknown_never_scheduled
[2025-12-16T17:54:02.875+0000] {logging_mixin.py:150} INFO - [2025-12-16T17:54:02.875+0000] {manager.py:504} INFO - Created Permission View: can delete on DAG:dataset_consumes_unknown_never_scheduled
[2025-12-16T17:54:02.882+0000] {logging_mixin.py:150} INFO - [2025-12-16T17:54:02.882+0000] {manager.py:504} INFO - Created Permission View: can edit on DAG:dataset_consumes_unknown_never_scheduled
[2025-12-16T17:54:02.902+0000] {logging_mixin.py:150} INFO - [2025-12-16T17:54:02.902+0000] {manager.py:504} INFO - Created Permission View: can read on DAG:dataset_consumes_1
[2025-12-16T17:54:02.908+0000] {logging_mixin.py:150} INFO - [2025-12-16T17:54:02.908+0000] {manager.py:504} INFO - Created Permission View: can delete on DAG:dataset_consumes_1
[2025-12-16T17:54:02.914+0000] {logging_mixin.py:150} INFO - [2025-12-16T17:54:02.914+0000] {manager.py:504} INFO - Created Permission View: can edit on DAG:dataset_consumes_1
[2025-12-16T17:54:02.917+0000] {logging_mixin.py:150} INFO - [2025-12-16T17:54:02.917+0000] {dag.py:2742} INFO - Sync 6 DAGs
[2025-12-16T17:54:02.925+0000] {logging_mixin.py:150} INFO - [2025-12-16T17:54:02.925+0000] {dag.py:2763} INFO - Creating ORM DAG for dataset_produces_1
[2025-12-16T17:54:02.926+0000] {logging_mixin.py:150} INFO - [2025-12-16T17:54:02.926+0000] {dag.py:2763} INFO - Creating ORM DAG for dataset_consumes_1_and_2
[2025-12-16T17:54:02.926+0000] {logging_mixin.py:150} INFO - [2025-12-16T17:54:02.926+0000] {dag.py:2763} INFO - Creating ORM DAG for dataset_consumes_unknown_never_scheduled
[2025-12-16T17:54:02.926+0000] {logging_mixin.py:150} INFO - [2025-12-16T17:54:02.926+0000] {dag.py:2763} INFO - Creating ORM DAG for dataset_produces_2
[2025-12-16T17:54:02.927+0000] {logging_mixin.py:150} INFO - [2025-12-16T17:54:02.927+0000] {dag.py:2763} INFO - Creating ORM DAG for dataset_consumes_1
[2025-12-16T17:54:02.927+0000] {logging_mixin.py:150} INFO - [2025-12-16T17:54:02.927+0000] {dag.py:2763} INFO - Creating ORM DAG for dataset_consumes_1_never_scheduled
[2025-12-16T17:54:02.933+0000] {logging_mixin.py:150} INFO - [2025-12-16T17:54:02.933+0000] {dag.py:3504} INFO - Setting next_dagrun for dataset_consumes_1 to None, run_after=None
[2025-12-16T17:54:02.933+0000] {logging_mixin.py:150} INFO - [2025-12-16T17:54:02.933+0000] {dag.py:3504} INFO - Setting next_dagrun for dataset_consumes_1_and_2 to None, run_after=None
[2025-12-16T17:54:02.934+0000] {logging_mixin.py:150} INFO - [2025-12-16T17:54:02.934+0000] {dag.py:3504} INFO - Setting next_dagrun for dataset_consumes_1_never_scheduled to None, run_after=None
[2025-12-16T17:54:02.934+0000] {logging_mixin.py:150} INFO - [2025-12-16T17:54:02.934+0000] {dag.py:3504} INFO - Setting next_dagrun for dataset_consumes_unknown_never_scheduled to None, run_after=None
[2025-12-16T17:54:02.936+0000] {logging_mixin.py:150} INFO - [2025-12-16T17:54:02.936+0000] {dag.py:3504} INFO - Setting next_dagrun for dataset_produces_1 to 2025-12-15T00:00:00+00:00, run_after=2025-12-16T00:00:00+00:00
[2025-12-16T17:54:02.936+0000] {logging_mixin.py:150} INFO - [2025-12-16T17:54:02.936+0000] {dag.py:3504} INFO - Setting next_dagrun for dataset_produces_2 to None, run_after=None
[2025-12-16T17:54:02.960+0000] {processor.py:179} INFO - Processing /home/vscode/.local/lib/python3.10/site-packages/airflow/example_dags/example_datasets.py took 0.312 seconds
[2025-12-16T17:54:56.876+0000] {processor.py:157} INFO - Started process (PID=4523) to work on /home/vscode/.local/lib/python3.10/site-packages/airflow/example_dags/example_datasets.py
[2025-12-16T17:54:56.876+0000] {processor.py:826} INFO - Processing file /home/vscode/.local/lib/python3.10/site-packages/airflow/example_dags/example_datasets.py for tasks to queue
[2025-12-16T17:54:56.877+0000] {logging_mixin.py:150} INFO - [2025-12-16T17:54:56.877+0000] {dagbag.py:541} INFO - Filling up the DagBag from /home/vscode/.local/lib/python3.10/site-packages/airflow/example_dags/example_datasets.py
[2025-12-16T17:54:56.885+0000] {processor.py:836} INFO - DAG(s) dict_keys(['dataset_consumes_1', 'dataset_consumes_unknown_never_scheduled', 'dataset_produces_1', 'dataset_produces_2', 'dataset_consumes_1_and_2', 'dataset_consumes_1_never_scheduled']) retrieved from /home/vscode/.local/lib/python3.10/site-packages/airflow/example_dags/example_datasets.py
[2025-12-16T17:54:56.906+0000] {logging_mixin.py:150} INFO - [2025-12-16T17:54:56.906+0000] {dag.py:2742} INFO - Sync 6 DAGs
[2025-12-16T17:54:56.921+0000] {logging_mixin.py:150} INFO - [2025-12-16T17:54:56.921+0000] {dag.py:3504} INFO - Setting next_dagrun for dataset_consumes_1 to None, run_after=None
[2025-12-16T17:54:56.923+0000] {logging_mixin.py:150} INFO - [2025-12-16T17:54:56.923+0000] {dag.py:3504} INFO - Setting next_dagrun for dataset_consumes_1_and_2 to None, run_after=None
[2025-12-16T17:54:56.923+0000] {logging_mixin.py:150} INFO - [2025-12-16T17:54:56.923+0000] {dag.py:3504} INFO - Setting next_dagrun for dataset_consumes_1_never_scheduled to None, run_after=None
[2025-12-16T17:54:56.924+0000] {logging_mixin.py:150} INFO - [2025-12-16T17:54:56.924+0000] {dag.py:3504} INFO - Setting next_dagrun for dataset_consumes_unknown_never_scheduled to None, run_after=None
[2025-12-16T17:54:56.926+0000] {logging_mixin.py:150} INFO - [2025-12-16T17:54:56.926+0000] {dag.py:3504} INFO - Setting next_dagrun for dataset_produces_1 to 2025-12-15T00:00:00+00:00, run_after=2025-12-16T00:00:00+00:00
[2025-12-16T17:54:56.927+0000] {logging_mixin.py:150} INFO - [2025-12-16T17:54:56.926+0000] {dag.py:3504} INFO - Setting next_dagrun for dataset_produces_2 to None, run_after=None
[2025-12-16T17:54:56.947+0000] {processor.py:179} INFO - Processing /home/vscode/.local/lib/python3.10/site-packages/airflow/example_dags/example_datasets.py took 0.074 seconds
[2025-12-16T17:55:44.363+0000] {processor.py:157} INFO - Started process (PID=4977) to work on /home/vscode/.local/lib/python3.10/site-packages/airflow/example_dags/example_datasets.py
[2025-12-16T17:55:44.364+0000] {processor.py:826} INFO - Processing file /home/vscode/.local/lib/python3.10/site-packages/airflow/example_dags/example_datasets.py for tasks to queue
[2025-12-16T17:55:44.365+0000] {logging_mixin.py:150} INFO - [2025-12-16T17:55:44.364+0000] {dagbag.py:541} INFO - Filling up the DagBag from /home/vscode/.local/lib/python3.10/site-packages/airflow/example_dags/example_datasets.py
[2025-12-16T17:55:44.371+0000] {processor.py:836} INFO - DAG(s) dict_keys(['dataset_produces_2', 'dataset_consumes_unknown_never_scheduled', 'dataset_consumes_1_and_2', 'dataset_produces_1', 'dataset_consumes_1', 'dataset_consumes_1_never_scheduled']) retrieved from /home/vscode/.local/lib/python3.10/site-packages/airflow/example_dags/example_datasets.py
[2025-12-16T17:55:44.391+0000] {logging_mixin.py:150} INFO - [2025-12-16T17:55:44.391+0000] {dag.py:2742} INFO - Sync 6 DAGs
[2025-12-16T17:55:44.408+0000] {logging_mixin.py:150} INFO - [2025-12-16T17:55:44.408+0000] {dag.py:3504} INFO - Setting next_dagrun for dataset_consumes_1 to None, run_after=None
[2025-12-16T17:55:44.411+0000] {logging_mixin.py:150} INFO - [2025-12-16T17:55:44.411+0000] {dag.py:3504} INFO - Setting next_dagrun for dataset_consumes_1_and_2 to None, run_after=None
[2025-12-16T17:55:44.412+0000] {logging_mixin.py:150} INFO - [2025-12-16T17:55:44.412+0000] {dag.py:3504} INFO - Setting next_dagrun for dataset_consumes_1_never_scheduled to None, run_after=None
[2025-12-16T17:55:44.413+0000] {logging_mixin.py:150} INFO - [2025-12-16T17:55:44.413+0000] {dag.py:3504} INFO - Setting next_dagrun for dataset_consumes_unknown_never_scheduled to None, run_after=None
[2025-12-16T17:55:44.415+0000] {logging_mixin.py:150} INFO - [2025-12-16T17:55:44.415+0000] {dag.py:3504} INFO - Setting next_dagrun for dataset_produces_1 to 2025-12-15T00:00:00+00:00, run_after=2025-12-16T00:00:00+00:00
[2025-12-16T17:55:44.416+0000] {logging_mixin.py:150} INFO - [2025-12-16T17:55:44.416+0000] {dag.py:3504} INFO - Setting next_dagrun for dataset_produces_2 to None, run_after=None
[2025-12-16T17:55:44.448+0000] {processor.py:179} INFO - Processing /home/vscode/.local/lib/python3.10/site-packages/airflow/example_dags/example_datasets.py took 0.087 seconds
[2025-12-16T17:56:34.384+0000] {processor.py:157} INFO - Started process (PID=5358) to work on /home/vscode/.local/lib/python3.10/site-packages/airflow/example_dags/example_datasets.py
[2025-12-16T17:56:34.384+0000] {processor.py:826} INFO - Processing file /home/vscode/.local/lib/python3.10/site-packages/airflow/example_dags/example_datasets.py for tasks to queue
[2025-12-16T17:56:34.385+0000] {logging_mixin.py:150} INFO - [2025-12-16T17:56:34.385+0000] {dagbag.py:541} INFO - Filling up the DagBag from /home/vscode/.local/lib/python3.10/site-packages/airflow/example_dags/example_datasets.py
[2025-12-16T17:56:34.392+0000] {processor.py:836} INFO - DAG(s) dict_keys(['dataset_consumes_1_never_scheduled', 'dataset_produces_2', 'dataset_consumes_1_and_2', 'dataset_consumes_unknown_never_scheduled', 'dataset_produces_1', 'dataset_consumes_1']) retrieved from /home/vscode/.local/lib/python3.10/site-packages/airflow/example_dags/example_datasets.py
[2025-12-16T17:56:34.413+0000] {logging_mixin.py:150} INFO - [2025-12-16T17:56:34.413+0000] {dag.py:2742} INFO - Sync 6 DAGs
[2025-12-16T17:56:34.427+0000] {logging_mixin.py:150} INFO - [2025-12-16T17:56:34.427+0000] {dag.py:3504} INFO - Setting next_dagrun for dataset_consumes_1 to None, run_after=None
[2025-12-16T17:56:34.430+0000] {logging_mixin.py:150} INFO - [2025-12-16T17:56:34.429+0000] {dag.py:3504} INFO - Setting next_dagrun for dataset_consumes_1_and_2 to None, run_after=None
[2025-12-16T17:56:34.430+0000] {logging_mixin.py:150} INFO - [2025-12-16T17:56:34.430+0000] {dag.py:3504} INFO - Setting next_dagrun for dataset_consumes_1_never_scheduled to None, run_after=None
[2025-12-16T17:56:34.431+0000] {logging_mixin.py:150} INFO - [2025-12-16T17:56:34.431+0000] {dag.py:3504} INFO - Setting next_dagrun for dataset_consumes_unknown_never_scheduled to None, run_after=None
[2025-12-16T17:56:34.434+0000] {logging_mixin.py:150} INFO - [2025-12-16T17:56:34.434+0000] {dag.py:3504} INFO - Setting next_dagrun for dataset_produces_1 to 2025-12-15T00:00:00+00:00, run_after=2025-12-16T00:00:00+00:00
[2025-12-16T17:56:34.434+0000] {logging_mixin.py:150} INFO - [2025-12-16T17:56:34.434+0000] {dag.py:3504} INFO - Setting next_dagrun for dataset_produces_2 to None, run_after=None
[2025-12-16T17:56:34.457+0000] {processor.py:179} INFO - Processing /home/vscode/.local/lib/python3.10/site-packages/airflow/example_dags/example_datasets.py took 0.075 seconds
[2025-12-16T17:57:20.967+0000] {processor.py:157} INFO - Started process (PID=5852) to work on /home/vscode/.local/lib/python3.10/site-packages/airflow/example_dags/example_datasets.py
[2025-12-16T17:57:20.968+0000] {processor.py:826} INFO - Processing file /home/vscode/.local/lib/python3.10/site-packages/airflow/example_dags/example_datasets.py for tasks to queue
[2025-12-16T17:57:20.968+0000] {logging_mixin.py:150} INFO - [2025-12-16T17:57:20.968+0000] {dagbag.py:541} INFO - Filling up the DagBag from /home/vscode/.local/lib/python3.10/site-packages/airflow/example_dags/example_datasets.py
[2025-12-16T17:57:20.975+0000] {processor.py:836} INFO - DAG(s) dict_keys(['dataset_consumes_unknown_never_scheduled', 'dataset_consumes_1', 'dataset_produces_2', 'dataset_consumes_1_and_2', 'dataset_consumes_1_never_scheduled', 'dataset_produces_1']) retrieved from /home/vscode/.local/lib/python3.10/site-packages/airflow/example_dags/example_datasets.py
[2025-12-16T17:57:20.994+0000] {logging_mixin.py:150} INFO - [2025-12-16T17:57:20.994+0000] {dag.py:2742} INFO - Sync 6 DAGs
[2025-12-16T17:57:21.008+0000] {logging_mixin.py:150} INFO - [2025-12-16T17:57:21.008+0000] {dag.py:3504} INFO - Setting next_dagrun for dataset_consumes_1 to None, run_after=None
[2025-12-16T17:57:21.011+0000] {logging_mixin.py:150} INFO - [2025-12-16T17:57:21.011+0000] {dag.py:3504} INFO - Setting next_dagrun for dataset_consumes_1_and_2 to None, run_after=None
[2025-12-16T17:57:21.012+0000] {logging_mixin.py:150} INFO - [2025-12-16T17:57:21.011+0000] {dag.py:3504} INFO - Setting next_dagrun for dataset_consumes_1_never_scheduled to None, run_after=None
[2025-12-16T17:57:21.012+0000] {logging_mixin.py:150} INFO - [2025-12-16T17:57:21.012+0000] {dag.py:3504} INFO - Setting next_dagrun for dataset_consumes_unknown_never_scheduled to None, run_after=None
[2025-12-16T17:57:21.015+0000] {logging_mixin.py:150} INFO - [2025-12-16T17:57:21.015+0000] {dag.py:3504} INFO - Setting next_dagrun for dataset_produces_1 to 2025-12-15T00:00:00+00:00, run_after=2025-12-16T00:00:00+00:00
[2025-12-16T17:57:21.016+0000] {logging_mixin.py:150} INFO - [2025-12-16T17:57:21.015+0000] {dag.py:3504} INFO - Setting next_dagrun for dataset_produces_2 to None, run_after=None
[2025-12-16T17:57:21.037+0000] {processor.py:179} INFO - Processing /home/vscode/.local/lib/python3.10/site-packages/airflow/example_dags/example_datasets.py took 0.072 seconds
[2025-12-16T17:58:09.462+0000] {processor.py:157} INFO - Started process (PID=6197) to work on /home/vscode/.local/lib/python3.10/site-packages/airflow/example_dags/example_datasets.py
[2025-12-16T17:58:09.463+0000] {processor.py:826} INFO - Processing file /home/vscode/.local/lib/python3.10/site-packages/airflow/example_dags/example_datasets.py for tasks to queue
[2025-12-16T17:58:09.463+0000] {logging_mixin.py:150} INFO - [2025-12-16T17:58:09.463+0000] {dagbag.py:541} INFO - Filling up the DagBag from /home/vscode/.local/lib/python3.10/site-packages/airflow/example_dags/example_datasets.py
[2025-12-16T17:58:09.470+0000] {processor.py:836} INFO - DAG(s) dict_keys(['dataset_consumes_unknown_never_scheduled', 'dataset_consumes_1_and_2', 'dataset_consumes_1', 'dataset_consumes_1_never_scheduled', 'dataset_produces_1', 'dataset_produces_2']) retrieved from /home/vscode/.local/lib/python3.10/site-packages/airflow/example_dags/example_datasets.py
[2025-12-16T17:58:09.490+0000] {logging_mixin.py:150} INFO - [2025-12-16T17:58:09.490+0000] {dag.py:2742} INFO - Sync 6 DAGs
[2025-12-16T17:58:09.504+0000] {logging_mixin.py:150} INFO - [2025-12-16T17:58:09.504+0000] {dag.py:3504} INFO - Setting next_dagrun for dataset_consumes_1 to None, run_after=None
[2025-12-16T17:58:09.506+0000] {logging_mixin.py:150} INFO - [2025-12-16T17:58:09.506+0000] {dag.py:3504} INFO - Setting next_dagrun for dataset_consumes_1_and_2 to None, run_after=None
[2025-12-16T17:58:09.507+0000] {logging_mixin.py:150} INFO - [2025-12-16T17:58:09.507+0000] {dag.py:3504} INFO - Setting next_dagrun for dataset_consumes_1_never_scheduled to None, run_after=None
[2025-12-16T17:58:09.508+0000] {logging_mixin.py:150} INFO - [2025-12-16T17:58:09.508+0000] {dag.py:3504} INFO - Setting next_dagrun for dataset_consumes_unknown_never_scheduled to None, run_after=None
[2025-12-16T17:58:09.510+0000] {logging_mixin.py:150} INFO - [2025-12-16T17:58:09.510+0000] {dag.py:3504} INFO - Setting next_dagrun for dataset_produces_1 to 2025-12-15T00:00:00+00:00, run_after=2025-12-16T00:00:00+00:00
[2025-12-16T17:58:09.510+0000] {logging_mixin.py:150} INFO - [2025-12-16T17:58:09.510+0000] {dag.py:3504} INFO - Setting next_dagrun for dataset_produces_2 to None, run_after=None
[2025-12-16T17:58:09.531+0000] {processor.py:179} INFO - Processing /home/vscode/.local/lib/python3.10/site-packages/airflow/example_dags/example_datasets.py took 0.072 seconds
[2025-12-16T17:58:56.474+0000] {processor.py:157} INFO - Started process (PID=6515) to work on /home/vscode/.local/lib/python3.10/site-packages/airflow/example_dags/example_datasets.py
[2025-12-16T17:58:56.475+0000] {processor.py:826} INFO - Processing file /home/vscode/.local/lib/python3.10/site-packages/airflow/example_dags/example_datasets.py for tasks to queue
[2025-12-16T17:58:56.475+0000] {logging_mixin.py:150} INFO - [2025-12-16T17:58:56.475+0000] {dagbag.py:541} INFO - Filling up the DagBag from /home/vscode/.local/lib/python3.10/site-packages/airflow/example_dags/example_datasets.py
[2025-12-16T17:58:56.482+0000] {processor.py:836} INFO - DAG(s) dict_keys(['dataset_consumes_1', 'dataset_consumes_1_and_2', 'dataset_produces_1', 'dataset_consumes_1_never_scheduled', 'dataset_consumes_unknown_never_scheduled', 'dataset_produces_2']) retrieved from /home/vscode/.local/lib/python3.10/site-packages/airflow/example_dags/example_datasets.py
[2025-12-16T17:58:56.501+0000] {logging_mixin.py:150} INFO - [2025-12-16T17:58:56.501+0000] {dag.py:2742} INFO - Sync 6 DAGs
[2025-12-16T17:58:56.515+0000] {logging_mixin.py:150} INFO - [2025-12-16T17:58:56.515+0000] {dag.py:3504} INFO - Setting next_dagrun for dataset_consumes_1 to None, run_after=None
[2025-12-16T17:58:56.517+0000] {logging_mixin.py:150} INFO - [2025-12-16T17:58:56.517+0000] {dag.py:3504} INFO - Setting next_dagrun for dataset_consumes_1_and_2 to None, run_after=None
[2025-12-16T17:58:56.518+0000] {logging_mixin.py:150} INFO - [2025-12-16T17:58:56.518+0000] {dag.py:3504} INFO - Setting next_dagrun for dataset_consumes_1_never_scheduled to None, run_after=None
[2025-12-16T17:58:56.518+0000] {logging_mixin.py:150} INFO - [2025-12-16T17:58:56.518+0000] {dag.py:3504} INFO - Setting next_dagrun for dataset_consumes_unknown_never_scheduled to None, run_after=None
[2025-12-16T17:58:56.520+0000] {logging_mixin.py:150} INFO - [2025-12-16T17:58:56.520+0000] {dag.py:3504} INFO - Setting next_dagrun for dataset_produces_1 to 2025-12-15T00:00:00+00:00, run_after=2025-12-16T00:00:00+00:00
[2025-12-16T17:58:56.521+0000] {logging_mixin.py:150} INFO - [2025-12-16T17:58:56.521+0000] {dag.py:3504} INFO - Setting next_dagrun for dataset_produces_2 to None, run_after=None
[2025-12-16T17:58:56.541+0000] {processor.py:179} INFO - Processing /home/vscode/.local/lib/python3.10/site-packages/airflow/example_dags/example_datasets.py took 0.069 seconds
[2025-12-16T17:59:43.205+0000] {processor.py:157} INFO - Started process (PID=6814) to work on /home/vscode/.local/lib/python3.10/site-packages/airflow/example_dags/example_datasets.py
[2025-12-16T17:59:43.206+0000] {processor.py:826} INFO - Processing file /home/vscode/.local/lib/python3.10/site-packages/airflow/example_dags/example_datasets.py for tasks to queue
[2025-12-16T17:59:43.207+0000] {logging_mixin.py:150} INFO - [2025-12-16T17:59:43.206+0000] {dagbag.py:541} INFO - Filling up the DagBag from /home/vscode/.local/lib/python3.10/site-packages/airflow/example_dags/example_datasets.py
[2025-12-16T17:59:43.216+0000] {processor.py:836} INFO - DAG(s) dict_keys(['dataset_produces_2', 'dataset_consumes_unknown_never_scheduled', 'dataset_consumes_1_and_2', 'dataset_consumes_1', 'dataset_consumes_1_never_scheduled', 'dataset_produces_1']) retrieved from /home/vscode/.local/lib/python3.10/site-packages/airflow/example_dags/example_datasets.py
[2025-12-16T17:59:43.245+0000] {logging_mixin.py:150} INFO - [2025-12-16T17:59:43.245+0000] {dag.py:2742} INFO - Sync 6 DAGs
[2025-12-16T17:59:43.261+0000] {logging_mixin.py:150} INFO - [2025-12-16T17:59:43.261+0000] {dag.py:3504} INFO - Setting next_dagrun for dataset_consumes_1 to None, run_after=None
[2025-12-16T17:59:43.263+0000] {logging_mixin.py:150} INFO - [2025-12-16T17:59:43.263+0000] {dag.py:3504} INFO - Setting next_dagrun for dataset_consumes_1_and_2 to None, run_after=None
[2025-12-16T17:59:43.264+0000] {logging_mixin.py:150} INFO - [2025-12-16T17:59:43.263+0000] {dag.py:3504} INFO - Setting next_dagrun for dataset_consumes_1_never_scheduled to None, run_after=None
[2025-12-16T17:59:43.264+0000] {logging_mixin.py:150} INFO - [2025-12-16T17:59:43.264+0000] {dag.py:3504} INFO - Setting next_dagrun for dataset_consumes_unknown_never_scheduled to None, run_after=None
[2025-12-16T17:59:43.266+0000] {logging_mixin.py:150} INFO - [2025-12-16T17:59:43.266+0000] {dag.py:3504} INFO - Setting next_dagrun for dataset_produces_1 to 2025-12-15T00:00:00+00:00, run_after=2025-12-16T00:00:00+00:00
[2025-12-16T17:59:43.267+0000] {logging_mixin.py:150} INFO - [2025-12-16T17:59:43.267+0000] {dag.py:3504} INFO - Setting next_dagrun for dataset_produces_2 to None, run_after=None
[2025-12-16T17:59:43.287+0000] {processor.py:179} INFO - Processing /home/vscode/.local/lib/python3.10/site-packages/airflow/example_dags/example_datasets.py took 0.085 seconds
[2025-12-16T18:00:28.278+0000] {processor.py:157} INFO - Started process (PID=7128) to work on /home/vscode/.local/lib/python3.10/site-packages/airflow/example_dags/example_datasets.py
[2025-12-16T18:00:28.278+0000] {processor.py:826} INFO - Processing file /home/vscode/.local/lib/python3.10/site-packages/airflow/example_dags/example_datasets.py for tasks to queue
[2025-12-16T18:00:28.279+0000] {logging_mixin.py:150} INFO - [2025-12-16T18:00:28.278+0000] {dagbag.py:541} INFO - Filling up the DagBag from /home/vscode/.local/lib/python3.10/site-packages/airflow/example_dags/example_datasets.py
[2025-12-16T18:00:28.285+0000] {processor.py:836} INFO - DAG(s) dict_keys(['dataset_produces_1', 'dataset_consumes_unknown_never_scheduled', 'dataset_consumes_1_never_scheduled', 'dataset_produces_2', 'dataset_consumes_1_and_2', 'dataset_consumes_1']) retrieved from /home/vscode/.local/lib/python3.10/site-packages/airflow/example_dags/example_datasets.py
[2025-12-16T18:00:28.305+0000] {logging_mixin.py:150} INFO - [2025-12-16T18:00:28.305+0000] {dag.py:2742} INFO - Sync 6 DAGs
[2025-12-16T18:00:28.319+0000] {logging_mixin.py:150} INFO - [2025-12-16T18:00:28.319+0000] {dag.py:3504} INFO - Setting next_dagrun for dataset_consumes_1 to None, run_after=None
[2025-12-16T18:00:28.322+0000] {logging_mixin.py:150} INFO - [2025-12-16T18:00:28.321+0000] {dag.py:3504} INFO - Setting next_dagrun for dataset_consumes_1_and_2 to None, run_after=None
[2025-12-16T18:00:28.322+0000] {logging_mixin.py:150} INFO - [2025-12-16T18:00:28.322+0000] {dag.py:3504} INFO - Setting next_dagrun for dataset_consumes_1_never_scheduled to None, run_after=None
[2025-12-16T18:00:28.323+0000] {logging_mixin.py:150} INFO - [2025-12-16T18:00:28.323+0000] {dag.py:3504} INFO - Setting next_dagrun for dataset_consumes_unknown_never_scheduled to None, run_after=None
[2025-12-16T18:00:28.325+0000] {logging_mixin.py:150} INFO - [2025-12-16T18:00:28.325+0000] {dag.py:3504} INFO - Setting next_dagrun for dataset_produces_1 to 2025-12-15T00:00:00+00:00, run_after=2025-12-16T00:00:00+00:00
[2025-12-16T18:00:28.325+0000] {logging_mixin.py:150} INFO - [2025-12-16T18:00:28.325+0000] {dag.py:3504} INFO - Setting next_dagrun for dataset_produces_2 to None, run_after=None
[2025-12-16T18:00:28.354+0000] {processor.py:179} INFO - Processing /home/vscode/.local/lib/python3.10/site-packages/airflow/example_dags/example_datasets.py took 0.079 seconds
[2025-12-16T18:01:16.252+0000] {processor.py:157} INFO - Started process (PID=7443) to work on /home/vscode/.local/lib/python3.10/site-packages/airflow/example_dags/example_datasets.py
[2025-12-16T18:01:16.252+0000] {processor.py:826} INFO - Processing file /home/vscode/.local/lib/python3.10/site-packages/airflow/example_dags/example_datasets.py for tasks to queue
[2025-12-16T18:01:16.253+0000] {logging_mixin.py:150} INFO - [2025-12-16T18:01:16.253+0000] {dagbag.py:541} INFO - Filling up the DagBag from /home/vscode/.local/lib/python3.10/site-packages/airflow/example_dags/example_datasets.py
[2025-12-16T18:01:16.259+0000] {processor.py:836} INFO - DAG(s) dict_keys(['dataset_consumes_unknown_never_scheduled', 'dataset_produces_1', 'dataset_consumes_1', 'dataset_consumes_1_never_scheduled', 'dataset_produces_2', 'dataset_consumes_1_and_2']) retrieved from /home/vscode/.local/lib/python3.10/site-packages/airflow/example_dags/example_datasets.py
[2025-12-16T18:01:16.279+0000] {logging_mixin.py:150} INFO - [2025-12-16T18:01:16.279+0000] {dag.py:2742} INFO - Sync 6 DAGs
[2025-12-16T18:01:16.293+0000] {logging_mixin.py:150} INFO - [2025-12-16T18:01:16.293+0000] {dag.py:3504} INFO - Setting next_dagrun for dataset_consumes_1 to None, run_after=None
[2025-12-16T18:01:16.295+0000] {logging_mixin.py:150} INFO - [2025-12-16T18:01:16.295+0000] {dag.py:3504} INFO - Setting next_dagrun for dataset_consumes_1_and_2 to None, run_after=None
[2025-12-16T18:01:16.296+0000] {logging_mixin.py:150} INFO - [2025-12-16T18:01:16.295+0000] {dag.py:3504} INFO - Setting next_dagrun for dataset_consumes_1_never_scheduled to None, run_after=None
[2025-12-16T18:01:16.296+0000] {logging_mixin.py:150} INFO - [2025-12-16T18:01:16.296+0000] {dag.py:3504} INFO - Setting next_dagrun for dataset_consumes_unknown_never_scheduled to None, run_after=None
[2025-12-16T18:01:16.298+0000] {logging_mixin.py:150} INFO - [2025-12-16T18:01:16.298+0000] {dag.py:3504} INFO - Setting next_dagrun for dataset_produces_1 to 2025-12-15T00:00:00+00:00, run_after=2025-12-16T00:00:00+00:00
[2025-12-16T18:01:16.299+0000] {logging_mixin.py:150} INFO - [2025-12-16T18:01:16.299+0000] {dag.py:3504} INFO - Setting next_dagrun for dataset_produces_2 to None, run_after=None
[2025-12-16T18:01:16.319+0000] {processor.py:179} INFO - Processing /home/vscode/.local/lib/python3.10/site-packages/airflow/example_dags/example_datasets.py took 0.070 seconds
[2025-12-16T18:02:01.895+0000] {processor.py:157} INFO - Started process (PID=7746) to work on /home/vscode/.local/lib/python3.10/site-packages/airflow/example_dags/example_datasets.py
[2025-12-16T18:02:01.895+0000] {processor.py:826} INFO - Processing file /home/vscode/.local/lib/python3.10/site-packages/airflow/example_dags/example_datasets.py for tasks to queue
[2025-12-16T18:02:01.896+0000] {logging_mixin.py:150} INFO - [2025-12-16T18:02:01.896+0000] {dagbag.py:541} INFO - Filling up the DagBag from /home/vscode/.local/lib/python3.10/site-packages/airflow/example_dags/example_datasets.py
[2025-12-16T18:02:01.903+0000] {processor.py:836} INFO - DAG(s) dict_keys(['dataset_produces_2', 'dataset_consumes_unknown_never_scheduled', 'dataset_consumes_1', 'dataset_consumes_1_never_scheduled', 'dataset_consumes_1_and_2', 'dataset_produces_1']) retrieved from /home/vscode/.local/lib/python3.10/site-packages/airflow/example_dags/example_datasets.py
[2025-12-16T18:02:01.922+0000] {logging_mixin.py:150} INFO - [2025-12-16T18:02:01.922+0000] {dag.py:2742} INFO - Sync 6 DAGs
[2025-12-16T18:02:01.937+0000] {logging_mixin.py:150} INFO - [2025-12-16T18:02:01.936+0000] {dag.py:3504} INFO - Setting next_dagrun for dataset_consumes_1 to None, run_after=None
[2025-12-16T18:02:01.939+0000] {logging_mixin.py:150} INFO - [2025-12-16T18:02:01.938+0000] {dag.py:3504} INFO - Setting next_dagrun for dataset_consumes_1_and_2 to None, run_after=None
[2025-12-16T18:02:01.939+0000] {logging_mixin.py:150} INFO - [2025-12-16T18:02:01.939+0000] {dag.py:3504} INFO - Setting next_dagrun for dataset_consumes_1_never_scheduled to None, run_after=None
[2025-12-16T18:02:01.940+0000] {logging_mixin.py:150} INFO - [2025-12-16T18:02:01.940+0000] {dag.py:3504} INFO - Setting next_dagrun for dataset_consumes_unknown_never_scheduled to None, run_after=None
[2025-12-16T18:02:01.942+0000] {logging_mixin.py:150} INFO - [2025-12-16T18:02:01.941+0000] {dag.py:3504} INFO - Setting next_dagrun for dataset_produces_1 to 2025-12-15T00:00:00+00:00, run_after=2025-12-16T00:00:00+00:00
[2025-12-16T18:02:01.942+0000] {logging_mixin.py:150} INFO - [2025-12-16T18:02:01.942+0000] {dag.py:3504} INFO - Setting next_dagrun for dataset_produces_2 to None, run_after=None
[2025-12-16T18:02:01.962+0000] {processor.py:179} INFO - Processing /home/vscode/.local/lib/python3.10/site-packages/airflow/example_dags/example_datasets.py took 0.070 seconds
[2025-12-16T18:02:46.980+0000] {processor.py:157} INFO - Started process (PID=8048) to work on /home/vscode/.local/lib/python3.10/site-packages/airflow/example_dags/example_datasets.py
[2025-12-16T18:02:46.981+0000] {processor.py:826} INFO - Processing file /home/vscode/.local/lib/python3.10/site-packages/airflow/example_dags/example_datasets.py for tasks to queue
[2025-12-16T18:02:46.981+0000] {logging_mixin.py:150} INFO - [2025-12-16T18:02:46.981+0000] {dagbag.py:541} INFO - Filling up the DagBag from /home/vscode/.local/lib/python3.10/site-packages/airflow/example_dags/example_datasets.py
[2025-12-16T18:02:46.991+0000] {processor.py:836} INFO - DAG(s) dict_keys(['dataset_consumes_1', 'dataset_consumes_unknown_never_scheduled', 'dataset_produces_2', 'dataset_consumes_1_and_2', 'dataset_produces_1', 'dataset_consumes_1_never_scheduled']) retrieved from /home/vscode/.local/lib/python3.10/site-packages/airflow/example_dags/example_datasets.py
[2025-12-16T18:02:47.013+0000] {logging_mixin.py:150} INFO - [2025-12-16T18:02:47.012+0000] {dag.py:2742} INFO - Sync 6 DAGs
[2025-12-16T18:02:47.028+0000] {logging_mixin.py:150} INFO - [2025-12-16T18:02:47.028+0000] {dag.py:3504} INFO - Setting next_dagrun for dataset_consumes_1 to None, run_after=None
[2025-12-16T18:02:47.030+0000] {logging_mixin.py:150} INFO - [2025-12-16T18:02:47.030+0000] {dag.py:3504} INFO - Setting next_dagrun for dataset_consumes_1_and_2 to None, run_after=None
[2025-12-16T18:02:47.031+0000] {logging_mixin.py:150} INFO - [2025-12-16T18:02:47.031+0000] {dag.py:3504} INFO - Setting next_dagrun for dataset_consumes_1_never_scheduled to None, run_after=None
[2025-12-16T18:02:47.032+0000] {logging_mixin.py:150} INFO - [2025-12-16T18:02:47.032+0000] {dag.py:3504} INFO - Setting next_dagrun for dataset_consumes_unknown_never_scheduled to None, run_after=None
[2025-12-16T18:02:47.034+0000] {logging_mixin.py:150} INFO - [2025-12-16T18:02:47.033+0000] {dag.py:3504} INFO - Setting next_dagrun for dataset_produces_1 to 2025-12-15T00:00:00+00:00, run_after=2025-12-16T00:00:00+00:00
[2025-12-16T18:02:47.034+0000] {logging_mixin.py:150} INFO - [2025-12-16T18:02:47.034+0000] {dag.py:3504} INFO - Setting next_dagrun for dataset_produces_2 to None, run_after=None
[2025-12-16T18:02:47.055+0000] {processor.py:179} INFO - Processing /home/vscode/.local/lib/python3.10/site-packages/airflow/example_dags/example_datasets.py took 0.077 seconds
[2025-12-16T18:03:37.633+0000] {processor.py:157} INFO - Started process (PID=8384) to work on /home/vscode/.local/lib/python3.10/site-packages/airflow/example_dags/example_datasets.py
[2025-12-16T18:03:37.633+0000] {processor.py:826} INFO - Processing file /home/vscode/.local/lib/python3.10/site-packages/airflow/example_dags/example_datasets.py for tasks to queue
[2025-12-16T18:03:37.634+0000] {logging_mixin.py:150} INFO - [2025-12-16T18:03:37.633+0000] {dagbag.py:541} INFO - Filling up the DagBag from /home/vscode/.local/lib/python3.10/site-packages/airflow/example_dags/example_datasets.py
[2025-12-16T18:03:37.640+0000] {processor.py:836} INFO - DAG(s) dict_keys(['dataset_consumes_1', 'dataset_produces_2', 'dataset_produces_1', 'dataset_consumes_1_and_2', 'dataset_consumes_1_never_scheduled', 'dataset_consumes_unknown_never_scheduled']) retrieved from /home/vscode/.local/lib/python3.10/site-packages/airflow/example_dags/example_datasets.py
[2025-12-16T18:03:37.660+0000] {logging_mixin.py:150} INFO - [2025-12-16T18:03:37.660+0000] {dag.py:2742} INFO - Sync 6 DAGs
[2025-12-16T18:03:37.676+0000] {logging_mixin.py:150} INFO - [2025-12-16T18:03:37.676+0000] {dag.py:3504} INFO - Setting next_dagrun for dataset_consumes_1 to None, run_after=None
[2025-12-16T18:03:37.678+0000] {logging_mixin.py:150} INFO - [2025-12-16T18:03:37.678+0000] {dag.py:3504} INFO - Setting next_dagrun for dataset_consumes_1_and_2 to None, run_after=None
[2025-12-16T18:03:37.679+0000] {logging_mixin.py:150} INFO - [2025-12-16T18:03:37.678+0000] {dag.py:3504} INFO - Setting next_dagrun for dataset_consumes_1_never_scheduled to None, run_after=None
[2025-12-16T18:03:37.679+0000] {logging_mixin.py:150} INFO - [2025-12-16T18:03:37.679+0000] {dag.py:3504} INFO - Setting next_dagrun for dataset_consumes_unknown_never_scheduled to None, run_after=None
[2025-12-16T18:03:37.681+0000] {logging_mixin.py:150} INFO - [2025-12-16T18:03:37.681+0000] {dag.py:3504} INFO - Setting next_dagrun for dataset_produces_1 to 2025-12-15T00:00:00+00:00, run_after=2025-12-16T00:00:00+00:00
[2025-12-16T18:03:37.682+0000] {logging_mixin.py:150} INFO - [2025-12-16T18:03:37.682+0000] {dag.py:3504} INFO - Setting next_dagrun for dataset_produces_2 to None, run_after=None
[2025-12-16T18:03:37.703+0000] {processor.py:179} INFO - Processing /home/vscode/.local/lib/python3.10/site-packages/airflow/example_dags/example_datasets.py took 0.073 seconds
[2025-12-16T18:04:23.241+0000] {processor.py:157} INFO - Started process (PID=8681) to work on /home/vscode/.local/lib/python3.10/site-packages/airflow/example_dags/example_datasets.py
[2025-12-16T18:04:23.242+0000] {processor.py:826} INFO - Processing file /home/vscode/.local/lib/python3.10/site-packages/airflow/example_dags/example_datasets.py for tasks to queue
[2025-12-16T18:04:23.243+0000] {logging_mixin.py:150} INFO - [2025-12-16T18:04:23.242+0000] {dagbag.py:541} INFO - Filling up the DagBag from /home/vscode/.local/lib/python3.10/site-packages/airflow/example_dags/example_datasets.py
[2025-12-16T18:04:23.250+0000] {processor.py:836} INFO - DAG(s) dict_keys(['dataset_consumes_1_never_scheduled', 'dataset_produces_1', 'dataset_produces_2', 'dataset_consumes_1_and_2', 'dataset_consumes_1', 'dataset_consumes_unknown_never_scheduled']) retrieved from /home/vscode/.local/lib/python3.10/site-packages/airflow/example_dags/example_datasets.py
[2025-12-16T18:04:23.269+0000] {logging_mixin.py:150} INFO - [2025-12-16T18:04:23.269+0000] {dag.py:2742} INFO - Sync 6 DAGs
[2025-12-16T18:04:23.284+0000] {logging_mixin.py:150} INFO - [2025-12-16T18:04:23.284+0000] {dag.py:3504} INFO - Setting next_dagrun for dataset_consumes_1 to None, run_after=None
[2025-12-16T18:04:23.286+0000] {logging_mixin.py:150} INFO - [2025-12-16T18:04:23.286+0000] {dag.py:3504} INFO - Setting next_dagrun for dataset_consumes_1_and_2 to None, run_after=None
[2025-12-16T18:04:23.287+0000] {logging_mixin.py:150} INFO - [2025-12-16T18:04:23.287+0000] {dag.py:3504} INFO - Setting next_dagrun for dataset_consumes_1_never_scheduled to None, run_after=None
[2025-12-16T18:04:23.288+0000] {logging_mixin.py:150} INFO - [2025-12-16T18:04:23.288+0000] {dag.py:3504} INFO - Setting next_dagrun for dataset_consumes_unknown_never_scheduled to None, run_after=None
[2025-12-16T18:04:23.289+0000] {logging_mixin.py:150} INFO - [2025-12-16T18:04:23.289+0000] {dag.py:3504} INFO - Setting next_dagrun for dataset_produces_1 to 2025-12-15T00:00:00+00:00, run_after=2025-12-16T00:00:00+00:00
[2025-12-16T18:04:23.290+0000] {logging_mixin.py:150} INFO - [2025-12-16T18:04:23.290+0000] {dag.py:3504} INFO - Setting next_dagrun for dataset_produces_2 to None, run_after=None
[2025-12-16T18:04:23.314+0000] {processor.py:179} INFO - Processing /home/vscode/.local/lib/python3.10/site-packages/airflow/example_dags/example_datasets.py took 0.075 seconds
[2025-12-16T18:05:14.567+0000] {processor.py:157} INFO - Started process (PID=9023) to work on /home/vscode/.local/lib/python3.10/site-packages/airflow/example_dags/example_datasets.py
[2025-12-16T18:05:14.568+0000] {processor.py:826} INFO - Processing file /home/vscode/.local/lib/python3.10/site-packages/airflow/example_dags/example_datasets.py for tasks to queue
[2025-12-16T18:05:14.568+0000] {logging_mixin.py:150} INFO - [2025-12-16T18:05:14.568+0000] {dagbag.py:541} INFO - Filling up the DagBag from /home/vscode/.local/lib/python3.10/site-packages/airflow/example_dags/example_datasets.py
[2025-12-16T18:05:14.578+0000] {processor.py:836} INFO - DAG(s) dict_keys(['dataset_consumes_1_and_2', 'dataset_consumes_unknown_never_scheduled', 'dataset_consumes_1_never_scheduled', 'dataset_produces_2', 'dataset_produces_1', 'dataset_consumes_1']) retrieved from /home/vscode/.local/lib/python3.10/site-packages/airflow/example_dags/example_datasets.py
[2025-12-16T18:05:14.620+0000] {logging_mixin.py:150} INFO - [2025-12-16T18:05:14.620+0000] {dag.py:2742} INFO - Sync 6 DAGs
[2025-12-16T18:05:14.642+0000] {logging_mixin.py:150} INFO - [2025-12-16T18:05:14.642+0000] {dag.py:3504} INFO - Setting next_dagrun for dataset_consumes_1 to None, run_after=None
[2025-12-16T18:05:14.645+0000] {logging_mixin.py:150} INFO - [2025-12-16T18:05:14.645+0000] {dag.py:3504} INFO - Setting next_dagrun for dataset_consumes_1_and_2 to None, run_after=None
[2025-12-16T18:05:14.646+0000] {logging_mixin.py:150} INFO - [2025-12-16T18:05:14.646+0000] {dag.py:3504} INFO - Setting next_dagrun for dataset_consumes_1_never_scheduled to None, run_after=None
[2025-12-16T18:05:14.647+0000] {logging_mixin.py:150} INFO - [2025-12-16T18:05:14.647+0000] {dag.py:3504} INFO - Setting next_dagrun for dataset_consumes_unknown_never_scheduled to None, run_after=None
[2025-12-16T18:05:14.650+0000] {logging_mixin.py:150} INFO - [2025-12-16T18:05:14.650+0000] {dag.py:3504} INFO - Setting next_dagrun for dataset_produces_1 to 2025-12-15T00:00:00+00:00, run_after=2025-12-16T00:00:00+00:00
[2025-12-16T18:05:14.651+0000] {logging_mixin.py:150} INFO - [2025-12-16T18:05:14.651+0000] {dag.py:3504} INFO - Setting next_dagrun for dataset_produces_2 to None, run_after=None
[2025-12-16T18:05:14.685+0000] {processor.py:179} INFO - Processing /home/vscode/.local/lib/python3.10/site-packages/airflow/example_dags/example_datasets.py took 0.122 seconds
[2025-12-16T18:05:59.673+0000] {processor.py:157} INFO - Started process (PID=9326) to work on /home/vscode/.local/lib/python3.10/site-packages/airflow/example_dags/example_datasets.py
[2025-12-16T18:05:59.674+0000] {processor.py:826} INFO - Processing file /home/vscode/.local/lib/python3.10/site-packages/airflow/example_dags/example_datasets.py for tasks to queue
[2025-12-16T18:05:59.675+0000] {logging_mixin.py:150} INFO - [2025-12-16T18:05:59.674+0000] {dagbag.py:541} INFO - Filling up the DagBag from /home/vscode/.local/lib/python3.10/site-packages/airflow/example_dags/example_datasets.py
[2025-12-16T18:05:59.681+0000] {processor.py:836} INFO - DAG(s) dict_keys(['dataset_consumes_unknown_never_scheduled', 'dataset_consumes_1_never_scheduled', 'dataset_produces_2', 'dataset_consumes_1', 'dataset_consumes_1_and_2', 'dataset_produces_1']) retrieved from /home/vscode/.local/lib/python3.10/site-packages/airflow/example_dags/example_datasets.py
[2025-12-16T18:05:59.701+0000] {logging_mixin.py:150} INFO - [2025-12-16T18:05:59.701+0000] {dag.py:2742} INFO - Sync 6 DAGs
[2025-12-16T18:05:59.717+0000] {logging_mixin.py:150} INFO - [2025-12-16T18:05:59.717+0000] {dag.py:3504} INFO - Setting next_dagrun for dataset_consumes_1 to None, run_after=None
[2025-12-16T18:05:59.720+0000] {logging_mixin.py:150} INFO - [2025-12-16T18:05:59.720+0000] {dag.py:3504} INFO - Setting next_dagrun for dataset_consumes_1_and_2 to None, run_after=None
[2025-12-16T18:05:59.720+0000] {logging_mixin.py:150} INFO - [2025-12-16T18:05:59.720+0000] {dag.py:3504} INFO - Setting next_dagrun for dataset_consumes_1_never_scheduled to None, run_after=None
[2025-12-16T18:05:59.721+0000] {logging_mixin.py:150} INFO - [2025-12-16T18:05:59.721+0000] {dag.py:3504} INFO - Setting next_dagrun for dataset_consumes_unknown_never_scheduled to None, run_after=None
[2025-12-16T18:05:59.723+0000] {logging_mixin.py:150} INFO - [2025-12-16T18:05:59.723+0000] {dag.py:3504} INFO - Setting next_dagrun for dataset_produces_1 to 2025-12-15T00:00:00+00:00, run_after=2025-12-16T00:00:00+00:00
[2025-12-16T18:05:59.723+0000] {logging_mixin.py:150} INFO - [2025-12-16T18:05:59.723+0000] {dag.py:3504} INFO - Setting next_dagrun for dataset_produces_2 to None, run_after=None
[2025-12-16T18:05:59.748+0000] {processor.py:179} INFO - Processing /home/vscode/.local/lib/python3.10/site-packages/airflow/example_dags/example_datasets.py took 0.077 seconds
[2025-12-16T18:06:44.807+0000] {processor.py:157} INFO - Started process (PID=9626) to work on /home/vscode/.local/lib/python3.10/site-packages/airflow/example_dags/example_datasets.py
[2025-12-16T18:06:44.808+0000] {processor.py:826} INFO - Processing file /home/vscode/.local/lib/python3.10/site-packages/airflow/example_dags/example_datasets.py for tasks to queue
[2025-12-16T18:06:44.809+0000] {logging_mixin.py:150} INFO - [2025-12-16T18:06:44.808+0000] {dagbag.py:541} INFO - Filling up the DagBag from /home/vscode/.local/lib/python3.10/site-packages/airflow/example_dags/example_datasets.py
[2025-12-16T18:06:44.818+0000] {processor.py:836} INFO - DAG(s) dict_keys(['dataset_consumes_unknown_never_scheduled', 'dataset_consumes_1_and_2', 'dataset_produces_1', 'dataset_consumes_1_never_scheduled', 'dataset_consumes_1', 'dataset_produces_2']) retrieved from /home/vscode/.local/lib/python3.10/site-packages/airflow/example_dags/example_datasets.py
[2025-12-16T18:06:44.841+0000] {logging_mixin.py:150} INFO - [2025-12-16T18:06:44.841+0000] {dag.py:2742} INFO - Sync 6 DAGs
[2025-12-16T18:06:44.858+0000] {logging_mixin.py:150} INFO - [2025-12-16T18:06:44.858+0000] {dag.py:3504} INFO - Setting next_dagrun for dataset_consumes_1 to None, run_after=None
[2025-12-16T18:06:44.860+0000] {logging_mixin.py:150} INFO - [2025-12-16T18:06:44.860+0000] {dag.py:3504} INFO - Setting next_dagrun for dataset_consumes_1_and_2 to None, run_after=None
[2025-12-16T18:06:44.861+0000] {logging_mixin.py:150} INFO - [2025-12-16T18:06:44.861+0000] {dag.py:3504} INFO - Setting next_dagrun for dataset_consumes_1_never_scheduled to None, run_after=None
[2025-12-16T18:06:44.862+0000] {logging_mixin.py:150} INFO - [2025-12-16T18:06:44.861+0000] {dag.py:3504} INFO - Setting next_dagrun for dataset_consumes_unknown_never_scheduled to None, run_after=None
[2025-12-16T18:06:44.863+0000] {logging_mixin.py:150} INFO - [2025-12-16T18:06:44.863+0000] {dag.py:3504} INFO - Setting next_dagrun for dataset_produces_1 to 2025-12-15T00:00:00+00:00, run_after=2025-12-16T00:00:00+00:00
[2025-12-16T18:06:44.864+0000] {logging_mixin.py:150} INFO - [2025-12-16T18:06:44.864+0000] {dag.py:3504} INFO - Setting next_dagrun for dataset_produces_2 to None, run_after=None
[2025-12-16T18:06:44.885+0000] {processor.py:179} INFO - Processing /home/vscode/.local/lib/python3.10/site-packages/airflow/example_dags/example_datasets.py took 0.082 seconds
[2025-12-16T18:07:34.507+0000] {processor.py:157} INFO - Started process (PID=9956) to work on /home/vscode/.local/lib/python3.10/site-packages/airflow/example_dags/example_datasets.py
[2025-12-16T18:07:34.508+0000] {processor.py:826} INFO - Processing file /home/vscode/.local/lib/python3.10/site-packages/airflow/example_dags/example_datasets.py for tasks to queue
[2025-12-16T18:07:34.508+0000] {logging_mixin.py:150} INFO - [2025-12-16T18:07:34.508+0000] {dagbag.py:541} INFO - Filling up the DagBag from /home/vscode/.local/lib/python3.10/site-packages/airflow/example_dags/example_datasets.py
[2025-12-16T18:07:34.515+0000] {processor.py:836} INFO - DAG(s) dict_keys(['dataset_produces_2', 'dataset_consumes_1', 'dataset_consumes_1_and_2', 'dataset_consumes_unknown_never_scheduled', 'dataset_consumes_1_never_scheduled', 'dataset_produces_1']) retrieved from /home/vscode/.local/lib/python3.10/site-packages/airflow/example_dags/example_datasets.py
[2025-12-16T18:07:34.536+0000] {logging_mixin.py:150} INFO - [2025-12-16T18:07:34.536+0000] {dag.py:2742} INFO - Sync 6 DAGs
[2025-12-16T18:07:34.551+0000] {logging_mixin.py:150} INFO - [2025-12-16T18:07:34.551+0000] {dag.py:3504} INFO - Setting next_dagrun for dataset_consumes_1 to None, run_after=None
[2025-12-16T18:07:34.555+0000] {logging_mixin.py:150} INFO - [2025-12-16T18:07:34.555+0000] {dag.py:3504} INFO - Setting next_dagrun for dataset_consumes_1_and_2 to None, run_after=None
[2025-12-16T18:07:34.556+0000] {logging_mixin.py:150} INFO - [2025-12-16T18:07:34.556+0000] {dag.py:3504} INFO - Setting next_dagrun for dataset_consumes_1_never_scheduled to None, run_after=None
[2025-12-16T18:07:34.557+0000] {logging_mixin.py:150} INFO - [2025-12-16T18:07:34.556+0000] {dag.py:3504} INFO - Setting next_dagrun for dataset_consumes_unknown_never_scheduled to None, run_after=None
[2025-12-16T18:07:34.559+0000] {logging_mixin.py:150} INFO - [2025-12-16T18:07:34.559+0000] {dag.py:3504} INFO - Setting next_dagrun for dataset_produces_1 to 2025-12-15T00:00:00+00:00, run_after=2025-12-16T00:00:00+00:00
[2025-12-16T18:07:34.560+0000] {logging_mixin.py:150} INFO - [2025-12-16T18:07:34.560+0000] {dag.py:3504} INFO - Setting next_dagrun for dataset_produces_2 to None, run_after=None
[2025-12-16T18:07:34.585+0000] {processor.py:179} INFO - Processing /home/vscode/.local/lib/python3.10/site-packages/airflow/example_dags/example_datasets.py took 0.080 seconds
[2025-12-16T18:08:24.661+0000] {processor.py:157} INFO - Started process (PID=10290) to work on /home/vscode/.local/lib/python3.10/site-packages/airflow/example_dags/example_datasets.py
[2025-12-16T18:08:24.661+0000] {processor.py:826} INFO - Processing file /home/vscode/.local/lib/python3.10/site-packages/airflow/example_dags/example_datasets.py for tasks to queue
[2025-12-16T18:08:24.662+0000] {logging_mixin.py:150} INFO - [2025-12-16T18:08:24.662+0000] {dagbag.py:541} INFO - Filling up the DagBag from /home/vscode/.local/lib/python3.10/site-packages/airflow/example_dags/example_datasets.py
[2025-12-16T18:08:24.669+0000] {processor.py:836} INFO - DAG(s) dict_keys(['dataset_consumes_unknown_never_scheduled', 'dataset_produces_2', 'dataset_consumes_1_never_scheduled', 'dataset_produces_1', 'dataset_consumes_1', 'dataset_consumes_1_and_2']) retrieved from /home/vscode/.local/lib/python3.10/site-packages/airflow/example_dags/example_datasets.py
[2025-12-16T18:08:24.689+0000] {logging_mixin.py:150} INFO - [2025-12-16T18:08:24.689+0000] {dag.py:2742} INFO - Sync 6 DAGs
[2025-12-16T18:08:24.704+0000] {logging_mixin.py:150} INFO - [2025-12-16T18:08:24.704+0000] {dag.py:3504} INFO - Setting next_dagrun for dataset_consumes_1 to None, run_after=None
[2025-12-16T18:08:24.706+0000] {logging_mixin.py:150} INFO - [2025-12-16T18:08:24.706+0000] {dag.py:3504} INFO - Setting next_dagrun for dataset_consumes_1_and_2 to None, run_after=None
[2025-12-16T18:08:24.707+0000] {logging_mixin.py:150} INFO - [2025-12-16T18:08:24.707+0000] {dag.py:3504} INFO - Setting next_dagrun for dataset_consumes_1_never_scheduled to None, run_after=None
[2025-12-16T18:08:24.707+0000] {logging_mixin.py:150} INFO - [2025-12-16T18:08:24.707+0000] {dag.py:3504} INFO - Setting next_dagrun for dataset_consumes_unknown_never_scheduled to None, run_after=None
[2025-12-16T18:08:24.709+0000] {logging_mixin.py:150} INFO - [2025-12-16T18:08:24.709+0000] {dag.py:3504} INFO - Setting next_dagrun for dataset_produces_1 to 2025-12-15T00:00:00+00:00, run_after=2025-12-16T00:00:00+00:00
[2025-12-16T18:08:24.710+0000] {logging_mixin.py:150} INFO - [2025-12-16T18:08:24.710+0000] {dag.py:3504} INFO - Setting next_dagrun for dataset_produces_2 to None, run_after=None
[2025-12-16T18:08:24.732+0000] {processor.py:179} INFO - Processing /home/vscode/.local/lib/python3.10/site-packages/airflow/example_dags/example_datasets.py took 0.073 seconds
[2025-12-16T18:09:11.248+0000] {processor.py:157} INFO - Started process (PID=10600) to work on /home/vscode/.local/lib/python3.10/site-packages/airflow/example_dags/example_datasets.py
[2025-12-16T18:09:11.249+0000] {processor.py:826} INFO - Processing file /home/vscode/.local/lib/python3.10/site-packages/airflow/example_dags/example_datasets.py for tasks to queue
[2025-12-16T18:09:11.249+0000] {logging_mixin.py:150} INFO - [2025-12-16T18:09:11.249+0000] {dagbag.py:541} INFO - Filling up the DagBag from /home/vscode/.local/lib/python3.10/site-packages/airflow/example_dags/example_datasets.py
[2025-12-16T18:09:11.256+0000] {processor.py:836} INFO - DAG(s) dict_keys(['dataset_consumes_unknown_never_scheduled', 'dataset_consumes_1', 'dataset_consumes_1_and_2', 'dataset_consumes_1_never_scheduled', 'dataset_produces_1', 'dataset_produces_2']) retrieved from /home/vscode/.local/lib/python3.10/site-packages/airflow/example_dags/example_datasets.py
[2025-12-16T18:09:11.277+0000] {logging_mixin.py:150} INFO - [2025-12-16T18:09:11.276+0000] {dag.py:2742} INFO - Sync 6 DAGs
[2025-12-16T18:09:11.291+0000] {logging_mixin.py:150} INFO - [2025-12-16T18:09:11.291+0000] {dag.py:3504} INFO - Setting next_dagrun for dataset_consumes_1 to None, run_after=None
[2025-12-16T18:09:11.293+0000] {logging_mixin.py:150} INFO - [2025-12-16T18:09:11.293+0000] {dag.py:3504} INFO - Setting next_dagrun for dataset_consumes_1_and_2 to None, run_after=None
[2025-12-16T18:09:11.294+0000] {logging_mixin.py:150} INFO - [2025-12-16T18:09:11.294+0000] {dag.py:3504} INFO - Setting next_dagrun for dataset_consumes_1_never_scheduled to None, run_after=None
[2025-12-16T18:09:11.294+0000] {logging_mixin.py:150} INFO - [2025-12-16T18:09:11.294+0000] {dag.py:3504} INFO - Setting next_dagrun for dataset_consumes_unknown_never_scheduled to None, run_after=None
[2025-12-16T18:09:11.296+0000] {logging_mixin.py:150} INFO - [2025-12-16T18:09:11.296+0000] {dag.py:3504} INFO - Setting next_dagrun for dataset_produces_1 to 2025-12-15T00:00:00+00:00, run_after=2025-12-16T00:00:00+00:00
[2025-12-16T18:09:11.297+0000] {logging_mixin.py:150} INFO - [2025-12-16T18:09:11.297+0000] {dag.py:3504} INFO - Setting next_dagrun for dataset_produces_2 to None, run_after=None
[2025-12-16T18:09:11.318+0000] {processor.py:179} INFO - Processing /home/vscode/.local/lib/python3.10/site-packages/airflow/example_dags/example_datasets.py took 0.072 seconds
[2025-12-16T18:09:58.944+0000] {processor.py:157} INFO - Started process (PID=10920) to work on /home/vscode/.local/lib/python3.10/site-packages/airflow/example_dags/example_datasets.py
[2025-12-16T18:09:58.944+0000] {processor.py:826} INFO - Processing file /home/vscode/.local/lib/python3.10/site-packages/airflow/example_dags/example_datasets.py for tasks to queue
[2025-12-16T18:09:58.945+0000] {logging_mixin.py:150} INFO - [2025-12-16T18:09:58.945+0000] {dagbag.py:541} INFO - Filling up the DagBag from /home/vscode/.local/lib/python3.10/site-packages/airflow/example_dags/example_datasets.py
[2025-12-16T18:09:58.952+0000] {processor.py:836} INFO - DAG(s) dict_keys(['dataset_produces_1', 'dataset_produces_2', 'dataset_consumes_1_never_scheduled', 'dataset_consumes_unknown_never_scheduled', 'dataset_consumes_1', 'dataset_consumes_1_and_2']) retrieved from /home/vscode/.local/lib/python3.10/site-packages/airflow/example_dags/example_datasets.py
[2025-12-16T18:09:58.974+0000] {logging_mixin.py:150} INFO - [2025-12-16T18:09:58.974+0000] {dag.py:2742} INFO - Sync 6 DAGs
[2025-12-16T18:09:58.989+0000] {logging_mixin.py:150} INFO - [2025-12-16T18:09:58.989+0000] {dag.py:3504} INFO - Setting next_dagrun for dataset_consumes_1 to None, run_after=None
[2025-12-16T18:09:58.991+0000] {logging_mixin.py:150} INFO - [2025-12-16T18:09:58.991+0000] {dag.py:3504} INFO - Setting next_dagrun for dataset_consumes_1_and_2 to None, run_after=None
[2025-12-16T18:09:58.992+0000] {logging_mixin.py:150} INFO - [2025-12-16T18:09:58.991+0000] {dag.py:3504} INFO - Setting next_dagrun for dataset_consumes_1_never_scheduled to None, run_after=None
[2025-12-16T18:09:58.992+0000] {logging_mixin.py:150} INFO - [2025-12-16T18:09:58.992+0000] {dag.py:3504} INFO - Setting next_dagrun for dataset_consumes_unknown_never_scheduled to None, run_after=None
[2025-12-16T18:09:58.994+0000] {logging_mixin.py:150} INFO - [2025-12-16T18:09:58.994+0000] {dag.py:3504} INFO - Setting next_dagrun for dataset_produces_1 to 2025-12-15T00:00:00+00:00, run_after=2025-12-16T00:00:00+00:00
[2025-12-16T18:09:58.995+0000] {logging_mixin.py:150} INFO - [2025-12-16T18:09:58.994+0000] {dag.py:3504} INFO - Setting next_dagrun for dataset_produces_2 to None, run_after=None
[2025-12-16T18:09:59.017+0000] {processor.py:179} INFO - Processing /home/vscode/.local/lib/python3.10/site-packages/airflow/example_dags/example_datasets.py took 0.075 seconds
[2025-12-16T18:10:46.329+0000] {processor.py:157} INFO - Started process (PID=11225) to work on /home/vscode/.local/lib/python3.10/site-packages/airflow/example_dags/example_datasets.py
[2025-12-16T18:10:46.329+0000] {processor.py:826} INFO - Processing file /home/vscode/.local/lib/python3.10/site-packages/airflow/example_dags/example_datasets.py for tasks to queue
[2025-12-16T18:10:46.330+0000] {logging_mixin.py:150} INFO - [2025-12-16T18:10:46.330+0000] {dagbag.py:541} INFO - Filling up the DagBag from /home/vscode/.local/lib/python3.10/site-packages/airflow/example_dags/example_datasets.py
[2025-12-16T18:10:46.339+0000] {processor.py:836} INFO - DAG(s) dict_keys(['dataset_consumes_1', 'dataset_consumes_unknown_never_scheduled', 'dataset_consumes_1_never_scheduled', 'dataset_produces_2', 'dataset_consumes_1_and_2', 'dataset_produces_1']) retrieved from /home/vscode/.local/lib/python3.10/site-packages/airflow/example_dags/example_datasets.py
[2025-12-16T18:10:46.371+0000] {logging_mixin.py:150} INFO - [2025-12-16T18:10:46.370+0000] {dag.py:2742} INFO - Sync 6 DAGs
[2025-12-16T18:10:46.391+0000] {logging_mixin.py:150} INFO - [2025-12-16T18:10:46.391+0000] {dag.py:3504} INFO - Setting next_dagrun for dataset_consumes_1 to None, run_after=None
[2025-12-16T18:10:46.393+0000] {logging_mixin.py:150} INFO - [2025-12-16T18:10:46.393+0000] {dag.py:3504} INFO - Setting next_dagrun for dataset_consumes_1_and_2 to None, run_after=None
[2025-12-16T18:10:46.394+0000] {logging_mixin.py:150} INFO - [2025-12-16T18:10:46.394+0000] {dag.py:3504} INFO - Setting next_dagrun for dataset_consumes_1_never_scheduled to None, run_after=None
[2025-12-16T18:10:46.395+0000] {logging_mixin.py:150} INFO - [2025-12-16T18:10:46.395+0000] {dag.py:3504} INFO - Setting next_dagrun for dataset_consumes_unknown_never_scheduled to None, run_after=None
[2025-12-16T18:10:46.397+0000] {logging_mixin.py:150} INFO - [2025-12-16T18:10:46.396+0000] {dag.py:3504} INFO - Setting next_dagrun for dataset_produces_1 to 2025-12-15T00:00:00+00:00, run_after=2025-12-16T00:00:00+00:00
[2025-12-16T18:10:46.397+0000] {logging_mixin.py:150} INFO - [2025-12-16T18:10:46.397+0000] {dag.py:3504} INFO - Setting next_dagrun for dataset_produces_2 to None, run_after=None
[2025-12-16T18:10:46.418+0000] {processor.py:179} INFO - Processing /home/vscode/.local/lib/python3.10/site-packages/airflow/example_dags/example_datasets.py took 0.092 seconds
[2025-12-16T18:11:37.074+0000] {processor.py:157} INFO - Started process (PID=11567) to work on /home/vscode/.local/lib/python3.10/site-packages/airflow/example_dags/example_datasets.py
[2025-12-16T18:11:37.075+0000] {processor.py:826} INFO - Processing file /home/vscode/.local/lib/python3.10/site-packages/airflow/example_dags/example_datasets.py for tasks to queue
[2025-12-16T18:11:37.076+0000] {logging_mixin.py:150} INFO - [2025-12-16T18:11:37.075+0000] {dagbag.py:541} INFO - Filling up the DagBag from /home/vscode/.local/lib/python3.10/site-packages/airflow/example_dags/example_datasets.py
[2025-12-16T18:11:37.082+0000] {processor.py:836} INFO - DAG(s) dict_keys(['dataset_produces_1', 'dataset_consumes_1', 'dataset_consumes_1_never_scheduled', 'dataset_consumes_1_and_2', 'dataset_consumes_unknown_never_scheduled', 'dataset_produces_2']) retrieved from /home/vscode/.local/lib/python3.10/site-packages/airflow/example_dags/example_datasets.py
[2025-12-16T18:11:37.102+0000] {logging_mixin.py:150} INFO - [2025-12-16T18:11:37.101+0000] {dag.py:2742} INFO - Sync 6 DAGs
[2025-12-16T18:11:37.116+0000] {logging_mixin.py:150} INFO - [2025-12-16T18:11:37.116+0000] {dag.py:3504} INFO - Setting next_dagrun for dataset_consumes_1 to None, run_after=None
[2025-12-16T18:11:37.118+0000] {logging_mixin.py:150} INFO - [2025-12-16T18:11:37.118+0000] {dag.py:3504} INFO - Setting next_dagrun for dataset_consumes_1_and_2 to None, run_after=None
[2025-12-16T18:11:37.119+0000] {logging_mixin.py:150} INFO - [2025-12-16T18:11:37.119+0000] {dag.py:3504} INFO - Setting next_dagrun for dataset_consumes_1_never_scheduled to None, run_after=None
[2025-12-16T18:11:37.119+0000] {logging_mixin.py:150} INFO - [2025-12-16T18:11:37.119+0000] {dag.py:3504} INFO - Setting next_dagrun for dataset_consumes_unknown_never_scheduled to None, run_after=None
[2025-12-16T18:11:37.121+0000] {logging_mixin.py:150} INFO - [2025-12-16T18:11:37.121+0000] {dag.py:3504} INFO - Setting next_dagrun for dataset_produces_1 to 2025-12-15T00:00:00+00:00, run_after=2025-12-16T00:00:00+00:00
[2025-12-16T18:11:37.122+0000] {logging_mixin.py:150} INFO - [2025-12-16T18:11:37.122+0000] {dag.py:3504} INFO - Setting next_dagrun for dataset_produces_2 to None, run_after=None
[2025-12-16T18:11:37.141+0000] {processor.py:179} INFO - Processing /home/vscode/.local/lib/python3.10/site-packages/airflow/example_dags/example_datasets.py took 0.069 seconds
[2025-12-16T18:12:27.909+0000] {processor.py:157} INFO - Started process (PID=11901) to work on /home/vscode/.local/lib/python3.10/site-packages/airflow/example_dags/example_datasets.py
[2025-12-16T18:12:27.910+0000] {processor.py:826} INFO - Processing file /home/vscode/.local/lib/python3.10/site-packages/airflow/example_dags/example_datasets.py for tasks to queue
[2025-12-16T18:12:27.910+0000] {logging_mixin.py:150} INFO - [2025-12-16T18:12:27.910+0000] {dagbag.py:541} INFO - Filling up the DagBag from /home/vscode/.local/lib/python3.10/site-packages/airflow/example_dags/example_datasets.py
[2025-12-16T18:12:27.917+0000] {processor.py:836} INFO - DAG(s) dict_keys(['dataset_produces_1', 'dataset_consumes_unknown_never_scheduled', 'dataset_consumes_1_never_scheduled', 'dataset_produces_2', 'dataset_consumes_1', 'dataset_consumes_1_and_2']) retrieved from /home/vscode/.local/lib/python3.10/site-packages/airflow/example_dags/example_datasets.py
[2025-12-16T18:12:27.936+0000] {logging_mixin.py:150} INFO - [2025-12-16T18:12:27.936+0000] {dag.py:2742} INFO - Sync 6 DAGs
[2025-12-16T18:12:27.951+0000] {logging_mixin.py:150} INFO - [2025-12-16T18:12:27.951+0000] {dag.py:3504} INFO - Setting next_dagrun for dataset_consumes_1 to None, run_after=None
[2025-12-16T18:12:27.953+0000] {logging_mixin.py:150} INFO - [2025-12-16T18:12:27.953+0000] {dag.py:3504} INFO - Setting next_dagrun for dataset_consumes_1_and_2 to None, run_after=None
[2025-12-16T18:12:27.954+0000] {logging_mixin.py:150} INFO - [2025-12-16T18:12:27.953+0000] {dag.py:3504} INFO - Setting next_dagrun for dataset_consumes_1_never_scheduled to None, run_after=None
[2025-12-16T18:12:27.954+0000] {logging_mixin.py:150} INFO - [2025-12-16T18:12:27.954+0000] {dag.py:3504} INFO - Setting next_dagrun for dataset_consumes_unknown_never_scheduled to None, run_after=None
[2025-12-16T18:12:27.956+0000] {logging_mixin.py:150} INFO - [2025-12-16T18:12:27.956+0000] {dag.py:3504} INFO - Setting next_dagrun for dataset_produces_1 to 2025-12-15T00:00:00+00:00, run_after=2025-12-16T00:00:00+00:00
[2025-12-16T18:12:27.957+0000] {logging_mixin.py:150} INFO - [2025-12-16T18:12:27.956+0000] {dag.py:3504} INFO - Setting next_dagrun for dataset_produces_2 to None, run_after=None
[2025-12-16T18:12:27.976+0000] {processor.py:179} INFO - Processing /home/vscode/.local/lib/python3.10/site-packages/airflow/example_dags/example_datasets.py took 0.069 seconds
[2025-12-16T18:13:15.160+0000] {processor.py:157} INFO - Started process (PID=12220) to work on /home/vscode/.local/lib/python3.10/site-packages/airflow/example_dags/example_datasets.py
[2025-12-16T18:13:15.161+0000] {processor.py:826} INFO - Processing file /home/vscode/.local/lib/python3.10/site-packages/airflow/example_dags/example_datasets.py for tasks to queue
[2025-12-16T18:13:15.161+0000] {logging_mixin.py:150} INFO - [2025-12-16T18:13:15.161+0000] {dagbag.py:541} INFO - Filling up the DagBag from /home/vscode/.local/lib/python3.10/site-packages/airflow/example_dags/example_datasets.py
[2025-12-16T18:13:15.168+0000] {processor.py:836} INFO - DAG(s) dict_keys(['dataset_consumes_1_and_2', 'dataset_consumes_1_never_scheduled', 'dataset_consumes_unknown_never_scheduled', 'dataset_produces_2', 'dataset_produces_1', 'dataset_consumes_1']) retrieved from /home/vscode/.local/lib/python3.10/site-packages/airflow/example_dags/example_datasets.py
[2025-12-16T18:13:15.188+0000] {logging_mixin.py:150} INFO - [2025-12-16T18:13:15.188+0000] {dag.py:2742} INFO - Sync 6 DAGs
[2025-12-16T18:13:15.202+0000] {logging_mixin.py:150} INFO - [2025-12-16T18:13:15.202+0000] {dag.py:3504} INFO - Setting next_dagrun for dataset_consumes_1 to None, run_after=None
[2025-12-16T18:13:15.204+0000] {logging_mixin.py:150} INFO - [2025-12-16T18:13:15.204+0000] {dag.py:3504} INFO - Setting next_dagrun for dataset_consumes_1_and_2 to None, run_after=None
[2025-12-16T18:13:15.204+0000] {logging_mixin.py:150} INFO - [2025-12-16T18:13:15.204+0000] {dag.py:3504} INFO - Setting next_dagrun for dataset_consumes_1_never_scheduled to None, run_after=None
[2025-12-16T18:13:15.205+0000] {logging_mixin.py:150} INFO - [2025-12-16T18:13:15.205+0000] {dag.py:3504} INFO - Setting next_dagrun for dataset_consumes_unknown_never_scheduled to None, run_after=None
[2025-12-16T18:13:15.207+0000] {logging_mixin.py:150} INFO - [2025-12-16T18:13:15.207+0000] {dag.py:3504} INFO - Setting next_dagrun for dataset_produces_1 to 2025-12-15T00:00:00+00:00, run_after=2025-12-16T00:00:00+00:00
[2025-12-16T18:13:15.207+0000] {logging_mixin.py:150} INFO - [2025-12-16T18:13:15.207+0000] {dag.py:3504} INFO - Setting next_dagrun for dataset_produces_2 to None, run_after=None
[2025-12-16T18:13:15.229+0000] {processor.py:179} INFO - Processing /home/vscode/.local/lib/python3.10/site-packages/airflow/example_dags/example_datasets.py took 0.071 seconds
[2025-12-16T18:14:00.923+0000] {processor.py:157} INFO - Started process (PID=12529) to work on /home/vscode/.local/lib/python3.10/site-packages/airflow/example_dags/example_datasets.py
[2025-12-16T18:14:00.923+0000] {processor.py:826} INFO - Processing file /home/vscode/.local/lib/python3.10/site-packages/airflow/example_dags/example_datasets.py for tasks to queue
[2025-12-16T18:14:00.924+0000] {logging_mixin.py:150} INFO - [2025-12-16T18:14:00.924+0000] {dagbag.py:541} INFO - Filling up the DagBag from /home/vscode/.local/lib/python3.10/site-packages/airflow/example_dags/example_datasets.py
[2025-12-16T18:14:00.930+0000] {processor.py:836} INFO - DAG(s) dict_keys(['dataset_consumes_unknown_never_scheduled', 'dataset_consumes_1_never_scheduled', 'dataset_consumes_1_and_2', 'dataset_consumes_1', 'dataset_produces_2', 'dataset_produces_1']) retrieved from /home/vscode/.local/lib/python3.10/site-packages/airflow/example_dags/example_datasets.py
[2025-12-16T18:14:00.954+0000] {logging_mixin.py:150} INFO - [2025-12-16T18:14:00.954+0000] {dag.py:2742} INFO - Sync 6 DAGs
[2025-12-16T18:14:00.969+0000] {logging_mixin.py:150} INFO - [2025-12-16T18:14:00.969+0000] {dag.py:3504} INFO - Setting next_dagrun for dataset_consumes_1 to None, run_after=None
[2025-12-16T18:14:00.971+0000] {logging_mixin.py:150} INFO - [2025-12-16T18:14:00.971+0000] {dag.py:3504} INFO - Setting next_dagrun for dataset_consumes_1_and_2 to None, run_after=None
[2025-12-16T18:14:00.972+0000] {logging_mixin.py:150} INFO - [2025-12-16T18:14:00.972+0000] {dag.py:3504} INFO - Setting next_dagrun for dataset_consumes_1_never_scheduled to None, run_after=None
[2025-12-16T18:14:00.972+0000] {logging_mixin.py:150} INFO - [2025-12-16T18:14:00.972+0000] {dag.py:3504} INFO - Setting next_dagrun for dataset_consumes_unknown_never_scheduled to None, run_after=None
[2025-12-16T18:14:00.974+0000] {logging_mixin.py:150} INFO - [2025-12-16T18:14:00.974+0000] {dag.py:3504} INFO - Setting next_dagrun for dataset_produces_1 to 2025-12-15T00:00:00+00:00, run_after=2025-12-16T00:00:00+00:00
[2025-12-16T18:14:00.975+0000] {logging_mixin.py:150} INFO - [2025-12-16T18:14:00.975+0000] {dag.py:3504} INFO - Setting next_dagrun for dataset_produces_2 to None, run_after=None
[2025-12-16T18:14:00.994+0000] {processor.py:179} INFO - Processing /home/vscode/.local/lib/python3.10/site-packages/airflow/example_dags/example_datasets.py took 0.074 seconds
[2025-12-16T18:14:52.126+0000] {processor.py:157} INFO - Started process (PID=12866) to work on /home/vscode/.local/lib/python3.10/site-packages/airflow/example_dags/example_datasets.py
[2025-12-16T18:14:52.126+0000] {processor.py:826} INFO - Processing file /home/vscode/.local/lib/python3.10/site-packages/airflow/example_dags/example_datasets.py for tasks to queue
[2025-12-16T18:14:52.127+0000] {logging_mixin.py:150} INFO - [2025-12-16T18:14:52.127+0000] {dagbag.py:541} INFO - Filling up the DagBag from /home/vscode/.local/lib/python3.10/site-packages/airflow/example_dags/example_datasets.py
[2025-12-16T18:14:52.133+0000] {processor.py:836} INFO - DAG(s) dict_keys(['dataset_consumes_1_and_2', 'dataset_produces_1', 'dataset_consumes_1_never_scheduled', 'dataset_consumes_unknown_never_scheduled', 'dataset_consumes_1', 'dataset_produces_2']) retrieved from /home/vscode/.local/lib/python3.10/site-packages/airflow/example_dags/example_datasets.py
[2025-12-16T18:14:52.152+0000] {logging_mixin.py:150} INFO - [2025-12-16T18:14:52.152+0000] {dag.py:2742} INFO - Sync 6 DAGs
[2025-12-16T18:14:52.167+0000] {logging_mixin.py:150} INFO - [2025-12-16T18:14:52.167+0000] {dag.py:3504} INFO - Setting next_dagrun for dataset_consumes_1 to None, run_after=None
[2025-12-16T18:14:52.169+0000] {logging_mixin.py:150} INFO - [2025-12-16T18:14:52.169+0000] {dag.py:3504} INFO - Setting next_dagrun for dataset_consumes_1_and_2 to None, run_after=None
[2025-12-16T18:14:52.169+0000] {logging_mixin.py:150} INFO - [2025-12-16T18:14:52.169+0000] {dag.py:3504} INFO - Setting next_dagrun for dataset_consumes_1_never_scheduled to None, run_after=None
[2025-12-16T18:14:52.170+0000] {logging_mixin.py:150} INFO - [2025-12-16T18:14:52.170+0000] {dag.py:3504} INFO - Setting next_dagrun for dataset_consumes_unknown_never_scheduled to None, run_after=None
[2025-12-16T18:14:52.172+0000] {logging_mixin.py:150} INFO - [2025-12-16T18:14:52.172+0000] {dag.py:3504} INFO - Setting next_dagrun for dataset_produces_1 to 2025-12-15T00:00:00+00:00, run_after=2025-12-16T00:00:00+00:00
[2025-12-16T18:14:52.172+0000] {logging_mixin.py:150} INFO - [2025-12-16T18:14:52.172+0000] {dag.py:3504} INFO - Setting next_dagrun for dataset_produces_2 to None, run_after=None
[2025-12-16T18:14:52.193+0000] {processor.py:179} INFO - Processing /home/vscode/.local/lib/python3.10/site-packages/airflow/example_dags/example_datasets.py took 0.069 seconds
[2025-12-16T18:15:41.228+0000] {processor.py:157} INFO - Started process (PID=13192) to work on /home/vscode/.local/lib/python3.10/site-packages/airflow/example_dags/example_datasets.py
[2025-12-16T18:15:41.228+0000] {processor.py:826} INFO - Processing file /home/vscode/.local/lib/python3.10/site-packages/airflow/example_dags/example_datasets.py for tasks to queue
[2025-12-16T18:15:41.229+0000] {logging_mixin.py:150} INFO - [2025-12-16T18:15:41.229+0000] {dagbag.py:541} INFO - Filling up the DagBag from /home/vscode/.local/lib/python3.10/site-packages/airflow/example_dags/example_datasets.py
[2025-12-16T18:15:41.236+0000] {processor.py:836} INFO - DAG(s) dict_keys(['dataset_produces_1', 'dataset_consumes_1_never_scheduled', 'dataset_consumes_1_and_2', 'dataset_produces_2', 'dataset_consumes_unknown_never_scheduled', 'dataset_consumes_1']) retrieved from /home/vscode/.local/lib/python3.10/site-packages/airflow/example_dags/example_datasets.py
[2025-12-16T18:15:41.255+0000] {logging_mixin.py:150} INFO - [2025-12-16T18:15:41.255+0000] {dag.py:2742} INFO - Sync 6 DAGs
[2025-12-16T18:15:41.269+0000] {logging_mixin.py:150} INFO - [2025-12-16T18:15:41.269+0000] {dag.py:3504} INFO - Setting next_dagrun for dataset_consumes_1 to None, run_after=None
[2025-12-16T18:15:41.272+0000] {logging_mixin.py:150} INFO - [2025-12-16T18:15:41.271+0000] {dag.py:3504} INFO - Setting next_dagrun for dataset_consumes_1_and_2 to None, run_after=None
[2025-12-16T18:15:41.272+0000] {logging_mixin.py:150} INFO - [2025-12-16T18:15:41.272+0000] {dag.py:3504} INFO - Setting next_dagrun for dataset_consumes_1_never_scheduled to None, run_after=None
[2025-12-16T18:15:41.273+0000] {logging_mixin.py:150} INFO - [2025-12-16T18:15:41.273+0000] {dag.py:3504} INFO - Setting next_dagrun for dataset_consumes_unknown_never_scheduled to None, run_after=None
[2025-12-16T18:15:41.275+0000] {logging_mixin.py:150} INFO - [2025-12-16T18:15:41.275+0000] {dag.py:3504} INFO - Setting next_dagrun for dataset_produces_1 to 2025-12-15T00:00:00+00:00, run_after=2025-12-16T00:00:00+00:00
[2025-12-16T18:15:41.275+0000] {logging_mixin.py:150} INFO - [2025-12-16T18:15:41.275+0000] {dag.py:3504} INFO - Setting next_dagrun for dataset_produces_2 to None, run_after=None
[2025-12-16T18:15:41.297+0000] {processor.py:179} INFO - Processing /home/vscode/.local/lib/python3.10/site-packages/airflow/example_dags/example_datasets.py took 0.072 seconds
[2025-12-16T18:16:28.389+0000] {processor.py:157} INFO - Started process (PID=13504) to work on /home/vscode/.local/lib/python3.10/site-packages/airflow/example_dags/example_datasets.py
[2025-12-16T18:16:28.390+0000] {processor.py:826} INFO - Processing file /home/vscode/.local/lib/python3.10/site-packages/airflow/example_dags/example_datasets.py for tasks to queue
[2025-12-16T18:16:28.390+0000] {logging_mixin.py:150} INFO - [2025-12-16T18:16:28.390+0000] {dagbag.py:541} INFO - Filling up the DagBag from /home/vscode/.local/lib/python3.10/site-packages/airflow/example_dags/example_datasets.py
[2025-12-16T18:16:28.397+0000] {processor.py:836} INFO - DAG(s) dict_keys(['dataset_consumes_unknown_never_scheduled', 'dataset_consumes_1_never_scheduled', 'dataset_produces_2', 'dataset_consumes_1', 'dataset_consumes_1_and_2', 'dataset_produces_1']) retrieved from /home/vscode/.local/lib/python3.10/site-packages/airflow/example_dags/example_datasets.py
[2025-12-16T18:16:28.417+0000] {logging_mixin.py:150} INFO - [2025-12-16T18:16:28.416+0000] {dag.py:2742} INFO - Sync 6 DAGs
[2025-12-16T18:16:28.431+0000] {logging_mixin.py:150} INFO - [2025-12-16T18:16:28.431+0000] {dag.py:3504} INFO - Setting next_dagrun for dataset_consumes_1 to None, run_after=None
[2025-12-16T18:16:28.433+0000] {logging_mixin.py:150} INFO - [2025-12-16T18:16:28.433+0000] {dag.py:3504} INFO - Setting next_dagrun for dataset_consumes_1_and_2 to None, run_after=None
[2025-12-16T18:16:28.433+0000] {logging_mixin.py:150} INFO - [2025-12-16T18:16:28.433+0000] {dag.py:3504} INFO - Setting next_dagrun for dataset_consumes_1_never_scheduled to None, run_after=None
[2025-12-16T18:16:28.434+0000] {logging_mixin.py:150} INFO - [2025-12-16T18:16:28.434+0000] {dag.py:3504} INFO - Setting next_dagrun for dataset_consumes_unknown_never_scheduled to None, run_after=None
[2025-12-16T18:16:28.436+0000] {logging_mixin.py:150} INFO - [2025-12-16T18:16:28.436+0000] {dag.py:3504} INFO - Setting next_dagrun for dataset_produces_1 to 2025-12-15T00:00:00+00:00, run_after=2025-12-16T00:00:00+00:00
[2025-12-16T18:16:28.436+0000] {logging_mixin.py:150} INFO - [2025-12-16T18:16:28.436+0000] {dag.py:3504} INFO - Setting next_dagrun for dataset_produces_2 to None, run_after=None
[2025-12-16T18:16:28.458+0000] {processor.py:179} INFO - Processing /home/vscode/.local/lib/python3.10/site-packages/airflow/example_dags/example_datasets.py took 0.071 seconds
[2025-12-16T18:17:18.647+0000] {processor.py:157} INFO - Started process (PID=13834) to work on /home/vscode/.local/lib/python3.10/site-packages/airflow/example_dags/example_datasets.py
[2025-12-16T18:17:18.648+0000] {processor.py:826} INFO - Processing file /home/vscode/.local/lib/python3.10/site-packages/airflow/example_dags/example_datasets.py for tasks to queue
[2025-12-16T18:17:18.648+0000] {logging_mixin.py:150} INFO - [2025-12-16T18:17:18.648+0000] {dagbag.py:541} INFO - Filling up the DagBag from /home/vscode/.local/lib/python3.10/site-packages/airflow/example_dags/example_datasets.py
[2025-12-16T18:17:18.655+0000] {processor.py:836} INFO - DAG(s) dict_keys(['dataset_consumes_1_and_2', 'dataset_consumes_1_never_scheduled', 'dataset_produces_2', 'dataset_consumes_1', 'dataset_produces_1', 'dataset_consumes_unknown_never_scheduled']) retrieved from /home/vscode/.local/lib/python3.10/site-packages/airflow/example_dags/example_datasets.py
[2025-12-16T18:17:18.675+0000] {logging_mixin.py:150} INFO - [2025-12-16T18:17:18.674+0000] {dag.py:2742} INFO - Sync 6 DAGs
[2025-12-16T18:17:18.689+0000] {logging_mixin.py:150} INFO - [2025-12-16T18:17:18.689+0000] {dag.py:3504} INFO - Setting next_dagrun for dataset_consumes_1 to None, run_after=None
[2025-12-16T18:17:18.691+0000] {logging_mixin.py:150} INFO - [2025-12-16T18:17:18.691+0000] {dag.py:3504} INFO - Setting next_dagrun for dataset_consumes_1_and_2 to None, run_after=None
[2025-12-16T18:17:18.692+0000] {logging_mixin.py:150} INFO - [2025-12-16T18:17:18.691+0000] {dag.py:3504} INFO - Setting next_dagrun for dataset_consumes_1_never_scheduled to None, run_after=None
[2025-12-16T18:17:18.692+0000] {logging_mixin.py:150} INFO - [2025-12-16T18:17:18.692+0000] {dag.py:3504} INFO - Setting next_dagrun for dataset_consumes_unknown_never_scheduled to None, run_after=None
[2025-12-16T18:17:18.694+0000] {logging_mixin.py:150} INFO - [2025-12-16T18:17:18.694+0000] {dag.py:3504} INFO - Setting next_dagrun for dataset_produces_1 to 2025-12-15T00:00:00+00:00, run_after=2025-12-16T00:00:00+00:00
[2025-12-16T18:17:18.695+0000] {logging_mixin.py:150} INFO - [2025-12-16T18:17:18.694+0000] {dag.py:3504} INFO - Setting next_dagrun for dataset_produces_2 to None, run_after=None
[2025-12-16T18:17:18.715+0000] {processor.py:179} INFO - Processing /home/vscode/.local/lib/python3.10/site-packages/airflow/example_dags/example_datasets.py took 0.070 seconds
[2025-12-16T18:18:06.243+0000] {processor.py:157} INFO - Started process (PID=14157) to work on /home/vscode/.local/lib/python3.10/site-packages/airflow/example_dags/example_datasets.py
[2025-12-16T18:18:06.243+0000] {processor.py:826} INFO - Processing file /home/vscode/.local/lib/python3.10/site-packages/airflow/example_dags/example_datasets.py for tasks to queue
[2025-12-16T18:18:06.244+0000] {logging_mixin.py:150} INFO - [2025-12-16T18:18:06.243+0000] {dagbag.py:541} INFO - Filling up the DagBag from /home/vscode/.local/lib/python3.10/site-packages/airflow/example_dags/example_datasets.py
[2025-12-16T18:18:06.252+0000] {processor.py:836} INFO - DAG(s) dict_keys(['dataset_consumes_1_never_scheduled', 'dataset_consumes_1_and_2', 'dataset_consumes_unknown_never_scheduled', 'dataset_produces_1', 'dataset_produces_2', 'dataset_consumes_1']) retrieved from /home/vscode/.local/lib/python3.10/site-packages/airflow/example_dags/example_datasets.py
[2025-12-16T18:18:06.271+0000] {logging_mixin.py:150} INFO - [2025-12-16T18:18:06.271+0000] {dag.py:2742} INFO - Sync 6 DAGs
[2025-12-16T18:18:06.286+0000] {logging_mixin.py:150} INFO - [2025-12-16T18:18:06.286+0000] {dag.py:3504} INFO - Setting next_dagrun for dataset_consumes_1 to None, run_after=None
[2025-12-16T18:18:06.288+0000] {logging_mixin.py:150} INFO - [2025-12-16T18:18:06.288+0000] {dag.py:3504} INFO - Setting next_dagrun for dataset_consumes_1_and_2 to None, run_after=None
[2025-12-16T18:18:06.289+0000] {logging_mixin.py:150} INFO - [2025-12-16T18:18:06.289+0000] {dag.py:3504} INFO - Setting next_dagrun for dataset_consumes_1_never_scheduled to None, run_after=None
[2025-12-16T18:18:06.290+0000] {logging_mixin.py:150} INFO - [2025-12-16T18:18:06.290+0000] {dag.py:3504} INFO - Setting next_dagrun for dataset_consumes_unknown_never_scheduled to None, run_after=None
[2025-12-16T18:18:06.292+0000] {logging_mixin.py:150} INFO - [2025-12-16T18:18:06.291+0000] {dag.py:3504} INFO - Setting next_dagrun for dataset_produces_1 to 2025-12-15T00:00:00+00:00, run_after=2025-12-16T00:00:00+00:00
[2025-12-16T18:18:06.292+0000] {logging_mixin.py:150} INFO - [2025-12-16T18:18:06.292+0000] {dag.py:3504} INFO - Setting next_dagrun for dataset_produces_2 to None, run_after=None
[2025-12-16T18:18:06.313+0000] {processor.py:179} INFO - Processing /home/vscode/.local/lib/python3.10/site-packages/airflow/example_dags/example_datasets.py took 0.073 seconds
[2025-12-16T18:18:51.339+0000] {processor.py:157} INFO - Started process (PID=14452) to work on /home/vscode/.local/lib/python3.10/site-packages/airflow/example_dags/example_datasets.py
[2025-12-16T18:18:51.340+0000] {processor.py:826} INFO - Processing file /home/vscode/.local/lib/python3.10/site-packages/airflow/example_dags/example_datasets.py for tasks to queue
[2025-12-16T18:18:51.341+0000] {logging_mixin.py:150} INFO - [2025-12-16T18:18:51.340+0000] {dagbag.py:541} INFO - Filling up the DagBag from /home/vscode/.local/lib/python3.10/site-packages/airflow/example_dags/example_datasets.py
[2025-12-16T18:18:51.347+0000] {processor.py:836} INFO - DAG(s) dict_keys(['dataset_consumes_1', 'dataset_consumes_unknown_never_scheduled', 'dataset_produces_2', 'dataset_consumes_1_never_scheduled', 'dataset_consumes_1_and_2', 'dataset_produces_1']) retrieved from /home/vscode/.local/lib/python3.10/site-packages/airflow/example_dags/example_datasets.py
[2025-12-16T18:18:51.366+0000] {logging_mixin.py:150} INFO - [2025-12-16T18:18:51.366+0000] {dag.py:2742} INFO - Sync 6 DAGs
[2025-12-16T18:18:51.381+0000] {logging_mixin.py:150} INFO - [2025-12-16T18:18:51.380+0000] {dag.py:3504} INFO - Setting next_dagrun for dataset_consumes_1 to None, run_after=None
[2025-12-16T18:18:51.383+0000] {logging_mixin.py:150} INFO - [2025-12-16T18:18:51.382+0000] {dag.py:3504} INFO - Setting next_dagrun for dataset_consumes_1_and_2 to None, run_after=None
[2025-12-16T18:18:51.383+0000] {logging_mixin.py:150} INFO - [2025-12-16T18:18:51.383+0000] {dag.py:3504} INFO - Setting next_dagrun for dataset_consumes_1_never_scheduled to None, run_after=None
[2025-12-16T18:18:51.384+0000] {logging_mixin.py:150} INFO - [2025-12-16T18:18:51.384+0000] {dag.py:3504} INFO - Setting next_dagrun for dataset_consumes_unknown_never_scheduled to None, run_after=None
[2025-12-16T18:18:51.386+0000] {logging_mixin.py:150} INFO - [2025-12-16T18:18:51.385+0000] {dag.py:3504} INFO - Setting next_dagrun for dataset_produces_1 to 2025-12-15T00:00:00+00:00, run_after=2025-12-16T00:00:00+00:00
[2025-12-16T18:18:51.386+0000] {logging_mixin.py:150} INFO - [2025-12-16T18:18:51.386+0000] {dag.py:3504} INFO - Setting next_dagrun for dataset_produces_2 to None, run_after=None
[2025-12-16T18:18:51.408+0000] {processor.py:179} INFO - Processing /home/vscode/.local/lib/python3.10/site-packages/airflow/example_dags/example_datasets.py took 0.071 seconds
[2025-12-16T18:19:37.556+0000] {processor.py:157} INFO - Started process (PID=14763) to work on /home/vscode/.local/lib/python3.10/site-packages/airflow/example_dags/example_datasets.py
[2025-12-16T18:19:37.557+0000] {processor.py:826} INFO - Processing file /home/vscode/.local/lib/python3.10/site-packages/airflow/example_dags/example_datasets.py for tasks to queue
[2025-12-16T18:19:37.557+0000] {logging_mixin.py:150} INFO - [2025-12-16T18:19:37.557+0000] {dagbag.py:541} INFO - Filling up the DagBag from /home/vscode/.local/lib/python3.10/site-packages/airflow/example_dags/example_datasets.py
[2025-12-16T18:19:37.567+0000] {processor.py:836} INFO - DAG(s) dict_keys(['dataset_consumes_unknown_never_scheduled', 'dataset_consumes_1_never_scheduled', 'dataset_consumes_1_and_2', 'dataset_produces_2', 'dataset_produces_1', 'dataset_consumes_1']) retrieved from /home/vscode/.local/lib/python3.10/site-packages/airflow/example_dags/example_datasets.py
[2025-12-16T18:19:37.596+0000] {logging_mixin.py:150} INFO - [2025-12-16T18:19:37.596+0000] {dag.py:2742} INFO - Sync 6 DAGs
[2025-12-16T18:19:37.618+0000] {logging_mixin.py:150} INFO - [2025-12-16T18:19:37.618+0000] {dag.py:3504} INFO - Setting next_dagrun for dataset_consumes_1 to None, run_after=None
[2025-12-16T18:19:37.621+0000] {logging_mixin.py:150} INFO - [2025-12-16T18:19:37.621+0000] {dag.py:3504} INFO - Setting next_dagrun for dataset_consumes_1_and_2 to None, run_after=None
[2025-12-16T18:19:37.622+0000] {logging_mixin.py:150} INFO - [2025-12-16T18:19:37.621+0000] {dag.py:3504} INFO - Setting next_dagrun for dataset_consumes_1_never_scheduled to None, run_after=None
[2025-12-16T18:19:37.622+0000] {logging_mixin.py:150} INFO - [2025-12-16T18:19:37.622+0000] {dag.py:3504} INFO - Setting next_dagrun for dataset_consumes_unknown_never_scheduled to None, run_after=None
[2025-12-16T18:19:37.624+0000] {logging_mixin.py:150} INFO - [2025-12-16T18:19:37.624+0000] {dag.py:3504} INFO - Setting next_dagrun for dataset_produces_1 to 2025-12-15T00:00:00+00:00, run_after=2025-12-16T00:00:00+00:00
[2025-12-16T18:19:37.625+0000] {logging_mixin.py:150} INFO - [2025-12-16T18:19:37.625+0000] {dag.py:3504} INFO - Setting next_dagrun for dataset_produces_2 to None, run_after=None
[2025-12-16T18:19:37.646+0000] {processor.py:179} INFO - Processing /home/vscode/.local/lib/python3.10/site-packages/airflow/example_dags/example_datasets.py took 0.093 seconds
[2025-12-16T18:20:27.818+0000] {processor.py:157} INFO - Started process (PID=15097) to work on /home/vscode/.local/lib/python3.10/site-packages/airflow/example_dags/example_datasets.py
[2025-12-16T18:20:27.819+0000] {processor.py:826} INFO - Processing file /home/vscode/.local/lib/python3.10/site-packages/airflow/example_dags/example_datasets.py for tasks to queue
[2025-12-16T18:20:27.819+0000] {logging_mixin.py:150} INFO - [2025-12-16T18:20:27.819+0000] {dagbag.py:541} INFO - Filling up the DagBag from /home/vscode/.local/lib/python3.10/site-packages/airflow/example_dags/example_datasets.py
[2025-12-16T18:20:27.827+0000] {processor.py:836} INFO - DAG(s) dict_keys(['dataset_produces_2', 'dataset_consumes_unknown_never_scheduled', 'dataset_consumes_1_never_scheduled', 'dataset_produces_1', 'dataset_consumes_1', 'dataset_consumes_1_and_2']) retrieved from /home/vscode/.local/lib/python3.10/site-packages/airflow/example_dags/example_datasets.py
[2025-12-16T18:20:27.846+0000] {logging_mixin.py:150} INFO - [2025-12-16T18:20:27.846+0000] {dag.py:2742} INFO - Sync 6 DAGs
[2025-12-16T18:20:27.860+0000] {logging_mixin.py:150} INFO - [2025-12-16T18:20:27.860+0000] {dag.py:3504} INFO - Setting next_dagrun for dataset_consumes_1 to None, run_after=None
[2025-12-16T18:20:27.862+0000] {logging_mixin.py:150} INFO - [2025-12-16T18:20:27.862+0000] {dag.py:3504} INFO - Setting next_dagrun for dataset_consumes_1_and_2 to None, run_after=None
[2025-12-16T18:20:27.862+0000] {logging_mixin.py:150} INFO - [2025-12-16T18:20:27.862+0000] {dag.py:3504} INFO - Setting next_dagrun for dataset_consumes_1_never_scheduled to None, run_after=None
[2025-12-16T18:20:27.863+0000] {logging_mixin.py:150} INFO - [2025-12-16T18:20:27.863+0000] {dag.py:3504} INFO - Setting next_dagrun for dataset_consumes_unknown_never_scheduled to None, run_after=None
[2025-12-16T18:20:27.865+0000] {logging_mixin.py:150} INFO - [2025-12-16T18:20:27.865+0000] {dag.py:3504} INFO - Setting next_dagrun for dataset_produces_1 to 2025-12-15T00:00:00+00:00, run_after=2025-12-16T00:00:00+00:00
[2025-12-16T18:20:27.865+0000] {logging_mixin.py:150} INFO - [2025-12-16T18:20:27.865+0000] {dag.py:3504} INFO - Setting next_dagrun for dataset_produces_2 to None, run_after=None
[2025-12-16T18:20:27.886+0000] {processor.py:179} INFO - Processing /home/vscode/.local/lib/python3.10/site-packages/airflow/example_dags/example_datasets.py took 0.070 seconds
[2025-12-16T18:21:12.073+0000] {processor.py:157} INFO - Started process (PID=15386) to work on /home/vscode/.local/lib/python3.10/site-packages/airflow/example_dags/example_datasets.py
[2025-12-16T18:21:12.074+0000] {processor.py:826} INFO - Processing file /home/vscode/.local/lib/python3.10/site-packages/airflow/example_dags/example_datasets.py for tasks to queue
[2025-12-16T18:21:12.075+0000] {logging_mixin.py:150} INFO - [2025-12-16T18:21:12.074+0000] {dagbag.py:541} INFO - Filling up the DagBag from /home/vscode/.local/lib/python3.10/site-packages/airflow/example_dags/example_datasets.py
[2025-12-16T18:21:12.083+0000] {processor.py:836} INFO - DAG(s) dict_keys(['dataset_produces_1', 'dataset_consumes_1', 'dataset_consumes_unknown_never_scheduled', 'dataset_produces_2', 'dataset_consumes_1_never_scheduled', 'dataset_consumes_1_and_2']) retrieved from /home/vscode/.local/lib/python3.10/site-packages/airflow/example_dags/example_datasets.py
[2025-12-16T18:21:12.113+0000] {logging_mixin.py:150} INFO - [2025-12-16T18:21:12.113+0000] {dag.py:2742} INFO - Sync 6 DAGs
[2025-12-16T18:21:12.134+0000] {logging_mixin.py:150} INFO - [2025-12-16T18:21:12.134+0000] {dag.py:3504} INFO - Setting next_dagrun for dataset_consumes_1 to None, run_after=None
[2025-12-16T18:21:12.136+0000] {logging_mixin.py:150} INFO - [2025-12-16T18:21:12.136+0000] {dag.py:3504} INFO - Setting next_dagrun for dataset_consumes_1_and_2 to None, run_after=None
[2025-12-16T18:21:12.136+0000] {logging_mixin.py:150} INFO - [2025-12-16T18:21:12.136+0000] {dag.py:3504} INFO - Setting next_dagrun for dataset_consumes_1_never_scheduled to None, run_after=None
[2025-12-16T18:21:12.137+0000] {logging_mixin.py:150} INFO - [2025-12-16T18:21:12.137+0000] {dag.py:3504} INFO - Setting next_dagrun for dataset_consumes_unknown_never_scheduled to None, run_after=None
[2025-12-16T18:21:12.139+0000] {logging_mixin.py:150} INFO - [2025-12-16T18:21:12.139+0000] {dag.py:3504} INFO - Setting next_dagrun for dataset_produces_1 to 2025-12-15T00:00:00+00:00, run_after=2025-12-16T00:00:00+00:00
[2025-12-16T18:21:12.139+0000] {logging_mixin.py:150} INFO - [2025-12-16T18:21:12.139+0000] {dag.py:3504} INFO - Setting next_dagrun for dataset_produces_2 to None, run_after=None
[2025-12-16T18:21:12.160+0000] {processor.py:179} INFO - Processing /home/vscode/.local/lib/python3.10/site-packages/airflow/example_dags/example_datasets.py took 0.089 seconds
[2025-12-16T18:22:02.692+0000] {processor.py:157} INFO - Started process (PID=15722) to work on /home/vscode/.local/lib/python3.10/site-packages/airflow/example_dags/example_datasets.py
[2025-12-16T18:22:02.693+0000] {processor.py:826} INFO - Processing file /home/vscode/.local/lib/python3.10/site-packages/airflow/example_dags/example_datasets.py for tasks to queue
[2025-12-16T18:22:02.693+0000] {logging_mixin.py:150} INFO - [2025-12-16T18:22:02.693+0000] {dagbag.py:541} INFO - Filling up the DagBag from /home/vscode/.local/lib/python3.10/site-packages/airflow/example_dags/example_datasets.py
[2025-12-16T18:22:02.700+0000] {processor.py:836} INFO - DAG(s) dict_keys(['dataset_produces_2', 'dataset_consumes_1', 'dataset_produces_1', 'dataset_consumes_1_and_2', 'dataset_consumes_unknown_never_scheduled', 'dataset_consumes_1_never_scheduled']) retrieved from /home/vscode/.local/lib/python3.10/site-packages/airflow/example_dags/example_datasets.py
[2025-12-16T18:22:02.720+0000] {logging_mixin.py:150} INFO - [2025-12-16T18:22:02.720+0000] {dag.py:2742} INFO - Sync 6 DAGs
[2025-12-16T18:22:02.735+0000] {logging_mixin.py:150} INFO - [2025-12-16T18:22:02.735+0000] {dag.py:3504} INFO - Setting next_dagrun for dataset_consumes_1 to None, run_after=None
[2025-12-16T18:22:02.737+0000] {logging_mixin.py:150} INFO - [2025-12-16T18:22:02.737+0000] {dag.py:3504} INFO - Setting next_dagrun for dataset_consumes_1_and_2 to None, run_after=None
[2025-12-16T18:22:02.738+0000] {logging_mixin.py:150} INFO - [2025-12-16T18:22:02.737+0000] {dag.py:3504} INFO - Setting next_dagrun for dataset_consumes_1_never_scheduled to None, run_after=None
[2025-12-16T18:22:02.738+0000] {logging_mixin.py:150} INFO - [2025-12-16T18:22:02.738+0000] {dag.py:3504} INFO - Setting next_dagrun for dataset_consumes_unknown_never_scheduled to None, run_after=None
[2025-12-16T18:22:02.740+0000] {logging_mixin.py:150} INFO - [2025-12-16T18:22:02.740+0000] {dag.py:3504} INFO - Setting next_dagrun for dataset_produces_1 to 2025-12-15T00:00:00+00:00, run_after=2025-12-16T00:00:00+00:00
[2025-12-16T18:22:02.741+0000] {logging_mixin.py:150} INFO - [2025-12-16T18:22:02.741+0000] {dag.py:3504} INFO - Setting next_dagrun for dataset_produces_2 to None, run_after=None
[2025-12-16T18:22:02.761+0000] {processor.py:179} INFO - Processing /home/vscode/.local/lib/python3.10/site-packages/airflow/example_dags/example_datasets.py took 0.071 seconds
[2025-12-16T18:22:50.575+0000] {processor.py:157} INFO - Started process (PID=16046) to work on /home/vscode/.local/lib/python3.10/site-packages/airflow/example_dags/example_datasets.py
[2025-12-16T18:22:50.576+0000] {processor.py:826} INFO - Processing file /home/vscode/.local/lib/python3.10/site-packages/airflow/example_dags/example_datasets.py for tasks to queue
[2025-12-16T18:22:50.576+0000] {logging_mixin.py:150} INFO - [2025-12-16T18:22:50.576+0000] {dagbag.py:541} INFO - Filling up the DagBag from /home/vscode/.local/lib/python3.10/site-packages/airflow/example_dags/example_datasets.py
[2025-12-16T18:22:50.583+0000] {processor.py:836} INFO - DAG(s) dict_keys(['dataset_consumes_1', 'dataset_consumes_1_and_2', 'dataset_produces_1', 'dataset_consumes_unknown_never_scheduled', 'dataset_produces_2', 'dataset_consumes_1_never_scheduled']) retrieved from /home/vscode/.local/lib/python3.10/site-packages/airflow/example_dags/example_datasets.py
[2025-12-16T18:22:50.602+0000] {logging_mixin.py:150} INFO - [2025-12-16T18:22:50.602+0000] {dag.py:2742} INFO - Sync 6 DAGs
[2025-12-16T18:22:50.617+0000] {logging_mixin.py:150} INFO - [2025-12-16T18:22:50.617+0000] {dag.py:3504} INFO - Setting next_dagrun for dataset_consumes_1 to None, run_after=None
[2025-12-16T18:22:50.619+0000] {logging_mixin.py:150} INFO - [2025-12-16T18:22:50.619+0000] {dag.py:3504} INFO - Setting next_dagrun for dataset_consumes_1_and_2 to None, run_after=None
[2025-12-16T18:22:50.619+0000] {logging_mixin.py:150} INFO - [2025-12-16T18:22:50.619+0000] {dag.py:3504} INFO - Setting next_dagrun for dataset_consumes_1_never_scheduled to None, run_after=None
[2025-12-16T18:22:50.620+0000] {logging_mixin.py:150} INFO - [2025-12-16T18:22:50.620+0000] {dag.py:3504} INFO - Setting next_dagrun for dataset_consumes_unknown_never_scheduled to None, run_after=None
[2025-12-16T18:22:50.622+0000] {logging_mixin.py:150} INFO - [2025-12-16T18:22:50.621+0000] {dag.py:3504} INFO - Setting next_dagrun for dataset_produces_1 to 2025-12-15T00:00:00+00:00, run_after=2025-12-16T00:00:00+00:00
[2025-12-16T18:22:50.622+0000] {logging_mixin.py:150} INFO - [2025-12-16T18:22:50.622+0000] {dag.py:3504} INFO - Setting next_dagrun for dataset_produces_2 to None, run_after=None
[2025-12-16T18:22:50.642+0000] {processor.py:179} INFO - Processing /home/vscode/.local/lib/python3.10/site-packages/airflow/example_dags/example_datasets.py took 0.069 seconds
[2025-12-16T18:23:34.868+0000] {processor.py:157} INFO - Started process (PID=16342) to work on /home/vscode/.local/lib/python3.10/site-packages/airflow/example_dags/example_datasets.py
[2025-12-16T18:23:34.868+0000] {processor.py:826} INFO - Processing file /home/vscode/.local/lib/python3.10/site-packages/airflow/example_dags/example_datasets.py for tasks to queue
[2025-12-16T18:23:34.869+0000] {logging_mixin.py:150} INFO - [2025-12-16T18:23:34.869+0000] {dagbag.py:541} INFO - Filling up the DagBag from /home/vscode/.local/lib/python3.10/site-packages/airflow/example_dags/example_datasets.py
[2025-12-16T18:23:34.875+0000] {processor.py:836} INFO - DAG(s) dict_keys(['dataset_consumes_1', 'dataset_consumes_1_and_2', 'dataset_produces_2', 'dataset_consumes_unknown_never_scheduled', 'dataset_consumes_1_never_scheduled', 'dataset_produces_1']) retrieved from /home/vscode/.local/lib/python3.10/site-packages/airflow/example_dags/example_datasets.py
[2025-12-16T18:23:34.895+0000] {logging_mixin.py:150} INFO - [2025-12-16T18:23:34.895+0000] {dag.py:2742} INFO - Sync 6 DAGs
[2025-12-16T18:23:34.909+0000] {logging_mixin.py:150} INFO - [2025-12-16T18:23:34.909+0000] {dag.py:3504} INFO - Setting next_dagrun for dataset_consumes_1 to None, run_after=None
[2025-12-16T18:23:34.911+0000] {logging_mixin.py:150} INFO - [2025-12-16T18:23:34.911+0000] {dag.py:3504} INFO - Setting next_dagrun for dataset_consumes_1_and_2 to None, run_after=None
[2025-12-16T18:23:34.911+0000] {logging_mixin.py:150} INFO - [2025-12-16T18:23:34.911+0000] {dag.py:3504} INFO - Setting next_dagrun for dataset_consumes_1_never_scheduled to None, run_after=None
[2025-12-16T18:23:34.912+0000] {logging_mixin.py:150} INFO - [2025-12-16T18:23:34.912+0000] {dag.py:3504} INFO - Setting next_dagrun for dataset_consumes_unknown_never_scheduled to None, run_after=None
[2025-12-16T18:23:34.914+0000] {logging_mixin.py:150} INFO - [2025-12-16T18:23:34.914+0000] {dag.py:3504} INFO - Setting next_dagrun for dataset_produces_1 to 2025-12-15T00:00:00+00:00, run_after=2025-12-16T00:00:00+00:00
[2025-12-16T18:23:34.914+0000] {logging_mixin.py:150} INFO - [2025-12-16T18:23:34.914+0000] {dag.py:3504} INFO - Setting next_dagrun for dataset_produces_2 to None, run_after=None
[2025-12-16T18:23:34.935+0000] {processor.py:179} INFO - Processing /home/vscode/.local/lib/python3.10/site-packages/airflow/example_dags/example_datasets.py took 0.069 seconds
[2025-12-16T18:24:20.255+0000] {processor.py:157} INFO - Started process (PID=16637) to work on /home/vscode/.local/lib/python3.10/site-packages/airflow/example_dags/example_datasets.py
[2025-12-16T18:24:20.255+0000] {processor.py:826} INFO - Processing file /home/vscode/.local/lib/python3.10/site-packages/airflow/example_dags/example_datasets.py for tasks to queue
[2025-12-16T18:24:20.256+0000] {logging_mixin.py:150} INFO - [2025-12-16T18:24:20.256+0000] {dagbag.py:541} INFO - Filling up the DagBag from /home/vscode/.local/lib/python3.10/site-packages/airflow/example_dags/example_datasets.py
[2025-12-16T18:24:20.262+0000] {processor.py:836} INFO - DAG(s) dict_keys(['dataset_consumes_1_never_scheduled', 'dataset_produces_2', 'dataset_produces_1', 'dataset_consumes_unknown_never_scheduled', 'dataset_consumes_1', 'dataset_consumes_1_and_2']) retrieved from /home/vscode/.local/lib/python3.10/site-packages/airflow/example_dags/example_datasets.py
[2025-12-16T18:24:20.290+0000] {logging_mixin.py:150} INFO - [2025-12-16T18:24:20.290+0000] {dag.py:2742} INFO - Sync 6 DAGs
[2025-12-16T18:24:20.311+0000] {logging_mixin.py:150} INFO - [2025-12-16T18:24:20.311+0000] {dag.py:3504} INFO - Setting next_dagrun for dataset_consumes_1 to None, run_after=None
[2025-12-16T18:24:20.314+0000] {logging_mixin.py:150} INFO - [2025-12-16T18:24:20.314+0000] {dag.py:3504} INFO - Setting next_dagrun for dataset_consumes_1_and_2 to None, run_after=None
[2025-12-16T18:24:20.315+0000] {logging_mixin.py:150} INFO - [2025-12-16T18:24:20.315+0000] {dag.py:3504} INFO - Setting next_dagrun for dataset_consumes_1_never_scheduled to None, run_after=None
[2025-12-16T18:24:20.316+0000] {logging_mixin.py:150} INFO - [2025-12-16T18:24:20.316+0000] {dag.py:3504} INFO - Setting next_dagrun for dataset_consumes_unknown_never_scheduled to None, run_after=None
[2025-12-16T18:24:20.320+0000] {logging_mixin.py:150} INFO - [2025-12-16T18:24:20.319+0000] {dag.py:3504} INFO - Setting next_dagrun for dataset_produces_1 to 2025-12-15T00:00:00+00:00, run_after=2025-12-16T00:00:00+00:00
[2025-12-16T18:24:20.320+0000] {logging_mixin.py:150} INFO - [2025-12-16T18:24:20.320+0000] {dag.py:3504} INFO - Setting next_dagrun for dataset_produces_2 to None, run_after=None
[2025-12-16T18:24:20.347+0000] {processor.py:179} INFO - Processing /home/vscode/.local/lib/python3.10/site-packages/airflow/example_dags/example_datasets.py took 0.095 seconds
[2025-12-16T18:25:13.075+0000] {processor.py:157} INFO - Started process (PID=16988) to work on /home/vscode/.local/lib/python3.10/site-packages/airflow/example_dags/example_datasets.py
[2025-12-16T18:25:13.075+0000] {processor.py:826} INFO - Processing file /home/vscode/.local/lib/python3.10/site-packages/airflow/example_dags/example_datasets.py for tasks to queue
[2025-12-16T18:25:13.076+0000] {logging_mixin.py:150} INFO - [2025-12-16T18:25:13.076+0000] {dagbag.py:541} INFO - Filling up the DagBag from /home/vscode/.local/lib/python3.10/site-packages/airflow/example_dags/example_datasets.py
[2025-12-16T18:25:13.083+0000] {processor.py:836} INFO - DAG(s) dict_keys(['dataset_consumes_1_never_scheduled', 'dataset_consumes_1_and_2', 'dataset_produces_1', 'dataset_produces_2', 'dataset_consumes_1', 'dataset_consumes_unknown_never_scheduled']) retrieved from /home/vscode/.local/lib/python3.10/site-packages/airflow/example_dags/example_datasets.py
[2025-12-16T18:25:13.102+0000] {logging_mixin.py:150} INFO - [2025-12-16T18:25:13.102+0000] {dag.py:2742} INFO - Sync 6 DAGs
[2025-12-16T18:25:13.116+0000] {logging_mixin.py:150} INFO - [2025-12-16T18:25:13.116+0000] {dag.py:3504} INFO - Setting next_dagrun for dataset_consumes_1 to None, run_after=None
[2025-12-16T18:25:13.119+0000] {logging_mixin.py:150} INFO - [2025-12-16T18:25:13.118+0000] {dag.py:3504} INFO - Setting next_dagrun for dataset_consumes_1_and_2 to None, run_after=None
[2025-12-16T18:25:13.119+0000] {logging_mixin.py:150} INFO - [2025-12-16T18:25:13.119+0000] {dag.py:3504} INFO - Setting next_dagrun for dataset_consumes_1_never_scheduled to None, run_after=None
[2025-12-16T18:25:13.120+0000] {logging_mixin.py:150} INFO - [2025-12-16T18:25:13.120+0000] {dag.py:3504} INFO - Setting next_dagrun for dataset_consumes_unknown_never_scheduled to None, run_after=None
[2025-12-16T18:25:13.122+0000] {logging_mixin.py:150} INFO - [2025-12-16T18:25:13.121+0000] {dag.py:3504} INFO - Setting next_dagrun for dataset_produces_1 to 2025-12-15T00:00:00+00:00, run_after=2025-12-16T00:00:00+00:00
[2025-12-16T18:25:13.122+0000] {logging_mixin.py:150} INFO - [2025-12-16T18:25:13.122+0000] {dag.py:3504} INFO - Setting next_dagrun for dataset_produces_2 to None, run_after=None
[2025-12-16T18:25:13.142+0000] {processor.py:179} INFO - Processing /home/vscode/.local/lib/python3.10/site-packages/airflow/example_dags/example_datasets.py took 0.070 seconds
[2025-12-16T18:25:56.368+0000] {processor.py:157} INFO - Started process (PID=17283) to work on /home/vscode/.local/lib/python3.10/site-packages/airflow/example_dags/example_datasets.py
[2025-12-16T18:25:56.369+0000] {processor.py:826} INFO - Processing file /home/vscode/.local/lib/python3.10/site-packages/airflow/example_dags/example_datasets.py for tasks to queue
[2025-12-16T18:25:56.370+0000] {logging_mixin.py:150} INFO - [2025-12-16T18:25:56.369+0000] {dagbag.py:541} INFO - Filling up the DagBag from /home/vscode/.local/lib/python3.10/site-packages/airflow/example_dags/example_datasets.py
[2025-12-16T18:25:56.376+0000] {processor.py:836} INFO - DAG(s) dict_keys(['dataset_consumes_1_and_2', 'dataset_consumes_1_never_scheduled', 'dataset_consumes_unknown_never_scheduled', 'dataset_produces_2', 'dataset_produces_1', 'dataset_consumes_1']) retrieved from /home/vscode/.local/lib/python3.10/site-packages/airflow/example_dags/example_datasets.py
[2025-12-16T18:25:56.396+0000] {logging_mixin.py:150} INFO - [2025-12-16T18:25:56.396+0000] {dag.py:2742} INFO - Sync 6 DAGs
[2025-12-16T18:25:56.411+0000] {logging_mixin.py:150} INFO - [2025-12-16T18:25:56.411+0000] {dag.py:3504} INFO - Setting next_dagrun for dataset_consumes_1 to None, run_after=None
[2025-12-16T18:25:56.414+0000] {logging_mixin.py:150} INFO - [2025-12-16T18:25:56.414+0000] {dag.py:3504} INFO - Setting next_dagrun for dataset_consumes_1_and_2 to None, run_after=None
[2025-12-16T18:25:56.415+0000] {logging_mixin.py:150} INFO - [2025-12-16T18:25:56.415+0000] {dag.py:3504} INFO - Setting next_dagrun for dataset_consumes_1_never_scheduled to None, run_after=None
[2025-12-16T18:25:56.415+0000] {logging_mixin.py:150} INFO - [2025-12-16T18:25:56.415+0000] {dag.py:3504} INFO - Setting next_dagrun for dataset_consumes_unknown_never_scheduled to None, run_after=None
[2025-12-16T18:25:56.417+0000] {logging_mixin.py:150} INFO - [2025-12-16T18:25:56.417+0000] {dag.py:3504} INFO - Setting next_dagrun for dataset_produces_1 to 2025-12-15T00:00:00+00:00, run_after=2025-12-16T00:00:00+00:00
[2025-12-16T18:25:56.418+0000] {logging_mixin.py:150} INFO - [2025-12-16T18:25:56.418+0000] {dag.py:3504} INFO - Setting next_dagrun for dataset_produces_2 to None, run_after=None
[2025-12-16T18:25:56.439+0000] {processor.py:179} INFO - Processing /home/vscode/.local/lib/python3.10/site-packages/airflow/example_dags/example_datasets.py took 0.073 seconds
[2025-12-16T18:26:49.163+0000] {processor.py:157} INFO - Started process (PID=17633) to work on /home/vscode/.local/lib/python3.10/site-packages/airflow/example_dags/example_datasets.py
[2025-12-16T18:26:49.163+0000] {processor.py:826} INFO - Processing file /home/vscode/.local/lib/python3.10/site-packages/airflow/example_dags/example_datasets.py for tasks to queue
[2025-12-16T18:26:49.164+0000] {logging_mixin.py:150} INFO - [2025-12-16T18:26:49.163+0000] {dagbag.py:541} INFO - Filling up the DagBag from /home/vscode/.local/lib/python3.10/site-packages/airflow/example_dags/example_datasets.py
[2025-12-16T18:26:49.170+0000] {processor.py:836} INFO - DAG(s) dict_keys(['dataset_consumes_unknown_never_scheduled', 'dataset_consumes_1_and_2', 'dataset_consumes_1', 'dataset_produces_1', 'dataset_produces_2', 'dataset_consumes_1_never_scheduled']) retrieved from /home/vscode/.local/lib/python3.10/site-packages/airflow/example_dags/example_datasets.py
[2025-12-16T18:26:49.190+0000] {logging_mixin.py:150} INFO - [2025-12-16T18:26:49.190+0000] {dag.py:2742} INFO - Sync 6 DAGs
[2025-12-16T18:26:49.292+0000] {logging_mixin.py:150} INFO - [2025-12-16T18:26:49.292+0000] {dag.py:3504} INFO - Setting next_dagrun for dataset_consumes_1 to None, run_after=None
[2025-12-16T18:26:49.294+0000] {logging_mixin.py:150} INFO - [2025-12-16T18:26:49.294+0000] {dag.py:3504} INFO - Setting next_dagrun for dataset_consumes_1_and_2 to None, run_after=None
[2025-12-16T18:26:49.294+0000] {logging_mixin.py:150} INFO - [2025-12-16T18:26:49.294+0000] {dag.py:3504} INFO - Setting next_dagrun for dataset_consumes_1_never_scheduled to None, run_after=None
[2025-12-16T18:26:49.295+0000] {logging_mixin.py:150} INFO - [2025-12-16T18:26:49.295+0000] {dag.py:3504} INFO - Setting next_dagrun for dataset_consumes_unknown_never_scheduled to None, run_after=None
[2025-12-16T18:26:49.297+0000] {logging_mixin.py:150} INFO - [2025-12-16T18:26:49.297+0000] {dag.py:3504} INFO - Setting next_dagrun for dataset_produces_1 to 2025-12-15T00:00:00+00:00, run_after=2025-12-16T00:00:00+00:00
[2025-12-16T18:26:49.297+0000] {logging_mixin.py:150} INFO - [2025-12-16T18:26:49.297+0000] {dag.py:3504} INFO - Setting next_dagrun for dataset_produces_2 to None, run_after=None
[2025-12-16T18:26:49.317+0000] {processor.py:179} INFO - Processing /home/vscode/.local/lib/python3.10/site-packages/airflow/example_dags/example_datasets.py took 0.157 seconds
