[2025-01-19T04:50:24.066+0000] {processor.py:186} INFO - Started process (PID=18300) to work on /workspaces/hands-on-introduction-data-engineering-4395021/airflow/dags/one_task_dag.py
[2025-01-19T04:50:24.067+0000] {processor.py:914} INFO - Processing file /workspaces/hands-on-introduction-data-engineering-4395021/airflow/dags/one_task_dag.py for tasks to queue
[2025-01-19T04:50:24.072+0000] {logging_mixin.py:190} INFO - [2025-01-19T04:50:24.069+0000] {dagbag.py:588} INFO - Filling up the DagBag from /workspaces/hands-on-introduction-data-engineering-4395021/airflow/dags/one_task_dag.py
[2025-01-19T04:50:24.076+0000] {processor.py:927} WARNING - No viable dags retrieved from /workspaces/hands-on-introduction-data-engineering-4395021/airflow/dags/one_task_dag.py
[2025-01-19T04:50:24.126+0000] {processor.py:208} INFO - Processing /workspaces/hands-on-introduction-data-engineering-4395021/airflow/dags/one_task_dag.py took 0.073 seconds
[2025-01-19T04:50:29.258+0000] {processor.py:186} INFO - Started process (PID=18353) to work on /workspaces/hands-on-introduction-data-engineering-4395021/airflow/dags/one_task_dag.py
[2025-01-19T04:50:29.259+0000] {processor.py:914} INFO - Processing file /workspaces/hands-on-introduction-data-engineering-4395021/airflow/dags/one_task_dag.py for tasks to queue
[2025-01-19T04:50:29.260+0000] {logging_mixin.py:190} INFO - [2025-01-19T04:50:29.260+0000] {dagbag.py:588} INFO - Filling up the DagBag from /workspaces/hands-on-introduction-data-engineering-4395021/airflow/dags/one_task_dag.py
[2025-01-19T04:50:29.263+0000] {logging_mixin.py:190} INFO - [2025-01-19T04:50:29.262+0000] {dagbag.py:387} ERROR - Failed to import: /workspaces/hands-on-introduction-data-engineering-4395021/airflow/dags/one_task_dag.py
Traceback (most recent call last):
  File "/home/vscode/.local/lib/python3.10/site-packages/airflow/models/dagbag.py", line 383, in parse
    loader.exec_module(new_module)
  File "<frozen importlib._bootstrap_external>", line 879, in exec_module
  File "<frozen importlib._bootstrap_external>", line 1017, in get_code
  File "<frozen importlib._bootstrap_external>", line 947, in source_to_code
  File "<frozen importlib._bootstrap>", line 241, in _call_with_frames_removed
  File "/workspaces/hands-on-introduction-data-engineering-4395021/airflow/dags/one_task_dag.py", line 17
    with DAG{
            ^
SyntaxError: invalid syntax
[2025-01-19T04:50:29.263+0000] {processor.py:927} WARNING - No viable dags retrieved from /workspaces/hands-on-introduction-data-engineering-4395021/airflow/dags/one_task_dag.py
[2025-01-19T04:50:29.276+0000] {processor.py:208} INFO - Processing /workspaces/hands-on-introduction-data-engineering-4395021/airflow/dags/one_task_dag.py took 0.023 seconds
[2025-01-19T04:50:34.291+0000] {processor.py:186} INFO - Started process (PID=18400) to work on /workspaces/hands-on-introduction-data-engineering-4395021/airflow/dags/one_task_dag.py
[2025-01-19T04:50:34.292+0000] {processor.py:914} INFO - Processing file /workspaces/hands-on-introduction-data-engineering-4395021/airflow/dags/one_task_dag.py for tasks to queue
[2025-01-19T04:50:34.293+0000] {logging_mixin.py:190} INFO - [2025-01-19T04:50:34.293+0000] {dagbag.py:588} INFO - Filling up the DagBag from /workspaces/hands-on-introduction-data-engineering-4395021/airflow/dags/one_task_dag.py
[2025-01-19T04:50:34.296+0000] {logging_mixin.py:190} INFO - [2025-01-19T04:50:34.295+0000] {dagbag.py:387} ERROR - Failed to import: /workspaces/hands-on-introduction-data-engineering-4395021/airflow/dags/one_task_dag.py
Traceback (most recent call last):
  File "/home/vscode/.local/lib/python3.10/site-packages/airflow/models/dagbag.py", line 383, in parse
    loader.exec_module(new_module)
  File "<frozen importlib._bootstrap_external>", line 879, in exec_module
  File "<frozen importlib._bootstrap_external>", line 1017, in get_code
  File "<frozen importlib._bootstrap_external>", line 947, in source_to_code
  File "<frozen importlib._bootstrap>", line 241, in _call_with_frames_removed
  File "/workspaces/hands-on-introduction-data-engineering-4395021/airflow/dags/one_task_dag.py", line 17
    with DAG{
            ^
SyntaxError: invalid syntax
[2025-01-19T04:50:34.296+0000] {processor.py:927} WARNING - No viable dags retrieved from /workspaces/hands-on-introduction-data-engineering-4395021/airflow/dags/one_task_dag.py
[2025-01-19T04:50:34.309+0000] {processor.py:208} INFO - Processing /workspaces/hands-on-introduction-data-engineering-4395021/airflow/dags/one_task_dag.py took 0.023 seconds
[2025-01-19T04:50:38.298+0000] {processor.py:186} INFO - Started process (PID=18440) to work on /workspaces/hands-on-introduction-data-engineering-4395021/airflow/dags/one_task_dag.py
[2025-01-19T04:50:38.299+0000] {processor.py:914} INFO - Processing file /workspaces/hands-on-introduction-data-engineering-4395021/airflow/dags/one_task_dag.py for tasks to queue
[2025-01-19T04:50:38.301+0000] {logging_mixin.py:190} INFO - [2025-01-19T04:50:38.301+0000] {dagbag.py:588} INFO - Filling up the DagBag from /workspaces/hands-on-introduction-data-engineering-4395021/airflow/dags/one_task_dag.py
[2025-01-19T04:50:38.304+0000] {logging_mixin.py:190} INFO - [2025-01-19T04:50:38.303+0000] {dagbag.py:387} ERROR - Failed to import: /workspaces/hands-on-introduction-data-engineering-4395021/airflow/dags/one_task_dag.py
Traceback (most recent call last):
  File "/home/vscode/.local/lib/python3.10/site-packages/airflow/models/dagbag.py", line 383, in parse
    loader.exec_module(new_module)
  File "<frozen importlib._bootstrap_external>", line 879, in exec_module
  File "<frozen importlib._bootstrap_external>", line 1017, in get_code
  File "<frozen importlib._bootstrap_external>", line 947, in source_to_code
  File "<frozen importlib._bootstrap>", line 241, in _call_with_frames_removed
  File "/workspaces/hands-on-introduction-data-engineering-4395021/airflow/dags/one_task_dag.py", line 18
    dag_id = 'one'
    ^^^^^^^^^^^^^^
SyntaxError: invalid syntax. Maybe you meant '==' or ':=' instead of '='?
[2025-01-19T04:50:38.304+0000] {processor.py:927} WARNING - No viable dags retrieved from /workspaces/hands-on-introduction-data-engineering-4395021/airflow/dags/one_task_dag.py
[2025-01-19T04:50:38.318+0000] {processor.py:208} INFO - Processing /workspaces/hands-on-introduction-data-engineering-4395021/airflow/dags/one_task_dag.py took 0.025 seconds
[2025-01-19T04:50:42.305+0000] {processor.py:186} INFO - Started process (PID=18480) to work on /workspaces/hands-on-introduction-data-engineering-4395021/airflow/dags/one_task_dag.py
[2025-01-19T04:50:42.306+0000] {processor.py:914} INFO - Processing file /workspaces/hands-on-introduction-data-engineering-4395021/airflow/dags/one_task_dag.py for tasks to queue
[2025-01-19T04:50:42.308+0000] {logging_mixin.py:190} INFO - [2025-01-19T04:50:42.307+0000] {dagbag.py:588} INFO - Filling up the DagBag from /workspaces/hands-on-introduction-data-engineering-4395021/airflow/dags/one_task_dag.py
[2025-01-19T04:50:42.310+0000] {logging_mixin.py:190} INFO - [2025-01-19T04:50:42.310+0000] {dagbag.py:387} ERROR - Failed to import: /workspaces/hands-on-introduction-data-engineering-4395021/airflow/dags/one_task_dag.py
Traceback (most recent call last):
  File "/home/vscode/.local/lib/python3.10/site-packages/airflow/models/dagbag.py", line 383, in parse
    loader.exec_module(new_module)
  File "<frozen importlib._bootstrap_external>", line 879, in exec_module
  File "<frozen importlib._bootstrap_external>", line 1017, in get_code
  File "<frozen importlib._bootstrap_external>", line 947, in source_to_code
  File "<frozen importlib._bootstrap>", line 241, in _call_with_frames_removed
  File "/workspaces/hands-on-introduction-data-engineering-4395021/airflow/dags/one_task_dag.py", line 18
    dag_id = 'one_task_dag'
    ^^^^^^^^^^^^^^^^^^^^^^^
SyntaxError: invalid syntax. Maybe you meant '==' or ':=' instead of '='?
[2025-01-19T04:50:42.310+0000] {processor.py:927} WARNING - No viable dags retrieved from /workspaces/hands-on-introduction-data-engineering-4395021/airflow/dags/one_task_dag.py
[2025-01-19T04:50:42.345+0000] {processor.py:208} INFO - Processing /workspaces/hands-on-introduction-data-engineering-4395021/airflow/dags/one_task_dag.py took 0.045 seconds
[2025-01-19T04:50:48.385+0000] {processor.py:186} INFO - Started process (PID=18534) to work on /workspaces/hands-on-introduction-data-engineering-4395021/airflow/dags/one_task_dag.py
[2025-01-19T04:50:48.391+0000] {processor.py:914} INFO - Processing file /workspaces/hands-on-introduction-data-engineering-4395021/airflow/dags/one_task_dag.py for tasks to queue
[2025-01-19T04:50:48.393+0000] {logging_mixin.py:190} INFO - [2025-01-19T04:50:48.393+0000] {dagbag.py:588} INFO - Filling up the DagBag from /workspaces/hands-on-introduction-data-engineering-4395021/airflow/dags/one_task_dag.py
[2025-01-19T04:50:48.400+0000] {logging_mixin.py:190} INFO - [2025-01-19T04:50:48.399+0000] {dagbag.py:387} ERROR - Failed to import: /workspaces/hands-on-introduction-data-engineering-4395021/airflow/dags/one_task_dag.py
Traceback (most recent call last):
  File "/home/vscode/.local/lib/python3.10/site-packages/airflow/models/dagbag.py", line 383, in parse
    loader.exec_module(new_module)
  File "<frozen importlib._bootstrap_external>", line 879, in exec_module
  File "<frozen importlib._bootstrap_external>", line 1017, in get_code
  File "<frozen importlib._bootstrap_external>", line 947, in source_to_code
  File "<frozen importlib._bootstrap>", line 241, in _call_with_frames_removed
  File "/workspaces/hands-on-introduction-data-engineering-4395021/airflow/dags/one_task_dag.py", line 18
    dag_id = 'one_task_dag', 
    ^^^^^^^^^^^^^^^^^^^^^^^
SyntaxError: invalid syntax. Maybe you meant '==' or ':=' instead of '='?
[2025-01-19T04:50:48.401+0000] {processor.py:927} WARNING - No viable dags retrieved from /workspaces/hands-on-introduction-data-engineering-4395021/airflow/dags/one_task_dag.py
[2025-01-19T04:50:48.438+0000] {processor.py:208} INFO - Processing /workspaces/hands-on-introduction-data-engineering-4395021/airflow/dags/one_task_dag.py took 0.067 seconds
[2025-01-19T04:50:54.439+0000] {processor.py:186} INFO - Started process (PID=18595) to work on /workspaces/hands-on-introduction-data-engineering-4395021/airflow/dags/one_task_dag.py
[2025-01-19T04:50:54.440+0000] {processor.py:914} INFO - Processing file /workspaces/hands-on-introduction-data-engineering-4395021/airflow/dags/one_task_dag.py for tasks to queue
[2025-01-19T04:50:54.442+0000] {logging_mixin.py:190} INFO - [2025-01-19T04:50:54.442+0000] {dagbag.py:588} INFO - Filling up the DagBag from /workspaces/hands-on-introduction-data-engineering-4395021/airflow/dags/one_task_dag.py
[2025-01-19T04:50:54.444+0000] {logging_mixin.py:190} INFO - [2025-01-19T04:50:54.444+0000] {dagbag.py:387} ERROR - Failed to import: /workspaces/hands-on-introduction-data-engineering-4395021/airflow/dags/one_task_dag.py
Traceback (most recent call last):
  File "/home/vscode/.local/lib/python3.10/site-packages/airflow/models/dagbag.py", line 383, in parse
    loader.exec_module(new_module)
  File "<frozen importlib._bootstrap_external>", line 879, in exec_module
  File "<frozen importlib._bootstrap_external>", line 1017, in get_code
  File "<frozen importlib._bootstrap_external>", line 947, in source_to_code
  File "<frozen importlib._bootstrap>", line 241, in _call_with_frames_removed
  File "/workspaces/hands-on-introduction-data-engineering-4395021/airflow/dags/one_task_dag.py", line 18
    dag_id = 'one_task_dag', 
    ^^^^^^^^^^^^^^^^^^^^^^^
SyntaxError: invalid syntax. Maybe you meant '==' or ':=' instead of '='?
[2025-01-19T04:50:54.445+0000] {processor.py:927} WARNING - No viable dags retrieved from /workspaces/hands-on-introduction-data-engineering-4395021/airflow/dags/one_task_dag.py
[2025-01-19T04:50:54.457+0000] {processor.py:208} INFO - Processing /workspaces/hands-on-introduction-data-engineering-4395021/airflow/dags/one_task_dag.py took 0.022 seconds
[2025-01-19T04:50:57.416+0000] {processor.py:186} INFO - Started process (PID=18628) to work on /workspaces/hands-on-introduction-data-engineering-4395021/airflow/dags/one_task_dag.py
[2025-01-19T04:50:57.417+0000] {processor.py:914} INFO - Processing file /workspaces/hands-on-introduction-data-engineering-4395021/airflow/dags/one_task_dag.py for tasks to queue
[2025-01-19T04:50:57.418+0000] {logging_mixin.py:190} INFO - [2025-01-19T04:50:57.418+0000] {dagbag.py:588} INFO - Filling up the DagBag from /workspaces/hands-on-introduction-data-engineering-4395021/airflow/dags/one_task_dag.py
[2025-01-19T04:50:57.421+0000] {logging_mixin.py:190} INFO - [2025-01-19T04:50:57.420+0000] {dagbag.py:387} ERROR - Failed to import: /workspaces/hands-on-introduction-data-engineering-4395021/airflow/dags/one_task_dag.py
Traceback (most recent call last):
  File "/home/vscode/.local/lib/python3.10/site-packages/airflow/models/dagbag.py", line 383, in parse
    loader.exec_module(new_module)
  File "<frozen importlib._bootstrap_external>", line 879, in exec_module
  File "<frozen importlib._bootstrap_external>", line 1017, in get_code
  File "<frozen importlib._bootstrap_external>", line 947, in source_to_code
  File "<frozen importlib._bootstrap>", line 241, in _call_with_frames_removed
  File "/workspaces/hands-on-introduction-data-engineering-4395021/airflow/dags/one_task_dag.py", line 18
    dag_id = 'one_task_dag', 
    ^^^^^^^^^^^^^^^^^^^^^^^
SyntaxError: invalid syntax. Maybe you meant '==' or ':=' instead of '='?
[2025-01-19T04:50:57.421+0000] {processor.py:927} WARNING - No viable dags retrieved from /workspaces/hands-on-introduction-data-engineering-4395021/airflow/dags/one_task_dag.py
[2025-01-19T04:50:57.434+0000] {processor.py:208} INFO - Processing /workspaces/hands-on-introduction-data-engineering-4395021/airflow/dags/one_task_dag.py took 0.023 seconds
[2025-01-19T04:50:59.611+0000] {processor.py:186} INFO - Started process (PID=18662) to work on /workspaces/hands-on-introduction-data-engineering-4395021/airflow/dags/one_task_dag.py
[2025-01-19T04:50:59.612+0000] {processor.py:914} INFO - Processing file /workspaces/hands-on-introduction-data-engineering-4395021/airflow/dags/one_task_dag.py for tasks to queue
[2025-01-19T04:50:59.613+0000] {logging_mixin.py:190} INFO - [2025-01-19T04:50:59.613+0000] {dagbag.py:588} INFO - Filling up the DagBag from /workspaces/hands-on-introduction-data-engineering-4395021/airflow/dags/one_task_dag.py
[2025-01-19T04:50:59.616+0000] {logging_mixin.py:190} INFO - [2025-01-19T04:50:59.616+0000] {dagbag.py:387} ERROR - Failed to import: /workspaces/hands-on-introduction-data-engineering-4395021/airflow/dags/one_task_dag.py
Traceback (most recent call last):
  File "/home/vscode/.local/lib/python3.10/site-packages/airflow/models/dagbag.py", line 383, in parse
    loader.exec_module(new_module)
  File "<frozen importlib._bootstrap_external>", line 879, in exec_module
  File "<frozen importlib._bootstrap_external>", line 1017, in get_code
  File "<frozen importlib._bootstrap_external>", line 947, in source_to_code
  File "<frozen importlib._bootstrap>", line 241, in _call_with_frames_removed
  File "/workspaces/hands-on-introduction-data-engineering-4395021/airflow/dags/one_task_dag.py", line 18
    dag_id = 'one_task_dag', 
    ^^^^^^^^^^^^^^^^^^^^^^^
SyntaxError: invalid syntax. Maybe you meant '==' or ':=' instead of '='?
[2025-01-19T04:50:59.617+0000] {processor.py:927} WARNING - No viable dags retrieved from /workspaces/hands-on-introduction-data-engineering-4395021/airflow/dags/one_task_dag.py
[2025-01-19T04:50:59.632+0000] {processor.py:208} INFO - Processing /workspaces/hands-on-introduction-data-engineering-4395021/airflow/dags/one_task_dag.py took 0.028 seconds
[2025-01-19T04:51:01.419+0000] {processor.py:186} INFO - Started process (PID=18677) to work on /workspaces/hands-on-introduction-data-engineering-4395021/airflow/dags/one_task_dag.py
[2025-01-19T04:51:01.420+0000] {processor.py:914} INFO - Processing file /workspaces/hands-on-introduction-data-engineering-4395021/airflow/dags/one_task_dag.py for tasks to queue
[2025-01-19T04:51:01.421+0000] {logging_mixin.py:190} INFO - [2025-01-19T04:51:01.421+0000] {dagbag.py:588} INFO - Filling up the DagBag from /workspaces/hands-on-introduction-data-engineering-4395021/airflow/dags/one_task_dag.py
[2025-01-19T04:51:01.424+0000] {logging_mixin.py:190} INFO - [2025-01-19T04:51:01.423+0000] {dagbag.py:387} ERROR - Failed to import: /workspaces/hands-on-introduction-data-engineering-4395021/airflow/dags/one_task_dag.py
Traceback (most recent call last):
  File "/home/vscode/.local/lib/python3.10/site-packages/airflow/models/dagbag.py", line 383, in parse
    loader.exec_module(new_module)
  File "<frozen importlib._bootstrap_external>", line 879, in exec_module
  File "<frozen importlib._bootstrap_external>", line 1017, in get_code
  File "<frozen importlib._bootstrap_external>", line 947, in source_to_code
  File "<frozen importlib._bootstrap>", line 241, in _call_with_frames_removed
  File "/workspaces/hands-on-introduction-data-engineering-4395021/airflow/dags/one_task_dag.py", line 18
    dag_id = 'one_task_dag', 
    ^^^^^^^^^^^^^^^^^^^^^^^
SyntaxError: invalid syntax. Maybe you meant '==' or ':=' instead of '='?
[2025-01-19T04:51:01.424+0000] {processor.py:927} WARNING - No viable dags retrieved from /workspaces/hands-on-introduction-data-engineering-4395021/airflow/dags/one_task_dag.py
[2025-01-19T04:51:01.442+0000] {processor.py:208} INFO - Processing /workspaces/hands-on-introduction-data-engineering-4395021/airflow/dags/one_task_dag.py took 0.029 seconds
[2025-01-19T04:51:06.586+0000] {processor.py:186} INFO - Started process (PID=18718) to work on /workspaces/hands-on-introduction-data-engineering-4395021/airflow/dags/one_task_dag.py
[2025-01-19T04:51:06.587+0000] {processor.py:914} INFO - Processing file /workspaces/hands-on-introduction-data-engineering-4395021/airflow/dags/one_task_dag.py for tasks to queue
[2025-01-19T04:51:06.588+0000] {logging_mixin.py:190} INFO - [2025-01-19T04:51:06.588+0000] {dagbag.py:588} INFO - Filling up the DagBag from /workspaces/hands-on-introduction-data-engineering-4395021/airflow/dags/one_task_dag.py
[2025-01-19T04:51:06.591+0000] {logging_mixin.py:190} INFO - [2025-01-19T04:51:06.590+0000] {dagbag.py:387} ERROR - Failed to import: /workspaces/hands-on-introduction-data-engineering-4395021/airflow/dags/one_task_dag.py
Traceback (most recent call last):
  File "/home/vscode/.local/lib/python3.10/site-packages/airflow/models/dagbag.py", line 383, in parse
    loader.exec_module(new_module)
  File "<frozen importlib._bootstrap_external>", line 879, in exec_module
  File "<frozen importlib._bootstrap_external>", line 1017, in get_code
  File "<frozen importlib._bootstrap_external>", line 947, in source_to_code
  File "<frozen importlib._bootstrap>", line 241, in _call_with_frames_removed
  File "/workspaces/hands-on-introduction-data-engineering-4395021/airflow/dags/one_task_dag.py", line 18
    dag_id = 'one_task_dag', 
    ^^^^^^^^^^^^^^^^^^^^^^^
SyntaxError: invalid syntax. Maybe you meant '==' or ':=' instead of '='?
[2025-01-19T04:51:06.592+0000] {processor.py:927} WARNING - No viable dags retrieved from /workspaces/hands-on-introduction-data-engineering-4395021/airflow/dags/one_task_dag.py
[2025-01-19T04:51:06.606+0000] {processor.py:208} INFO - Processing /workspaces/hands-on-introduction-data-engineering-4395021/airflow/dags/one_task_dag.py took 0.024 seconds
[2025-01-19T04:51:09.740+0000] {processor.py:186} INFO - Started process (PID=18758) to work on /workspaces/hands-on-introduction-data-engineering-4395021/airflow/dags/one_task_dag.py
[2025-01-19T04:51:09.741+0000] {processor.py:914} INFO - Processing file /workspaces/hands-on-introduction-data-engineering-4395021/airflow/dags/one_task_dag.py for tasks to queue
[2025-01-19T04:51:09.744+0000] {logging_mixin.py:190} INFO - [2025-01-19T04:51:09.743+0000] {dagbag.py:588} INFO - Filling up the DagBag from /workspaces/hands-on-introduction-data-engineering-4395021/airflow/dags/one_task_dag.py
[2025-01-19T04:51:09.746+0000] {logging_mixin.py:190} INFO - [2025-01-19T04:51:09.745+0000] {dagbag.py:387} ERROR - Failed to import: /workspaces/hands-on-introduction-data-engineering-4395021/airflow/dags/one_task_dag.py
Traceback (most recent call last):
  File "/home/vscode/.local/lib/python3.10/site-packages/airflow/models/dagbag.py", line 383, in parse
    loader.exec_module(new_module)
  File "<frozen importlib._bootstrap_external>", line 879, in exec_module
  File "<frozen importlib._bootstrap_external>", line 1017, in get_code
  File "<frozen importlib._bootstrap_external>", line 947, in source_to_code
  File "<frozen importlib._bootstrap>", line 241, in _call_with_frames_removed
  File "/workspaces/hands-on-introduction-data-engineering-4395021/airflow/dags/one_task_dag.py", line 18
    dag_id = 'one_task_dag', 
    ^^^^^^^^^^^^^^^^^^^^^^^
SyntaxError: invalid syntax. Maybe you meant '==' or ':=' instead of '='?
[2025-01-19T04:51:09.746+0000] {processor.py:927} WARNING - No viable dags retrieved from /workspaces/hands-on-introduction-data-engineering-4395021/airflow/dags/one_task_dag.py
[2025-01-19T04:51:09.760+0000] {processor.py:208} INFO - Processing /workspaces/hands-on-introduction-data-engineering-4395021/airflow/dags/one_task_dag.py took 0.026 seconds
[2025-01-19T04:51:12.771+0000] {processor.py:186} INFO - Started process (PID=18780) to work on /workspaces/hands-on-introduction-data-engineering-4395021/airflow/dags/one_task_dag.py
[2025-01-19T04:51:12.772+0000] {processor.py:914} INFO - Processing file /workspaces/hands-on-introduction-data-engineering-4395021/airflow/dags/one_task_dag.py for tasks to queue
[2025-01-19T04:51:12.774+0000] {logging_mixin.py:190} INFO - [2025-01-19T04:51:12.774+0000] {dagbag.py:588} INFO - Filling up the DagBag from /workspaces/hands-on-introduction-data-engineering-4395021/airflow/dags/one_task_dag.py
[2025-01-19T04:51:12.777+0000] {logging_mixin.py:190} INFO - [2025-01-19T04:51:12.776+0000] {dagbag.py:387} ERROR - Failed to import: /workspaces/hands-on-introduction-data-engineering-4395021/airflow/dags/one_task_dag.py
Traceback (most recent call last):
  File "/home/vscode/.local/lib/python3.10/site-packages/airflow/models/dagbag.py", line 383, in parse
    loader.exec_module(new_module)
  File "<frozen importlib._bootstrap_external>", line 879, in exec_module
  File "<frozen importlib._bootstrap_external>", line 1017, in get_code
  File "<frozen importlib._bootstrap_external>", line 947, in source_to_code
  File "<frozen importlib._bootstrap>", line 241, in _call_with_frames_removed
  File "/workspaces/hands-on-introduction-data-engineering-4395021/airflow/dags/one_task_dag.py", line 18
    dag_id = 'one_task_dag', 
    ^^^^^^^^^^^^^^^^^^^^^^^
SyntaxError: invalid syntax. Maybe you meant '==' or ':=' instead of '='?
[2025-01-19T04:51:12.777+0000] {processor.py:927} WARNING - No viable dags retrieved from /workspaces/hands-on-introduction-data-engineering-4395021/airflow/dags/one_task_dag.py
[2025-01-19T04:51:12.791+0000] {processor.py:208} INFO - Processing /workspaces/hands-on-introduction-data-engineering-4395021/airflow/dags/one_task_dag.py took 0.025 seconds
[2025-01-19T04:51:19.854+0000] {processor.py:186} INFO - Started process (PID=18860) to work on /workspaces/hands-on-introduction-data-engineering-4395021/airflow/dags/one_task_dag.py
[2025-01-19T04:51:19.854+0000] {processor.py:914} INFO - Processing file /workspaces/hands-on-introduction-data-engineering-4395021/airflow/dags/one_task_dag.py for tasks to queue
[2025-01-19T04:51:19.856+0000] {logging_mixin.py:190} INFO - [2025-01-19T04:51:19.856+0000] {dagbag.py:588} INFO - Filling up the DagBag from /workspaces/hands-on-introduction-data-engineering-4395021/airflow/dags/one_task_dag.py
[2025-01-19T04:51:19.858+0000] {logging_mixin.py:190} INFO - [2025-01-19T04:51:19.858+0000] {dagbag.py:387} ERROR - Failed to import: /workspaces/hands-on-introduction-data-engineering-4395021/airflow/dags/one_task_dag.py
Traceback (most recent call last):
  File "/home/vscode/.local/lib/python3.10/site-packages/airflow/models/dagbag.py", line 383, in parse
    loader.exec_module(new_module)
  File "<frozen importlib._bootstrap_external>", line 879, in exec_module
  File "<frozen importlib._bootstrap_external>", line 1017, in get_code
  File "<frozen importlib._bootstrap_external>", line 947, in source_to_code
  File "<frozen importlib._bootstrap>", line 241, in _call_with_frames_removed
  File "/workspaces/hands-on-introduction-data-engineering-4395021/airflow/dags/one_task_dag.py", line 18
    dag_id = 'one_task_dag', 
    ^^^^^^^^^^^^^^^^^^^^^^^
SyntaxError: invalid syntax. Maybe you meant '==' or ':=' instead of '='?
[2025-01-19T04:51:19.858+0000] {processor.py:927} WARNING - No viable dags retrieved from /workspaces/hands-on-introduction-data-engineering-4395021/airflow/dags/one_task_dag.py
[2025-01-19T04:51:19.870+0000] {processor.py:208} INFO - Processing /workspaces/hands-on-introduction-data-engineering-4395021/airflow/dags/one_task_dag.py took 0.021 seconds
[2025-01-19T04:51:28.896+0000] {processor.py:186} INFO - Started process (PID=18937) to work on /workspaces/hands-on-introduction-data-engineering-4395021/airflow/dags/one_task_dag.py
[2025-01-19T04:51:28.897+0000] {processor.py:914} INFO - Processing file /workspaces/hands-on-introduction-data-engineering-4395021/airflow/dags/one_task_dag.py for tasks to queue
[2025-01-19T04:51:28.898+0000] {logging_mixin.py:190} INFO - [2025-01-19T04:51:28.898+0000] {dagbag.py:588} INFO - Filling up the DagBag from /workspaces/hands-on-introduction-data-engineering-4395021/airflow/dags/one_task_dag.py
[2025-01-19T04:51:28.901+0000] {logging_mixin.py:190} INFO - [2025-01-19T04:51:28.900+0000] {dagbag.py:387} ERROR - Failed to import: /workspaces/hands-on-introduction-data-engineering-4395021/airflow/dags/one_task_dag.py
Traceback (most recent call last):
  File "/home/vscode/.local/lib/python3.10/site-packages/airflow/models/dagbag.py", line 383, in parse
    loader.exec_module(new_module)
  File "<frozen importlib._bootstrap_external>", line 879, in exec_module
  File "<frozen importlib._bootstrap_external>", line 1017, in get_code
  File "<frozen importlib._bootstrap_external>", line 947, in source_to_code
  File "<frozen importlib._bootstrap>", line 241, in _call_with_frames_removed
  File "/workspaces/hands-on-introduction-data-engineering-4395021/airflow/dags/one_task_dag.py", line 18
    dag_id = 'one_task_dag', 
    ^^^^^^^^^^^^^^^^^^^^^^^
SyntaxError: invalid syntax. Maybe you meant '==' or ':=' instead of '='?
[2025-01-19T04:51:28.901+0000] {processor.py:927} WARNING - No viable dags retrieved from /workspaces/hands-on-introduction-data-engineering-4395021/airflow/dags/one_task_dag.py
[2025-01-19T04:51:28.913+0000] {processor.py:208} INFO - Processing /workspaces/hands-on-introduction-data-engineering-4395021/airflow/dags/one_task_dag.py took 0.022 seconds
[2025-01-19T04:51:31.060+0000] {processor.py:186} INFO - Started process (PID=18963) to work on /workspaces/hands-on-introduction-data-engineering-4395021/airflow/dags/one_task_dag.py
[2025-01-19T04:51:31.061+0000] {processor.py:914} INFO - Processing file /workspaces/hands-on-introduction-data-engineering-4395021/airflow/dags/one_task_dag.py for tasks to queue
[2025-01-19T04:51:31.063+0000] {logging_mixin.py:190} INFO - [2025-01-19T04:51:31.062+0000] {dagbag.py:588} INFO - Filling up the DagBag from /workspaces/hands-on-introduction-data-engineering-4395021/airflow/dags/one_task_dag.py
[2025-01-19T04:51:31.065+0000] {logging_mixin.py:190} INFO - [2025-01-19T04:51:31.065+0000] {dagbag.py:387} ERROR - Failed to import: /workspaces/hands-on-introduction-data-engineering-4395021/airflow/dags/one_task_dag.py
Traceback (most recent call last):
  File "/home/vscode/.local/lib/python3.10/site-packages/airflow/models/dagbag.py", line 383, in parse
    loader.exec_module(new_module)
  File "<frozen importlib._bootstrap_external>", line 879, in exec_module
  File "<frozen importlib._bootstrap_external>", line 1017, in get_code
  File "<frozen importlib._bootstrap_external>", line 947, in source_to_code
  File "<frozen importlib._bootstrap>", line 241, in _call_with_frames_removed
  File "/workspaces/hands-on-introduction-data-engineering-4395021/airflow/dags/one_task_dag.py", line 18
    dag_id = 'one_task_dag', 
    ^^^^^^^^^^^^^^^^^^^^^^^
SyntaxError: invalid syntax. Maybe you meant '==' or ':=' instead of '='?
[2025-01-19T04:51:31.065+0000] {processor.py:927} WARNING - No viable dags retrieved from /workspaces/hands-on-introduction-data-engineering-4395021/airflow/dags/one_task_dag.py
[2025-01-19T04:51:31.078+0000] {processor.py:208} INFO - Processing /workspaces/hands-on-introduction-data-engineering-4395021/airflow/dags/one_task_dag.py took 0.022 seconds
[2025-01-19T04:51:41.942+0000] {processor.py:186} INFO - Started process (PID=19069) to work on /workspaces/hands-on-introduction-data-engineering-4395021/airflow/dags/one_task_dag.py
[2025-01-19T04:51:41.943+0000] {processor.py:914} INFO - Processing file /workspaces/hands-on-introduction-data-engineering-4395021/airflow/dags/one_task_dag.py for tasks to queue
[2025-01-19T04:51:41.944+0000] {logging_mixin.py:190} INFO - [2025-01-19T04:51:41.944+0000] {dagbag.py:588} INFO - Filling up the DagBag from /workspaces/hands-on-introduction-data-engineering-4395021/airflow/dags/one_task_dag.py
[2025-01-19T04:51:41.947+0000] {logging_mixin.py:190} INFO - [2025-01-19T04:51:41.946+0000] {dagbag.py:387} ERROR - Failed to import: /workspaces/hands-on-introduction-data-engineering-4395021/airflow/dags/one_task_dag.py
Traceback (most recent call last):
  File "/home/vscode/.local/lib/python3.10/site-packages/airflow/models/dagbag.py", line 383, in parse
    loader.exec_module(new_module)
  File "<frozen importlib._bootstrap_external>", line 879, in exec_module
  File "<frozen importlib._bootstrap_external>", line 1017, in get_code
  File "<frozen importlib._bootstrap_external>", line 947, in source_to_code
  File "<frozen importlib._bootstrap>", line 241, in _call_with_frames_removed
  File "/workspaces/hands-on-introduction-data-engineering-4395021/airflow/dags/one_task_dag.py", line 18
    dag_id = 'one_task_dag', 
    ^^^^^^^^^^^^^^^^^^^^^^^
SyntaxError: invalid syntax. Maybe you meant '==' or ':=' instead of '='?
[2025-01-19T04:51:41.947+0000] {processor.py:927} WARNING - No viable dags retrieved from /workspaces/hands-on-introduction-data-engineering-4395021/airflow/dags/one_task_dag.py
[2025-01-19T04:51:41.960+0000] {processor.py:208} INFO - Processing /workspaces/hands-on-introduction-data-engineering-4395021/airflow/dags/one_task_dag.py took 0.022 seconds
[2025-01-19T04:52:12.261+0000] {processor.py:186} INFO - Started process (PID=19337) to work on /workspaces/hands-on-introduction-data-engineering-4395021/airflow/dags/one_task_dag.py
[2025-01-19T04:52:12.262+0000] {processor.py:914} INFO - Processing file /workspaces/hands-on-introduction-data-engineering-4395021/airflow/dags/one_task_dag.py for tasks to queue
[2025-01-19T04:52:12.265+0000] {logging_mixin.py:190} INFO - [2025-01-19T04:52:12.264+0000] {dagbag.py:588} INFO - Filling up the DagBag from /workspaces/hands-on-introduction-data-engineering-4395021/airflow/dags/one_task_dag.py
[2025-01-19T04:52:12.267+0000] {logging_mixin.py:190} INFO - [2025-01-19T04:52:12.267+0000] {dagbag.py:387} ERROR - Failed to import: /workspaces/hands-on-introduction-data-engineering-4395021/airflow/dags/one_task_dag.py
Traceback (most recent call last):
  File "/home/vscode/.local/lib/python3.10/site-packages/airflow/models/dagbag.py", line 383, in parse
    loader.exec_module(new_module)
  File "<frozen importlib._bootstrap_external>", line 879, in exec_module
  File "<frozen importlib._bootstrap_external>", line 1017, in get_code
  File "<frozen importlib._bootstrap_external>", line 947, in source_to_code
  File "<frozen importlib._bootstrap>", line 241, in _call_with_frames_removed
  File "/workspaces/hands-on-introduction-data-engineering-4395021/airflow/dags/one_task_dag.py", line 18
    dag_id = 'one_task_dag', 
    ^^^^^^^^^^^^^^^^^^^^^^^
SyntaxError: invalid syntax. Maybe you meant '==' or ':=' instead of '='?
[2025-01-19T04:52:12.267+0000] {processor.py:927} WARNING - No viable dags retrieved from /workspaces/hands-on-introduction-data-engineering-4395021/airflow/dags/one_task_dag.py
[2025-01-19T04:52:12.280+0000] {processor.py:208} INFO - Processing /workspaces/hands-on-introduction-data-engineering-4395021/airflow/dags/one_task_dag.py took 0.023 seconds
[2025-01-19T04:52:13.403+0000] {processor.py:186} INFO - Started process (PID=19351) to work on /workspaces/hands-on-introduction-data-engineering-4395021/airflow/dags/one_task_dag.py
[2025-01-19T04:52:13.404+0000] {processor.py:914} INFO - Processing file /workspaces/hands-on-introduction-data-engineering-4395021/airflow/dags/one_task_dag.py for tasks to queue
[2025-01-19T04:52:13.405+0000] {logging_mixin.py:190} INFO - [2025-01-19T04:52:13.405+0000] {dagbag.py:588} INFO - Filling up the DagBag from /workspaces/hands-on-introduction-data-engineering-4395021/airflow/dags/one_task_dag.py
[2025-01-19T04:52:13.408+0000] {logging_mixin.py:190} INFO - [2025-01-19T04:52:13.407+0000] {dagbag.py:387} ERROR - Failed to import: /workspaces/hands-on-introduction-data-engineering-4395021/airflow/dags/one_task_dag.py
Traceback (most recent call last):
  File "/home/vscode/.local/lib/python3.10/site-packages/airflow/models/dagbag.py", line 383, in parse
    loader.exec_module(new_module)
  File "<frozen importlib._bootstrap_external>", line 879, in exec_module
  File "<frozen importlib._bootstrap_external>", line 1017, in get_code
  File "<frozen importlib._bootstrap_external>", line 947, in source_to_code
  File "<frozen importlib._bootstrap>", line 241, in _call_with_frames_removed
  File "/workspaces/hands-on-introduction-data-engineering-4395021/airflow/dags/one_task_dag.py", line 18
    dag_id = 'one_task_dag', 
    ^^^^^^^^^^^^^^^^^^^^^^^
SyntaxError: invalid syntax. Maybe you meant '==' or ':=' instead of '='?
[2025-01-19T04:52:13.408+0000] {processor.py:927} WARNING - No viable dags retrieved from /workspaces/hands-on-introduction-data-engineering-4395021/airflow/dags/one_task_dag.py
[2025-01-19T04:52:13.421+0000] {processor.py:208} INFO - Processing /workspaces/hands-on-introduction-data-engineering-4395021/airflow/dags/one_task_dag.py took 0.023 seconds
[2025-01-19T04:52:14.537+0000] {processor.py:186} INFO - Started process (PID=19358) to work on /workspaces/hands-on-introduction-data-engineering-4395021/airflow/dags/one_task_dag.py
[2025-01-19T04:52:14.538+0000] {processor.py:914} INFO - Processing file /workspaces/hands-on-introduction-data-engineering-4395021/airflow/dags/one_task_dag.py for tasks to queue
[2025-01-19T04:52:14.540+0000] {logging_mixin.py:190} INFO - [2025-01-19T04:52:14.539+0000] {dagbag.py:588} INFO - Filling up the DagBag from /workspaces/hands-on-introduction-data-engineering-4395021/airflow/dags/one_task_dag.py
[2025-01-19T04:52:14.542+0000] {logging_mixin.py:190} INFO - [2025-01-19T04:52:14.541+0000] {dagbag.py:387} ERROR - Failed to import: /workspaces/hands-on-introduction-data-engineering-4395021/airflow/dags/one_task_dag.py
Traceback (most recent call last):
  File "/home/vscode/.local/lib/python3.10/site-packages/airflow/models/dagbag.py", line 383, in parse
    loader.exec_module(new_module)
  File "<frozen importlib._bootstrap_external>", line 879, in exec_module
  File "<frozen importlib._bootstrap_external>", line 1017, in get_code
  File "<frozen importlib._bootstrap_external>", line 947, in source_to_code
  File "<frozen importlib._bootstrap>", line 241, in _call_with_frames_removed
  File "/workspaces/hands-on-introduction-data-engineering-4395021/airflow/dags/one_task_dag.py", line 18
    dag_id = 'one_task_dag', 
    ^^^^^^^^^^^^^^^^^^^^^^^
SyntaxError: invalid syntax. Maybe you meant '==' or ':=' instead of '='?
[2025-01-19T04:52:14.542+0000] {processor.py:927} WARNING - No viable dags retrieved from /workspaces/hands-on-introduction-data-engineering-4395021/airflow/dags/one_task_dag.py
[2025-01-19T04:52:14.557+0000] {processor.py:208} INFO - Processing /workspaces/hands-on-introduction-data-engineering-4395021/airflow/dags/one_task_dag.py took 0.025 seconds
[2025-01-19T04:52:24.223+0000] {processor.py:186} INFO - Started process (PID=19452) to work on /workspaces/hands-on-introduction-data-engineering-4395021/airflow/dags/one_task_dag.py
[2025-01-19T04:52:24.223+0000] {processor.py:914} INFO - Processing file /workspaces/hands-on-introduction-data-engineering-4395021/airflow/dags/one_task_dag.py for tasks to queue
[2025-01-19T04:52:24.225+0000] {logging_mixin.py:190} INFO - [2025-01-19T04:52:24.224+0000] {dagbag.py:588} INFO - Filling up the DagBag from /workspaces/hands-on-introduction-data-engineering-4395021/airflow/dags/one_task_dag.py
[2025-01-19T04:52:24.227+0000] {logging_mixin.py:190} INFO - [2025-01-19T04:52:24.226+0000] {dagbag.py:387} ERROR - Failed to import: /workspaces/hands-on-introduction-data-engineering-4395021/airflow/dags/one_task_dag.py
Traceback (most recent call last):
  File "/home/vscode/.local/lib/python3.10/site-packages/airflow/models/dagbag.py", line 383, in parse
    loader.exec_module(new_module)
  File "<frozen importlib._bootstrap_external>", line 879, in exec_module
  File "<frozen importlib._bootstrap_external>", line 1017, in get_code
  File "<frozen importlib._bootstrap_external>", line 947, in source_to_code
  File "<frozen importlib._bootstrap>", line 241, in _call_with_frames_removed
  File "/workspaces/hands-on-introduction-data-engineering-4395021/airflow/dags/one_task_dag.py", line 18
    dag_id = 'one_task_dag', 
    ^^^^^^^^^^^^^^^^^^^^^^^
SyntaxError: invalid syntax. Maybe you meant '==' or ':=' instead of '='?
[2025-01-19T04:52:24.227+0000] {processor.py:927} WARNING - No viable dags retrieved from /workspaces/hands-on-introduction-data-engineering-4395021/airflow/dags/one_task_dag.py
[2025-01-19T04:52:24.241+0000] {processor.py:208} INFO - Processing /workspaces/hands-on-introduction-data-engineering-4395021/airflow/dags/one_task_dag.py took 0.023 seconds
[2025-01-19T04:52:26.306+0000] {processor.py:186} INFO - Started process (PID=19477) to work on /workspaces/hands-on-introduction-data-engineering-4395021/airflow/dags/one_task_dag.py
[2025-01-19T04:52:26.306+0000] {processor.py:914} INFO - Processing file /workspaces/hands-on-introduction-data-engineering-4395021/airflow/dags/one_task_dag.py for tasks to queue
[2025-01-19T04:52:26.308+0000] {logging_mixin.py:190} INFO - [2025-01-19T04:52:26.308+0000] {dagbag.py:588} INFO - Filling up the DagBag from /workspaces/hands-on-introduction-data-engineering-4395021/airflow/dags/one_task_dag.py
[2025-01-19T04:52:26.311+0000] {logging_mixin.py:190} INFO - [2025-01-19T04:52:26.310+0000] {dagbag.py:387} ERROR - Failed to import: /workspaces/hands-on-introduction-data-engineering-4395021/airflow/dags/one_task_dag.py
Traceback (most recent call last):
  File "/home/vscode/.local/lib/python3.10/site-packages/airflow/models/dagbag.py", line 383, in parse
    loader.exec_module(new_module)
  File "<frozen importlib._bootstrap_external>", line 879, in exec_module
  File "<frozen importlib._bootstrap_external>", line 1017, in get_code
  File "<frozen importlib._bootstrap_external>", line 947, in source_to_code
  File "<frozen importlib._bootstrap>", line 241, in _call_with_frames_removed
  File "/workspaces/hands-on-introduction-data-engineering-4395021/airflow/dags/one_task_dag.py", line 18
    dag_id = 'one_task_dag', 
    ^^^^^^^^^^^^^^^^^^^^^^^
SyntaxError: invalid syntax. Maybe you meant '==' or ':=' instead of '='?
[2025-01-19T04:52:26.311+0000] {processor.py:927} WARNING - No viable dags retrieved from /workspaces/hands-on-introduction-data-engineering-4395021/airflow/dags/one_task_dag.py
[2025-01-19T04:52:26.324+0000] {processor.py:208} INFO - Processing /workspaces/hands-on-introduction-data-engineering-4395021/airflow/dags/one_task_dag.py took 0.023 seconds
[2025-01-19T04:52:31.560+0000] {processor.py:186} INFO - Started process (PID=19530) to work on /workspaces/hands-on-introduction-data-engineering-4395021/airflow/dags/one_task_dag.py
[2025-01-19T04:52:31.561+0000] {processor.py:914} INFO - Processing file /workspaces/hands-on-introduction-data-engineering-4395021/airflow/dags/one_task_dag.py for tasks to queue
[2025-01-19T04:52:31.563+0000] {logging_mixin.py:190} INFO - [2025-01-19T04:52:31.563+0000] {dagbag.py:588} INFO - Filling up the DagBag from /workspaces/hands-on-introduction-data-engineering-4395021/airflow/dags/one_task_dag.py
[2025-01-19T04:52:31.566+0000] {logging_mixin.py:190} INFO - [2025-01-19T04:52:31.565+0000] {dagbag.py:387} ERROR - Failed to import: /workspaces/hands-on-introduction-data-engineering-4395021/airflow/dags/one_task_dag.py
Traceback (most recent call last):
  File "/home/vscode/.local/lib/python3.10/site-packages/airflow/models/dagbag.py", line 383, in parse
    loader.exec_module(new_module)
  File "<frozen importlib._bootstrap_external>", line 879, in exec_module
  File "<frozen importlib._bootstrap_external>", line 1017, in get_code
  File "<frozen importlib._bootstrap_external>", line 947, in source_to_code
  File "<frozen importlib._bootstrap>", line 241, in _call_with_frames_removed
  File "/workspaces/hands-on-introduction-data-engineering-4395021/airflow/dags/one_task_dag.py", line 22
    ) as dag:
    ^
SyntaxError: closing parenthesis ')' does not match opening parenthesis '{' on line 17
[2025-01-19T04:52:31.566+0000] {processor.py:927} WARNING - No viable dags retrieved from /workspaces/hands-on-introduction-data-engineering-4395021/airflow/dags/one_task_dag.py
[2025-01-19T04:52:31.582+0000] {processor.py:208} INFO - Processing /workspaces/hands-on-introduction-data-engineering-4395021/airflow/dags/one_task_dag.py took 0.027 seconds
[2025-01-19T04:52:36.343+0000] {processor.py:186} INFO - Started process (PID=19572) to work on /workspaces/hands-on-introduction-data-engineering-4395021/airflow/dags/one_task_dag.py
[2025-01-19T04:52:36.344+0000] {processor.py:914} INFO - Processing file /workspaces/hands-on-introduction-data-engineering-4395021/airflow/dags/one_task_dag.py for tasks to queue
[2025-01-19T04:52:36.346+0000] {logging_mixin.py:190} INFO - [2025-01-19T04:52:36.346+0000] {dagbag.py:588} INFO - Filling up the DagBag from /workspaces/hands-on-introduction-data-engineering-4395021/airflow/dags/one_task_dag.py
[2025-01-19T04:52:36.350+0000] {logging_mixin.py:190} INFO - [2025-01-19T04:52:36.349+0000] {dagbag.py:387} ERROR - Failed to import: /workspaces/hands-on-introduction-data-engineering-4395021/airflow/dags/one_task_dag.py
Traceback (most recent call last):
  File "/home/vscode/.local/lib/python3.10/site-packages/airflow/models/dagbag.py", line 383, in parse
    loader.exec_module(new_module)
  File "<frozen importlib._bootstrap_external>", line 879, in exec_module
  File "<frozen importlib._bootstrap_external>", line 1017, in get_code
  File "<frozen importlib._bootstrap_external>", line 947, in source_to_code
  File "<frozen importlib._bootstrap>", line 241, in _call_with_frames_removed
  File "/workspaces/hands-on-introduction-data-engineering-4395021/airflow/dags/one_task_dag.py", line 22
    ) as dag:
    ^
SyntaxError: unmatched ')'
[2025-01-19T04:52:36.350+0000] {processor.py:927} WARNING - No viable dags retrieved from /workspaces/hands-on-introduction-data-engineering-4395021/airflow/dags/one_task_dag.py
[2025-01-19T04:52:36.384+0000] {processor.py:208} INFO - Processing /workspaces/hands-on-introduction-data-engineering-4395021/airflow/dags/one_task_dag.py took 0.049 seconds
[2025-01-19T04:52:38.538+0000] {processor.py:186} INFO - Started process (PID=19593) to work on /workspaces/hands-on-introduction-data-engineering-4395021/airflow/dags/one_task_dag.py
[2025-01-19T04:52:38.540+0000] {processor.py:914} INFO - Processing file /workspaces/hands-on-introduction-data-engineering-4395021/airflow/dags/one_task_dag.py for tasks to queue
[2025-01-19T04:52:38.542+0000] {logging_mixin.py:190} INFO - [2025-01-19T04:52:38.542+0000] {dagbag.py:588} INFO - Filling up the DagBag from /workspaces/hands-on-introduction-data-engineering-4395021/airflow/dags/one_task_dag.py
[2025-01-19T04:52:38.553+0000] {logging_mixin.py:190} INFO - [2025-01-19T04:52:38.552+0000] {dagbag.py:387} ERROR - Failed to import: /workspaces/hands-on-introduction-data-engineering-4395021/airflow/dags/one_task_dag.py
Traceback (most recent call last):
  File "/home/vscode/.local/lib/python3.10/site-packages/airflow/models/dagbag.py", line 383, in parse
    loader.exec_module(new_module)
  File "<frozen importlib._bootstrap_external>", line 883, in exec_module
  File "<frozen importlib._bootstrap>", line 241, in _call_with_frames_removed
  File "/workspaces/hands-on-introduction-data-engineering-4395021/airflow/dags/one_task_dag.py", line 24, in <module>
    task1 = BashOperator()
  File "/home/vscode/.local/lib/python3.10/site-packages/airflow/models/baseoperator.py", line 489, in apply_defaults
    raise AirflowException(f"missing keyword argument {missing_args.pop()!r}")
airflow.exceptions.AirflowException: missing keyword argument 'bash_command'
[2025-01-19T04:52:38.553+0000] {processor.py:927} WARNING - No viable dags retrieved from /workspaces/hands-on-introduction-data-engineering-4395021/airflow/dags/one_task_dag.py
[2025-01-19T04:52:38.572+0000] {processor.py:208} INFO - Processing /workspaces/hands-on-introduction-data-engineering-4395021/airflow/dags/one_task_dag.py took 0.045 seconds
[2025-01-19T04:52:48.659+0000] {processor.py:186} INFO - Started process (PID=19692) to work on /workspaces/hands-on-introduction-data-engineering-4395021/airflow/dags/one_task_dag.py
[2025-01-19T04:52:48.660+0000] {processor.py:914} INFO - Processing file /workspaces/hands-on-introduction-data-engineering-4395021/airflow/dags/one_task_dag.py for tasks to queue
[2025-01-19T04:52:48.661+0000] {logging_mixin.py:190} INFO - [2025-01-19T04:52:48.661+0000] {dagbag.py:588} INFO - Filling up the DagBag from /workspaces/hands-on-introduction-data-engineering-4395021/airflow/dags/one_task_dag.py
[2025-01-19T04:52:48.666+0000] {logging_mixin.py:190} INFO - [2025-01-19T04:52:48.665+0000] {dagbag.py:387} ERROR - Failed to import: /workspaces/hands-on-introduction-data-engineering-4395021/airflow/dags/one_task_dag.py
Traceback (most recent call last):
  File "/home/vscode/.local/lib/python3.10/site-packages/airflow/models/dagbag.py", line 383, in parse
    loader.exec_module(new_module)
  File "<frozen importlib._bootstrap_external>", line 883, in exec_module
  File "<frozen importlib._bootstrap>", line 241, in _call_with_frames_removed
  File "/workspaces/hands-on-introduction-data-engineering-4395021/airflow/dags/one_task_dag.py", line 24, in <module>
    task1 = BashOperator(
  File "/home/vscode/.local/lib/python3.10/site-packages/airflow/models/baseoperator.py", line 489, in apply_defaults
    raise AirflowException(f"missing keyword argument {missing_args.pop()!r}")
airflow.exceptions.AirflowException: missing keyword argument 'bash_command'
[2025-01-19T04:52:48.666+0000] {processor.py:927} WARNING - No viable dags retrieved from /workspaces/hands-on-introduction-data-engineering-4395021/airflow/dags/one_task_dag.py
[2025-01-19T04:52:48.678+0000] {processor.py:208} INFO - Processing /workspaces/hands-on-introduction-data-engineering-4395021/airflow/dags/one_task_dag.py took 0.024 seconds
[2025-01-19T04:52:53.732+0000] {processor.py:186} INFO - Started process (PID=19739) to work on /workspaces/hands-on-introduction-data-engineering-4395021/airflow/dags/one_task_dag.py
[2025-01-19T04:52:53.733+0000] {processor.py:914} INFO - Processing file /workspaces/hands-on-introduction-data-engineering-4395021/airflow/dags/one_task_dag.py for tasks to queue
[2025-01-19T04:52:53.735+0000] {logging_mixin.py:190} INFO - [2025-01-19T04:52:53.735+0000] {dagbag.py:588} INFO - Filling up the DagBag from /workspaces/hands-on-introduction-data-engineering-4395021/airflow/dags/one_task_dag.py
[2025-01-19T04:52:53.739+0000] {logging_mixin.py:190} INFO - [2025-01-19T04:52:53.738+0000] {dagbag.py:387} ERROR - Failed to import: /workspaces/hands-on-introduction-data-engineering-4395021/airflow/dags/one_task_dag.py
Traceback (most recent call last):
  File "/home/vscode/.local/lib/python3.10/site-packages/airflow/models/dagbag.py", line 383, in parse
    loader.exec_module(new_module)
  File "<frozen importlib._bootstrap_external>", line 883, in exec_module
  File "<frozen importlib._bootstrap>", line 241, in _call_with_frames_removed
  File "/workspaces/hands-on-introduction-data-engineering-4395021/airflow/dags/one_task_dag.py", line 24, in <module>
    task1 = BashOperator(
  File "/home/vscode/.local/lib/python3.10/site-packages/airflow/models/baseoperator.py", line 489, in apply_defaults
    raise AirflowException(f"missing keyword argument {missing_args.pop()!r}")
airflow.exceptions.AirflowException: missing keyword argument 'bash_command'
[2025-01-19T04:52:53.740+0000] {processor.py:927} WARNING - No viable dags retrieved from /workspaces/hands-on-introduction-data-engineering-4395021/airflow/dags/one_task_dag.py
[2025-01-19T04:52:53.753+0000] {processor.py:208} INFO - Processing /workspaces/hands-on-introduction-data-engineering-4395021/airflow/dags/one_task_dag.py took 0.026 seconds
[2025-01-19T04:52:56.420+0000] {processor.py:186} INFO - Started process (PID=19760) to work on /workspaces/hands-on-introduction-data-engineering-4395021/airflow/dags/one_task_dag.py
[2025-01-19T04:52:56.421+0000] {processor.py:914} INFO - Processing file /workspaces/hands-on-introduction-data-engineering-4395021/airflow/dags/one_task_dag.py for tasks to queue
[2025-01-19T04:52:56.422+0000] {logging_mixin.py:190} INFO - [2025-01-19T04:52:56.422+0000] {dagbag.py:588} INFO - Filling up the DagBag from /workspaces/hands-on-introduction-data-engineering-4395021/airflow/dags/one_task_dag.py
[2025-01-19T04:52:56.427+0000] {logging_mixin.py:190} INFO - [2025-01-19T04:52:56.426+0000] {dagbag.py:387} ERROR - Failed to import: /workspaces/hands-on-introduction-data-engineering-4395021/airflow/dags/one_task_dag.py
Traceback (most recent call last):
  File "/home/vscode/.local/lib/python3.10/site-packages/airflow/models/dagbag.py", line 383, in parse
    loader.exec_module(new_module)
  File "<frozen importlib._bootstrap_external>", line 883, in exec_module
  File "<frozen importlib._bootstrap>", line 241, in _call_with_frames_removed
  File "/workspaces/hands-on-introduction-data-engineering-4395021/airflow/dags/one_task_dag.py", line 24, in <module>
    task1 = BashOperator(
  File "/home/vscode/.local/lib/python3.10/site-packages/airflow/models/baseoperator.py", line 489, in apply_defaults
    raise AirflowException(f"missing keyword argument {missing_args.pop()!r}")
airflow.exceptions.AirflowException: missing keyword argument 'bash_command'
[2025-01-19T04:52:56.427+0000] {processor.py:927} WARNING - No viable dags retrieved from /workspaces/hands-on-introduction-data-engineering-4395021/airflow/dags/one_task_dag.py
[2025-01-19T04:52:56.441+0000] {processor.py:208} INFO - Processing /workspaces/hands-on-introduction-data-engineering-4395021/airflow/dags/one_task_dag.py took 0.026 seconds
[2025-01-19T04:53:01.887+0000] {processor.py:186} INFO - Started process (PID=19818) to work on /workspaces/hands-on-introduction-data-engineering-4395021/airflow/dags/one_task_dag.py
[2025-01-19T04:53:01.888+0000] {processor.py:914} INFO - Processing file /workspaces/hands-on-introduction-data-engineering-4395021/airflow/dags/one_task_dag.py for tasks to queue
[2025-01-19T04:53:01.889+0000] {logging_mixin.py:190} INFO - [2025-01-19T04:53:01.889+0000] {dagbag.py:588} INFO - Filling up the DagBag from /workspaces/hands-on-introduction-data-engineering-4395021/airflow/dags/one_task_dag.py
[2025-01-19T04:53:01.892+0000] {logging_mixin.py:190} INFO - [2025-01-19T04:53:01.892+0000] {dagbag.py:387} ERROR - Failed to import: /workspaces/hands-on-introduction-data-engineering-4395021/airflow/dags/one_task_dag.py
Traceback (most recent call last):
  File "/home/vscode/.local/lib/python3.10/site-packages/airflow/models/dagbag.py", line 383, in parse
    loader.exec_module(new_module)
  File "<frozen importlib._bootstrap_external>", line 879, in exec_module
  File "<frozen importlib._bootstrap_external>", line 1017, in get_code
  File "<frozen importlib._bootstrap_external>", line 947, in source_to_code
  File "<frozen importlib._bootstrap>", line 241, in _call_with_frames_removed
  File "/workspaces/hands-on-introduction-data-engineering-4395021/airflow/dags/one_task_dag.py", line 27
    )
    ^
SyntaxError: positional argument follows keyword argument
[2025-01-19T04:53:01.893+0000] {processor.py:927} WARNING - No viable dags retrieved from /workspaces/hands-on-introduction-data-engineering-4395021/airflow/dags/one_task_dag.py
[2025-01-19T04:53:01.905+0000] {processor.py:208} INFO - Processing /workspaces/hands-on-introduction-data-engineering-4395021/airflow/dags/one_task_dag.py took 0.023 seconds
[2025-01-19T04:53:02.765+0000] {processor.py:186} INFO - Started process (PID=19832) to work on /workspaces/hands-on-introduction-data-engineering-4395021/airflow/dags/one_task_dag.py
[2025-01-19T04:53:02.766+0000] {processor.py:914} INFO - Processing file /workspaces/hands-on-introduction-data-engineering-4395021/airflow/dags/one_task_dag.py for tasks to queue
[2025-01-19T04:53:02.767+0000] {logging_mixin.py:190} INFO - [2025-01-19T04:53:02.767+0000] {dagbag.py:588} INFO - Filling up the DagBag from /workspaces/hands-on-introduction-data-engineering-4395021/airflow/dags/one_task_dag.py
[2025-01-19T04:53:02.770+0000] {logging_mixin.py:190} INFO - [2025-01-19T04:53:02.769+0000] {dagbag.py:387} ERROR - Failed to import: /workspaces/hands-on-introduction-data-engineering-4395021/airflow/dags/one_task_dag.py
Traceback (most recent call last):
  File "/home/vscode/.local/lib/python3.10/site-packages/airflow/models/dagbag.py", line 383, in parse
    loader.exec_module(new_module)
  File "<frozen importlib._bootstrap_external>", line 879, in exec_module
  File "<frozen importlib._bootstrap_external>", line 1017, in get_code
  File "<frozen importlib._bootstrap_external>", line 947, in source_to_code
  File "<frozen importlib._bootstrap>", line 241, in _call_with_frames_removed
  File "/workspaces/hands-on-introduction-data-engineering-4395021/airflow/dags/one_task_dag.py", line 27
    )
    ^
SyntaxError: positional argument follows keyword argument
[2025-01-19T04:53:02.770+0000] {processor.py:927} WARNING - No viable dags retrieved from /workspaces/hands-on-introduction-data-engineering-4395021/airflow/dags/one_task_dag.py
[2025-01-19T04:53:02.783+0000] {processor.py:208} INFO - Processing /workspaces/hands-on-introduction-data-engineering-4395021/airflow/dags/one_task_dag.py took 0.022 seconds
[2025-01-19T04:53:04.934+0000] {processor.py:186} INFO - Started process (PID=19853) to work on /workspaces/hands-on-introduction-data-engineering-4395021/airflow/dags/one_task_dag.py
[2025-01-19T04:53:04.935+0000] {processor.py:914} INFO - Processing file /workspaces/hands-on-introduction-data-engineering-4395021/airflow/dags/one_task_dag.py for tasks to queue
[2025-01-19T04:53:04.936+0000] {logging_mixin.py:190} INFO - [2025-01-19T04:53:04.936+0000] {dagbag.py:588} INFO - Filling up the DagBag from /workspaces/hands-on-introduction-data-engineering-4395021/airflow/dags/one_task_dag.py
[2025-01-19T04:53:04.939+0000] {logging_mixin.py:190} INFO - [2025-01-19T04:53:04.938+0000] {dagbag.py:387} ERROR - Failed to import: /workspaces/hands-on-introduction-data-engineering-4395021/airflow/dags/one_task_dag.py
Traceback (most recent call last):
  File "/home/vscode/.local/lib/python3.10/site-packages/airflow/models/dagbag.py", line 383, in parse
    loader.exec_module(new_module)
  File "<frozen importlib._bootstrap_external>", line 879, in exec_module
  File "<frozen importlib._bootstrap_external>", line 1017, in get_code
  File "<frozen importlib._bootstrap_external>", line 947, in source_to_code
  File "<frozen importlib._bootstrap>", line 241, in _call_with_frames_removed
  File "/workspaces/hands-on-introduction-data-engineering-4395021/airflow/dags/one_task_dag.py", line 27
    )
    ^
SyntaxError: invalid syntax
[2025-01-19T04:53:04.939+0000] {processor.py:927} WARNING - No viable dags retrieved from /workspaces/hands-on-introduction-data-engineering-4395021/airflow/dags/one_task_dag.py
[2025-01-19T04:53:04.952+0000] {processor.py:208} INFO - Processing /workspaces/hands-on-introduction-data-engineering-4395021/airflow/dags/one_task_dag.py took 0.023 seconds
[2025-01-19T04:53:08.955+0000] {processor.py:186} INFO - Started process (PID=19887) to work on /workspaces/hands-on-introduction-data-engineering-4395021/airflow/dags/one_task_dag.py
[2025-01-19T04:53:08.956+0000] {processor.py:914} INFO - Processing file /workspaces/hands-on-introduction-data-engineering-4395021/airflow/dags/one_task_dag.py for tasks to queue
[2025-01-19T04:53:08.960+0000] {logging_mixin.py:190} INFO - [2025-01-19T04:53:08.960+0000] {dagbag.py:588} INFO - Filling up the DagBag from /workspaces/hands-on-introduction-data-engineering-4395021/airflow/dags/one_task_dag.py
[2025-01-19T04:53:08.972+0000] {processor.py:925} INFO - DAG(s) 'one_task_dag' retrieved from /workspaces/hands-on-introduction-data-engineering-4395021/airflow/dags/one_task_dag.py
[2025-01-19T04:53:09.188+0000] {logging_mixin.py:190} INFO - [2025-01-19T04:53:09.187+0000] {override.py:1911} INFO - Created Permission View: can delete on DAG:one_task_dag
[2025-01-19T04:53:09.201+0000] {logging_mixin.py:190} INFO - [2025-01-19T04:53:09.201+0000] {override.py:1911} INFO - Created Permission View: can read on DAG:one_task_dag
[2025-01-19T04:53:09.212+0000] {logging_mixin.py:190} INFO - [2025-01-19T04:53:09.212+0000] {override.py:1911} INFO - Created Permission View: can edit on DAG:one_task_dag
[2025-01-19T04:53:09.228+0000] {logging_mixin.py:190} INFO - [2025-01-19T04:53:09.228+0000] {override.py:1911} INFO - Created Permission View: menu access on DAG Run:one_task_dag
[2025-01-19T04:53:09.239+0000] {logging_mixin.py:190} INFO - [2025-01-19T04:53:09.239+0000] {override.py:1911} INFO - Created Permission View: can create on DAG Run:one_task_dag
[2025-01-19T04:53:09.249+0000] {logging_mixin.py:190} INFO - [2025-01-19T04:53:09.249+0000] {override.py:1911} INFO - Created Permission View: can delete on DAG Run:one_task_dag
[2025-01-19T04:53:09.259+0000] {logging_mixin.py:190} INFO - [2025-01-19T04:53:09.259+0000] {override.py:1911} INFO - Created Permission View: can read on DAG Run:one_task_dag
[2025-01-19T04:53:09.260+0000] {logging_mixin.py:190} INFO - [2025-01-19T04:53:09.260+0000] {dag.py:3239} INFO - Sync 1 DAGs
[2025-01-19T04:53:09.275+0000] {logging_mixin.py:190} INFO - [2025-01-19T04:53:09.274+0000] {dag.py:3262} INFO - Creating ORM DAG for one_task_dag
[2025-01-19T04:53:09.276+0000] {logging_mixin.py:190} INFO - [2025-01-19T04:53:09.275+0000] {dag.py:4180} INFO - Setting next_dagrun for one_task_dag to None, run_after=None
[2025-01-19T04:53:09.301+0000] {processor.py:208} INFO - Processing /workspaces/hands-on-introduction-data-engineering-4395021/airflow/dags/one_task_dag.py took 0.351 seconds
[2025-01-19T04:53:10.260+0000] {processor.py:186} INFO - Started process (PID=19906) to work on /workspaces/hands-on-introduction-data-engineering-4395021/airflow/dags/one_task_dag.py
[2025-01-19T04:53:10.262+0000] {processor.py:914} INFO - Processing file /workspaces/hands-on-introduction-data-engineering-4395021/airflow/dags/one_task_dag.py for tasks to queue
[2025-01-19T04:53:10.265+0000] {logging_mixin.py:190} INFO - [2025-01-19T04:53:10.264+0000] {dagbag.py:588} INFO - Filling up the DagBag from /workspaces/hands-on-introduction-data-engineering-4395021/airflow/dags/one_task_dag.py
[2025-01-19T04:53:10.276+0000] {processor.py:925} INFO - DAG(s) 'one_task_dag' retrieved from /workspaces/hands-on-introduction-data-engineering-4395021/airflow/dags/one_task_dag.py
[2025-01-19T04:53:10.284+0000] {logging_mixin.py:190} INFO - [2025-01-19T04:53:10.284+0000] {dag.py:3239} INFO - Sync 1 DAGs
[2025-01-19T04:53:10.303+0000] {logging_mixin.py:190} INFO - [2025-01-19T04:53:10.303+0000] {dag.py:4180} INFO - Setting next_dagrun for one_task_dag to None, run_after=None
[2025-01-19T04:53:10.320+0000] {processor.py:208} INFO - Processing /workspaces/hands-on-introduction-data-engineering-4395021/airflow/dags/one_task_dag.py took 0.093 seconds
[2025-01-19T04:53:12.494+0000] {processor.py:186} INFO - Started process (PID=19922) to work on /workspaces/hands-on-introduction-data-engineering-4395021/airflow/dags/one_task_dag.py
[2025-01-19T04:53:12.495+0000] {processor.py:914} INFO - Processing file /workspaces/hands-on-introduction-data-engineering-4395021/airflow/dags/one_task_dag.py for tasks to queue
[2025-01-19T04:53:12.497+0000] {logging_mixin.py:190} INFO - [2025-01-19T04:53:12.497+0000] {dagbag.py:588} INFO - Filling up the DagBag from /workspaces/hands-on-introduction-data-engineering-4395021/airflow/dags/one_task_dag.py
[2025-01-19T04:53:12.505+0000] {processor.py:925} INFO - DAG(s) 'one_task_dag' retrieved from /workspaces/hands-on-introduction-data-engineering-4395021/airflow/dags/one_task_dag.py
[2025-01-19T04:53:12.511+0000] {logging_mixin.py:190} INFO - [2025-01-19T04:53:12.510+0000] {dag.py:3239} INFO - Sync 1 DAGs
[2025-01-19T04:53:12.520+0000] {logging_mixin.py:190} INFO - [2025-01-19T04:53:12.520+0000] {dag.py:4180} INFO - Setting next_dagrun for one_task_dag to None, run_after=None
[2025-01-19T04:53:12.537+0000] {processor.py:208} INFO - Processing /workspaces/hands-on-introduction-data-engineering-4395021/airflow/dags/one_task_dag.py took 0.052 seconds
[2025-01-19T04:53:20.062+0000] {processor.py:186} INFO - Started process (PID=19990) to work on /workspaces/hands-on-introduction-data-engineering-4395021/airflow/dags/one_task_dag.py
[2025-01-19T04:53:20.062+0000] {processor.py:914} INFO - Processing file /workspaces/hands-on-introduction-data-engineering-4395021/airflow/dags/one_task_dag.py for tasks to queue
[2025-01-19T04:53:20.064+0000] {logging_mixin.py:190} INFO - [2025-01-19T04:53:20.063+0000] {dagbag.py:588} INFO - Filling up the DagBag from /workspaces/hands-on-introduction-data-engineering-4395021/airflow/dags/one_task_dag.py
[2025-01-19T04:53:20.071+0000] {processor.py:925} INFO - DAG(s) 'one_task_dag' retrieved from /workspaces/hands-on-introduction-data-engineering-4395021/airflow/dags/one_task_dag.py
[2025-01-19T04:53:20.076+0000] {logging_mixin.py:190} INFO - [2025-01-19T04:53:20.076+0000] {dag.py:3239} INFO - Sync 1 DAGs
[2025-01-19T04:53:20.085+0000] {logging_mixin.py:190} INFO - [2025-01-19T04:53:20.085+0000] {dag.py:4180} INFO - Setting next_dagrun for one_task_dag to None, run_after=None
[2025-01-19T04:53:20.100+0000] {processor.py:208} INFO - Processing /workspaces/hands-on-introduction-data-engineering-4395021/airflow/dags/one_task_dag.py took 0.043 seconds
[2025-01-19T04:53:36.602+0000] {processor.py:186} INFO - Started process (PID=20153) to work on /workspaces/hands-on-introduction-data-engineering-4395021/airflow/dags/one_task_dag.py
[2025-01-19T04:53:36.602+0000] {processor.py:914} INFO - Processing file /workspaces/hands-on-introduction-data-engineering-4395021/airflow/dags/one_task_dag.py for tasks to queue
[2025-01-19T04:53:36.604+0000] {logging_mixin.py:190} INFO - [2025-01-19T04:53:36.603+0000] {dagbag.py:588} INFO - Filling up the DagBag from /workspaces/hands-on-introduction-data-engineering-4395021/airflow/dags/one_task_dag.py
[2025-01-19T04:53:36.606+0000] {logging_mixin.py:190} INFO - [2025-01-19T04:53:36.605+0000] {dagbag.py:387} ERROR - Failed to import: /workspaces/hands-on-introduction-data-engineering-4395021/airflow/dags/one_task_dag.py
Traceback (most recent call last):
  File "/home/vscode/.local/lib/python3.10/site-packages/airflow/models/dagbag.py", line 383, in parse
    loader.exec_module(new_module)
  File "<frozen importlib._bootstrap_external>", line 879, in exec_module
  File "<frozen importlib._bootstrap_external>", line 1017, in get_code
  File "<frozen importlib._bootstrap_external>", line 947, in source_to_code
  File "<frozen importlib._bootstrap>", line 241, in _call_with_frames_removed
  File "/workspaces/hands-on-introduction-data-engineering-4395021/airflow/dags/one_task_dag.py", line 26
    bash_command= 'echo "Hello, LinkedIn Learning!"
                  ^
SyntaxError: unterminated string literal (detected at line 26)
[2025-01-19T04:53:36.606+0000] {processor.py:927} WARNING - No viable dags retrieved from /workspaces/hands-on-introduction-data-engineering-4395021/airflow/dags/one_task_dag.py
[2025-01-19T04:53:36.619+0000] {processor.py:208} INFO - Processing /workspaces/hands-on-introduction-data-engineering-4395021/airflow/dags/one_task_dag.py took 0.022 seconds
[2025-01-19T04:54:06.761+0000] {processor.py:186} INFO - Started process (PID=20444) to work on /workspaces/hands-on-introduction-data-engineering-4395021/airflow/dags/one_task_dag.py
[2025-01-19T04:54:06.762+0000] {processor.py:914} INFO - Processing file /workspaces/hands-on-introduction-data-engineering-4395021/airflow/dags/one_task_dag.py for tasks to queue
[2025-01-19T04:54:06.764+0000] {logging_mixin.py:190} INFO - [2025-01-19T04:54:06.763+0000] {dagbag.py:588} INFO - Filling up the DagBag from /workspaces/hands-on-introduction-data-engineering-4395021/airflow/dags/one_task_dag.py
[2025-01-19T04:54:06.766+0000] {logging_mixin.py:190} INFO - [2025-01-19T04:54:06.765+0000] {dagbag.py:387} ERROR - Failed to import: /workspaces/hands-on-introduction-data-engineering-4395021/airflow/dags/one_task_dag.py
Traceback (most recent call last):
  File "/home/vscode/.local/lib/python3.10/site-packages/airflow/models/dagbag.py", line 383, in parse
    loader.exec_module(new_module)
  File "<frozen importlib._bootstrap_external>", line 879, in exec_module
  File "<frozen importlib._bootstrap_external>", line 1017, in get_code
  File "<frozen importlib._bootstrap_external>", line 947, in source_to_code
  File "<frozen importlib._bootstrap>", line 241, in _call_with_frames_removed
  File "/workspaces/hands-on-introduction-data-engineering-4395021/airflow/dags/one_task_dag.py", line 26
    bash_command= 'echo "Hello, LinkedIn Learning!"
                  ^
SyntaxError: unterminated string literal (detected at line 26)
[2025-01-19T04:54:06.766+0000] {processor.py:927} WARNING - No viable dags retrieved from /workspaces/hands-on-introduction-data-engineering-4395021/airflow/dags/one_task_dag.py
[2025-01-19T04:54:06.778+0000] {processor.py:208} INFO - Processing /workspaces/hands-on-introduction-data-engineering-4395021/airflow/dags/one_task_dag.py took 0.022 seconds
[2025-01-19T04:54:36.930+0000] {processor.py:186} INFO - Started process (PID=20705) to work on /workspaces/hands-on-introduction-data-engineering-4395021/airflow/dags/one_task_dag.py
[2025-01-19T04:54:36.931+0000] {processor.py:914} INFO - Processing file /workspaces/hands-on-introduction-data-engineering-4395021/airflow/dags/one_task_dag.py for tasks to queue
[2025-01-19T04:54:36.933+0000] {logging_mixin.py:190} INFO - [2025-01-19T04:54:36.933+0000] {dagbag.py:588} INFO - Filling up the DagBag from /workspaces/hands-on-introduction-data-engineering-4395021/airflow/dags/one_task_dag.py
[2025-01-19T04:54:36.939+0000] {logging_mixin.py:190} INFO - [2025-01-19T04:54:36.938+0000] {dagbag.py:387} ERROR - Failed to import: /workspaces/hands-on-introduction-data-engineering-4395021/airflow/dags/one_task_dag.py
Traceback (most recent call last):
  File "/home/vscode/.local/lib/python3.10/site-packages/airflow/models/dagbag.py", line 383, in parse
    loader.exec_module(new_module)
  File "<frozen importlib._bootstrap_external>", line 879, in exec_module
  File "<frozen importlib._bootstrap_external>", line 1017, in get_code
  File "<frozen importlib._bootstrap_external>", line 947, in source_to_code
  File "<frozen importlib._bootstrap>", line 241, in _call_with_frames_removed
  File "/workspaces/hands-on-introduction-data-engineering-4395021/airflow/dags/one_task_dag.py", line 26
    bash_command= 'echo "Hello, LinkedIn Learning!"
                  ^
SyntaxError: unterminated string literal (detected at line 26)
[2025-01-19T04:54:36.939+0000] {processor.py:927} WARNING - No viable dags retrieved from /workspaces/hands-on-introduction-data-engineering-4395021/airflow/dags/one_task_dag.py
[2025-01-19T04:54:36.954+0000] {processor.py:208} INFO - Processing /workspaces/hands-on-introduction-data-engineering-4395021/airflow/dags/one_task_dag.py took 0.037 seconds
[2025-01-19T04:54:54.721+0000] {processor.py:186} INFO - Started process (PID=20867) to work on /workspaces/hands-on-introduction-data-engineering-4395021/airflow/dags/one_task_dag.py
[2025-01-19T04:54:54.724+0000] {processor.py:914} INFO - Processing file /workspaces/hands-on-introduction-data-engineering-4395021/airflow/dags/one_task_dag.py for tasks to queue
[2025-01-19T04:54:54.726+0000] {logging_mixin.py:190} INFO - [2025-01-19T04:54:54.726+0000] {dagbag.py:588} INFO - Filling up the DagBag from /workspaces/hands-on-introduction-data-engineering-4395021/airflow/dags/one_task_dag.py
[2025-01-19T04:54:54.730+0000] {logging_mixin.py:190} INFO - [2025-01-19T04:54:54.729+0000] {dagbag.py:387} ERROR - Failed to import: /workspaces/hands-on-introduction-data-engineering-4395021/airflow/dags/one_task_dag.py
Traceback (most recent call last):
  File "/home/vscode/.local/lib/python3.10/site-packages/airflow/models/dagbag.py", line 383, in parse
    loader.exec_module(new_module)
  File "<frozen importlib._bootstrap_external>", line 879, in exec_module
  File "<frozen importlib._bootstrap_external>", line 1017, in get_code
  File "<frozen importlib._bootstrap_external>", line 947, in source_to_code
  File "<frozen importlib._bootstrap>", line 241, in _call_with_frames_removed
  File "/workspaces/hands-on-introduction-data-engineering-4395021/airflow/dags/one_task_dag.py", line 26
    bash_command= 'echo "Hello, LinkedIn Learning!" 
                  ^
SyntaxError: unterminated string literal (detected at line 26)
[2025-01-19T04:54:54.731+0000] {processor.py:927} WARNING - No viable dags retrieved from /workspaces/hands-on-introduction-data-engineering-4395021/airflow/dags/one_task_dag.py
[2025-01-19T04:54:54.799+0000] {processor.py:208} INFO - Processing /workspaces/hands-on-introduction-data-engineering-4395021/airflow/dags/one_task_dag.py took 0.087 seconds
[2025-01-19T04:54:55.889+0000] {processor.py:186} INFO - Started process (PID=20881) to work on /workspaces/hands-on-introduction-data-engineering-4395021/airflow/dags/one_task_dag.py
[2025-01-19T04:54:55.890+0000] {processor.py:914} INFO - Processing file /workspaces/hands-on-introduction-data-engineering-4395021/airflow/dags/one_task_dag.py for tasks to queue
[2025-01-19T04:54:55.891+0000] {logging_mixin.py:190} INFO - [2025-01-19T04:54:55.891+0000] {dagbag.py:588} INFO - Filling up the DagBag from /workspaces/hands-on-introduction-data-engineering-4395021/airflow/dags/one_task_dag.py
[2025-01-19T04:54:55.894+0000] {logging_mixin.py:190} INFO - [2025-01-19T04:54:55.893+0000] {dagbag.py:387} ERROR - Failed to import: /workspaces/hands-on-introduction-data-engineering-4395021/airflow/dags/one_task_dag.py
Traceback (most recent call last):
  File "/home/vscode/.local/lib/python3.10/site-packages/airflow/models/dagbag.py", line 383, in parse
    loader.exec_module(new_module)
  File "<frozen importlib._bootstrap_external>", line 879, in exec_module
  File "<frozen importlib._bootstrap_external>", line 1017, in get_code
  File "<frozen importlib._bootstrap_external>", line 947, in source_to_code
  File "<frozen importlib._bootstrap>", line 241, in _call_with_frames_removed
  File "/workspaces/hands-on-introduction-data-engineering-4395021/airflow/dags/one_task_dag.py", line 26
    bash_command= 'echo "Hello, LinkedIn Learning!" > 
                  ^
SyntaxError: unterminated string literal (detected at line 26)
[2025-01-19T04:54:55.894+0000] {processor.py:927} WARNING - No viable dags retrieved from /workspaces/hands-on-introduction-data-engineering-4395021/airflow/dags/one_task_dag.py
[2025-01-19T04:54:55.906+0000] {processor.py:208} INFO - Processing /workspaces/hands-on-introduction-data-engineering-4395021/airflow/dags/one_task_dag.py took 0.022 seconds
[2025-01-19T04:54:59.736+0000] {processor.py:186} INFO - Started process (PID=20921) to work on /workspaces/hands-on-introduction-data-engineering-4395021/airflow/dags/one_task_dag.py
[2025-01-19T04:54:59.736+0000] {processor.py:914} INFO - Processing file /workspaces/hands-on-introduction-data-engineering-4395021/airflow/dags/one_task_dag.py for tasks to queue
[2025-01-19T04:54:59.738+0000] {logging_mixin.py:190} INFO - [2025-01-19T04:54:59.738+0000] {dagbag.py:588} INFO - Filling up the DagBag from /workspaces/hands-on-introduction-data-engineering-4395021/airflow/dags/one_task_dag.py
[2025-01-19T04:54:59.741+0000] {logging_mixin.py:190} INFO - [2025-01-19T04:54:59.740+0000] {dagbag.py:387} ERROR - Failed to import: /workspaces/hands-on-introduction-data-engineering-4395021/airflow/dags/one_task_dag.py
Traceback (most recent call last):
  File "/home/vscode/.local/lib/python3.10/site-packages/airflow/models/dagbag.py", line 383, in parse
    loader.exec_module(new_module)
  File "<frozen importlib._bootstrap_external>", line 879, in exec_module
  File "<frozen importlib._bootstrap_external>", line 1017, in get_code
  File "<frozen importlib._bootstrap_external>", line 947, in source_to_code
  File "<frozen importlib._bootstrap>", line 241, in _call_with_frames_removed
  File "/workspaces/hands-on-introduction-data-engineering-4395021/airflow/dags/one_task_dag.py", line 26
    bash_command= 'echo "Hello, LinkedIn Learning!" > / w
                  ^
SyntaxError: unterminated string literal (detected at line 26)
[2025-01-19T04:54:59.741+0000] {processor.py:927} WARNING - No viable dags retrieved from /workspaces/hands-on-introduction-data-engineering-4395021/airflow/dags/one_task_dag.py
[2025-01-19T04:54:59.755+0000] {processor.py:208} INFO - Processing /workspaces/hands-on-introduction-data-engineering-4395021/airflow/dags/one_task_dag.py took 0.024 seconds
[2025-01-19T04:55:04.839+0000] {processor.py:186} INFO - Started process (PID=20968) to work on /workspaces/hands-on-introduction-data-engineering-4395021/airflow/dags/one_task_dag.py
[2025-01-19T04:55:04.840+0000] {processor.py:914} INFO - Processing file /workspaces/hands-on-introduction-data-engineering-4395021/airflow/dags/one_task_dag.py for tasks to queue
[2025-01-19T04:55:04.841+0000] {logging_mixin.py:190} INFO - [2025-01-19T04:55:04.841+0000] {dagbag.py:588} INFO - Filling up the DagBag from /workspaces/hands-on-introduction-data-engineering-4395021/airflow/dags/one_task_dag.py
[2025-01-19T04:55:04.845+0000] {logging_mixin.py:190} INFO - [2025-01-19T04:55:04.844+0000] {dagbag.py:387} ERROR - Failed to import: /workspaces/hands-on-introduction-data-engineering-4395021/airflow/dags/one_task_dag.py
Traceback (most recent call last):
  File "/home/vscode/.local/lib/python3.10/site-packages/airflow/models/dagbag.py", line 383, in parse
    loader.exec_module(new_module)
  File "<frozen importlib._bootstrap_external>", line 879, in exec_module
  File "<frozen importlib._bootstrap_external>", line 1017, in get_code
  File "<frozen importlib._bootstrap_external>", line 947, in source_to_code
  File "<frozen importlib._bootstrap>", line 241, in _call_with_frames_removed
  File "/workspaces/hands-on-introduction-data-engineering-4395021/airflow/dags/one_task_dag.py", line 26
    bash_command= 'echo "Hello, LinkedIn Learning!" > /workspace
                  ^
SyntaxError: unterminated string literal (detected at line 26)
[2025-01-19T04:55:04.846+0000] {processor.py:927} WARNING - No viable dags retrieved from /workspaces/hands-on-introduction-data-engineering-4395021/airflow/dags/one_task_dag.py
[2025-01-19T04:55:04.858+0000] {processor.py:208} INFO - Processing /workspaces/hands-on-introduction-data-engineering-4395021/airflow/dags/one_task_dag.py took 0.024 seconds
[2025-01-19T04:55:07.050+0000] {processor.py:186} INFO - Started process (PID=20983) to work on /workspaces/hands-on-introduction-data-engineering-4395021/airflow/dags/one_task_dag.py
[2025-01-19T04:55:07.051+0000] {processor.py:914} INFO - Processing file /workspaces/hands-on-introduction-data-engineering-4395021/airflow/dags/one_task_dag.py for tasks to queue
[2025-01-19T04:55:07.052+0000] {logging_mixin.py:190} INFO - [2025-01-19T04:55:07.052+0000] {dagbag.py:588} INFO - Filling up the DagBag from /workspaces/hands-on-introduction-data-engineering-4395021/airflow/dags/one_task_dag.py
[2025-01-19T04:55:07.055+0000] {logging_mixin.py:190} INFO - [2025-01-19T04:55:07.054+0000] {dagbag.py:387} ERROR - Failed to import: /workspaces/hands-on-introduction-data-engineering-4395021/airflow/dags/one_task_dag.py
Traceback (most recent call last):
  File "/home/vscode/.local/lib/python3.10/site-packages/airflow/models/dagbag.py", line 383, in parse
    loader.exec_module(new_module)
  File "<frozen importlib._bootstrap_external>", line 879, in exec_module
  File "<frozen importlib._bootstrap_external>", line 1017, in get_code
  File "<frozen importlib._bootstrap_external>", line 947, in source_to_code
  File "<frozen importlib._bootstrap>", line 241, in _call_with_frames_removed
  File "/workspaces/hands-on-introduction-data-engineering-4395021/airflow/dags/one_task_dag.py", line 26
    bash_command= 'echo "Hello, LinkedIn Learning!" > /workspace/hands
                  ^
SyntaxError: unterminated string literal (detected at line 26)
[2025-01-19T04:55:07.055+0000] {processor.py:927} WARNING - No viable dags retrieved from /workspaces/hands-on-introduction-data-engineering-4395021/airflow/dags/one_task_dag.py
[2025-01-19T04:55:07.068+0000] {processor.py:208} INFO - Processing /workspaces/hands-on-introduction-data-engineering-4395021/airflow/dags/one_task_dag.py took 0.022 seconds
[2025-01-19T04:55:19.956+0000] {processor.py:186} INFO - Started process (PID=21102) to work on /workspaces/hands-on-introduction-data-engineering-4395021/airflow/dags/one_task_dag.py
[2025-01-19T04:55:19.957+0000] {processor.py:914} INFO - Processing file /workspaces/hands-on-introduction-data-engineering-4395021/airflow/dags/one_task_dag.py for tasks to queue
[2025-01-19T04:55:19.958+0000] {logging_mixin.py:190} INFO - [2025-01-19T04:55:19.958+0000] {dagbag.py:588} INFO - Filling up the DagBag from /workspaces/hands-on-introduction-data-engineering-4395021/airflow/dags/one_task_dag.py
[2025-01-19T04:55:19.961+0000] {logging_mixin.py:190} INFO - [2025-01-19T04:55:19.960+0000] {dagbag.py:387} ERROR - Failed to import: /workspaces/hands-on-introduction-data-engineering-4395021/airflow/dags/one_task_dag.py
Traceback (most recent call last):
  File "/home/vscode/.local/lib/python3.10/site-packages/airflow/models/dagbag.py", line 383, in parse
    loader.exec_module(new_module)
  File "<frozen importlib._bootstrap_external>", line 879, in exec_module
  File "<frozen importlib._bootstrap_external>", line 1017, in get_code
  File "<frozen importlib._bootstrap_external>", line 947, in source_to_code
  File "<frozen importlib._bootstrap>", line 241, in _call_with_frames_removed
  File "/workspaces/hands-on-introduction-data-engineering-4395021/airflow/dags/one_task_dag.py", line 26
    bash_command= 'echo "Hello, LinkedIn Learning!" > /workspace/hands-on-introduction-data-enginerring
                  ^
SyntaxError: unterminated string literal (detected at line 26)
[2025-01-19T04:55:19.961+0000] {processor.py:927} WARNING - No viable dags retrieved from /workspaces/hands-on-introduction-data-engineering-4395021/airflow/dags/one_task_dag.py
[2025-01-19T04:55:19.974+0000] {processor.py:208} INFO - Processing /workspaces/hands-on-introduction-data-engineering-4395021/airflow/dags/one_task_dag.py took 0.023 seconds
[2025-01-19T04:55:22.124+0000] {processor.py:186} INFO - Started process (PID=21131) to work on /workspaces/hands-on-introduction-data-engineering-4395021/airflow/dags/one_task_dag.py
[2025-01-19T04:55:22.126+0000] {processor.py:914} INFO - Processing file /workspaces/hands-on-introduction-data-engineering-4395021/airflow/dags/one_task_dag.py for tasks to queue
[2025-01-19T04:55:22.128+0000] {logging_mixin.py:190} INFO - [2025-01-19T04:55:22.127+0000] {dagbag.py:588} INFO - Filling up the DagBag from /workspaces/hands-on-introduction-data-engineering-4395021/airflow/dags/one_task_dag.py
[2025-01-19T04:55:22.131+0000] {logging_mixin.py:190} INFO - [2025-01-19T04:55:22.130+0000] {dagbag.py:387} ERROR - Failed to import: /workspaces/hands-on-introduction-data-engineering-4395021/airflow/dags/one_task_dag.py
Traceback (most recent call last):
  File "/home/vscode/.local/lib/python3.10/site-packages/airflow/models/dagbag.py", line 383, in parse
    loader.exec_module(new_module)
  File "<frozen importlib._bootstrap_external>", line 879, in exec_module
  File "<frozen importlib._bootstrap_external>", line 1017, in get_code
  File "<frozen importlib._bootstrap_external>", line 947, in source_to_code
  File "<frozen importlib._bootstrap>", line 241, in _call_with_frames_removed
  File "/workspaces/hands-on-introduction-data-engineering-4395021/airflow/dags/one_task_dag.py", line 26
    bash_command= 'echo "Hello, LinkedIn Learning!" > /workspace/hands-on-introduction-data-enginerring-40
                  ^
SyntaxError: unterminated string literal (detected at line 26)
[2025-01-19T04:55:22.131+0000] {processor.py:927} WARNING - No viable dags retrieved from /workspaces/hands-on-introduction-data-engineering-4395021/airflow/dags/one_task_dag.py
[2025-01-19T04:55:22.144+0000] {processor.py:208} INFO - Processing /workspaces/hands-on-introduction-data-engineering-4395021/airflow/dags/one_task_dag.py took 0.027 seconds
[2025-01-19T04:55:23.955+0000] {processor.py:186} INFO - Started process (PID=21151) to work on /workspaces/hands-on-introduction-data-engineering-4395021/airflow/dags/one_task_dag.py
[2025-01-19T04:55:23.955+0000] {processor.py:914} INFO - Processing file /workspaces/hands-on-introduction-data-engineering-4395021/airflow/dags/one_task_dag.py for tasks to queue
[2025-01-19T04:55:23.957+0000] {logging_mixin.py:190} INFO - [2025-01-19T04:55:23.957+0000] {dagbag.py:588} INFO - Filling up the DagBag from /workspaces/hands-on-introduction-data-engineering-4395021/airflow/dags/one_task_dag.py
[2025-01-19T04:55:23.960+0000] {logging_mixin.py:190} INFO - [2025-01-19T04:55:23.959+0000] {dagbag.py:387} ERROR - Failed to import: /workspaces/hands-on-introduction-data-engineering-4395021/airflow/dags/one_task_dag.py
Traceback (most recent call last):
  File "/home/vscode/.local/lib/python3.10/site-packages/airflow/models/dagbag.py", line 383, in parse
    loader.exec_module(new_module)
  File "<frozen importlib._bootstrap_external>", line 879, in exec_module
  File "<frozen importlib._bootstrap_external>", line 1017, in get_code
  File "<frozen importlib._bootstrap_external>", line 947, in source_to_code
  File "<frozen importlib._bootstrap>", line 241, in _call_with_frames_removed
  File "/workspaces/hands-on-introduction-data-engineering-4395021/airflow/dags/one_task_dag.py", line 26
    bash_command= 'echo "Hello, LinkedIn Learning!" > /workspace/hands-on-introduction-data-enginerring-4
                  ^
SyntaxError: unterminated string literal (detected at line 26)
[2025-01-19T04:55:23.960+0000] {processor.py:927} WARNING - No viable dags retrieved from /workspaces/hands-on-introduction-data-engineering-4395021/airflow/dags/one_task_dag.py
[2025-01-19T04:55:23.973+0000] {processor.py:208} INFO - Processing /workspaces/hands-on-introduction-data-engineering-4395021/airflow/dags/one_task_dag.py took 0.023 seconds
[2025-01-19T04:55:25.462+0000] {processor.py:186} INFO - Started process (PID=21166) to work on /workspaces/hands-on-introduction-data-engineering-4395021/airflow/dags/one_task_dag.py
[2025-01-19T04:55:25.463+0000] {processor.py:914} INFO - Processing file /workspaces/hands-on-introduction-data-engineering-4395021/airflow/dags/one_task_dag.py for tasks to queue
[2025-01-19T04:55:25.464+0000] {logging_mixin.py:190} INFO - [2025-01-19T04:55:25.464+0000] {dagbag.py:588} INFO - Filling up the DagBag from /workspaces/hands-on-introduction-data-engineering-4395021/airflow/dags/one_task_dag.py
[2025-01-19T04:55:25.467+0000] {logging_mixin.py:190} INFO - [2025-01-19T04:55:25.466+0000] {dagbag.py:387} ERROR - Failed to import: /workspaces/hands-on-introduction-data-engineering-4395021/airflow/dags/one_task_dag.py
Traceback (most recent call last):
  File "/home/vscode/.local/lib/python3.10/site-packages/airflow/models/dagbag.py", line 383, in parse
    loader.exec_module(new_module)
  File "<frozen importlib._bootstrap_external>", line 879, in exec_module
  File "<frozen importlib._bootstrap_external>", line 1017, in get_code
  File "<frozen importlib._bootstrap_external>", line 947, in source_to_code
  File "<frozen importlib._bootstrap>", line 241, in _call_with_frames_removed
  File "/workspaces/hands-on-introduction-data-engineering-4395021/airflow/dags/one_task_dag.py", line 26
    bash_command= 'echo "Hello, LinkedIn Learning!" > /workspace/hands-on-introduction-data-enginerring-43
                  ^
SyntaxError: unterminated string literal (detected at line 26)
[2025-01-19T04:55:25.467+0000] {processor.py:927} WARNING - No viable dags retrieved from /workspaces/hands-on-introduction-data-engineering-4395021/airflow/dags/one_task_dag.py
[2025-01-19T04:55:25.479+0000] {processor.py:208} INFO - Processing /workspaces/hands-on-introduction-data-engineering-4395021/airflow/dags/one_task_dag.py took 0.021 seconds
[2025-01-19T04:55:28.180+0000] {processor.py:186} INFO - Started process (PID=21192) to work on /workspaces/hands-on-introduction-data-engineering-4395021/airflow/dags/one_task_dag.py
[2025-01-19T04:55:28.184+0000] {processor.py:914} INFO - Processing file /workspaces/hands-on-introduction-data-engineering-4395021/airflow/dags/one_task_dag.py for tasks to queue
[2025-01-19T04:55:28.185+0000] {logging_mixin.py:190} INFO - [2025-01-19T04:55:28.185+0000] {dagbag.py:588} INFO - Filling up the DagBag from /workspaces/hands-on-introduction-data-engineering-4395021/airflow/dags/one_task_dag.py
[2025-01-19T04:55:28.188+0000] {logging_mixin.py:190} INFO - [2025-01-19T04:55:28.188+0000] {dagbag.py:387} ERROR - Failed to import: /workspaces/hands-on-introduction-data-engineering-4395021/airflow/dags/one_task_dag.py
Traceback (most recent call last):
  File "/home/vscode/.local/lib/python3.10/site-packages/airflow/models/dagbag.py", line 383, in parse
    loader.exec_module(new_module)
  File "<frozen importlib._bootstrap_external>", line 879, in exec_module
  File "<frozen importlib._bootstrap_external>", line 1017, in get_code
  File "<frozen importlib._bootstrap_external>", line 947, in source_to_code
  File "<frozen importlib._bootstrap>", line 241, in _call_with_frames_removed
  File "/workspaces/hands-on-introduction-data-engineering-4395021/airflow/dags/one_task_dag.py", line 26
    bash_command= 'echo "Hello, LinkedIn Learning!" > /workspace/hands-on-introduction-data-enginerring-4395
                  ^
SyntaxError: unterminated string literal (detected at line 26)
[2025-01-19T04:55:28.188+0000] {processor.py:927} WARNING - No viable dags retrieved from /workspaces/hands-on-introduction-data-engineering-4395021/airflow/dags/one_task_dag.py
[2025-01-19T04:55:28.204+0000] {processor.py:208} INFO - Processing /workspaces/hands-on-introduction-data-engineering-4395021/airflow/dags/one_task_dag.py took 0.030 seconds
[2025-01-19T04:55:30.146+0000] {processor.py:186} INFO - Started process (PID=21207) to work on /workspaces/hands-on-introduction-data-engineering-4395021/airflow/dags/one_task_dag.py
[2025-01-19T04:55:30.147+0000] {processor.py:914} INFO - Processing file /workspaces/hands-on-introduction-data-engineering-4395021/airflow/dags/one_task_dag.py for tasks to queue
[2025-01-19T04:55:30.148+0000] {logging_mixin.py:190} INFO - [2025-01-19T04:55:30.148+0000] {dagbag.py:588} INFO - Filling up the DagBag from /workspaces/hands-on-introduction-data-engineering-4395021/airflow/dags/one_task_dag.py
[2025-01-19T04:55:30.151+0000] {logging_mixin.py:190} INFO - [2025-01-19T04:55:30.151+0000] {dagbag.py:387} ERROR - Failed to import: /workspaces/hands-on-introduction-data-engineering-4395021/airflow/dags/one_task_dag.py
Traceback (most recent call last):
  File "/home/vscode/.local/lib/python3.10/site-packages/airflow/models/dagbag.py", line 383, in parse
    loader.exec_module(new_module)
  File "<frozen importlib._bootstrap_external>", line 879, in exec_module
  File "<frozen importlib._bootstrap_external>", line 1017, in get_code
  File "<frozen importlib._bootstrap_external>", line 947, in source_to_code
  File "<frozen importlib._bootstrap>", line 241, in _call_with_frames_removed
  File "/workspaces/hands-on-introduction-data-engineering-4395021/airflow/dags/one_task_dag.py", line 26
    bash_command= 'echo "Hello, LinkedIn Learning!" > /workspace/hands-on-introduction-data-enginerring-4395021
                  ^
SyntaxError: unterminated string literal (detected at line 26)
[2025-01-19T04:55:30.152+0000] {processor.py:927} WARNING - No viable dags retrieved from /workspaces/hands-on-introduction-data-engineering-4395021/airflow/dags/one_task_dag.py
[2025-01-19T04:55:30.169+0000] {processor.py:208} INFO - Processing /workspaces/hands-on-introduction-data-engineering-4395021/airflow/dags/one_task_dag.py took 0.030 seconds
[2025-01-19T04:55:35.171+0000] {processor.py:186} INFO - Started process (PID=21267) to work on /workspaces/hands-on-introduction-data-engineering-4395021/airflow/dags/one_task_dag.py
[2025-01-19T04:55:35.172+0000] {processor.py:914} INFO - Processing file /workspaces/hands-on-introduction-data-engineering-4395021/airflow/dags/one_task_dag.py for tasks to queue
[2025-01-19T04:55:35.173+0000] {logging_mixin.py:190} INFO - [2025-01-19T04:55:35.173+0000] {dagbag.py:588} INFO - Filling up the DagBag from /workspaces/hands-on-introduction-data-engineering-4395021/airflow/dags/one_task_dag.py
[2025-01-19T04:55:35.176+0000] {logging_mixin.py:190} INFO - [2025-01-19T04:55:35.175+0000] {dagbag.py:387} ERROR - Failed to import: /workspaces/hands-on-introduction-data-engineering-4395021/airflow/dags/one_task_dag.py
Traceback (most recent call last):
  File "/home/vscode/.local/lib/python3.10/site-packages/airflow/models/dagbag.py", line 383, in parse
    loader.exec_module(new_module)
  File "<frozen importlib._bootstrap_external>", line 879, in exec_module
  File "<frozen importlib._bootstrap_external>", line 1017, in get_code
  File "<frozen importlib._bootstrap_external>", line 947, in source_to_code
  File "<frozen importlib._bootstrap>", line 241, in _call_with_frames_removed
  File "/workspaces/hands-on-introduction-data-engineering-4395021/airflow/dags/one_task_dag.py", line 26
    bash_command= 'echo "Hello, LinkedIn Learning!" > /workspace/hands-on-introduction-data-enginerring-4395021/lab/temp
                  ^
SyntaxError: unterminated string literal (detected at line 26)
[2025-01-19T04:55:35.176+0000] {processor.py:927} WARNING - No viable dags retrieved from /workspaces/hands-on-introduction-data-engineering-4395021/airflow/dags/one_task_dag.py
[2025-01-19T04:55:35.189+0000] {processor.py:208} INFO - Processing /workspaces/hands-on-introduction-data-engineering-4395021/airflow/dags/one_task_dag.py took 0.022 seconds
[2025-01-19T04:55:36.109+0000] {processor.py:186} INFO - Started process (PID=21269) to work on /workspaces/hands-on-introduction-data-engineering-4395021/airflow/dags/one_task_dag.py
[2025-01-19T04:55:36.109+0000] {processor.py:914} INFO - Processing file /workspaces/hands-on-introduction-data-engineering-4395021/airflow/dags/one_task_dag.py for tasks to queue
[2025-01-19T04:55:36.110+0000] {logging_mixin.py:190} INFO - [2025-01-19T04:55:36.110+0000] {dagbag.py:588} INFO - Filling up the DagBag from /workspaces/hands-on-introduction-data-engineering-4395021/airflow/dags/one_task_dag.py
[2025-01-19T04:55:36.113+0000] {logging_mixin.py:190} INFO - [2025-01-19T04:55:36.112+0000] {dagbag.py:387} ERROR - Failed to import: /workspaces/hands-on-introduction-data-engineering-4395021/airflow/dags/one_task_dag.py
Traceback (most recent call last):
  File "/home/vscode/.local/lib/python3.10/site-packages/airflow/models/dagbag.py", line 383, in parse
    loader.exec_module(new_module)
  File "<frozen importlib._bootstrap_external>", line 879, in exec_module
  File "<frozen importlib._bootstrap_external>", line 1017, in get_code
  File "<frozen importlib._bootstrap_external>", line 947, in source_to_code
  File "<frozen importlib._bootstrap>", line 241, in _call_with_frames_removed
  File "/workspaces/hands-on-introduction-data-engineering-4395021/airflow/dags/one_task_dag.py", line 26
    bash_command= 'echo "Hello, LinkedIn Learning!" > /workspace/hands-on-introduction-data-enginerring-4395021/lab/temp/
                  ^
SyntaxError: unterminated string literal (detected at line 26)
[2025-01-19T04:55:36.113+0000] {processor.py:927} WARNING - No viable dags retrieved from /workspaces/hands-on-introduction-data-engineering-4395021/airflow/dags/one_task_dag.py
[2025-01-19T04:55:36.125+0000] {processor.py:208} INFO - Processing /workspaces/hands-on-introduction-data-engineering-4395021/airflow/dags/one_task_dag.py took 0.021 seconds
[2025-01-19T04:55:40.218+0000] {processor.py:186} INFO - Started process (PID=21308) to work on /workspaces/hands-on-introduction-data-engineering-4395021/airflow/dags/one_task_dag.py
[2025-01-19T04:55:40.218+0000] {processor.py:914} INFO - Processing file /workspaces/hands-on-introduction-data-engineering-4395021/airflow/dags/one_task_dag.py for tasks to queue
[2025-01-19T04:55:40.220+0000] {logging_mixin.py:190} INFO - [2025-01-19T04:55:40.219+0000] {dagbag.py:588} INFO - Filling up the DagBag from /workspaces/hands-on-introduction-data-engineering-4395021/airflow/dags/one_task_dag.py
[2025-01-19T04:55:40.223+0000] {logging_mixin.py:190} INFO - [2025-01-19T04:55:40.222+0000] {dagbag.py:387} ERROR - Failed to import: /workspaces/hands-on-introduction-data-engineering-4395021/airflow/dags/one_task_dag.py
Traceback (most recent call last):
  File "/home/vscode/.local/lib/python3.10/site-packages/airflow/models/dagbag.py", line 383, in parse
    loader.exec_module(new_module)
  File "<frozen importlib._bootstrap_external>", line 879, in exec_module
  File "<frozen importlib._bootstrap_external>", line 1017, in get_code
  File "<frozen importlib._bootstrap_external>", line 947, in source_to_code
  File "<frozen importlib._bootstrap>", line 241, in _call_with_frames_removed
  File "/workspaces/hands-on-introduction-data-engineering-4395021/airflow/dags/one_task_dag.py", line 26
    bash_command= 'echo "Hello, LinkedIn Learning!" > /workspace/hands-on-introduction-data-enginerring-4395021/lab/temp/create-
                  ^
SyntaxError: unterminated string literal (detected at line 26)
[2025-01-19T04:55:40.223+0000] {processor.py:927} WARNING - No viable dags retrieved from /workspaces/hands-on-introduction-data-engineering-4395021/airflow/dags/one_task_dag.py
[2025-01-19T04:55:40.250+0000] {processor.py:208} INFO - Processing /workspaces/hands-on-introduction-data-engineering-4395021/airflow/dags/one_task_dag.py took 0.042 seconds
[2025-01-19T04:55:46.241+0000] {processor.py:186} INFO - Started process (PID=21368) to work on /workspaces/hands-on-introduction-data-engineering-4395021/airflow/dags/one_task_dag.py
[2025-01-19T04:55:46.242+0000] {processor.py:914} INFO - Processing file /workspaces/hands-on-introduction-data-engineering-4395021/airflow/dags/one_task_dag.py for tasks to queue
[2025-01-19T04:55:46.243+0000] {logging_mixin.py:190} INFO - [2025-01-19T04:55:46.243+0000] {dagbag.py:588} INFO - Filling up the DagBag from /workspaces/hands-on-introduction-data-engineering-4395021/airflow/dags/one_task_dag.py
[2025-01-19T04:55:46.246+0000] {logging_mixin.py:190} INFO - [2025-01-19T04:55:46.245+0000] {dagbag.py:387} ERROR - Failed to import: /workspaces/hands-on-introduction-data-engineering-4395021/airflow/dags/one_task_dag.py
Traceback (most recent call last):
  File "/home/vscode/.local/lib/python3.10/site-packages/airflow/models/dagbag.py", line 383, in parse
    loader.exec_module(new_module)
  File "<frozen importlib._bootstrap_external>", line 879, in exec_module
  File "<frozen importlib._bootstrap_external>", line 1017, in get_code
  File "<frozen importlib._bootstrap_external>", line 947, in source_to_code
  File "<frozen importlib._bootstrap>", line 241, in _call_with_frames_removed
  File "/workspaces/hands-on-introduction-data-engineering-4395021/airflow/dags/one_task_dag.py", line 26
    bash_command= 'echo "Hello, LinkedIn Learning!" > /workspace/hands-on-introduction-data-enginerring-4395021/lab/temp/create-this-file.txt
                  ^
SyntaxError: unterminated string literal (detected at line 26)
[2025-01-19T04:55:46.246+0000] {processor.py:927} WARNING - No viable dags retrieved from /workspaces/hands-on-introduction-data-engineering-4395021/airflow/dags/one_task_dag.py
[2025-01-19T04:55:46.259+0000] {processor.py:208} INFO - Processing /workspaces/hands-on-introduction-data-engineering-4395021/airflow/dags/one_task_dag.py took 0.022 seconds
[2025-01-19T04:55:47.379+0000] {processor.py:186} INFO - Started process (PID=21377) to work on /workspaces/hands-on-introduction-data-engineering-4395021/airflow/dags/one_task_dag.py
[2025-01-19T04:55:47.379+0000] {processor.py:914} INFO - Processing file /workspaces/hands-on-introduction-data-engineering-4395021/airflow/dags/one_task_dag.py for tasks to queue
[2025-01-19T04:55:47.381+0000] {logging_mixin.py:190} INFO - [2025-01-19T04:55:47.380+0000] {dagbag.py:588} INFO - Filling up the DagBag from /workspaces/hands-on-introduction-data-engineering-4395021/airflow/dags/one_task_dag.py
[2025-01-19T04:55:47.392+0000] {processor.py:925} INFO - DAG(s) 'one_task_dag' retrieved from /workspaces/hands-on-introduction-data-engineering-4395021/airflow/dags/one_task_dag.py
[2025-01-19T04:55:47.513+0000] {logging_mixin.py:190} INFO - [2025-01-19T04:55:47.513+0000] {dag.py:3239} INFO - Sync 1 DAGs
[2025-01-19T04:55:47.522+0000] {logging_mixin.py:190} INFO - [2025-01-19T04:55:47.522+0000] {dag.py:4180} INFO - Setting next_dagrun for one_task_dag to None, run_after=None
[2025-01-19T04:55:47.557+0000] {processor.py:208} INFO - Processing /workspaces/hands-on-introduction-data-engineering-4395021/airflow/dags/one_task_dag.py took 0.183 seconds
[2025-01-19T04:55:53.366+0000] {processor.py:186} INFO - Started process (PID=21443) to work on /workspaces/hands-on-introduction-data-engineering-4395021/airflow/dags/one_task_dag.py
[2025-01-19T04:55:53.367+0000] {processor.py:914} INFO - Processing file /workspaces/hands-on-introduction-data-engineering-4395021/airflow/dags/one_task_dag.py for tasks to queue
[2025-01-19T04:55:53.369+0000] {logging_mixin.py:190} INFO - [2025-01-19T04:55:53.369+0000] {dagbag.py:588} INFO - Filling up the DagBag from /workspaces/hands-on-introduction-data-engineering-4395021/airflow/dags/one_task_dag.py
[2025-01-19T04:55:53.372+0000] {logging_mixin.py:190} INFO - [2025-01-19T04:55:53.372+0000] {dagbag.py:387} ERROR - Failed to import: /workspaces/hands-on-introduction-data-engineering-4395021/airflow/dags/one_task_dag.py
Traceback (most recent call last):
  File "/home/vscode/.local/lib/python3.10/site-packages/airflow/models/dagbag.py", line 383, in parse
    loader.exec_module(new_module)
  File "<frozen importlib._bootstrap_external>", line 879, in exec_module
  File "<frozen importlib._bootstrap_external>", line 1017, in get_code
  File "<frozen importlib._bootstrap_external>", line 947, in source_to_code
  File "<frozen importlib._bootstrap>", line 241, in _call_with_frames_removed
  File "/workspaces/hands-on-introduction-data-engineering-4395021/airflow/dags/one_task_dag.py", line 26
    bash_command= 'echo "Hello, LinkedIn Learning!" > /workspace/hands-on-introduction-data-enginerring-4395021/lab/temp/create-this-file.txt
                  ^
SyntaxError: unterminated string literal (detected at line 26)
[2025-01-19T04:55:53.374+0000] {processor.py:927} WARNING - No viable dags retrieved from /workspaces/hands-on-introduction-data-engineering-4395021/airflow/dags/one_task_dag.py
[2025-01-19T04:55:53.388+0000] {processor.py:208} INFO - Processing /workspaces/hands-on-introduction-data-engineering-4395021/airflow/dags/one_task_dag.py took 0.027 seconds
[2025-01-19T04:55:56.375+0000] {processor.py:186} INFO - Started process (PID=21471) to work on /workspaces/hands-on-introduction-data-engineering-4395021/airflow/dags/one_task_dag.py
[2025-01-19T04:55:56.376+0000] {processor.py:914} INFO - Processing file /workspaces/hands-on-introduction-data-engineering-4395021/airflow/dags/one_task_dag.py for tasks to queue
[2025-01-19T04:55:56.377+0000] {logging_mixin.py:190} INFO - [2025-01-19T04:55:56.377+0000] {dagbag.py:588} INFO - Filling up the DagBag from /workspaces/hands-on-introduction-data-engineering-4395021/airflow/dags/one_task_dag.py
[2025-01-19T04:55:56.379+0000] {logging_mixin.py:190} INFO - [2025-01-19T04:55:56.379+0000] {dagbag.py:387} ERROR - Failed to import: /workspaces/hands-on-introduction-data-engineering-4395021/airflow/dags/one_task_dag.py
Traceback (most recent call last):
  File "/home/vscode/.local/lib/python3.10/site-packages/airflow/models/dagbag.py", line 383, in parse
    loader.exec_module(new_module)
  File "<frozen importlib._bootstrap_external>", line 879, in exec_module
  File "<frozen importlib._bootstrap_external>", line 1017, in get_code
  File "<frozen importlib._bootstrap_external>", line 947, in source_to_code
  File "<frozen importlib._bootstrap>", line 241, in _call_with_frames_removed
  File "/workspaces/hands-on-introduction-data-engineering-4395021/airflow/dags/one_task_dag.py", line 26
    bash_command= 'echo "Hello, LinkedIn Learning!" > /workspace/hands-on-introduction-data-enginerring-4395021/lab/temp/create-this-file.txt, dag
                  ^
SyntaxError: unterminated string literal (detected at line 26)
[2025-01-19T04:55:56.379+0000] {processor.py:927} WARNING - No viable dags retrieved from /workspaces/hands-on-introduction-data-engineering-4395021/airflow/dags/one_task_dag.py
[2025-01-19T04:55:56.392+0000] {processor.py:208} INFO - Processing /workspaces/hands-on-introduction-data-engineering-4395021/airflow/dags/one_task_dag.py took 0.021 seconds
[2025-01-19T04:56:26.560+0000] {processor.py:186} INFO - Started process (PID=21769) to work on /workspaces/hands-on-introduction-data-engineering-4395021/airflow/dags/one_task_dag.py
[2025-01-19T04:56:26.560+0000] {processor.py:914} INFO - Processing file /workspaces/hands-on-introduction-data-engineering-4395021/airflow/dags/one_task_dag.py for tasks to queue
[2025-01-19T04:56:26.561+0000] {logging_mixin.py:190} INFO - [2025-01-19T04:56:26.561+0000] {dagbag.py:588} INFO - Filling up the DagBag from /workspaces/hands-on-introduction-data-engineering-4395021/airflow/dags/one_task_dag.py
[2025-01-19T04:56:26.564+0000] {logging_mixin.py:190} INFO - [2025-01-19T04:56:26.563+0000] {dagbag.py:387} ERROR - Failed to import: /workspaces/hands-on-introduction-data-engineering-4395021/airflow/dags/one_task_dag.py
Traceback (most recent call last):
  File "/home/vscode/.local/lib/python3.10/site-packages/airflow/models/dagbag.py", line 383, in parse
    loader.exec_module(new_module)
  File "<frozen importlib._bootstrap_external>", line 879, in exec_module
  File "<frozen importlib._bootstrap_external>", line 1017, in get_code
  File "<frozen importlib._bootstrap_external>", line 947, in source_to_code
  File "<frozen importlib._bootstrap>", line 241, in _call_with_frames_removed
  File "/workspaces/hands-on-introduction-data-engineering-4395021/airflow/dags/one_task_dag.py", line 26
    bash_command= 'echo "Hello, LinkedIn Learning!" > /workspace/hands-on-introduction-data-enginerring-4395021/lab/temp/create-this-file.txt, dag
                  ^
SyntaxError: unterminated string literal (detected at line 26)
[2025-01-19T04:56:26.564+0000] {processor.py:927} WARNING - No viable dags retrieved from /workspaces/hands-on-introduction-data-engineering-4395021/airflow/dags/one_task_dag.py
[2025-01-19T04:56:26.576+0000] {processor.py:208} INFO - Processing /workspaces/hands-on-introduction-data-engineering-4395021/airflow/dags/one_task_dag.py took 0.021 seconds
[2025-01-19T04:56:34.577+0000] {processor.py:186} INFO - Started process (PID=21845) to work on /workspaces/hands-on-introduction-data-engineering-4395021/airflow/dags/one_task_dag.py
[2025-01-19T04:56:34.578+0000] {processor.py:914} INFO - Processing file /workspaces/hands-on-introduction-data-engineering-4395021/airflow/dags/one_task_dag.py for tasks to queue
[2025-01-19T04:56:34.580+0000] {logging_mixin.py:190} INFO - [2025-01-19T04:56:34.580+0000] {dagbag.py:588} INFO - Filling up the DagBag from /workspaces/hands-on-introduction-data-engineering-4395021/airflow/dags/one_task_dag.py
[2025-01-19T04:56:34.584+0000] {logging_mixin.py:190} INFO - [2025-01-19T04:56:34.582+0000] {dagbag.py:387} ERROR - Failed to import: /workspaces/hands-on-introduction-data-engineering-4395021/airflow/dags/one_task_dag.py
Traceback (most recent call last):
  File "/home/vscode/.local/lib/python3.10/site-packages/airflow/models/dagbag.py", line 383, in parse
    loader.exec_module(new_module)
  File "<frozen importlib._bootstrap_external>", line 879, in exec_module
  File "<frozen importlib._bootstrap_external>", line 1017, in get_code
  File "<frozen importlib._bootstrap_external>", line 947, in source_to_code
  File "<frozen importlib._bootstrap>", line 241, in _call_with_frames_removed
  File "/workspaces/hands-on-introduction-data-engineering-4395021/airflow/dags/one_task_dag.py", line 26
    bash_command= 'echo "Hello, LinkedIn Learning!" > /workspace/hands-on-introduction-data-enginerring-4395021/lab/temp/create-this-file.txt, dag=dag
                  ^
SyntaxError: unterminated string literal (detected at line 26)
[2025-01-19T04:56:34.584+0000] {processor.py:927} WARNING - No viable dags retrieved from /workspaces/hands-on-introduction-data-engineering-4395021/airflow/dags/one_task_dag.py
[2025-01-19T04:56:34.601+0000] {processor.py:208} INFO - Processing /workspaces/hands-on-introduction-data-engineering-4395021/airflow/dags/one_task_dag.py took 0.030 seconds
[2025-01-19T04:56:38.773+0000] {processor.py:186} INFO - Started process (PID=21889) to work on /workspaces/hands-on-introduction-data-engineering-4395021/airflow/dags/one_task_dag.py
[2025-01-19T04:56:38.774+0000] {processor.py:914} INFO - Processing file /workspaces/hands-on-introduction-data-engineering-4395021/airflow/dags/one_task_dag.py for tasks to queue
[2025-01-19T04:56:38.775+0000] {logging_mixin.py:190} INFO - [2025-01-19T04:56:38.775+0000] {dagbag.py:588} INFO - Filling up the DagBag from /workspaces/hands-on-introduction-data-engineering-4395021/airflow/dags/one_task_dag.py
[2025-01-19T04:56:38.789+0000] {processor.py:925} INFO - DAG(s) 'one_task_dag' retrieved from /workspaces/hands-on-introduction-data-engineering-4395021/airflow/dags/one_task_dag.py
[2025-01-19T04:56:38.839+0000] {logging_mixin.py:190} INFO - [2025-01-19T04:56:38.829+0000] {dag.py:3239} INFO - Sync 1 DAGs
[2025-01-19T04:56:38.855+0000] {logging_mixin.py:190} INFO - [2025-01-19T04:56:38.855+0000] {dag.py:4180} INFO - Setting next_dagrun for one_task_dag to None, run_after=None
[2025-01-19T04:56:38.887+0000] {processor.py:208} INFO - Processing /workspaces/hands-on-introduction-data-engineering-4395021/airflow/dags/one_task_dag.py took 0.125 seconds
[2025-01-19T04:57:09.863+0000] {processor.py:186} INFO - Started process (PID=22164) to work on /workspaces/hands-on-introduction-data-engineering-4395021/airflow/dags/one_task_dag.py
[2025-01-19T04:57:09.864+0000] {processor.py:914} INFO - Processing file /workspaces/hands-on-introduction-data-engineering-4395021/airflow/dags/one_task_dag.py for tasks to queue
[2025-01-19T04:57:09.865+0000] {logging_mixin.py:190} INFO - [2025-01-19T04:57:09.864+0000] {dagbag.py:588} INFO - Filling up the DagBag from /workspaces/hands-on-introduction-data-engineering-4395021/airflow/dags/one_task_dag.py
[2025-01-19T04:57:09.872+0000] {processor.py:925} INFO - DAG(s) 'one_task_dag' retrieved from /workspaces/hands-on-introduction-data-engineering-4395021/airflow/dags/one_task_dag.py
[2025-01-19T04:57:09.887+0000] {logging_mixin.py:190} INFO - [2025-01-19T04:57:09.886+0000] {dag.py:3239} INFO - Sync 1 DAGs
[2025-01-19T04:57:09.896+0000] {logging_mixin.py:190} INFO - [2025-01-19T04:57:09.896+0000] {dag.py:4180} INFO - Setting next_dagrun for one_task_dag to None, run_after=None
[2025-01-19T04:57:09.910+0000] {processor.py:208} INFO - Processing /workspaces/hands-on-introduction-data-engineering-4395021/airflow/dags/one_task_dag.py took 0.052 seconds
[2025-01-19T04:57:40.180+0000] {processor.py:186} INFO - Started process (PID=22424) to work on /workspaces/hands-on-introduction-data-engineering-4395021/airflow/dags/one_task_dag.py
[2025-01-19T04:57:40.182+0000] {processor.py:914} INFO - Processing file /workspaces/hands-on-introduction-data-engineering-4395021/airflow/dags/one_task_dag.py for tasks to queue
[2025-01-19T04:57:40.184+0000] {logging_mixin.py:190} INFO - [2025-01-19T04:57:40.183+0000] {dagbag.py:588} INFO - Filling up the DagBag from /workspaces/hands-on-introduction-data-engineering-4395021/airflow/dags/one_task_dag.py
[2025-01-19T04:57:40.191+0000] {processor.py:925} INFO - DAG(s) 'one_task_dag' retrieved from /workspaces/hands-on-introduction-data-engineering-4395021/airflow/dags/one_task_dag.py
[2025-01-19T04:57:40.207+0000] {logging_mixin.py:190} INFO - [2025-01-19T04:57:40.207+0000] {dag.py:3239} INFO - Sync 1 DAGs
[2025-01-19T04:57:40.216+0000] {logging_mixin.py:190} INFO - [2025-01-19T04:57:40.216+0000] {dag.py:4180} INFO - Setting next_dagrun for one_task_dag to None, run_after=None
[2025-01-19T04:57:40.231+0000] {processor.py:208} INFO - Processing /workspaces/hands-on-introduction-data-engineering-4395021/airflow/dags/one_task_dag.py took 0.058 seconds
[2025-01-19T04:58:10.527+0000] {processor.py:186} INFO - Started process (PID=22684) to work on /workspaces/hands-on-introduction-data-engineering-4395021/airflow/dags/one_task_dag.py
[2025-01-19T04:58:10.528+0000] {processor.py:914} INFO - Processing file /workspaces/hands-on-introduction-data-engineering-4395021/airflow/dags/one_task_dag.py for tasks to queue
[2025-01-19T04:58:10.529+0000] {logging_mixin.py:190} INFO - [2025-01-19T04:58:10.529+0000] {dagbag.py:588} INFO - Filling up the DagBag from /workspaces/hands-on-introduction-data-engineering-4395021/airflow/dags/one_task_dag.py
[2025-01-19T04:58:10.537+0000] {processor.py:925} INFO - DAG(s) 'one_task_dag' retrieved from /workspaces/hands-on-introduction-data-engineering-4395021/airflow/dags/one_task_dag.py
[2025-01-19T04:58:10.552+0000] {logging_mixin.py:190} INFO - [2025-01-19T04:58:10.551+0000] {dag.py:3239} INFO - Sync 1 DAGs
[2025-01-19T04:58:10.562+0000] {logging_mixin.py:190} INFO - [2025-01-19T04:58:10.562+0000] {dag.py:4180} INFO - Setting next_dagrun for one_task_dag to None, run_after=None
[2025-01-19T04:58:10.576+0000] {processor.py:208} INFO - Processing /workspaces/hands-on-introduction-data-engineering-4395021/airflow/dags/one_task_dag.py took 0.053 seconds
[2025-01-19T04:58:40.846+0000] {processor.py:186} INFO - Started process (PID=22953) to work on /workspaces/hands-on-introduction-data-engineering-4395021/airflow/dags/one_task_dag.py
[2025-01-19T04:58:40.847+0000] {processor.py:914} INFO - Processing file /workspaces/hands-on-introduction-data-engineering-4395021/airflow/dags/one_task_dag.py for tasks to queue
[2025-01-19T04:58:40.848+0000] {logging_mixin.py:190} INFO - [2025-01-19T04:58:40.848+0000] {dagbag.py:588} INFO - Filling up the DagBag from /workspaces/hands-on-introduction-data-engineering-4395021/airflow/dags/one_task_dag.py
[2025-01-19T04:58:40.855+0000] {processor.py:925} INFO - DAG(s) 'one_task_dag' retrieved from /workspaces/hands-on-introduction-data-engineering-4395021/airflow/dags/one_task_dag.py
[2025-01-19T04:58:40.870+0000] {logging_mixin.py:190} INFO - [2025-01-19T04:58:40.870+0000] {dag.py:3239} INFO - Sync 1 DAGs
[2025-01-19T04:58:40.879+0000] {logging_mixin.py:190} INFO - [2025-01-19T04:58:40.879+0000] {dag.py:4180} INFO - Setting next_dagrun for one_task_dag to None, run_after=None
[2025-01-19T04:58:40.893+0000] {processor.py:208} INFO - Processing /workspaces/hands-on-introduction-data-engineering-4395021/airflow/dags/one_task_dag.py took 0.052 seconds
[2025-01-19T04:59:11.158+0000] {processor.py:186} INFO - Started process (PID=23281) to work on /workspaces/hands-on-introduction-data-engineering-4395021/airflow/dags/one_task_dag.py
[2025-01-19T04:59:11.158+0000] {processor.py:914} INFO - Processing file /workspaces/hands-on-introduction-data-engineering-4395021/airflow/dags/one_task_dag.py for tasks to queue
[2025-01-19T04:59:11.162+0000] {logging_mixin.py:190} INFO - [2025-01-19T04:59:11.161+0000] {dagbag.py:588} INFO - Filling up the DagBag from /workspaces/hands-on-introduction-data-engineering-4395021/airflow/dags/one_task_dag.py
[2025-01-19T04:59:11.170+0000] {processor.py:925} INFO - DAG(s) 'one_task_dag' retrieved from /workspaces/hands-on-introduction-data-engineering-4395021/airflow/dags/one_task_dag.py
[2025-01-19T04:59:11.185+0000] {logging_mixin.py:190} INFO - [2025-01-19T04:59:11.185+0000] {dag.py:3239} INFO - Sync 1 DAGs
[2025-01-19T04:59:11.194+0000] {logging_mixin.py:190} INFO - [2025-01-19T04:59:11.194+0000] {dag.py:4180} INFO - Setting next_dagrun for one_task_dag to None, run_after=None
[2025-01-19T04:59:11.209+0000] {processor.py:208} INFO - Processing /workspaces/hands-on-introduction-data-engineering-4395021/airflow/dags/one_task_dag.py took 0.056 seconds
[2025-01-19T04:59:41.314+0000] {processor.py:186} INFO - Started process (PID=23576) to work on /workspaces/hands-on-introduction-data-engineering-4395021/airflow/dags/one_task_dag.py
[2025-01-19T04:59:41.314+0000] {processor.py:914} INFO - Processing file /workspaces/hands-on-introduction-data-engineering-4395021/airflow/dags/one_task_dag.py for tasks to queue
[2025-01-19T04:59:41.315+0000] {logging_mixin.py:190} INFO - [2025-01-19T04:59:41.315+0000] {dagbag.py:588} INFO - Filling up the DagBag from /workspaces/hands-on-introduction-data-engineering-4395021/airflow/dags/one_task_dag.py
[2025-01-19T04:59:41.322+0000] {processor.py:925} INFO - DAG(s) 'one_task_dag' retrieved from /workspaces/hands-on-introduction-data-engineering-4395021/airflow/dags/one_task_dag.py
[2025-01-19T04:59:41.337+0000] {logging_mixin.py:190} INFO - [2025-01-19T04:59:41.337+0000] {dag.py:3239} INFO - Sync 1 DAGs
[2025-01-19T04:59:41.346+0000] {logging_mixin.py:190} INFO - [2025-01-19T04:59:41.346+0000] {dag.py:4180} INFO - Setting next_dagrun for one_task_dag to None, run_after=None
[2025-01-19T04:59:41.359+0000] {processor.py:208} INFO - Processing /workspaces/hands-on-introduction-data-engineering-4395021/airflow/dags/one_task_dag.py took 0.050 seconds
[2025-01-19T05:00:11.475+0000] {processor.py:186} INFO - Started process (PID=23842) to work on /workspaces/hands-on-introduction-data-engineering-4395021/airflow/dags/one_task_dag.py
[2025-01-19T05:00:11.475+0000] {processor.py:914} INFO - Processing file /workspaces/hands-on-introduction-data-engineering-4395021/airflow/dags/one_task_dag.py for tasks to queue
[2025-01-19T05:00:11.477+0000] {logging_mixin.py:190} INFO - [2025-01-19T05:00:11.477+0000] {dagbag.py:588} INFO - Filling up the DagBag from /workspaces/hands-on-introduction-data-engineering-4395021/airflow/dags/one_task_dag.py
[2025-01-19T05:00:11.484+0000] {processor.py:925} INFO - DAG(s) 'one_task_dag' retrieved from /workspaces/hands-on-introduction-data-engineering-4395021/airflow/dags/one_task_dag.py
[2025-01-19T05:00:11.498+0000] {logging_mixin.py:190} INFO - [2025-01-19T05:00:11.498+0000] {dag.py:3239} INFO - Sync 1 DAGs
[2025-01-19T05:00:11.507+0000] {logging_mixin.py:190} INFO - [2025-01-19T05:00:11.507+0000] {dag.py:4180} INFO - Setting next_dagrun for one_task_dag to None, run_after=None
[2025-01-19T05:00:11.522+0000] {processor.py:208} INFO - Processing /workspaces/hands-on-introduction-data-engineering-4395021/airflow/dags/one_task_dag.py took 0.051 seconds
[2025-01-19T05:00:41.638+0000] {processor.py:186} INFO - Started process (PID=24105) to work on /workspaces/hands-on-introduction-data-engineering-4395021/airflow/dags/one_task_dag.py
[2025-01-19T05:00:41.639+0000] {processor.py:914} INFO - Processing file /workspaces/hands-on-introduction-data-engineering-4395021/airflow/dags/one_task_dag.py for tasks to queue
[2025-01-19T05:00:41.640+0000] {logging_mixin.py:190} INFO - [2025-01-19T05:00:41.640+0000] {dagbag.py:588} INFO - Filling up the DagBag from /workspaces/hands-on-introduction-data-engineering-4395021/airflow/dags/one_task_dag.py
[2025-01-19T05:00:41.647+0000] {processor.py:925} INFO - DAG(s) 'one_task_dag' retrieved from /workspaces/hands-on-introduction-data-engineering-4395021/airflow/dags/one_task_dag.py
[2025-01-19T05:00:41.662+0000] {logging_mixin.py:190} INFO - [2025-01-19T05:00:41.662+0000] {dag.py:3239} INFO - Sync 1 DAGs
[2025-01-19T05:00:41.671+0000] {logging_mixin.py:190} INFO - [2025-01-19T05:00:41.670+0000] {dag.py:4180} INFO - Setting next_dagrun for one_task_dag to None, run_after=None
[2025-01-19T05:00:41.684+0000] {processor.py:208} INFO - Processing /workspaces/hands-on-introduction-data-engineering-4395021/airflow/dags/one_task_dag.py took 0.051 seconds
[2025-01-19T05:01:11.814+0000] {processor.py:186} INFO - Started process (PID=24366) to work on /workspaces/hands-on-introduction-data-engineering-4395021/airflow/dags/one_task_dag.py
[2025-01-19T05:01:11.815+0000] {processor.py:914} INFO - Processing file /workspaces/hands-on-introduction-data-engineering-4395021/airflow/dags/one_task_dag.py for tasks to queue
[2025-01-19T05:01:11.816+0000] {logging_mixin.py:190} INFO - [2025-01-19T05:01:11.815+0000] {dagbag.py:588} INFO - Filling up the DagBag from /workspaces/hands-on-introduction-data-engineering-4395021/airflow/dags/one_task_dag.py
[2025-01-19T05:01:11.823+0000] {processor.py:925} INFO - DAG(s) 'one_task_dag' retrieved from /workspaces/hands-on-introduction-data-engineering-4395021/airflow/dags/one_task_dag.py
[2025-01-19T05:01:11.838+0000] {logging_mixin.py:190} INFO - [2025-01-19T05:01:11.838+0000] {dag.py:3239} INFO - Sync 1 DAGs
[2025-01-19T05:01:11.847+0000] {logging_mixin.py:190} INFO - [2025-01-19T05:01:11.847+0000] {dag.py:4180} INFO - Setting next_dagrun for one_task_dag to None, run_after=None
[2025-01-19T05:01:11.862+0000] {processor.py:208} INFO - Processing /workspaces/hands-on-introduction-data-engineering-4395021/airflow/dags/one_task_dag.py took 0.053 seconds
[2025-01-19T05:01:41.975+0000] {processor.py:186} INFO - Started process (PID=24637) to work on /workspaces/hands-on-introduction-data-engineering-4395021/airflow/dags/one_task_dag.py
[2025-01-19T05:01:41.975+0000] {processor.py:914} INFO - Processing file /workspaces/hands-on-introduction-data-engineering-4395021/airflow/dags/one_task_dag.py for tasks to queue
[2025-01-19T05:01:41.976+0000] {logging_mixin.py:190} INFO - [2025-01-19T05:01:41.976+0000] {dagbag.py:588} INFO - Filling up the DagBag from /workspaces/hands-on-introduction-data-engineering-4395021/airflow/dags/one_task_dag.py
[2025-01-19T05:01:41.983+0000] {processor.py:925} INFO - DAG(s) 'one_task_dag' retrieved from /workspaces/hands-on-introduction-data-engineering-4395021/airflow/dags/one_task_dag.py
[2025-01-19T05:01:41.997+0000] {logging_mixin.py:190} INFO - [2025-01-19T05:01:41.997+0000] {dag.py:3239} INFO - Sync 1 DAGs
[2025-01-19T05:01:42.007+0000] {logging_mixin.py:190} INFO - [2025-01-19T05:01:42.006+0000] {dag.py:4180} INFO - Setting next_dagrun for one_task_dag to None, run_after=None
[2025-01-19T05:01:42.021+0000] {processor.py:208} INFO - Processing /workspaces/hands-on-introduction-data-engineering-4395021/airflow/dags/one_task_dag.py took 0.051 seconds
[2025-01-19T05:02:12.143+0000] {processor.py:186} INFO - Started process (PID=24923) to work on /workspaces/hands-on-introduction-data-engineering-4395021/airflow/dags/one_task_dag.py
[2025-01-19T05:02:12.144+0000] {processor.py:914} INFO - Processing file /workspaces/hands-on-introduction-data-engineering-4395021/airflow/dags/one_task_dag.py for tasks to queue
[2025-01-19T05:02:12.145+0000] {logging_mixin.py:190} INFO - [2025-01-19T05:02:12.145+0000] {dagbag.py:588} INFO - Filling up the DagBag from /workspaces/hands-on-introduction-data-engineering-4395021/airflow/dags/one_task_dag.py
[2025-01-19T05:02:12.152+0000] {processor.py:925} INFO - DAG(s) 'one_task_dag' retrieved from /workspaces/hands-on-introduction-data-engineering-4395021/airflow/dags/one_task_dag.py
[2025-01-19T05:02:12.167+0000] {logging_mixin.py:190} INFO - [2025-01-19T05:02:12.166+0000] {dag.py:3239} INFO - Sync 1 DAGs
[2025-01-19T05:02:12.176+0000] {logging_mixin.py:190} INFO - [2025-01-19T05:02:12.176+0000] {dag.py:4180} INFO - Setting next_dagrun for one_task_dag to None, run_after=None
[2025-01-19T05:02:12.191+0000] {processor.py:208} INFO - Processing /workspaces/hands-on-introduction-data-engineering-4395021/airflow/dags/one_task_dag.py took 0.054 seconds
[2025-01-19T05:02:42.321+0000] {processor.py:186} INFO - Started process (PID=25185) to work on /workspaces/hands-on-introduction-data-engineering-4395021/airflow/dags/one_task_dag.py
[2025-01-19T05:02:42.321+0000] {processor.py:914} INFO - Processing file /workspaces/hands-on-introduction-data-engineering-4395021/airflow/dags/one_task_dag.py for tasks to queue
[2025-01-19T05:02:42.322+0000] {logging_mixin.py:190} INFO - [2025-01-19T05:02:42.322+0000] {dagbag.py:588} INFO - Filling up the DagBag from /workspaces/hands-on-introduction-data-engineering-4395021/airflow/dags/one_task_dag.py
[2025-01-19T05:02:42.330+0000] {processor.py:925} INFO - DAG(s) 'one_task_dag' retrieved from /workspaces/hands-on-introduction-data-engineering-4395021/airflow/dags/one_task_dag.py
[2025-01-19T05:02:42.346+0000] {logging_mixin.py:190} INFO - [2025-01-19T05:02:42.346+0000] {dag.py:3239} INFO - Sync 1 DAGs
[2025-01-19T05:02:42.356+0000] {logging_mixin.py:190} INFO - [2025-01-19T05:02:42.356+0000] {dag.py:4180} INFO - Setting next_dagrun for one_task_dag to None, run_after=None
[2025-01-19T05:02:42.371+0000] {processor.py:208} INFO - Processing /workspaces/hands-on-introduction-data-engineering-4395021/airflow/dags/one_task_dag.py took 0.056 seconds
[2025-01-19T05:03:12.496+0000] {processor.py:186} INFO - Started process (PID=25448) to work on /workspaces/hands-on-introduction-data-engineering-4395021/airflow/dags/one_task_dag.py
[2025-01-19T05:03:12.497+0000] {processor.py:914} INFO - Processing file /workspaces/hands-on-introduction-data-engineering-4395021/airflow/dags/one_task_dag.py for tasks to queue
[2025-01-19T05:03:12.498+0000] {logging_mixin.py:190} INFO - [2025-01-19T05:03:12.498+0000] {dagbag.py:588} INFO - Filling up the DagBag from /workspaces/hands-on-introduction-data-engineering-4395021/airflow/dags/one_task_dag.py
[2025-01-19T05:03:12.505+0000] {processor.py:925} INFO - DAG(s) 'one_task_dag' retrieved from /workspaces/hands-on-introduction-data-engineering-4395021/airflow/dags/one_task_dag.py
[2025-01-19T05:03:12.520+0000] {logging_mixin.py:190} INFO - [2025-01-19T05:03:12.520+0000] {dag.py:3239} INFO - Sync 1 DAGs
[2025-01-19T05:03:12.529+0000] {logging_mixin.py:190} INFO - [2025-01-19T05:03:12.529+0000] {dag.py:4180} INFO - Setting next_dagrun for one_task_dag to None, run_after=None
[2025-01-19T05:03:12.544+0000] {processor.py:208} INFO - Processing /workspaces/hands-on-introduction-data-engineering-4395021/airflow/dags/one_task_dag.py took 0.052 seconds
[2025-01-19T05:03:42.658+0000] {processor.py:186} INFO - Started process (PID=25716) to work on /workspaces/hands-on-introduction-data-engineering-4395021/airflow/dags/one_task_dag.py
[2025-01-19T05:03:42.658+0000] {processor.py:914} INFO - Processing file /workspaces/hands-on-introduction-data-engineering-4395021/airflow/dags/one_task_dag.py for tasks to queue
[2025-01-19T05:03:42.659+0000] {logging_mixin.py:190} INFO - [2025-01-19T05:03:42.659+0000] {dagbag.py:588} INFO - Filling up the DagBag from /workspaces/hands-on-introduction-data-engineering-4395021/airflow/dags/one_task_dag.py
[2025-01-19T05:03:42.667+0000] {processor.py:925} INFO - DAG(s) 'one_task_dag' retrieved from /workspaces/hands-on-introduction-data-engineering-4395021/airflow/dags/one_task_dag.py
[2025-01-19T05:03:42.682+0000] {logging_mixin.py:190} INFO - [2025-01-19T05:03:42.682+0000] {dag.py:3239} INFO - Sync 1 DAGs
[2025-01-19T05:03:42.691+0000] {logging_mixin.py:190} INFO - [2025-01-19T05:03:42.691+0000] {dag.py:4180} INFO - Setting next_dagrun for one_task_dag to None, run_after=None
[2025-01-19T05:03:42.705+0000] {processor.py:208} INFO - Processing /workspaces/hands-on-introduction-data-engineering-4395021/airflow/dags/one_task_dag.py took 0.052 seconds
[2025-01-19T05:04:12.821+0000] {processor.py:186} INFO - Started process (PID=25967) to work on /workspaces/hands-on-introduction-data-engineering-4395021/airflow/dags/one_task_dag.py
[2025-01-19T05:04:12.822+0000] {processor.py:914} INFO - Processing file /workspaces/hands-on-introduction-data-engineering-4395021/airflow/dags/one_task_dag.py for tasks to queue
[2025-01-19T05:04:12.824+0000] {logging_mixin.py:190} INFO - [2025-01-19T05:04:12.824+0000] {dagbag.py:588} INFO - Filling up the DagBag from /workspaces/hands-on-introduction-data-engineering-4395021/airflow/dags/one_task_dag.py
[2025-01-19T05:04:12.833+0000] {processor.py:925} INFO - DAG(s) 'one_task_dag' retrieved from /workspaces/hands-on-introduction-data-engineering-4395021/airflow/dags/one_task_dag.py
[2025-01-19T05:04:12.847+0000] {logging_mixin.py:190} INFO - [2025-01-19T05:04:12.847+0000] {dag.py:3239} INFO - Sync 1 DAGs
[2025-01-19T05:04:12.857+0000] {logging_mixin.py:190} INFO - [2025-01-19T05:04:12.857+0000] {dag.py:4180} INFO - Setting next_dagrun for one_task_dag to None, run_after=None
[2025-01-19T05:04:12.877+0000] {processor.py:208} INFO - Processing /workspaces/hands-on-introduction-data-engineering-4395021/airflow/dags/one_task_dag.py took 0.062 seconds
[2025-01-19T05:04:42.980+0000] {processor.py:186} INFO - Started process (PID=26237) to work on /workspaces/hands-on-introduction-data-engineering-4395021/airflow/dags/one_task_dag.py
[2025-01-19T05:04:42.981+0000] {processor.py:914} INFO - Processing file /workspaces/hands-on-introduction-data-engineering-4395021/airflow/dags/one_task_dag.py for tasks to queue
[2025-01-19T05:04:42.982+0000] {logging_mixin.py:190} INFO - [2025-01-19T05:04:42.981+0000] {dagbag.py:588} INFO - Filling up the DagBag from /workspaces/hands-on-introduction-data-engineering-4395021/airflow/dags/one_task_dag.py
[2025-01-19T05:04:42.989+0000] {processor.py:925} INFO - DAG(s) 'one_task_dag' retrieved from /workspaces/hands-on-introduction-data-engineering-4395021/airflow/dags/one_task_dag.py
[2025-01-19T05:04:43.003+0000] {logging_mixin.py:190} INFO - [2025-01-19T05:04:43.003+0000] {dag.py:3239} INFO - Sync 1 DAGs
[2025-01-19T05:04:43.012+0000] {logging_mixin.py:190} INFO - [2025-01-19T05:04:43.012+0000] {dag.py:4180} INFO - Setting next_dagrun for one_task_dag to None, run_after=None
[2025-01-19T05:04:43.026+0000] {processor.py:208} INFO - Processing /workspaces/hands-on-introduction-data-engineering-4395021/airflow/dags/one_task_dag.py took 0.051 seconds
[2025-01-19T05:05:13.145+0000] {processor.py:186} INFO - Started process (PID=26504) to work on /workspaces/hands-on-introduction-data-engineering-4395021/airflow/dags/one_task_dag.py
[2025-01-19T05:05:13.146+0000] {processor.py:914} INFO - Processing file /workspaces/hands-on-introduction-data-engineering-4395021/airflow/dags/one_task_dag.py for tasks to queue
[2025-01-19T05:05:13.147+0000] {logging_mixin.py:190} INFO - [2025-01-19T05:05:13.146+0000] {dagbag.py:588} INFO - Filling up the DagBag from /workspaces/hands-on-introduction-data-engineering-4395021/airflow/dags/one_task_dag.py
[2025-01-19T05:05:13.153+0000] {processor.py:925} INFO - DAG(s) 'one_task_dag' retrieved from /workspaces/hands-on-introduction-data-engineering-4395021/airflow/dags/one_task_dag.py
[2025-01-19T05:05:13.168+0000] {logging_mixin.py:190} INFO - [2025-01-19T05:05:13.167+0000] {dag.py:3239} INFO - Sync 1 DAGs
[2025-01-19T05:05:13.177+0000] {logging_mixin.py:190} INFO - [2025-01-19T05:05:13.176+0000] {dag.py:4180} INFO - Setting next_dagrun for one_task_dag to None, run_after=None
[2025-01-19T05:05:13.191+0000] {processor.py:208} INFO - Processing /workspaces/hands-on-introduction-data-engineering-4395021/airflow/dags/one_task_dag.py took 0.051 seconds
[2025-01-19T05:05:43.306+0000] {processor.py:186} INFO - Started process (PID=26769) to work on /workspaces/hands-on-introduction-data-engineering-4395021/airflow/dags/one_task_dag.py
[2025-01-19T05:05:43.307+0000] {processor.py:914} INFO - Processing file /workspaces/hands-on-introduction-data-engineering-4395021/airflow/dags/one_task_dag.py for tasks to queue
[2025-01-19T05:05:43.308+0000] {logging_mixin.py:190} INFO - [2025-01-19T05:05:43.307+0000] {dagbag.py:588} INFO - Filling up the DagBag from /workspaces/hands-on-introduction-data-engineering-4395021/airflow/dags/one_task_dag.py
[2025-01-19T05:05:43.314+0000] {processor.py:925} INFO - DAG(s) 'one_task_dag' retrieved from /workspaces/hands-on-introduction-data-engineering-4395021/airflow/dags/one_task_dag.py
[2025-01-19T05:05:43.329+0000] {logging_mixin.py:190} INFO - [2025-01-19T05:05:43.329+0000] {dag.py:3239} INFO - Sync 1 DAGs
[2025-01-19T05:05:43.338+0000] {logging_mixin.py:190} INFO - [2025-01-19T05:05:43.338+0000] {dag.py:4180} INFO - Setting next_dagrun for one_task_dag to None, run_after=None
[2025-01-19T05:05:43.352+0000] {processor.py:208} INFO - Processing /workspaces/hands-on-introduction-data-engineering-4395021/airflow/dags/one_task_dag.py took 0.051 seconds
[2025-01-19T05:06:13.463+0000] {processor.py:186} INFO - Started process (PID=27024) to work on /workspaces/hands-on-introduction-data-engineering-4395021/airflow/dags/one_task_dag.py
[2025-01-19T05:06:13.464+0000] {processor.py:914} INFO - Processing file /workspaces/hands-on-introduction-data-engineering-4395021/airflow/dags/one_task_dag.py for tasks to queue
[2025-01-19T05:06:13.465+0000] {logging_mixin.py:190} INFO - [2025-01-19T05:06:13.465+0000] {dagbag.py:588} INFO - Filling up the DagBag from /workspaces/hands-on-introduction-data-engineering-4395021/airflow/dags/one_task_dag.py
[2025-01-19T05:06:13.472+0000] {processor.py:925} INFO - DAG(s) 'one_task_dag' retrieved from /workspaces/hands-on-introduction-data-engineering-4395021/airflow/dags/one_task_dag.py
[2025-01-19T05:06:13.486+0000] {logging_mixin.py:190} INFO - [2025-01-19T05:06:13.486+0000] {dag.py:3239} INFO - Sync 1 DAGs
[2025-01-19T05:06:13.497+0000] {logging_mixin.py:190} INFO - [2025-01-19T05:06:13.497+0000] {dag.py:4180} INFO - Setting next_dagrun for one_task_dag to None, run_after=None
[2025-01-19T05:06:13.516+0000] {processor.py:208} INFO - Processing /workspaces/hands-on-introduction-data-engineering-4395021/airflow/dags/one_task_dag.py took 0.058 seconds
[2025-01-19T05:06:43.624+0000] {processor.py:186} INFO - Started process (PID=27285) to work on /workspaces/hands-on-introduction-data-engineering-4395021/airflow/dags/one_task_dag.py
[2025-01-19T05:06:43.625+0000] {processor.py:914} INFO - Processing file /workspaces/hands-on-introduction-data-engineering-4395021/airflow/dags/one_task_dag.py for tasks to queue
[2025-01-19T05:06:43.626+0000] {logging_mixin.py:190} INFO - [2025-01-19T05:06:43.626+0000] {dagbag.py:588} INFO - Filling up the DagBag from /workspaces/hands-on-introduction-data-engineering-4395021/airflow/dags/one_task_dag.py
[2025-01-19T05:06:43.633+0000] {processor.py:925} INFO - DAG(s) 'one_task_dag' retrieved from /workspaces/hands-on-introduction-data-engineering-4395021/airflow/dags/one_task_dag.py
[2025-01-19T05:06:43.648+0000] {logging_mixin.py:190} INFO - [2025-01-19T05:06:43.648+0000] {dag.py:3239} INFO - Sync 1 DAGs
[2025-01-19T05:06:43.657+0000] {logging_mixin.py:190} INFO - [2025-01-19T05:06:43.657+0000] {dag.py:4180} INFO - Setting next_dagrun for one_task_dag to None, run_after=None
[2025-01-19T05:06:43.671+0000] {processor.py:208} INFO - Processing /workspaces/hands-on-introduction-data-engineering-4395021/airflow/dags/one_task_dag.py took 0.052 seconds
[2025-01-19T05:07:03.643+0000] {processor.py:186} INFO - Started process (PID=27482) to work on /workspaces/hands-on-introduction-data-engineering-4395021/airflow/dags/one_task_dag.py
[2025-01-19T05:07:03.644+0000] {processor.py:914} INFO - Processing file /workspaces/hands-on-introduction-data-engineering-4395021/airflow/dags/one_task_dag.py for tasks to queue
[2025-01-19T05:07:03.645+0000] {logging_mixin.py:190} INFO - [2025-01-19T05:07:03.644+0000] {dagbag.py:588} INFO - Filling up the DagBag from /workspaces/hands-on-introduction-data-engineering-4395021/airflow/dags/one_task_dag.py
[2025-01-19T05:07:03.652+0000] {processor.py:925} INFO - DAG(s) 'one_task_dag' retrieved from /workspaces/hands-on-introduction-data-engineering-4395021/airflow/dags/one_task_dag.py
[2025-01-19T05:07:03.666+0000] {logging_mixin.py:190} INFO - [2025-01-19T05:07:03.666+0000] {dag.py:3239} INFO - Sync 1 DAGs
[2025-01-19T05:07:03.675+0000] {logging_mixin.py:190} INFO - [2025-01-19T05:07:03.675+0000] {dag.py:4180} INFO - Setting next_dagrun for one_task_dag to None, run_after=None
[2025-01-19T05:07:03.691+0000] {processor.py:208} INFO - Processing /workspaces/hands-on-introduction-data-engineering-4395021/airflow/dags/one_task_dag.py took 0.053 seconds
[2025-01-19T05:07:33.833+0000] {processor.py:186} INFO - Started process (PID=27766) to work on /workspaces/hands-on-introduction-data-engineering-4395021/airflow/dags/one_task_dag.py
[2025-01-19T05:07:33.834+0000] {processor.py:914} INFO - Processing file /workspaces/hands-on-introduction-data-engineering-4395021/airflow/dags/one_task_dag.py for tasks to queue
[2025-01-19T05:07:33.835+0000] {logging_mixin.py:190} INFO - [2025-01-19T05:07:33.834+0000] {dagbag.py:588} INFO - Filling up the DagBag from /workspaces/hands-on-introduction-data-engineering-4395021/airflow/dags/one_task_dag.py
[2025-01-19T05:07:33.842+0000] {processor.py:925} INFO - DAG(s) 'one_task_dag' retrieved from /workspaces/hands-on-introduction-data-engineering-4395021/airflow/dags/one_task_dag.py
[2025-01-19T05:07:33.857+0000] {logging_mixin.py:190} INFO - [2025-01-19T05:07:33.857+0000] {dag.py:3239} INFO - Sync 1 DAGs
[2025-01-19T05:07:33.866+0000] {logging_mixin.py:190} INFO - [2025-01-19T05:07:33.866+0000] {dag.py:4180} INFO - Setting next_dagrun for one_task_dag to None, run_after=None
[2025-01-19T05:07:33.880+0000] {processor.py:208} INFO - Processing /workspaces/hands-on-introduction-data-engineering-4395021/airflow/dags/one_task_dag.py took 0.051 seconds
[2025-01-19T05:07:38.576+0000] {processor.py:186} INFO - Started process (PID=27815) to work on /workspaces/hands-on-introduction-data-engineering-4395021/airflow/dags/one_task_dag.py
[2025-01-19T05:07:38.576+0000] {processor.py:914} INFO - Processing file /workspaces/hands-on-introduction-data-engineering-4395021/airflow/dags/one_task_dag.py for tasks to queue
[2025-01-19T05:07:38.578+0000] {logging_mixin.py:190} INFO - [2025-01-19T05:07:38.578+0000] {dagbag.py:588} INFO - Filling up the DagBag from /workspaces/hands-on-introduction-data-engineering-4395021/airflow/dags/one_task_dag.py
[2025-01-19T05:07:38.580+0000] {logging_mixin.py:190} INFO - [2025-01-19T05:07:38.580+0000] {dagbag.py:387} ERROR - Failed to import: /workspaces/hands-on-introduction-data-engineering-4395021/airflow/dags/one_task_dag.py
Traceback (most recent call last):
  File "/home/vscode/.local/lib/python3.10/site-packages/airflow/models/dagbag.py", line 383, in parse
    loader.exec_module(new_module)
  File "<frozen importlib._bootstrap_external>", line 879, in exec_module
  File "<frozen importlib._bootstrap_external>", line 1017, in get_code
  File "<frozen importlib._bootstrap_external>", line 947, in source_to_code
  File "<frozen importlib._bootstrap>", line 241, in _call_with_frames_removed
  File "/workspaces/hands-on-introduction-data-engineering-4395021/airflow/dags/one_task_dag.py", line 1
    '''O'''ne Task Dag'''
                      ^
SyntaxError: unterminated triple-quoted string literal (detected at line 28)
[2025-01-19T05:07:38.581+0000] {processor.py:927} WARNING - No viable dags retrieved from /workspaces/hands-on-introduction-data-engineering-4395021/airflow/dags/one_task_dag.py
[2025-01-19T05:07:38.593+0000] {processor.py:208} INFO - Processing /workspaces/hands-on-introduction-data-engineering-4395021/airflow/dags/one_task_dag.py took 0.022 seconds
[2025-01-19T05:07:39.730+0000] {processor.py:186} INFO - Started process (PID=27823) to work on /workspaces/hands-on-introduction-data-engineering-4395021/airflow/dags/one_task_dag.py
[2025-01-19T05:07:39.730+0000] {processor.py:914} INFO - Processing file /workspaces/hands-on-introduction-data-engineering-4395021/airflow/dags/one_task_dag.py for tasks to queue
[2025-01-19T05:07:39.731+0000] {logging_mixin.py:190} INFO - [2025-01-19T05:07:39.731+0000] {dagbag.py:588} INFO - Filling up the DagBag from /workspaces/hands-on-introduction-data-engineering-4395021/airflow/dags/one_task_dag.py
[2025-01-19T05:07:39.734+0000] {logging_mixin.py:190} INFO - [2025-01-19T05:07:39.733+0000] {dagbag.py:387} ERROR - Failed to import: /workspaces/hands-on-introduction-data-engineering-4395021/airflow/dags/one_task_dag.py
Traceback (most recent call last):
  File "/home/vscode/.local/lib/python3.10/site-packages/airflow/models/dagbag.py", line 383, in parse
    loader.exec_module(new_module)
  File "<frozen importlib._bootstrap_external>", line 879, in exec_module
  File "<frozen importlib._bootstrap_external>", line 1017, in get_code
  File "<frozen importlib._bootstrap_external>", line 947, in source_to_code
  File "<frozen importlib._bootstrap>", line 241, in _call_with_frames_removed
  File "/workspaces/hands-on-introduction-data-engineering-4395021/airflow/dags/one_task_dag.py", line 1
    '''O'''One Task Dag'''
                       ^
SyntaxError: unterminated triple-quoted string literal (detected at line 28)
[2025-01-19T05:07:39.734+0000] {processor.py:927} WARNING - No viable dags retrieved from /workspaces/hands-on-introduction-data-engineering-4395021/airflow/dags/one_task_dag.py
[2025-01-19T05:07:39.746+0000] {processor.py:208} INFO - Processing /workspaces/hands-on-introduction-data-engineering-4395021/airflow/dags/one_task_dag.py took 0.021 seconds
[2025-01-19T05:07:44.897+0000] {processor.py:186} INFO - Started process (PID=27870) to work on /workspaces/hands-on-introduction-data-engineering-4395021/airflow/dags/one_task_dag.py
[2025-01-19T05:07:44.897+0000] {processor.py:914} INFO - Processing file /workspaces/hands-on-introduction-data-engineering-4395021/airflow/dags/one_task_dag.py for tasks to queue
[2025-01-19T05:07:44.899+0000] {logging_mixin.py:190} INFO - [2025-01-19T05:07:44.898+0000] {dagbag.py:588} INFO - Filling up the DagBag from /workspaces/hands-on-introduction-data-engineering-4395021/airflow/dags/one_task_dag.py
[2025-01-19T05:07:44.910+0000] {processor.py:925} INFO - DAG(s) 'one_task_dag' retrieved from /workspaces/hands-on-introduction-data-engineering-4395021/airflow/dags/one_task_dag.py
[2025-01-19T05:07:44.950+0000] {logging_mixin.py:190} INFO - [2025-01-19T05:07:44.949+0000] {dag.py:3239} INFO - Sync 1 DAGs
[2025-01-19T05:07:44.970+0000] {logging_mixin.py:190} INFO - [2025-01-19T05:07:44.970+0000] {dag.py:4180} INFO - Setting next_dagrun for one_task_dag to None, run_after=None
[2025-01-19T05:07:44.997+0000] {processor.py:208} INFO - Processing /workspaces/hands-on-introduction-data-engineering-4395021/airflow/dags/one_task_dag.py took 0.107 seconds
[2025-01-19T05:07:54.244+0000] {processor.py:186} INFO - Started process (PID=27968) to work on /workspaces/hands-on-introduction-data-engineering-4395021/airflow/dags/one_task_dag.py
[2025-01-19T05:07:54.244+0000] {processor.py:914} INFO - Processing file /workspaces/hands-on-introduction-data-engineering-4395021/airflow/dags/one_task_dag.py for tasks to queue
[2025-01-19T05:07:54.245+0000] {logging_mixin.py:190} INFO - [2025-01-19T05:07:54.245+0000] {dagbag.py:588} INFO - Filling up the DagBag from /workspaces/hands-on-introduction-data-engineering-4395021/airflow/dags/one_task_dag.py
[2025-01-19T05:07:54.253+0000] {processor.py:925} INFO - DAG(s) 'one_task_dag' retrieved from /workspaces/hands-on-introduction-data-engineering-4395021/airflow/dags/one_task_dag.py
[2025-01-19T05:07:54.267+0000] {logging_mixin.py:190} INFO - [2025-01-19T05:07:54.267+0000] {dag.py:3239} INFO - Sync 1 DAGs
[2025-01-19T05:07:54.276+0000] {logging_mixin.py:190} INFO - [2025-01-19T05:07:54.276+0000] {dag.py:4180} INFO - Setting next_dagrun for one_task_dag to None, run_after=None
[2025-01-19T05:07:54.291+0000] {processor.py:208} INFO - Processing /workspaces/hands-on-introduction-data-engineering-4395021/airflow/dags/one_task_dag.py took 0.052 seconds
[2025-01-19T05:08:22.404+0000] {processor.py:186} INFO - Started process (PID=28228) to work on /workspaces/hands-on-introduction-data-engineering-4395021/airflow/dags/one_task_dag.py
[2025-01-19T05:08:22.404+0000] {processor.py:914} INFO - Processing file /workspaces/hands-on-introduction-data-engineering-4395021/airflow/dags/one_task_dag.py for tasks to queue
[2025-01-19T05:08:22.405+0000] {logging_mixin.py:190} INFO - [2025-01-19T05:08:22.405+0000] {dagbag.py:588} INFO - Filling up the DagBag from /workspaces/hands-on-introduction-data-engineering-4395021/airflow/dags/one_task_dag.py
[2025-01-19T05:08:22.408+0000] {logging_mixin.py:190} INFO - [2025-01-19T05:08:22.407+0000] {dagbag.py:387} ERROR - Failed to import: /workspaces/hands-on-introduction-data-engineering-4395021/airflow/dags/one_task_dag.py
Traceback (most recent call last):
  File "/home/vscode/.local/lib/python3.10/site-packages/airflow/models/dagbag.py", line 383, in parse
    loader.exec_module(new_module)
  File "<frozen importlib._bootstrap_external>", line 879, in exec_module
  File "<frozen importlib._bootstrap_external>", line 1017, in get_code
  File "<frozen importlib._bootstrap_external>", line 947, in source_to_code
  File "<frozen importlib._bootstrap>", line 241, in _call_with_frames_removed
  File "/workspaces/hands-on-introduction-data-engineering-4395021/airflow/dags/one_task_dag.py", line 13
    'start_date': datetime(2025,,1)
                                ^
SyntaxError: invalid syntax
[2025-01-19T05:08:22.408+0000] {processor.py:927} WARNING - No viable dags retrieved from /workspaces/hands-on-introduction-data-engineering-4395021/airflow/dags/one_task_dag.py
[2025-01-19T05:08:22.420+0000] {processor.py:208} INFO - Processing /workspaces/hands-on-introduction-data-engineering-4395021/airflow/dags/one_task_dag.py took 0.022 seconds
[2025-01-19T05:08:24.589+0000] {processor.py:186} INFO - Started process (PID=28259) to work on /workspaces/hands-on-introduction-data-engineering-4395021/airflow/dags/one_task_dag.py
[2025-01-19T05:08:24.590+0000] {processor.py:914} INFO - Processing file /workspaces/hands-on-introduction-data-engineering-4395021/airflow/dags/one_task_dag.py for tasks to queue
[2025-01-19T05:08:24.591+0000] {logging_mixin.py:190} INFO - [2025-01-19T05:08:24.591+0000] {dagbag.py:588} INFO - Filling up the DagBag from /workspaces/hands-on-introduction-data-engineering-4395021/airflow/dags/one_task_dag.py
[2025-01-19T05:08:24.596+0000] {logging_mixin.py:190} INFO - [2025-01-19T05:08:24.595+0000] {dagbag.py:387} ERROR - Failed to import: /workspaces/hands-on-introduction-data-engineering-4395021/airflow/dags/one_task_dag.py
Traceback (most recent call last):
  File "/home/vscode/.local/lib/python3.10/site-packages/airflow/models/dagbag.py", line 383, in parse
    loader.exec_module(new_module)
  File "<frozen importlib._bootstrap_external>", line 883, in exec_module
  File "<frozen importlib._bootstrap>", line 241, in _call_with_frames_removed
  File "/workspaces/hands-on-introduction-data-engineering-4395021/airflow/dags/one_task_dag.py", line 13, in <module>
    'start_date': datetime(2025,)
TypeError: function missing required argument 'month' (pos 2)
[2025-01-19T05:08:24.596+0000] {processor.py:927} WARNING - No viable dags retrieved from /workspaces/hands-on-introduction-data-engineering-4395021/airflow/dags/one_task_dag.py
[2025-01-19T05:08:24.610+0000] {processor.py:208} INFO - Processing /workspaces/hands-on-introduction-data-engineering-4395021/airflow/dags/one_task_dag.py took 0.028 seconds
[2025-01-19T05:08:29.965+0000] {processor.py:186} INFO - Started process (PID=28315) to work on /workspaces/hands-on-introduction-data-engineering-4395021/airflow/dags/one_task_dag.py
[2025-01-19T05:08:29.966+0000] {processor.py:914} INFO - Processing file /workspaces/hands-on-introduction-data-engineering-4395021/airflow/dags/one_task_dag.py for tasks to queue
[2025-01-19T05:08:29.967+0000] {logging_mixin.py:190} INFO - [2025-01-19T05:08:29.967+0000] {dagbag.py:588} INFO - Filling up the DagBag from /workspaces/hands-on-introduction-data-engineering-4395021/airflow/dags/one_task_dag.py
[2025-01-19T05:08:29.969+0000] {logging_mixin.py:190} INFO - [2025-01-19T05:08:29.969+0000] {dagbag.py:387} ERROR - Failed to import: /workspaces/hands-on-introduction-data-engineering-4395021/airflow/dags/one_task_dag.py
Traceback (most recent call last):
  File "/home/vscode/.local/lib/python3.10/site-packages/airflow/models/dagbag.py", line 383, in parse
    loader.exec_module(new_module)
  File "<frozen importlib._bootstrap_external>", line 879, in exec_module
  File "<frozen importlib._bootstrap_external>", line 1017, in get_code
  File "<frozen importlib._bootstrap_external>", line 947, in source_to_code
  File "<frozen importlib._bootstrap>", line 241, in _call_with_frames_removed
  File "/workspaces/hands-on-introduction-data-engineering-4395021/airflow/dags/one_task_dag.py", line 13
    'start_date': datetime(2025, 01, )
                                 ^
SyntaxError: leading zeros in decimal integer literals are not permitted; use an 0o prefix for octal integers
[2025-01-19T05:08:29.970+0000] {processor.py:927} WARNING - No viable dags retrieved from /workspaces/hands-on-introduction-data-engineering-4395021/airflow/dags/one_task_dag.py
[2025-01-19T05:08:29.982+0000] {processor.py:208} INFO - Processing /workspaces/hands-on-introduction-data-engineering-4395021/airflow/dags/one_task_dag.py took 0.021 seconds
[2025-01-19T05:08:33.502+0000] {processor.py:186} INFO - Started process (PID=28343) to work on /workspaces/hands-on-introduction-data-engineering-4395021/airflow/dags/one_task_dag.py
[2025-01-19T05:08:33.503+0000] {processor.py:914} INFO - Processing file /workspaces/hands-on-introduction-data-engineering-4395021/airflow/dags/one_task_dag.py for tasks to queue
[2025-01-19T05:08:33.504+0000] {logging_mixin.py:190} INFO - [2025-01-19T05:08:33.503+0000] {dagbag.py:588} INFO - Filling up the DagBag from /workspaces/hands-on-introduction-data-engineering-4395021/airflow/dags/one_task_dag.py
[2025-01-19T05:08:33.506+0000] {logging_mixin.py:190} INFO - [2025-01-19T05:08:33.505+0000] {dagbag.py:387} ERROR - Failed to import: /workspaces/hands-on-introduction-data-engineering-4395021/airflow/dags/one_task_dag.py
Traceback (most recent call last):
  File "/home/vscode/.local/lib/python3.10/site-packages/airflow/models/dagbag.py", line 383, in parse
    loader.exec_module(new_module)
  File "<frozen importlib._bootstrap_external>", line 879, in exec_module
  File "<frozen importlib._bootstrap_external>", line 1017, in get_code
  File "<frozen importlib._bootstrap_external>", line 947, in source_to_code
  File "<frozen importlib._bootstrap>", line 241, in _call_with_frames_removed
  File "/workspaces/hands-on-introduction-data-engineering-4395021/airflow/dags/one_task_dag.py", line 13
    'start_date': datetime(2025, 01, 19)
                                 ^
SyntaxError: leading zeros in decimal integer literals are not permitted; use an 0o prefix for octal integers
[2025-01-19T05:08:33.507+0000] {processor.py:927} WARNING - No viable dags retrieved from /workspaces/hands-on-introduction-data-engineering-4395021/airflow/dags/one_task_dag.py
[2025-01-19T05:08:33.518+0000] {processor.py:208} INFO - Processing /workspaces/hands-on-introduction-data-engineering-4395021/airflow/dags/one_task_dag.py took 0.021 seconds
[2025-01-19T05:08:42.544+0000] {processor.py:186} INFO - Started process (PID=28429) to work on /workspaces/hands-on-introduction-data-engineering-4395021/airflow/dags/one_task_dag.py
[2025-01-19T05:08:42.545+0000] {processor.py:914} INFO - Processing file /workspaces/hands-on-introduction-data-engineering-4395021/airflow/dags/one_task_dag.py for tasks to queue
[2025-01-19T05:08:42.546+0000] {logging_mixin.py:190} INFO - [2025-01-19T05:08:42.545+0000] {dagbag.py:588} INFO - Filling up the DagBag from /workspaces/hands-on-introduction-data-engineering-4395021/airflow/dags/one_task_dag.py
[2025-01-19T05:08:42.553+0000] {processor.py:925} INFO - DAG(s) 'one_task_dag' retrieved from /workspaces/hands-on-introduction-data-engineering-4395021/airflow/dags/one_task_dag.py
[2025-01-19T05:08:42.630+0000] {logging_mixin.py:190} INFO - [2025-01-19T05:08:42.630+0000] {dag.py:3239} INFO - Sync 1 DAGs
[2025-01-19T05:08:42.638+0000] {logging_mixin.py:190} INFO - [2025-01-19T05:08:42.638+0000] {dag.py:4180} INFO - Setting next_dagrun for one_task_dag to None, run_after=None
[2025-01-19T05:08:42.657+0000] {processor.py:208} INFO - Processing /workspaces/hands-on-introduction-data-engineering-4395021/airflow/dags/one_task_dag.py took 0.118 seconds
[2025-01-19T05:08:55.586+0000] {processor.py:186} INFO - Started process (PID=28555) to work on /workspaces/hands-on-introduction-data-engineering-4395021/airflow/dags/one_task_dag.py
[2025-01-19T05:08:55.586+0000] {processor.py:914} INFO - Processing file /workspaces/hands-on-introduction-data-engineering-4395021/airflow/dags/one_task_dag.py for tasks to queue
[2025-01-19T05:08:55.588+0000] {logging_mixin.py:190} INFO - [2025-01-19T05:08:55.587+0000] {dagbag.py:588} INFO - Filling up the DagBag from /workspaces/hands-on-introduction-data-engineering-4395021/airflow/dags/one_task_dag.py
[2025-01-19T05:08:55.596+0000] {processor.py:925} INFO - DAG(s) 'one_task_dag' retrieved from /workspaces/hands-on-introduction-data-engineering-4395021/airflow/dags/one_task_dag.py
[2025-01-19T05:08:55.601+0000] {logging_mixin.py:190} INFO - [2025-01-19T05:08:55.601+0000] {dag.py:3239} INFO - Sync 1 DAGs
[2025-01-19T05:08:55.614+0000] {logging_mixin.py:190} INFO - [2025-01-19T05:08:55.614+0000] {dag.py:4180} INFO - Setting next_dagrun for one_task_dag to None, run_after=None
[2025-01-19T05:08:55.636+0000] {processor.py:208} INFO - Processing /workspaces/hands-on-introduction-data-engineering-4395021/airflow/dags/one_task_dag.py took 0.055 seconds
[2025-01-19T05:09:25.897+0000] {processor.py:186} INFO - Started process (PID=28842) to work on /workspaces/hands-on-introduction-data-engineering-4395021/airflow/dags/one_task_dag.py
[2025-01-19T05:09:25.898+0000] {processor.py:914} INFO - Processing file /workspaces/hands-on-introduction-data-engineering-4395021/airflow/dags/one_task_dag.py for tasks to queue
[2025-01-19T05:09:25.899+0000] {logging_mixin.py:190} INFO - [2025-01-19T05:09:25.898+0000] {dagbag.py:588} INFO - Filling up the DagBag from /workspaces/hands-on-introduction-data-engineering-4395021/airflow/dags/one_task_dag.py
[2025-01-19T05:09:25.906+0000] {processor.py:925} INFO - DAG(s) 'one_task_dag' retrieved from /workspaces/hands-on-introduction-data-engineering-4395021/airflow/dags/one_task_dag.py
[2025-01-19T05:09:25.922+0000] {logging_mixin.py:190} INFO - [2025-01-19T05:09:25.921+0000] {dag.py:3239} INFO - Sync 1 DAGs
[2025-01-19T05:09:25.931+0000] {logging_mixin.py:190} INFO - [2025-01-19T05:09:25.931+0000] {dag.py:4180} INFO - Setting next_dagrun for one_task_dag to None, run_after=None
[2025-01-19T05:09:25.946+0000] {processor.py:208} INFO - Processing /workspaces/hands-on-introduction-data-engineering-4395021/airflow/dags/one_task_dag.py took 0.054 seconds
[2025-01-19T05:09:56.204+0000] {processor.py:186} INFO - Started process (PID=29138) to work on /workspaces/hands-on-introduction-data-engineering-4395021/airflow/dags/one_task_dag.py
[2025-01-19T05:09:56.205+0000] {processor.py:914} INFO - Processing file /workspaces/hands-on-introduction-data-engineering-4395021/airflow/dags/one_task_dag.py for tasks to queue
[2025-01-19T05:09:56.207+0000] {logging_mixin.py:190} INFO - [2025-01-19T05:09:56.206+0000] {dagbag.py:588} INFO - Filling up the DagBag from /workspaces/hands-on-introduction-data-engineering-4395021/airflow/dags/one_task_dag.py
[2025-01-19T05:09:56.214+0000] {processor.py:925} INFO - DAG(s) 'one_task_dag' retrieved from /workspaces/hands-on-introduction-data-engineering-4395021/airflow/dags/one_task_dag.py
[2025-01-19T05:09:56.228+0000] {logging_mixin.py:190} INFO - [2025-01-19T05:09:56.228+0000] {dag.py:3239} INFO - Sync 1 DAGs
[2025-01-19T05:09:56.237+0000] {logging_mixin.py:190} INFO - [2025-01-19T05:09:56.237+0000] {dag.py:4180} INFO - Setting next_dagrun for one_task_dag to None, run_after=None
[2025-01-19T05:09:56.251+0000] {processor.py:208} INFO - Processing /workspaces/hands-on-introduction-data-engineering-4395021/airflow/dags/one_task_dag.py took 0.053 seconds
[2025-01-19T05:10:26.533+0000] {processor.py:186} INFO - Started process (PID=29455) to work on /workspaces/hands-on-introduction-data-engineering-4395021/airflow/dags/one_task_dag.py
[2025-01-19T05:10:26.534+0000] {processor.py:914} INFO - Processing file /workspaces/hands-on-introduction-data-engineering-4395021/airflow/dags/one_task_dag.py for tasks to queue
[2025-01-19T05:10:26.536+0000] {logging_mixin.py:190} INFO - [2025-01-19T05:10:26.535+0000] {dagbag.py:588} INFO - Filling up the DagBag from /workspaces/hands-on-introduction-data-engineering-4395021/airflow/dags/one_task_dag.py
[2025-01-19T05:10:26.542+0000] {processor.py:925} INFO - DAG(s) 'one_task_dag' retrieved from /workspaces/hands-on-introduction-data-engineering-4395021/airflow/dags/one_task_dag.py
[2025-01-19T05:10:26.557+0000] {logging_mixin.py:190} INFO - [2025-01-19T05:10:26.557+0000] {dag.py:3239} INFO - Sync 1 DAGs
[2025-01-19T05:10:26.566+0000] {logging_mixin.py:190} INFO - [2025-01-19T05:10:26.566+0000] {dag.py:4180} INFO - Setting next_dagrun for one_task_dag to None, run_after=None
[2025-01-19T05:10:26.580+0000] {processor.py:208} INFO - Processing /workspaces/hands-on-introduction-data-engineering-4395021/airflow/dags/one_task_dag.py took 0.052 seconds
[2025-01-19T05:10:56.844+0000] {processor.py:186} INFO - Started process (PID=29839) to work on /workspaces/hands-on-introduction-data-engineering-4395021/airflow/dags/one_task_dag.py
[2025-01-19T05:10:56.845+0000] {processor.py:914} INFO - Processing file /workspaces/hands-on-introduction-data-engineering-4395021/airflow/dags/one_task_dag.py for tasks to queue
[2025-01-19T05:10:56.847+0000] {logging_mixin.py:190} INFO - [2025-01-19T05:10:56.846+0000] {dagbag.py:588} INFO - Filling up the DagBag from /workspaces/hands-on-introduction-data-engineering-4395021/airflow/dags/one_task_dag.py
[2025-01-19T05:10:56.854+0000] {processor.py:925} INFO - DAG(s) 'one_task_dag' retrieved from /workspaces/hands-on-introduction-data-engineering-4395021/airflow/dags/one_task_dag.py
[2025-01-19T05:10:56.869+0000] {logging_mixin.py:190} INFO - [2025-01-19T05:10:56.869+0000] {dag.py:3239} INFO - Sync 1 DAGs
[2025-01-19T05:10:56.878+0000] {logging_mixin.py:190} INFO - [2025-01-19T05:10:56.878+0000] {dag.py:4180} INFO - Setting next_dagrun for one_task_dag to None, run_after=None
[2025-01-19T05:10:56.892+0000] {processor.py:208} INFO - Processing /workspaces/hands-on-introduction-data-engineering-4395021/airflow/dags/one_task_dag.py took 0.052 seconds
[2025-01-19T05:11:27.010+0000] {processor.py:186} INFO - Started process (PID=30145) to work on /workspaces/hands-on-introduction-data-engineering-4395021/airflow/dags/one_task_dag.py
[2025-01-19T05:11:27.010+0000] {processor.py:914} INFO - Processing file /workspaces/hands-on-introduction-data-engineering-4395021/airflow/dags/one_task_dag.py for tasks to queue
[2025-01-19T05:11:27.011+0000] {logging_mixin.py:190} INFO - [2025-01-19T05:11:27.011+0000] {dagbag.py:588} INFO - Filling up the DagBag from /workspaces/hands-on-introduction-data-engineering-4395021/airflow/dags/one_task_dag.py
[2025-01-19T05:11:27.018+0000] {processor.py:925} INFO - DAG(s) 'one_task_dag' retrieved from /workspaces/hands-on-introduction-data-engineering-4395021/airflow/dags/one_task_dag.py
[2025-01-19T05:11:27.032+0000] {logging_mixin.py:190} INFO - [2025-01-19T05:11:27.032+0000] {dag.py:3239} INFO - Sync 1 DAGs
[2025-01-19T05:11:27.041+0000] {logging_mixin.py:190} INFO - [2025-01-19T05:11:27.041+0000] {dag.py:4180} INFO - Setting next_dagrun for one_task_dag to None, run_after=None
[2025-01-19T05:11:27.055+0000] {processor.py:208} INFO - Processing /workspaces/hands-on-introduction-data-engineering-4395021/airflow/dags/one_task_dag.py took 0.051 seconds
[2025-01-19T05:11:57.371+0000] {processor.py:186} INFO - Started process (PID=30407) to work on /workspaces/hands-on-introduction-data-engineering-4395021/airflow/dags/one_task_dag.py
[2025-01-19T05:11:57.372+0000] {processor.py:914} INFO - Processing file /workspaces/hands-on-introduction-data-engineering-4395021/airflow/dags/one_task_dag.py for tasks to queue
[2025-01-19T05:11:57.373+0000] {logging_mixin.py:190} INFO - [2025-01-19T05:11:57.373+0000] {dagbag.py:588} INFO - Filling up the DagBag from /workspaces/hands-on-introduction-data-engineering-4395021/airflow/dags/one_task_dag.py
[2025-01-19T05:11:57.382+0000] {processor.py:925} INFO - DAG(s) 'one_task_dag' retrieved from /workspaces/hands-on-introduction-data-engineering-4395021/airflow/dags/one_task_dag.py
[2025-01-19T05:11:57.403+0000] {logging_mixin.py:190} INFO - [2025-01-19T05:11:57.403+0000] {dag.py:3239} INFO - Sync 1 DAGs
[2025-01-19T05:11:57.417+0000] {logging_mixin.py:190} INFO - [2025-01-19T05:11:57.417+0000] {dag.py:4180} INFO - Setting next_dagrun for one_task_dag to None, run_after=None
[2025-01-19T05:11:57.435+0000] {processor.py:208} INFO - Processing /workspaces/hands-on-introduction-data-engineering-4395021/airflow/dags/one_task_dag.py took 0.069 seconds
[2025-01-19T05:12:27.688+0000] {processor.py:186} INFO - Started process (PID=30668) to work on /workspaces/hands-on-introduction-data-engineering-4395021/airflow/dags/one_task_dag.py
[2025-01-19T05:12:27.689+0000] {processor.py:914} INFO - Processing file /workspaces/hands-on-introduction-data-engineering-4395021/airflow/dags/one_task_dag.py for tasks to queue
[2025-01-19T05:12:27.691+0000] {logging_mixin.py:190} INFO - [2025-01-19T05:12:27.690+0000] {dagbag.py:588} INFO - Filling up the DagBag from /workspaces/hands-on-introduction-data-engineering-4395021/airflow/dags/one_task_dag.py
[2025-01-19T05:12:27.698+0000] {processor.py:925} INFO - DAG(s) 'one_task_dag' retrieved from /workspaces/hands-on-introduction-data-engineering-4395021/airflow/dags/one_task_dag.py
[2025-01-19T05:12:27.712+0000] {logging_mixin.py:190} INFO - [2025-01-19T05:12:27.712+0000] {dag.py:3239} INFO - Sync 1 DAGs
[2025-01-19T05:12:27.721+0000] {logging_mixin.py:190} INFO - [2025-01-19T05:12:27.721+0000] {dag.py:4180} INFO - Setting next_dagrun for one_task_dag to None, run_after=None
[2025-01-19T05:12:27.735+0000] {processor.py:208} INFO - Processing /workspaces/hands-on-introduction-data-engineering-4395021/airflow/dags/one_task_dag.py took 0.052 seconds
[2025-01-19T05:12:57.992+0000] {processor.py:186} INFO - Started process (PID=30936) to work on /workspaces/hands-on-introduction-data-engineering-4395021/airflow/dags/one_task_dag.py
[2025-01-19T05:12:57.993+0000] {processor.py:914} INFO - Processing file /workspaces/hands-on-introduction-data-engineering-4395021/airflow/dags/one_task_dag.py for tasks to queue
[2025-01-19T05:12:57.995+0000] {logging_mixin.py:190} INFO - [2025-01-19T05:12:57.994+0000] {dagbag.py:588} INFO - Filling up the DagBag from /workspaces/hands-on-introduction-data-engineering-4395021/airflow/dags/one_task_dag.py
[2025-01-19T05:12:58.002+0000] {processor.py:925} INFO - DAG(s) 'one_task_dag' retrieved from /workspaces/hands-on-introduction-data-engineering-4395021/airflow/dags/one_task_dag.py
[2025-01-19T05:12:58.016+0000] {logging_mixin.py:190} INFO - [2025-01-19T05:12:58.016+0000] {dag.py:3239} INFO - Sync 1 DAGs
[2025-01-19T05:12:58.025+0000] {logging_mixin.py:190} INFO - [2025-01-19T05:12:58.025+0000] {dag.py:4180} INFO - Setting next_dagrun for one_task_dag to None, run_after=None
[2025-01-19T05:12:58.039+0000] {processor.py:208} INFO - Processing /workspaces/hands-on-introduction-data-engineering-4395021/airflow/dags/one_task_dag.py took 0.051 seconds
[2025-01-19T05:13:28.305+0000] {processor.py:186} INFO - Started process (PID=31204) to work on /workspaces/hands-on-introduction-data-engineering-4395021/airflow/dags/one_task_dag.py
[2025-01-19T05:13:28.306+0000] {processor.py:914} INFO - Processing file /workspaces/hands-on-introduction-data-engineering-4395021/airflow/dags/one_task_dag.py for tasks to queue
[2025-01-19T05:13:28.307+0000] {logging_mixin.py:190} INFO - [2025-01-19T05:13:28.307+0000] {dagbag.py:588} INFO - Filling up the DagBag from /workspaces/hands-on-introduction-data-engineering-4395021/airflow/dags/one_task_dag.py
[2025-01-19T05:13:28.327+0000] {processor.py:925} INFO - DAG(s) 'one_task_dag' retrieved from /workspaces/hands-on-introduction-data-engineering-4395021/airflow/dags/one_task_dag.py
[2025-01-19T05:13:28.357+0000] {logging_mixin.py:190} INFO - [2025-01-19T05:13:28.356+0000] {dag.py:3239} INFO - Sync 1 DAGs
[2025-01-19T05:13:28.367+0000] {logging_mixin.py:190} INFO - [2025-01-19T05:13:28.367+0000] {dag.py:4180} INFO - Setting next_dagrun for one_task_dag to None, run_after=None
[2025-01-19T05:13:28.381+0000] {processor.py:208} INFO - Processing /workspaces/hands-on-introduction-data-engineering-4395021/airflow/dags/one_task_dag.py took 0.081 seconds
[2025-01-19T05:13:58.630+0000] {processor.py:186} INFO - Started process (PID=31466) to work on /workspaces/hands-on-introduction-data-engineering-4395021/airflow/dags/one_task_dag.py
[2025-01-19T05:13:58.632+0000] {processor.py:914} INFO - Processing file /workspaces/hands-on-introduction-data-engineering-4395021/airflow/dags/one_task_dag.py for tasks to queue
[2025-01-19T05:13:58.634+0000] {logging_mixin.py:190} INFO - [2025-01-19T05:13:58.633+0000] {dagbag.py:588} INFO - Filling up the DagBag from /workspaces/hands-on-introduction-data-engineering-4395021/airflow/dags/one_task_dag.py
[2025-01-19T05:13:58.643+0000] {processor.py:925} INFO - DAG(s) 'one_task_dag' retrieved from /workspaces/hands-on-introduction-data-engineering-4395021/airflow/dags/one_task_dag.py
[2025-01-19T05:13:58.665+0000] {logging_mixin.py:190} INFO - [2025-01-19T05:13:58.665+0000] {dag.py:3239} INFO - Sync 1 DAGs
[2025-01-19T05:13:58.678+0000] {logging_mixin.py:190} INFO - [2025-01-19T05:13:58.678+0000] {dag.py:4180} INFO - Setting next_dagrun for one_task_dag to None, run_after=None
[2025-01-19T05:13:58.698+0000] {processor.py:208} INFO - Processing /workspaces/hands-on-introduction-data-engineering-4395021/airflow/dags/one_task_dag.py took 0.075 seconds
[2025-01-19T05:14:28.945+0000] {processor.py:186} INFO - Started process (PID=31741) to work on /workspaces/hands-on-introduction-data-engineering-4395021/airflow/dags/one_task_dag.py
[2025-01-19T05:14:28.946+0000] {processor.py:914} INFO - Processing file /workspaces/hands-on-introduction-data-engineering-4395021/airflow/dags/one_task_dag.py for tasks to queue
[2025-01-19T05:14:28.948+0000] {logging_mixin.py:190} INFO - [2025-01-19T05:14:28.947+0000] {dagbag.py:588} INFO - Filling up the DagBag from /workspaces/hands-on-introduction-data-engineering-4395021/airflow/dags/one_task_dag.py
[2025-01-19T05:14:28.956+0000] {processor.py:925} INFO - DAG(s) 'one_task_dag' retrieved from /workspaces/hands-on-introduction-data-engineering-4395021/airflow/dags/one_task_dag.py
[2025-01-19T05:14:28.974+0000] {logging_mixin.py:190} INFO - [2025-01-19T05:14:28.974+0000] {dag.py:3239} INFO - Sync 1 DAGs
[2025-01-19T05:14:28.983+0000] {logging_mixin.py:190} INFO - [2025-01-19T05:14:28.983+0000] {dag.py:4180} INFO - Setting next_dagrun for one_task_dag to None, run_after=None
[2025-01-19T05:14:28.997+0000] {processor.py:208} INFO - Processing /workspaces/hands-on-introduction-data-engineering-4395021/airflow/dags/one_task_dag.py took 0.056 seconds
[2025-01-19T05:14:59.263+0000] {processor.py:186} INFO - Started process (PID=31999) to work on /workspaces/hands-on-introduction-data-engineering-4395021/airflow/dags/one_task_dag.py
[2025-01-19T05:14:59.263+0000] {processor.py:914} INFO - Processing file /workspaces/hands-on-introduction-data-engineering-4395021/airflow/dags/one_task_dag.py for tasks to queue
[2025-01-19T05:14:59.265+0000] {logging_mixin.py:190} INFO - [2025-01-19T05:14:59.265+0000] {dagbag.py:588} INFO - Filling up the DagBag from /workspaces/hands-on-introduction-data-engineering-4395021/airflow/dags/one_task_dag.py
[2025-01-19T05:14:59.272+0000] {processor.py:925} INFO - DAG(s) 'one_task_dag' retrieved from /workspaces/hands-on-introduction-data-engineering-4395021/airflow/dags/one_task_dag.py
[2025-01-19T05:14:59.286+0000] {logging_mixin.py:190} INFO - [2025-01-19T05:14:59.286+0000] {dag.py:3239} INFO - Sync 1 DAGs
[2025-01-19T05:14:59.295+0000] {logging_mixin.py:190} INFO - [2025-01-19T05:14:59.295+0000] {dag.py:4180} INFO - Setting next_dagrun for one_task_dag to None, run_after=None
[2025-01-19T05:14:59.309+0000] {processor.py:208} INFO - Processing /workspaces/hands-on-introduction-data-engineering-4395021/airflow/dags/one_task_dag.py took 0.051 seconds
[2025-01-19T05:15:29.572+0000] {processor.py:186} INFO - Started process (PID=32272) to work on /workspaces/hands-on-introduction-data-engineering-4395021/airflow/dags/one_task_dag.py
[2025-01-19T05:15:29.573+0000] {processor.py:914} INFO - Processing file /workspaces/hands-on-introduction-data-engineering-4395021/airflow/dags/one_task_dag.py for tasks to queue
[2025-01-19T05:15:29.575+0000] {logging_mixin.py:190} INFO - [2025-01-19T05:15:29.574+0000] {dagbag.py:588} INFO - Filling up the DagBag from /workspaces/hands-on-introduction-data-engineering-4395021/airflow/dags/one_task_dag.py
[2025-01-19T05:15:29.582+0000] {processor.py:925} INFO - DAG(s) 'one_task_dag' retrieved from /workspaces/hands-on-introduction-data-engineering-4395021/airflow/dags/one_task_dag.py
[2025-01-19T05:15:29.596+0000] {logging_mixin.py:190} INFO - [2025-01-19T05:15:29.596+0000] {dag.py:3239} INFO - Sync 1 DAGs
[2025-01-19T05:15:29.605+0000] {logging_mixin.py:190} INFO - [2025-01-19T05:15:29.605+0000] {dag.py:4180} INFO - Setting next_dagrun for one_task_dag to None, run_after=None
[2025-01-19T05:15:29.619+0000] {processor.py:208} INFO - Processing /workspaces/hands-on-introduction-data-engineering-4395021/airflow/dags/one_task_dag.py took 0.052 seconds
[2025-01-19T05:15:59.814+0000] {processor.py:186} INFO - Started process (PID=32571) to work on /workspaces/hands-on-introduction-data-engineering-4395021/airflow/dags/one_task_dag.py
[2025-01-19T05:15:59.815+0000] {processor.py:914} INFO - Processing file /workspaces/hands-on-introduction-data-engineering-4395021/airflow/dags/one_task_dag.py for tasks to queue
[2025-01-19T05:15:59.816+0000] {logging_mixin.py:190} INFO - [2025-01-19T05:15:59.816+0000] {dagbag.py:588} INFO - Filling up the DagBag from /workspaces/hands-on-introduction-data-engineering-4395021/airflow/dags/one_task_dag.py
[2025-01-19T05:15:59.823+0000] {processor.py:925} INFO - DAG(s) 'one_task_dag' retrieved from /workspaces/hands-on-introduction-data-engineering-4395021/airflow/dags/one_task_dag.py
[2025-01-19T05:15:59.837+0000] {logging_mixin.py:190} INFO - [2025-01-19T05:15:59.837+0000] {dag.py:3239} INFO - Sync 1 DAGs
[2025-01-19T05:15:59.846+0000] {logging_mixin.py:190} INFO - [2025-01-19T05:15:59.846+0000] {dag.py:4180} INFO - Setting next_dagrun for one_task_dag to None, run_after=None
[2025-01-19T05:15:59.861+0000] {processor.py:208} INFO - Processing /workspaces/hands-on-introduction-data-engineering-4395021/airflow/dags/one_task_dag.py took 0.051 seconds
[2025-01-19T05:16:29.984+0000] {processor.py:186} INFO - Started process (PID=32847) to work on /workspaces/hands-on-introduction-data-engineering-4395021/airflow/dags/one_task_dag.py
[2025-01-19T05:16:29.985+0000] {processor.py:914} INFO - Processing file /workspaces/hands-on-introduction-data-engineering-4395021/airflow/dags/one_task_dag.py for tasks to queue
[2025-01-19T05:16:29.985+0000] {logging_mixin.py:190} INFO - [2025-01-19T05:16:29.985+0000] {dagbag.py:588} INFO - Filling up the DagBag from /workspaces/hands-on-introduction-data-engineering-4395021/airflow/dags/one_task_dag.py
[2025-01-19T05:16:29.992+0000] {processor.py:925} INFO - DAG(s) 'one_task_dag' retrieved from /workspaces/hands-on-introduction-data-engineering-4395021/airflow/dags/one_task_dag.py
[2025-01-19T05:16:30.006+0000] {logging_mixin.py:190} INFO - [2025-01-19T05:16:30.006+0000] {dag.py:3239} INFO - Sync 1 DAGs
[2025-01-19T05:16:30.015+0000] {logging_mixin.py:190} INFO - [2025-01-19T05:16:30.015+0000] {dag.py:4180} INFO - Setting next_dagrun for one_task_dag to None, run_after=None
[2025-01-19T05:16:30.029+0000] {processor.py:208} INFO - Processing /workspaces/hands-on-introduction-data-engineering-4395021/airflow/dags/one_task_dag.py took 0.050 seconds
[2025-01-19T05:17:00.146+0000] {processor.py:186} INFO - Started process (PID=33120) to work on /workspaces/hands-on-introduction-data-engineering-4395021/airflow/dags/one_task_dag.py
[2025-01-19T05:17:00.147+0000] {processor.py:914} INFO - Processing file /workspaces/hands-on-introduction-data-engineering-4395021/airflow/dags/one_task_dag.py for tasks to queue
[2025-01-19T05:17:00.148+0000] {logging_mixin.py:190} INFO - [2025-01-19T05:17:00.147+0000] {dagbag.py:588} INFO - Filling up the DagBag from /workspaces/hands-on-introduction-data-engineering-4395021/airflow/dags/one_task_dag.py
[2025-01-19T05:17:00.156+0000] {processor.py:925} INFO - DAG(s) 'one_task_dag' retrieved from /workspaces/hands-on-introduction-data-engineering-4395021/airflow/dags/one_task_dag.py
[2025-01-19T05:17:00.180+0000] {logging_mixin.py:190} INFO - [2025-01-19T05:17:00.180+0000] {dag.py:3239} INFO - Sync 1 DAGs
[2025-01-19T05:17:00.195+0000] {logging_mixin.py:190} INFO - [2025-01-19T05:17:00.195+0000] {dag.py:4180} INFO - Setting next_dagrun for one_task_dag to None, run_after=None
[2025-01-19T05:17:00.213+0000] {processor.py:208} INFO - Processing /workspaces/hands-on-introduction-data-engineering-4395021/airflow/dags/one_task_dag.py took 0.071 seconds
[2025-01-19T05:17:11.413+0000] {processor.py:186} INFO - Started process (PID=33234) to work on /workspaces/hands-on-introduction-data-engineering-4395021/airflow/dags/one_task_dag.py
[2025-01-19T05:17:11.414+0000] {processor.py:914} INFO - Processing file /workspaces/hands-on-introduction-data-engineering-4395021/airflow/dags/one_task_dag.py for tasks to queue
[2025-01-19T05:17:11.415+0000] {logging_mixin.py:190} INFO - [2025-01-19T05:17:11.415+0000] {dagbag.py:588} INFO - Filling up the DagBag from /workspaces/hands-on-introduction-data-engineering-4395021/airflow/dags/one_task_dag.py
[2025-01-19T05:17:11.424+0000] {processor.py:925} INFO - DAG(s) 'one_task_dag' retrieved from /workspaces/hands-on-introduction-data-engineering-4395021/airflow/dags/one_task_dag.py
[2025-01-19T05:17:11.509+0000] {logging_mixin.py:190} INFO - [2025-01-19T05:17:11.509+0000] {dag.py:3239} INFO - Sync 1 DAGs
[2025-01-19T05:17:11.518+0000] {logging_mixin.py:190} INFO - [2025-01-19T05:17:11.518+0000] {dag.py:4180} INFO - Setting next_dagrun for one_task_dag to None, run_after=None
[2025-01-19T05:17:11.535+0000] {processor.py:208} INFO - Processing /workspaces/hands-on-introduction-data-engineering-4395021/airflow/dags/one_task_dag.py took 0.127 seconds
[2025-01-19T05:17:14.736+0000] {processor.py:186} INFO - Started process (PID=33261) to work on /workspaces/hands-on-introduction-data-engineering-4395021/airflow/dags/one_task_dag.py
[2025-01-19T05:17:14.737+0000] {processor.py:914} INFO - Processing file /workspaces/hands-on-introduction-data-engineering-4395021/airflow/dags/one_task_dag.py for tasks to queue
[2025-01-19T05:17:14.738+0000] {logging_mixin.py:190} INFO - [2025-01-19T05:17:14.738+0000] {dagbag.py:588} INFO - Filling up the DagBag from /workspaces/hands-on-introduction-data-engineering-4395021/airflow/dags/one_task_dag.py
[2025-01-19T05:17:14.746+0000] {processor.py:925} INFO - DAG(s) 'one_task_dag' retrieved from /workspaces/hands-on-introduction-data-engineering-4395021/airflow/dags/one_task_dag.py
[2025-01-19T05:17:14.752+0000] {logging_mixin.py:190} INFO - [2025-01-19T05:17:14.752+0000] {dag.py:3239} INFO - Sync 1 DAGs
[2025-01-19T05:17:14.762+0000] {logging_mixin.py:190} INFO - [2025-01-19T05:17:14.762+0000] {dag.py:4180} INFO - Setting next_dagrun for one_task_dag to None, run_after=None
[2025-01-19T05:17:14.779+0000] {processor.py:208} INFO - Processing /workspaces/hands-on-introduction-data-engineering-4395021/airflow/dags/one_task_dag.py took 0.048 seconds
[2025-01-19T05:17:18.514+0000] {processor.py:186} INFO - Started process (PID=33298) to work on /workspaces/hands-on-introduction-data-engineering-4395021/airflow/dags/one_task_dag.py
[2025-01-19T05:17:18.515+0000] {processor.py:914} INFO - Processing file /workspaces/hands-on-introduction-data-engineering-4395021/airflow/dags/one_task_dag.py for tasks to queue
[2025-01-19T05:17:18.516+0000] {logging_mixin.py:190} INFO - [2025-01-19T05:17:18.516+0000] {dagbag.py:588} INFO - Filling up the DagBag from /workspaces/hands-on-introduction-data-engineering-4395021/airflow/dags/one_task_dag.py
[2025-01-19T05:17:18.528+0000] {processor.py:925} INFO - DAG(s) 'one_task_dag' retrieved from /workspaces/hands-on-introduction-data-engineering-4395021/airflow/dags/one_task_dag.py
[2025-01-19T05:17:18.536+0000] {logging_mixin.py:190} INFO - [2025-01-19T05:17:18.536+0000] {dag.py:3239} INFO - Sync 1 DAGs
[2025-01-19T05:17:18.548+0000] {logging_mixin.py:190} INFO - [2025-01-19T05:17:18.548+0000] {dag.py:4180} INFO - Setting next_dagrun for one_task_dag to None, run_after=None
[2025-01-19T05:17:18.565+0000] {processor.py:208} INFO - Processing /workspaces/hands-on-introduction-data-engineering-4395021/airflow/dags/one_task_dag.py took 0.059 seconds
[2025-01-19T05:17:48.711+0000] {processor.py:186} INFO - Started process (PID=33635) to work on /workspaces/hands-on-introduction-data-engineering-4395021/airflow/dags/one_task_dag.py
[2025-01-19T05:17:48.711+0000] {processor.py:914} INFO - Processing file /workspaces/hands-on-introduction-data-engineering-4395021/airflow/dags/one_task_dag.py for tasks to queue
[2025-01-19T05:17:48.712+0000] {logging_mixin.py:190} INFO - [2025-01-19T05:17:48.712+0000] {dagbag.py:588} INFO - Filling up the DagBag from /workspaces/hands-on-introduction-data-engineering-4395021/airflow/dags/one_task_dag.py
[2025-01-19T05:17:48.719+0000] {processor.py:925} INFO - DAG(s) 'one_task_dag' retrieved from /workspaces/hands-on-introduction-data-engineering-4395021/airflow/dags/one_task_dag.py
[2025-01-19T05:17:48.797+0000] {logging_mixin.py:190} INFO - [2025-01-19T05:17:48.797+0000] {dag.py:3239} INFO - Sync 1 DAGs
[2025-01-19T05:17:48.805+0000] {logging_mixin.py:190} INFO - [2025-01-19T05:17:48.805+0000] {dag.py:4180} INFO - Setting next_dagrun for one_task_dag to None, run_after=None
[2025-01-19T05:17:48.819+0000] {processor.py:208} INFO - Processing /workspaces/hands-on-introduction-data-engineering-4395021/airflow/dags/one_task_dag.py took 0.114 seconds
[2025-01-19T05:18:18.976+0000] {processor.py:186} INFO - Started process (PID=33909) to work on /workspaces/hands-on-introduction-data-engineering-4395021/airflow/dags/one_task_dag.py
[2025-01-19T05:18:18.977+0000] {processor.py:914} INFO - Processing file /workspaces/hands-on-introduction-data-engineering-4395021/airflow/dags/one_task_dag.py for tasks to queue
[2025-01-19T05:18:18.978+0000] {logging_mixin.py:190} INFO - [2025-01-19T05:18:18.978+0000] {dagbag.py:588} INFO - Filling up the DagBag from /workspaces/hands-on-introduction-data-engineering-4395021/airflow/dags/one_task_dag.py
[2025-01-19T05:18:18.985+0000] {processor.py:925} INFO - DAG(s) 'one_task_dag' retrieved from /workspaces/hands-on-introduction-data-engineering-4395021/airflow/dags/one_task_dag.py
[2025-01-19T05:18:18.999+0000] {logging_mixin.py:190} INFO - [2025-01-19T05:18:18.999+0000] {dag.py:3239} INFO - Sync 1 DAGs
[2025-01-19T05:18:19.009+0000] {logging_mixin.py:190} INFO - [2025-01-19T05:18:19.008+0000] {dag.py:4180} INFO - Setting next_dagrun for one_task_dag to None, run_after=None
[2025-01-19T05:18:19.023+0000] {processor.py:208} INFO - Processing /workspaces/hands-on-introduction-data-engineering-4395021/airflow/dags/one_task_dag.py took 0.051 seconds
[2025-01-19T05:18:49.185+0000] {processor.py:186} INFO - Started process (PID=34177) to work on /workspaces/hands-on-introduction-data-engineering-4395021/airflow/dags/one_task_dag.py
[2025-01-19T05:18:49.185+0000] {processor.py:914} INFO - Processing file /workspaces/hands-on-introduction-data-engineering-4395021/airflow/dags/one_task_dag.py for tasks to queue
[2025-01-19T05:18:49.186+0000] {logging_mixin.py:190} INFO - [2025-01-19T05:18:49.186+0000] {dagbag.py:588} INFO - Filling up the DagBag from /workspaces/hands-on-introduction-data-engineering-4395021/airflow/dags/one_task_dag.py
[2025-01-19T05:18:49.205+0000] {processor.py:925} INFO - DAG(s) 'one_task_dag' retrieved from /workspaces/hands-on-introduction-data-engineering-4395021/airflow/dags/one_task_dag.py
[2025-01-19T05:18:49.225+0000] {logging_mixin.py:190} INFO - [2025-01-19T05:18:49.225+0000] {dag.py:3239} INFO - Sync 1 DAGs
[2025-01-19T05:18:49.235+0000] {logging_mixin.py:190} INFO - [2025-01-19T05:18:49.235+0000] {dag.py:4180} INFO - Setting next_dagrun for one_task_dag to None, run_after=None
[2025-01-19T05:18:49.250+0000] {processor.py:208} INFO - Processing /workspaces/hands-on-introduction-data-engineering-4395021/airflow/dags/one_task_dag.py took 0.070 seconds
[2025-01-19T05:19:19.383+0000] {processor.py:186} INFO - Started process (PID=34439) to work on /workspaces/hands-on-introduction-data-engineering-4395021/airflow/dags/one_task_dag.py
[2025-01-19T05:19:19.384+0000] {processor.py:914} INFO - Processing file /workspaces/hands-on-introduction-data-engineering-4395021/airflow/dags/one_task_dag.py for tasks to queue
[2025-01-19T05:19:19.385+0000] {logging_mixin.py:190} INFO - [2025-01-19T05:19:19.384+0000] {dagbag.py:588} INFO - Filling up the DagBag from /workspaces/hands-on-introduction-data-engineering-4395021/airflow/dags/one_task_dag.py
[2025-01-19T05:19:19.392+0000] {processor.py:925} INFO - DAG(s) 'one_task_dag' retrieved from /workspaces/hands-on-introduction-data-engineering-4395021/airflow/dags/one_task_dag.py
[2025-01-19T05:19:19.406+0000] {logging_mixin.py:190} INFO - [2025-01-19T05:19:19.406+0000] {dag.py:3239} INFO - Sync 1 DAGs
[2025-01-19T05:19:19.416+0000] {logging_mixin.py:190} INFO - [2025-01-19T05:19:19.415+0000] {dag.py:4180} INFO - Setting next_dagrun for one_task_dag to None, run_after=None
[2025-01-19T05:19:19.433+0000] {processor.py:208} INFO - Processing /workspaces/hands-on-introduction-data-engineering-4395021/airflow/dags/one_task_dag.py took 0.054 seconds
[2025-01-19T05:19:49.596+0000] {processor.py:186} INFO - Started process (PID=34705) to work on /workspaces/hands-on-introduction-data-engineering-4395021/airflow/dags/one_task_dag.py
[2025-01-19T05:19:49.597+0000] {processor.py:914} INFO - Processing file /workspaces/hands-on-introduction-data-engineering-4395021/airflow/dags/one_task_dag.py for tasks to queue
[2025-01-19T05:19:49.598+0000] {logging_mixin.py:190} INFO - [2025-01-19T05:19:49.598+0000] {dagbag.py:588} INFO - Filling up the DagBag from /workspaces/hands-on-introduction-data-engineering-4395021/airflow/dags/one_task_dag.py
[2025-01-19T05:19:49.605+0000] {processor.py:925} INFO - DAG(s) 'one_task_dag' retrieved from /workspaces/hands-on-introduction-data-engineering-4395021/airflow/dags/one_task_dag.py
[2025-01-19T05:19:49.620+0000] {logging_mixin.py:190} INFO - [2025-01-19T05:19:49.620+0000] {dag.py:3239} INFO - Sync 1 DAGs
[2025-01-19T05:19:49.630+0000] {logging_mixin.py:190} INFO - [2025-01-19T05:19:49.630+0000] {dag.py:4180} INFO - Setting next_dagrun for one_task_dag to None, run_after=None
[2025-01-19T05:19:49.645+0000] {processor.py:208} INFO - Processing /workspaces/hands-on-introduction-data-engineering-4395021/airflow/dags/one_task_dag.py took 0.053 seconds
[2025-01-19T05:20:19.800+0000] {processor.py:186} INFO - Started process (PID=34971) to work on /workspaces/hands-on-introduction-data-engineering-4395021/airflow/dags/one_task_dag.py
[2025-01-19T05:20:19.800+0000] {processor.py:914} INFO - Processing file /workspaces/hands-on-introduction-data-engineering-4395021/airflow/dags/one_task_dag.py for tasks to queue
[2025-01-19T05:20:19.802+0000] {logging_mixin.py:190} INFO - [2025-01-19T05:20:19.801+0000] {dagbag.py:588} INFO - Filling up the DagBag from /workspaces/hands-on-introduction-data-engineering-4395021/airflow/dags/one_task_dag.py
[2025-01-19T05:20:19.809+0000] {processor.py:925} INFO - DAG(s) 'one_task_dag' retrieved from /workspaces/hands-on-introduction-data-engineering-4395021/airflow/dags/one_task_dag.py
[2025-01-19T05:20:19.824+0000] {logging_mixin.py:190} INFO - [2025-01-19T05:20:19.824+0000] {dag.py:3239} INFO - Sync 1 DAGs
[2025-01-19T05:20:19.833+0000] {logging_mixin.py:190} INFO - [2025-01-19T05:20:19.833+0000] {dag.py:4180} INFO - Setting next_dagrun for one_task_dag to None, run_after=None
[2025-01-19T05:20:19.848+0000] {processor.py:208} INFO - Processing /workspaces/hands-on-introduction-data-engineering-4395021/airflow/dags/one_task_dag.py took 0.053 seconds
[2025-01-19T05:20:50.034+0000] {processor.py:186} INFO - Started process (PID=35231) to work on /workspaces/hands-on-introduction-data-engineering-4395021/airflow/dags/one_task_dag.py
[2025-01-19T05:20:50.035+0000] {processor.py:914} INFO - Processing file /workspaces/hands-on-introduction-data-engineering-4395021/airflow/dags/one_task_dag.py for tasks to queue
[2025-01-19T05:20:50.036+0000] {logging_mixin.py:190} INFO - [2025-01-19T05:20:50.036+0000] {dagbag.py:588} INFO - Filling up the DagBag from /workspaces/hands-on-introduction-data-engineering-4395021/airflow/dags/one_task_dag.py
[2025-01-19T05:20:50.045+0000] {processor.py:925} INFO - DAG(s) 'one_task_dag' retrieved from /workspaces/hands-on-introduction-data-engineering-4395021/airflow/dags/one_task_dag.py
[2025-01-19T05:20:50.066+0000] {logging_mixin.py:190} INFO - [2025-01-19T05:20:50.066+0000] {dag.py:3239} INFO - Sync 1 DAGs
[2025-01-19T05:20:50.081+0000] {logging_mixin.py:190} INFO - [2025-01-19T05:20:50.081+0000] {dag.py:4180} INFO - Setting next_dagrun for one_task_dag to None, run_after=None
[2025-01-19T05:20:50.108+0000] {processor.py:208} INFO - Processing /workspaces/hands-on-introduction-data-engineering-4395021/airflow/dags/one_task_dag.py took 0.079 seconds
[2025-01-19T05:21:20.234+0000] {processor.py:186} INFO - Started process (PID=35491) to work on /workspaces/hands-on-introduction-data-engineering-4395021/airflow/dags/one_task_dag.py
[2025-01-19T05:21:20.235+0000] {processor.py:914} INFO - Processing file /workspaces/hands-on-introduction-data-engineering-4395021/airflow/dags/one_task_dag.py for tasks to queue
[2025-01-19T05:21:20.235+0000] {logging_mixin.py:190} INFO - [2025-01-19T05:21:20.235+0000] {dagbag.py:588} INFO - Filling up the DagBag from /workspaces/hands-on-introduction-data-engineering-4395021/airflow/dags/one_task_dag.py
[2025-01-19T05:21:20.242+0000] {processor.py:925} INFO - DAG(s) 'one_task_dag' retrieved from /workspaces/hands-on-introduction-data-engineering-4395021/airflow/dags/one_task_dag.py
[2025-01-19T05:21:20.257+0000] {logging_mixin.py:190} INFO - [2025-01-19T05:21:20.257+0000] {dag.py:3239} INFO - Sync 1 DAGs
[2025-01-19T05:21:20.267+0000] {logging_mixin.py:190} INFO - [2025-01-19T05:21:20.267+0000] {dag.py:4180} INFO - Setting next_dagrun for one_task_dag to None, run_after=None
[2025-01-19T05:21:20.282+0000] {processor.py:208} INFO - Processing /workspaces/hands-on-introduction-data-engineering-4395021/airflow/dags/one_task_dag.py took 0.053 seconds
[2025-01-19T05:21:50.460+0000] {processor.py:186} INFO - Started process (PID=35756) to work on /workspaces/hands-on-introduction-data-engineering-4395021/airflow/dags/one_task_dag.py
[2025-01-19T05:21:50.460+0000] {processor.py:914} INFO - Processing file /workspaces/hands-on-introduction-data-engineering-4395021/airflow/dags/one_task_dag.py for tasks to queue
[2025-01-19T05:21:50.461+0000] {logging_mixin.py:190} INFO - [2025-01-19T05:21:50.461+0000] {dagbag.py:588} INFO - Filling up the DagBag from /workspaces/hands-on-introduction-data-engineering-4395021/airflow/dags/one_task_dag.py
[2025-01-19T05:21:50.469+0000] {processor.py:925} INFO - DAG(s) 'one_task_dag' retrieved from /workspaces/hands-on-introduction-data-engineering-4395021/airflow/dags/one_task_dag.py
[2025-01-19T05:21:50.485+0000] {logging_mixin.py:190} INFO - [2025-01-19T05:21:50.485+0000] {dag.py:3239} INFO - Sync 1 DAGs
[2025-01-19T05:21:50.495+0000] {logging_mixin.py:190} INFO - [2025-01-19T05:21:50.495+0000] {dag.py:4180} INFO - Setting next_dagrun for one_task_dag to None, run_after=None
[2025-01-19T05:21:50.510+0000] {processor.py:208} INFO - Processing /workspaces/hands-on-introduction-data-engineering-4395021/airflow/dags/one_task_dag.py took 0.055 seconds
[2025-01-19T05:22:20.647+0000] {processor.py:186} INFO - Started process (PID=36018) to work on /workspaces/hands-on-introduction-data-engineering-4395021/airflow/dags/one_task_dag.py
[2025-01-19T05:22:20.648+0000] {processor.py:914} INFO - Processing file /workspaces/hands-on-introduction-data-engineering-4395021/airflow/dags/one_task_dag.py for tasks to queue
[2025-01-19T05:22:20.649+0000] {logging_mixin.py:190} INFO - [2025-01-19T05:22:20.649+0000] {dagbag.py:588} INFO - Filling up the DagBag from /workspaces/hands-on-introduction-data-engineering-4395021/airflow/dags/one_task_dag.py
[2025-01-19T05:22:20.656+0000] {processor.py:925} INFO - DAG(s) 'one_task_dag' retrieved from /workspaces/hands-on-introduction-data-engineering-4395021/airflow/dags/one_task_dag.py
[2025-01-19T05:22:20.671+0000] {logging_mixin.py:190} INFO - [2025-01-19T05:22:20.671+0000] {dag.py:3239} INFO - Sync 1 DAGs
[2025-01-19T05:22:20.681+0000] {logging_mixin.py:190} INFO - [2025-01-19T05:22:20.681+0000] {dag.py:4180} INFO - Setting next_dagrun for one_task_dag to None, run_after=None
[2025-01-19T05:22:20.696+0000] {processor.py:208} INFO - Processing /workspaces/hands-on-introduction-data-engineering-4395021/airflow/dags/one_task_dag.py took 0.054 seconds
[2025-01-19T05:22:50.861+0000] {processor.py:186} INFO - Started process (PID=36288) to work on /workspaces/hands-on-introduction-data-engineering-4395021/airflow/dags/one_task_dag.py
[2025-01-19T05:22:50.862+0000] {processor.py:914} INFO - Processing file /workspaces/hands-on-introduction-data-engineering-4395021/airflow/dags/one_task_dag.py for tasks to queue
[2025-01-19T05:22:50.863+0000] {logging_mixin.py:190} INFO - [2025-01-19T05:22:50.863+0000] {dagbag.py:588} INFO - Filling up the DagBag from /workspaces/hands-on-introduction-data-engineering-4395021/airflow/dags/one_task_dag.py
[2025-01-19T05:22:50.870+0000] {processor.py:925} INFO - DAG(s) 'one_task_dag' retrieved from /workspaces/hands-on-introduction-data-engineering-4395021/airflow/dags/one_task_dag.py
[2025-01-19T05:22:50.885+0000] {logging_mixin.py:190} INFO - [2025-01-19T05:22:50.885+0000] {dag.py:3239} INFO - Sync 1 DAGs
[2025-01-19T05:22:50.895+0000] {logging_mixin.py:190} INFO - [2025-01-19T05:22:50.895+0000] {dag.py:4180} INFO - Setting next_dagrun for one_task_dag to None, run_after=None
[2025-01-19T05:22:50.910+0000] {processor.py:208} INFO - Processing /workspaces/hands-on-introduction-data-engineering-4395021/airflow/dags/one_task_dag.py took 0.053 seconds
[2025-01-19T05:23:07.913+0000] {processor.py:186} INFO - Started process (PID=36444) to work on /workspaces/hands-on-introduction-data-engineering-4395021/airflow/dags/one_task_dag.py
[2025-01-19T05:23:07.914+0000] {processor.py:914} INFO - Processing file /workspaces/hands-on-introduction-data-engineering-4395021/airflow/dags/one_task_dag.py for tasks to queue
[2025-01-19T05:23:07.915+0000] {logging_mixin.py:190} INFO - [2025-01-19T05:23:07.914+0000] {dagbag.py:588} INFO - Filling up the DagBag from /workspaces/hands-on-introduction-data-engineering-4395021/airflow/dags/one_task_dag.py
[2025-01-19T05:23:07.924+0000] {processor.py:925} INFO - DAG(s) 'one_task_dag' retrieved from /workspaces/hands-on-introduction-data-engineering-4395021/airflow/dags/one_task_dag.py
[2025-01-19T05:23:08.007+0000] {logging_mixin.py:190} INFO - [2025-01-19T05:23:08.007+0000] {dag.py:3239} INFO - Sync 1 DAGs
[2025-01-19T05:23:08.015+0000] {logging_mixin.py:190} INFO - [2025-01-19T05:23:08.015+0000] {dag.py:4180} INFO - Setting next_dagrun for one_task_dag to None, run_after=None
[2025-01-19T05:23:08.031+0000] {processor.py:208} INFO - Processing /workspaces/hands-on-introduction-data-engineering-4395021/airflow/dags/one_task_dag.py took 0.123 seconds
[2025-01-19T05:23:11.208+0000] {processor.py:186} INFO - Started process (PID=36478) to work on /workspaces/hands-on-introduction-data-engineering-4395021/airflow/dags/one_task_dag.py
[2025-01-19T05:23:11.209+0000] {processor.py:914} INFO - Processing file /workspaces/hands-on-introduction-data-engineering-4395021/airflow/dags/one_task_dag.py for tasks to queue
[2025-01-19T05:23:11.210+0000] {logging_mixin.py:190} INFO - [2025-01-19T05:23:11.210+0000] {dagbag.py:588} INFO - Filling up the DagBag from /workspaces/hands-on-introduction-data-engineering-4395021/airflow/dags/one_task_dag.py
[2025-01-19T05:23:11.226+0000] {processor.py:925} INFO - DAG(s) 'one_task_dag' retrieved from /workspaces/hands-on-introduction-data-engineering-4395021/airflow/dags/one_task_dag.py
[2025-01-19T05:23:11.232+0000] {logging_mixin.py:190} INFO - [2025-01-19T05:23:11.232+0000] {dag.py:3239} INFO - Sync 1 DAGs
[2025-01-19T05:23:11.243+0000] {logging_mixin.py:190} INFO - [2025-01-19T05:23:11.243+0000] {dag.py:4180} INFO - Setting next_dagrun for one_task_dag to None, run_after=None
[2025-01-19T05:23:11.264+0000] {processor.py:208} INFO - Processing /workspaces/hands-on-introduction-data-engineering-4395021/airflow/dags/one_task_dag.py took 0.061 seconds
[2025-01-19T05:23:41.433+0000] {processor.py:186} INFO - Started process (PID=36774) to work on /workspaces/hands-on-introduction-data-engineering-4395021/airflow/dags/one_task_dag.py
[2025-01-19T05:23:41.434+0000] {processor.py:914} INFO - Processing file /workspaces/hands-on-introduction-data-engineering-4395021/airflow/dags/one_task_dag.py for tasks to queue
[2025-01-19T05:23:41.435+0000] {logging_mixin.py:190} INFO - [2025-01-19T05:23:41.435+0000] {dagbag.py:588} INFO - Filling up the DagBag from /workspaces/hands-on-introduction-data-engineering-4395021/airflow/dags/one_task_dag.py
[2025-01-19T05:23:41.444+0000] {processor.py:925} INFO - DAG(s) 'one_task_dag' retrieved from /workspaces/hands-on-introduction-data-engineering-4395021/airflow/dags/one_task_dag.py
[2025-01-19T05:23:41.461+0000] {logging_mixin.py:190} INFO - [2025-01-19T05:23:41.461+0000] {dag.py:3239} INFO - Sync 1 DAGs
[2025-01-19T05:23:41.470+0000] {logging_mixin.py:190} INFO - [2025-01-19T05:23:41.470+0000] {dag.py:4180} INFO - Setting next_dagrun for one_task_dag to None, run_after=None
[2025-01-19T05:23:41.487+0000] {processor.py:208} INFO - Processing /workspaces/hands-on-introduction-data-engineering-4395021/airflow/dags/one_task_dag.py took 0.058 seconds
[2025-01-19T05:24:28.463+0000] {processor.py:186} INFO - Started process (PID=37303) to work on /workspaces/hands-on-introduction-data-engineering-4395021/airflow/dags/one_task_dag.py
[2025-01-19T05:24:28.464+0000] {processor.py:914} INFO - Processing file /workspaces/hands-on-introduction-data-engineering-4395021/airflow/dags/one_task_dag.py for tasks to queue
[2025-01-19T05:24:28.468+0000] {logging_mixin.py:190} INFO - [2025-01-19T05:24:28.468+0000] {dagbag.py:588} INFO - Filling up the DagBag from /workspaces/hands-on-introduction-data-engineering-4395021/airflow/dags/one_task_dag.py
[2025-01-19T05:24:28.566+0000] {processor.py:925} INFO - DAG(s) 'one_task_dag' retrieved from /workspaces/hands-on-introduction-data-engineering-4395021/airflow/dags/one_task_dag.py
[2025-01-19T05:24:28.585+0000] {logging_mixin.py:190} INFO - [2025-01-19T05:24:28.585+0000] {dag.py:3239} INFO - Sync 1 DAGs
[2025-01-19T05:24:28.598+0000] {logging_mixin.py:190} INFO - [2025-01-19T05:24:28.597+0000] {dag.py:4180} INFO - Setting next_dagrun for one_task_dag to None, run_after=None
[2025-01-19T05:24:28.622+0000] {processor.py:208} INFO - Processing /workspaces/hands-on-introduction-data-engineering-4395021/airflow/dags/one_task_dag.py took 0.164 seconds
[2025-01-19T05:24:59.465+0000] {processor.py:186} INFO - Started process (PID=37514) to work on /workspaces/hands-on-introduction-data-engineering-4395021/airflow/dags/one_task_dag.py
[2025-01-19T05:24:59.465+0000] {processor.py:914} INFO - Processing file /workspaces/hands-on-introduction-data-engineering-4395021/airflow/dags/one_task_dag.py for tasks to queue
[2025-01-19T05:24:59.467+0000] {logging_mixin.py:190} INFO - [2025-01-19T05:24:59.466+0000] {dagbag.py:588} INFO - Filling up the DagBag from /workspaces/hands-on-introduction-data-engineering-4395021/airflow/dags/one_task_dag.py
[2025-01-19T05:24:59.473+0000] {processor.py:925} INFO - DAG(s) 'one_task_dag' retrieved from /workspaces/hands-on-introduction-data-engineering-4395021/airflow/dags/one_task_dag.py
[2025-01-19T05:24:59.488+0000] {logging_mixin.py:190} INFO - [2025-01-19T05:24:59.488+0000] {dag.py:3239} INFO - Sync 1 DAGs
[2025-01-19T05:24:59.500+0000] {logging_mixin.py:190} INFO - [2025-01-19T05:24:59.500+0000] {dag.py:4180} INFO - Setting next_dagrun for one_task_dag to None, run_after=None
[2025-01-19T05:24:59.524+0000] {processor.py:208} INFO - Processing /workspaces/hands-on-introduction-data-engineering-4395021/airflow/dags/one_task_dag.py took 0.064 seconds
[2025-01-19T05:25:30.447+0000] {processor.py:186} INFO - Started process (PID=37688) to work on /workspaces/hands-on-introduction-data-engineering-4395021/airflow/dags/one_task_dag.py
[2025-01-19T05:25:30.448+0000] {processor.py:914} INFO - Processing file /workspaces/hands-on-introduction-data-engineering-4395021/airflow/dags/one_task_dag.py for tasks to queue
[2025-01-19T05:25:30.451+0000] {logging_mixin.py:190} INFO - [2025-01-19T05:25:30.450+0000] {dagbag.py:588} INFO - Filling up the DagBag from /workspaces/hands-on-introduction-data-engineering-4395021/airflow/dags/one_task_dag.py
[2025-01-19T05:25:30.458+0000] {processor.py:925} INFO - DAG(s) 'one_task_dag' retrieved from /workspaces/hands-on-introduction-data-engineering-4395021/airflow/dags/one_task_dag.py
[2025-01-19T05:25:30.472+0000] {logging_mixin.py:190} INFO - [2025-01-19T05:25:30.472+0000] {dag.py:3239} INFO - Sync 1 DAGs
[2025-01-19T05:25:30.481+0000] {logging_mixin.py:190} INFO - [2025-01-19T05:25:30.481+0000] {dag.py:4180} INFO - Setting next_dagrun for one_task_dag to None, run_after=None
[2025-01-19T05:25:30.496+0000] {processor.py:208} INFO - Processing /workspaces/hands-on-introduction-data-engineering-4395021/airflow/dags/one_task_dag.py took 0.055 seconds
[2025-01-19T05:26:00.615+0000] {processor.py:186} INFO - Started process (PID=37957) to work on /workspaces/hands-on-introduction-data-engineering-4395021/airflow/dags/one_task_dag.py
[2025-01-19T05:26:00.615+0000] {processor.py:914} INFO - Processing file /workspaces/hands-on-introduction-data-engineering-4395021/airflow/dags/one_task_dag.py for tasks to queue
[2025-01-19T05:26:00.617+0000] {logging_mixin.py:190} INFO - [2025-01-19T05:26:00.617+0000] {dagbag.py:588} INFO - Filling up the DagBag from /workspaces/hands-on-introduction-data-engineering-4395021/airflow/dags/one_task_dag.py
[2025-01-19T05:26:00.624+0000] {processor.py:925} INFO - DAG(s) 'one_task_dag' retrieved from /workspaces/hands-on-introduction-data-engineering-4395021/airflow/dags/one_task_dag.py
[2025-01-19T05:26:00.639+0000] {logging_mixin.py:190} INFO - [2025-01-19T05:26:00.638+0000] {dag.py:3239} INFO - Sync 1 DAGs
[2025-01-19T05:26:00.649+0000] {logging_mixin.py:190} INFO - [2025-01-19T05:26:00.649+0000] {dag.py:4180} INFO - Setting next_dagrun for one_task_dag to None, run_after=None
[2025-01-19T05:26:00.663+0000] {processor.py:208} INFO - Processing /workspaces/hands-on-introduction-data-engineering-4395021/airflow/dags/one_task_dag.py took 0.053 seconds
[2025-01-19T05:26:30.812+0000] {processor.py:186} INFO - Started process (PID=38287) to work on /workspaces/hands-on-introduction-data-engineering-4395021/airflow/dags/one_task_dag.py
[2025-01-19T05:26:30.813+0000] {processor.py:914} INFO - Processing file /workspaces/hands-on-introduction-data-engineering-4395021/airflow/dags/one_task_dag.py for tasks to queue
[2025-01-19T05:26:30.815+0000] {logging_mixin.py:190} INFO - [2025-01-19T05:26:30.814+0000] {dagbag.py:588} INFO - Filling up the DagBag from /workspaces/hands-on-introduction-data-engineering-4395021/airflow/dags/one_task_dag.py
[2025-01-19T05:26:30.821+0000] {processor.py:925} INFO - DAG(s) 'one_task_dag' retrieved from /workspaces/hands-on-introduction-data-engineering-4395021/airflow/dags/one_task_dag.py
[2025-01-19T05:26:30.836+0000] {logging_mixin.py:190} INFO - [2025-01-19T05:26:30.836+0000] {dag.py:3239} INFO - Sync 1 DAGs
[2025-01-19T05:26:30.846+0000] {logging_mixin.py:190} INFO - [2025-01-19T05:26:30.846+0000] {dag.py:4180} INFO - Setting next_dagrun for one_task_dag to None, run_after=None
[2025-01-19T05:26:30.860+0000] {processor.py:208} INFO - Processing /workspaces/hands-on-introduction-data-engineering-4395021/airflow/dags/one_task_dag.py took 0.053 seconds
[2025-01-19T05:27:01.004+0000] {processor.py:186} INFO - Started process (PID=38553) to work on /workspaces/hands-on-introduction-data-engineering-4395021/airflow/dags/one_task_dag.py
[2025-01-19T05:27:01.004+0000] {processor.py:914} INFO - Processing file /workspaces/hands-on-introduction-data-engineering-4395021/airflow/dags/one_task_dag.py for tasks to queue
[2025-01-19T05:27:01.006+0000] {logging_mixin.py:190} INFO - [2025-01-19T05:27:01.006+0000] {dagbag.py:588} INFO - Filling up the DagBag from /workspaces/hands-on-introduction-data-engineering-4395021/airflow/dags/one_task_dag.py
[2025-01-19T05:27:01.013+0000] {processor.py:925} INFO - DAG(s) 'one_task_dag' retrieved from /workspaces/hands-on-introduction-data-engineering-4395021/airflow/dags/one_task_dag.py
[2025-01-19T05:27:01.028+0000] {logging_mixin.py:190} INFO - [2025-01-19T05:27:01.028+0000] {dag.py:3239} INFO - Sync 1 DAGs
[2025-01-19T05:27:01.037+0000] {logging_mixin.py:190} INFO - [2025-01-19T05:27:01.037+0000] {dag.py:4180} INFO - Setting next_dagrun for one_task_dag to None, run_after=None
[2025-01-19T05:27:01.051+0000] {processor.py:208} INFO - Processing /workspaces/hands-on-introduction-data-engineering-4395021/airflow/dags/one_task_dag.py took 0.052 seconds
[2025-01-19T05:27:31.196+0000] {processor.py:186} INFO - Started process (PID=38811) to work on /workspaces/hands-on-introduction-data-engineering-4395021/airflow/dags/one_task_dag.py
[2025-01-19T05:27:31.197+0000] {processor.py:914} INFO - Processing file /workspaces/hands-on-introduction-data-engineering-4395021/airflow/dags/one_task_dag.py for tasks to queue
[2025-01-19T05:27:31.198+0000] {logging_mixin.py:190} INFO - [2025-01-19T05:27:31.198+0000] {dagbag.py:588} INFO - Filling up the DagBag from /workspaces/hands-on-introduction-data-engineering-4395021/airflow/dags/one_task_dag.py
[2025-01-19T05:27:31.205+0000] {processor.py:925} INFO - DAG(s) 'one_task_dag' retrieved from /workspaces/hands-on-introduction-data-engineering-4395021/airflow/dags/one_task_dag.py
[2025-01-19T05:27:31.221+0000] {logging_mixin.py:190} INFO - [2025-01-19T05:27:31.220+0000] {dag.py:3239} INFO - Sync 1 DAGs
[2025-01-19T05:27:31.230+0000] {logging_mixin.py:190} INFO - [2025-01-19T05:27:31.230+0000] {dag.py:4180} INFO - Setting next_dagrun for one_task_dag to None, run_after=None
[2025-01-19T05:27:31.245+0000] {processor.py:208} INFO - Processing /workspaces/hands-on-introduction-data-engineering-4395021/airflow/dags/one_task_dag.py took 0.054 seconds
[2025-01-19T05:28:01.395+0000] {processor.py:186} INFO - Started process (PID=39082) to work on /workspaces/hands-on-introduction-data-engineering-4395021/airflow/dags/one_task_dag.py
[2025-01-19T05:28:01.396+0000] {processor.py:914} INFO - Processing file /workspaces/hands-on-introduction-data-engineering-4395021/airflow/dags/one_task_dag.py for tasks to queue
[2025-01-19T05:28:01.398+0000] {logging_mixin.py:190} INFO - [2025-01-19T05:28:01.398+0000] {dagbag.py:588} INFO - Filling up the DagBag from /workspaces/hands-on-introduction-data-engineering-4395021/airflow/dags/one_task_dag.py
[2025-01-19T05:28:01.408+0000] {processor.py:925} INFO - DAG(s) 'one_task_dag' retrieved from /workspaces/hands-on-introduction-data-engineering-4395021/airflow/dags/one_task_dag.py
[2025-01-19T05:28:01.430+0000] {logging_mixin.py:190} INFO - [2025-01-19T05:28:01.429+0000] {dag.py:3239} INFO - Sync 1 DAGs
[2025-01-19T05:28:01.439+0000] {logging_mixin.py:190} INFO - [2025-01-19T05:28:01.439+0000] {dag.py:4180} INFO - Setting next_dagrun for one_task_dag to None, run_after=None
[2025-01-19T05:28:01.454+0000] {processor.py:208} INFO - Processing /workspaces/hands-on-introduction-data-engineering-4395021/airflow/dags/one_task_dag.py took 0.066 seconds
[2025-01-19T05:28:31.590+0000] {processor.py:186} INFO - Started process (PID=39353) to work on /workspaces/hands-on-introduction-data-engineering-4395021/airflow/dags/one_task_dag.py
[2025-01-19T05:28:31.591+0000] {processor.py:914} INFO - Processing file /workspaces/hands-on-introduction-data-engineering-4395021/airflow/dags/one_task_dag.py for tasks to queue
[2025-01-19T05:28:31.593+0000] {logging_mixin.py:190} INFO - [2025-01-19T05:28:31.592+0000] {dagbag.py:588} INFO - Filling up the DagBag from /workspaces/hands-on-introduction-data-engineering-4395021/airflow/dags/one_task_dag.py
[2025-01-19T05:28:31.603+0000] {processor.py:925} INFO - DAG(s) 'one_task_dag' retrieved from /workspaces/hands-on-introduction-data-engineering-4395021/airflow/dags/one_task_dag.py
[2025-01-19T05:28:31.625+0000] {logging_mixin.py:190} INFO - [2025-01-19T05:28:31.624+0000] {dag.py:3239} INFO - Sync 1 DAGs
[2025-01-19T05:28:31.638+0000] {logging_mixin.py:190} INFO - [2025-01-19T05:28:31.638+0000] {dag.py:4180} INFO - Setting next_dagrun for one_task_dag to None, run_after=None
[2025-01-19T05:28:31.657+0000] {processor.py:208} INFO - Processing /workspaces/hands-on-introduction-data-engineering-4395021/airflow/dags/one_task_dag.py took 0.071 seconds
[2025-01-19T05:29:01.782+0000] {processor.py:186} INFO - Started process (PID=39621) to work on /workspaces/hands-on-introduction-data-engineering-4395021/airflow/dags/one_task_dag.py
[2025-01-19T05:29:01.782+0000] {processor.py:914} INFO - Processing file /workspaces/hands-on-introduction-data-engineering-4395021/airflow/dags/one_task_dag.py for tasks to queue
[2025-01-19T05:29:01.784+0000] {logging_mixin.py:190} INFO - [2025-01-19T05:29:01.784+0000] {dagbag.py:588} INFO - Filling up the DagBag from /workspaces/hands-on-introduction-data-engineering-4395021/airflow/dags/one_task_dag.py
[2025-01-19T05:29:01.791+0000] {processor.py:925} INFO - DAG(s) 'one_task_dag' retrieved from /workspaces/hands-on-introduction-data-engineering-4395021/airflow/dags/one_task_dag.py
[2025-01-19T05:29:01.806+0000] {logging_mixin.py:190} INFO - [2025-01-19T05:29:01.805+0000] {dag.py:3239} INFO - Sync 1 DAGs
[2025-01-19T05:29:01.815+0000] {logging_mixin.py:190} INFO - [2025-01-19T05:29:01.814+0000] {dag.py:4180} INFO - Setting next_dagrun for one_task_dag to None, run_after=None
[2025-01-19T05:29:01.829+0000] {processor.py:208} INFO - Processing /workspaces/hands-on-introduction-data-engineering-4395021/airflow/dags/one_task_dag.py took 0.052 seconds
[2025-01-19T05:29:31.975+0000] {processor.py:186} INFO - Started process (PID=39884) to work on /workspaces/hands-on-introduction-data-engineering-4395021/airflow/dags/one_task_dag.py
[2025-01-19T05:29:31.976+0000] {processor.py:914} INFO - Processing file /workspaces/hands-on-introduction-data-engineering-4395021/airflow/dags/one_task_dag.py for tasks to queue
[2025-01-19T05:29:31.979+0000] {logging_mixin.py:190} INFO - [2025-01-19T05:29:31.978+0000] {dagbag.py:588} INFO - Filling up the DagBag from /workspaces/hands-on-introduction-data-engineering-4395021/airflow/dags/one_task_dag.py
[2025-01-19T05:29:31.986+0000] {processor.py:925} INFO - DAG(s) 'one_task_dag' retrieved from /workspaces/hands-on-introduction-data-engineering-4395021/airflow/dags/one_task_dag.py
[2025-01-19T05:29:32.001+0000] {logging_mixin.py:190} INFO - [2025-01-19T05:29:32.000+0000] {dag.py:3239} INFO - Sync 1 DAGs
[2025-01-19T05:29:32.009+0000] {logging_mixin.py:190} INFO - [2025-01-19T05:29:32.009+0000] {dag.py:4180} INFO - Setting next_dagrun for one_task_dag to None, run_after=None
[2025-01-19T05:29:32.024+0000] {processor.py:208} INFO - Processing /workspaces/hands-on-introduction-data-engineering-4395021/airflow/dags/one_task_dag.py took 0.054 seconds
[2025-01-19T05:30:02.098+0000] {processor.py:186} INFO - Started process (PID=40149) to work on /workspaces/hands-on-introduction-data-engineering-4395021/airflow/dags/one_task_dag.py
[2025-01-19T05:30:02.099+0000] {processor.py:914} INFO - Processing file /workspaces/hands-on-introduction-data-engineering-4395021/airflow/dags/one_task_dag.py for tasks to queue
[2025-01-19T05:30:02.100+0000] {logging_mixin.py:190} INFO - [2025-01-19T05:30:02.100+0000] {dagbag.py:588} INFO - Filling up the DagBag from /workspaces/hands-on-introduction-data-engineering-4395021/airflow/dags/one_task_dag.py
[2025-01-19T05:30:02.109+0000] {processor.py:925} INFO - DAG(s) 'one_task_dag' retrieved from /workspaces/hands-on-introduction-data-engineering-4395021/airflow/dags/one_task_dag.py
[2025-01-19T05:30:02.123+0000] {logging_mixin.py:190} INFO - [2025-01-19T05:30:02.123+0000] {dag.py:3239} INFO - Sync 1 DAGs
[2025-01-19T05:30:02.133+0000] {logging_mixin.py:190} INFO - [2025-01-19T05:30:02.133+0000] {dag.py:4180} INFO - Setting next_dagrun for one_task_dag to None, run_after=None
[2025-01-19T05:30:02.147+0000] {processor.py:208} INFO - Processing /workspaces/hands-on-introduction-data-engineering-4395021/airflow/dags/one_task_dag.py took 0.054 seconds
[2025-01-19T05:30:32.289+0000] {processor.py:186} INFO - Started process (PID=40410) to work on /workspaces/hands-on-introduction-data-engineering-4395021/airflow/dags/one_task_dag.py
[2025-01-19T05:30:32.290+0000] {processor.py:914} INFO - Processing file /workspaces/hands-on-introduction-data-engineering-4395021/airflow/dags/one_task_dag.py for tasks to queue
[2025-01-19T05:30:32.292+0000] {logging_mixin.py:190} INFO - [2025-01-19T05:30:32.291+0000] {dagbag.py:588} INFO - Filling up the DagBag from /workspaces/hands-on-introduction-data-engineering-4395021/airflow/dags/one_task_dag.py
[2025-01-19T05:30:32.298+0000] {processor.py:925} INFO - DAG(s) 'one_task_dag' retrieved from /workspaces/hands-on-introduction-data-engineering-4395021/airflow/dags/one_task_dag.py
[2025-01-19T05:30:32.313+0000] {logging_mixin.py:190} INFO - [2025-01-19T05:30:32.313+0000] {dag.py:3239} INFO - Sync 1 DAGs
[2025-01-19T05:30:32.322+0000] {logging_mixin.py:190} INFO - [2025-01-19T05:30:32.322+0000] {dag.py:4180} INFO - Setting next_dagrun for one_task_dag to None, run_after=None
[2025-01-19T05:30:32.336+0000] {processor.py:208} INFO - Processing /workspaces/hands-on-introduction-data-engineering-4395021/airflow/dags/one_task_dag.py took 0.052 seconds
[2025-01-19T05:31:02.481+0000] {processor.py:186} INFO - Started process (PID=40673) to work on /workspaces/hands-on-introduction-data-engineering-4395021/airflow/dags/one_task_dag.py
[2025-01-19T05:31:02.481+0000] {processor.py:914} INFO - Processing file /workspaces/hands-on-introduction-data-engineering-4395021/airflow/dags/one_task_dag.py for tasks to queue
[2025-01-19T05:31:02.483+0000] {logging_mixin.py:190} INFO - [2025-01-19T05:31:02.483+0000] {dagbag.py:588} INFO - Filling up the DagBag from /workspaces/hands-on-introduction-data-engineering-4395021/airflow/dags/one_task_dag.py
[2025-01-19T05:31:02.490+0000] {processor.py:925} INFO - DAG(s) 'one_task_dag' retrieved from /workspaces/hands-on-introduction-data-engineering-4395021/airflow/dags/one_task_dag.py
[2025-01-19T05:31:02.505+0000] {logging_mixin.py:190} INFO - [2025-01-19T05:31:02.505+0000] {dag.py:3239} INFO - Sync 1 DAGs
[2025-01-19T05:31:02.514+0000] {logging_mixin.py:190} INFO - [2025-01-19T05:31:02.514+0000] {dag.py:4180} INFO - Setting next_dagrun for one_task_dag to None, run_after=None
[2025-01-19T05:31:02.528+0000] {processor.py:208} INFO - Processing /workspaces/hands-on-introduction-data-engineering-4395021/airflow/dags/one_task_dag.py took 0.052 seconds
[2025-01-19T05:31:32.672+0000] {processor.py:186} INFO - Started process (PID=40935) to work on /workspaces/hands-on-introduction-data-engineering-4395021/airflow/dags/one_task_dag.py
[2025-01-19T05:31:32.673+0000] {processor.py:914} INFO - Processing file /workspaces/hands-on-introduction-data-engineering-4395021/airflow/dags/one_task_dag.py for tasks to queue
[2025-01-19T05:31:32.674+0000] {logging_mixin.py:190} INFO - [2025-01-19T05:31:32.674+0000] {dagbag.py:588} INFO - Filling up the DagBag from /workspaces/hands-on-introduction-data-engineering-4395021/airflow/dags/one_task_dag.py
[2025-01-19T05:31:32.682+0000] {processor.py:925} INFO - DAG(s) 'one_task_dag' retrieved from /workspaces/hands-on-introduction-data-engineering-4395021/airflow/dags/one_task_dag.py
[2025-01-19T05:31:32.697+0000] {logging_mixin.py:190} INFO - [2025-01-19T05:31:32.697+0000] {dag.py:3239} INFO - Sync 1 DAGs
[2025-01-19T05:31:32.706+0000] {logging_mixin.py:190} INFO - [2025-01-19T05:31:32.706+0000] {dag.py:4180} INFO - Setting next_dagrun for one_task_dag to None, run_after=None
[2025-01-19T05:31:32.720+0000] {processor.py:208} INFO - Processing /workspaces/hands-on-introduction-data-engineering-4395021/airflow/dags/one_task_dag.py took 0.053 seconds
[2025-01-19T05:32:02.865+0000] {processor.py:186} INFO - Started process (PID=41196) to work on /workspaces/hands-on-introduction-data-engineering-4395021/airflow/dags/one_task_dag.py
[2025-01-19T05:32:02.866+0000] {processor.py:914} INFO - Processing file /workspaces/hands-on-introduction-data-engineering-4395021/airflow/dags/one_task_dag.py for tasks to queue
[2025-01-19T05:32:02.868+0000] {logging_mixin.py:190} INFO - [2025-01-19T05:32:02.867+0000] {dagbag.py:588} INFO - Filling up the DagBag from /workspaces/hands-on-introduction-data-engineering-4395021/airflow/dags/one_task_dag.py
[2025-01-19T05:32:02.874+0000] {processor.py:925} INFO - DAG(s) 'one_task_dag' retrieved from /workspaces/hands-on-introduction-data-engineering-4395021/airflow/dags/one_task_dag.py
[2025-01-19T05:32:02.889+0000] {logging_mixin.py:190} INFO - [2025-01-19T05:32:02.889+0000] {dag.py:3239} INFO - Sync 1 DAGs
[2025-01-19T05:32:02.898+0000] {logging_mixin.py:190} INFO - [2025-01-19T05:32:02.898+0000] {dag.py:4180} INFO - Setting next_dagrun for one_task_dag to None, run_after=None
[2025-01-19T05:32:02.912+0000] {processor.py:208} INFO - Processing /workspaces/hands-on-introduction-data-engineering-4395021/airflow/dags/one_task_dag.py took 0.052 seconds
[2025-01-19T05:32:33.057+0000] {processor.py:186} INFO - Started process (PID=41458) to work on /workspaces/hands-on-introduction-data-engineering-4395021/airflow/dags/one_task_dag.py
[2025-01-19T05:32:33.058+0000] {processor.py:914} INFO - Processing file /workspaces/hands-on-introduction-data-engineering-4395021/airflow/dags/one_task_dag.py for tasks to queue
[2025-01-19T05:32:33.059+0000] {logging_mixin.py:190} INFO - [2025-01-19T05:32:33.059+0000] {dagbag.py:588} INFO - Filling up the DagBag from /workspaces/hands-on-introduction-data-engineering-4395021/airflow/dags/one_task_dag.py
[2025-01-19T05:32:33.066+0000] {processor.py:925} INFO - DAG(s) 'one_task_dag' retrieved from /workspaces/hands-on-introduction-data-engineering-4395021/airflow/dags/one_task_dag.py
[2025-01-19T05:32:33.081+0000] {logging_mixin.py:190} INFO - [2025-01-19T05:32:33.081+0000] {dag.py:3239} INFO - Sync 1 DAGs
[2025-01-19T05:32:33.090+0000] {logging_mixin.py:190} INFO - [2025-01-19T05:32:33.090+0000] {dag.py:4180} INFO - Setting next_dagrun for one_task_dag to None, run_after=None
[2025-01-19T05:32:33.105+0000] {processor.py:208} INFO - Processing /workspaces/hands-on-introduction-data-engineering-4395021/airflow/dags/one_task_dag.py took 0.052 seconds
[2025-01-19T05:33:03.249+0000] {processor.py:186} INFO - Started process (PID=41726) to work on /workspaces/hands-on-introduction-data-engineering-4395021/airflow/dags/one_task_dag.py
[2025-01-19T05:33:03.249+0000] {processor.py:914} INFO - Processing file /workspaces/hands-on-introduction-data-engineering-4395021/airflow/dags/one_task_dag.py for tasks to queue
[2025-01-19T05:33:03.251+0000] {logging_mixin.py:190} INFO - [2025-01-19T05:33:03.251+0000] {dagbag.py:588} INFO - Filling up the DagBag from /workspaces/hands-on-introduction-data-engineering-4395021/airflow/dags/one_task_dag.py
[2025-01-19T05:33:03.258+0000] {processor.py:925} INFO - DAG(s) 'one_task_dag' retrieved from /workspaces/hands-on-introduction-data-engineering-4395021/airflow/dags/one_task_dag.py
[2025-01-19T05:33:03.273+0000] {logging_mixin.py:190} INFO - [2025-01-19T05:33:03.272+0000] {dag.py:3239} INFO - Sync 1 DAGs
[2025-01-19T05:33:03.282+0000] {logging_mixin.py:190} INFO - [2025-01-19T05:33:03.282+0000] {dag.py:4180} INFO - Setting next_dagrun for one_task_dag to None, run_after=None
[2025-01-19T05:33:03.297+0000] {processor.py:208} INFO - Processing /workspaces/hands-on-introduction-data-engineering-4395021/airflow/dags/one_task_dag.py took 0.053 seconds
[2025-01-19T05:33:33.451+0000] {processor.py:186} INFO - Started process (PID=41983) to work on /workspaces/hands-on-introduction-data-engineering-4395021/airflow/dags/one_task_dag.py
[2025-01-19T05:33:33.452+0000] {processor.py:914} INFO - Processing file /workspaces/hands-on-introduction-data-engineering-4395021/airflow/dags/one_task_dag.py for tasks to queue
[2025-01-19T05:33:33.453+0000] {logging_mixin.py:190} INFO - [2025-01-19T05:33:33.453+0000] {dagbag.py:588} INFO - Filling up the DagBag from /workspaces/hands-on-introduction-data-engineering-4395021/airflow/dags/one_task_dag.py
[2025-01-19T05:33:33.461+0000] {processor.py:925} INFO - DAG(s) 'one_task_dag' retrieved from /workspaces/hands-on-introduction-data-engineering-4395021/airflow/dags/one_task_dag.py
[2025-01-19T05:33:33.476+0000] {logging_mixin.py:190} INFO - [2025-01-19T05:33:33.476+0000] {dag.py:3239} INFO - Sync 1 DAGs
[2025-01-19T05:33:33.486+0000] {logging_mixin.py:190} INFO - [2025-01-19T05:33:33.486+0000] {dag.py:4180} INFO - Setting next_dagrun for one_task_dag to None, run_after=None
[2025-01-19T05:33:33.501+0000] {processor.py:208} INFO - Processing /workspaces/hands-on-introduction-data-engineering-4395021/airflow/dags/one_task_dag.py took 0.054 seconds
[2025-01-19T05:34:03.600+0000] {processor.py:186} INFO - Started process (PID=42255) to work on /workspaces/hands-on-introduction-data-engineering-4395021/airflow/dags/one_task_dag.py
[2025-01-19T05:34:03.601+0000] {processor.py:914} INFO - Processing file /workspaces/hands-on-introduction-data-engineering-4395021/airflow/dags/one_task_dag.py for tasks to queue
[2025-01-19T05:34:03.602+0000] {logging_mixin.py:190} INFO - [2025-01-19T05:34:03.602+0000] {dagbag.py:588} INFO - Filling up the DagBag from /workspaces/hands-on-introduction-data-engineering-4395021/airflow/dags/one_task_dag.py
[2025-01-19T05:34:03.609+0000] {processor.py:925} INFO - DAG(s) 'one_task_dag' retrieved from /workspaces/hands-on-introduction-data-engineering-4395021/airflow/dags/one_task_dag.py
[2025-01-19T05:34:03.629+0000] {logging_mixin.py:190} INFO - [2025-01-19T05:34:03.629+0000] {dag.py:3239} INFO - Sync 1 DAGs
[2025-01-19T05:34:03.646+0000] {logging_mixin.py:190} INFO - [2025-01-19T05:34:03.645+0000] {dag.py:4180} INFO - Setting next_dagrun for one_task_dag to None, run_after=None
[2025-01-19T05:34:03.667+0000] {processor.py:208} INFO - Processing /workspaces/hands-on-introduction-data-engineering-4395021/airflow/dags/one_task_dag.py took 0.073 seconds
[2025-01-19T05:34:33.818+0000] {processor.py:186} INFO - Started process (PID=42512) to work on /workspaces/hands-on-introduction-data-engineering-4395021/airflow/dags/one_task_dag.py
[2025-01-19T05:34:33.819+0000] {processor.py:914} INFO - Processing file /workspaces/hands-on-introduction-data-engineering-4395021/airflow/dags/one_task_dag.py for tasks to queue
[2025-01-19T05:34:33.821+0000] {logging_mixin.py:190} INFO - [2025-01-19T05:34:33.821+0000] {dagbag.py:588} INFO - Filling up the DagBag from /workspaces/hands-on-introduction-data-engineering-4395021/airflow/dags/one_task_dag.py
[2025-01-19T05:34:33.828+0000] {processor.py:925} INFO - DAG(s) 'one_task_dag' retrieved from /workspaces/hands-on-introduction-data-engineering-4395021/airflow/dags/one_task_dag.py
[2025-01-19T05:34:33.844+0000] {logging_mixin.py:190} INFO - [2025-01-19T05:34:33.844+0000] {dag.py:3239} INFO - Sync 1 DAGs
[2025-01-19T05:34:33.853+0000] {logging_mixin.py:190} INFO - [2025-01-19T05:34:33.853+0000] {dag.py:4180} INFO - Setting next_dagrun for one_task_dag to None, run_after=None
[2025-01-19T05:34:33.868+0000] {processor.py:208} INFO - Processing /workspaces/hands-on-introduction-data-engineering-4395021/airflow/dags/one_task_dag.py took 0.054 seconds
[2025-01-19T05:35:04.018+0000] {processor.py:186} INFO - Started process (PID=42783) to work on /workspaces/hands-on-introduction-data-engineering-4395021/airflow/dags/one_task_dag.py
[2025-01-19T05:35:04.019+0000] {processor.py:914} INFO - Processing file /workspaces/hands-on-introduction-data-engineering-4395021/airflow/dags/one_task_dag.py for tasks to queue
[2025-01-19T05:35:04.020+0000] {logging_mixin.py:190} INFO - [2025-01-19T05:35:04.020+0000] {dagbag.py:588} INFO - Filling up the DagBag from /workspaces/hands-on-introduction-data-engineering-4395021/airflow/dags/one_task_dag.py
[2025-01-19T05:35:04.028+0000] {processor.py:925} INFO - DAG(s) 'one_task_dag' retrieved from /workspaces/hands-on-introduction-data-engineering-4395021/airflow/dags/one_task_dag.py
[2025-01-19T05:35:04.044+0000] {logging_mixin.py:190} INFO - [2025-01-19T05:35:04.043+0000] {dag.py:3239} INFO - Sync 1 DAGs
[2025-01-19T05:35:04.053+0000] {logging_mixin.py:190} INFO - [2025-01-19T05:35:04.053+0000] {dag.py:4180} INFO - Setting next_dagrun for one_task_dag to None, run_after=None
[2025-01-19T05:35:04.067+0000] {processor.py:208} INFO - Processing /workspaces/hands-on-introduction-data-engineering-4395021/airflow/dags/one_task_dag.py took 0.055 seconds
[2025-01-19T05:35:34.214+0000] {processor.py:186} INFO - Started process (PID=43041) to work on /workspaces/hands-on-introduction-data-engineering-4395021/airflow/dags/one_task_dag.py
[2025-01-19T05:35:34.215+0000] {processor.py:914} INFO - Processing file /workspaces/hands-on-introduction-data-engineering-4395021/airflow/dags/one_task_dag.py for tasks to queue
[2025-01-19T05:35:34.216+0000] {logging_mixin.py:190} INFO - [2025-01-19T05:35:34.216+0000] {dagbag.py:588} INFO - Filling up the DagBag from /workspaces/hands-on-introduction-data-engineering-4395021/airflow/dags/one_task_dag.py
[2025-01-19T05:35:34.223+0000] {processor.py:925} INFO - DAG(s) 'one_task_dag' retrieved from /workspaces/hands-on-introduction-data-engineering-4395021/airflow/dags/one_task_dag.py
[2025-01-19T05:35:34.239+0000] {logging_mixin.py:190} INFO - [2025-01-19T05:35:34.239+0000] {dag.py:3239} INFO - Sync 1 DAGs
[2025-01-19T05:35:34.248+0000] {logging_mixin.py:190} INFO - [2025-01-19T05:35:34.248+0000] {dag.py:4180} INFO - Setting next_dagrun for one_task_dag to None, run_after=None
[2025-01-19T05:35:34.264+0000] {processor.py:208} INFO - Processing /workspaces/hands-on-introduction-data-engineering-4395021/airflow/dags/one_task_dag.py took 0.055 seconds
[2025-01-19T05:36:04.404+0000] {processor.py:186} INFO - Started process (PID=43311) to work on /workspaces/hands-on-introduction-data-engineering-4395021/airflow/dags/one_task_dag.py
[2025-01-19T05:36:04.405+0000] {processor.py:914} INFO - Processing file /workspaces/hands-on-introduction-data-engineering-4395021/airflow/dags/one_task_dag.py for tasks to queue
[2025-01-19T05:36:04.406+0000] {logging_mixin.py:190} INFO - [2025-01-19T05:36:04.406+0000] {dagbag.py:588} INFO - Filling up the DagBag from /workspaces/hands-on-introduction-data-engineering-4395021/airflow/dags/one_task_dag.py
[2025-01-19T05:36:04.414+0000] {processor.py:925} INFO - DAG(s) 'one_task_dag' retrieved from /workspaces/hands-on-introduction-data-engineering-4395021/airflow/dags/one_task_dag.py
[2025-01-19T05:36:04.429+0000] {logging_mixin.py:190} INFO - [2025-01-19T05:36:04.429+0000] {dag.py:3239} INFO - Sync 1 DAGs
[2025-01-19T05:36:04.439+0000] {logging_mixin.py:190} INFO - [2025-01-19T05:36:04.438+0000] {dag.py:4180} INFO - Setting next_dagrun for one_task_dag to None, run_after=None
[2025-01-19T05:36:04.453+0000] {processor.py:208} INFO - Processing /workspaces/hands-on-introduction-data-engineering-4395021/airflow/dags/one_task_dag.py took 0.054 seconds
[2025-01-19T05:36:34.608+0000] {processor.py:186} INFO - Started process (PID=43568) to work on /workspaces/hands-on-introduction-data-engineering-4395021/airflow/dags/one_task_dag.py
[2025-01-19T05:36:34.609+0000] {processor.py:914} INFO - Processing file /workspaces/hands-on-introduction-data-engineering-4395021/airflow/dags/one_task_dag.py for tasks to queue
[2025-01-19T05:36:34.610+0000] {logging_mixin.py:190} INFO - [2025-01-19T05:36:34.610+0000] {dagbag.py:588} INFO - Filling up the DagBag from /workspaces/hands-on-introduction-data-engineering-4395021/airflow/dags/one_task_dag.py
[2025-01-19T05:36:34.617+0000] {processor.py:925} INFO - DAG(s) 'one_task_dag' retrieved from /workspaces/hands-on-introduction-data-engineering-4395021/airflow/dags/one_task_dag.py
[2025-01-19T05:36:34.633+0000] {logging_mixin.py:190} INFO - [2025-01-19T05:36:34.633+0000] {dag.py:3239} INFO - Sync 1 DAGs
[2025-01-19T05:36:34.642+0000] {logging_mixin.py:190} INFO - [2025-01-19T05:36:34.642+0000] {dag.py:4180} INFO - Setting next_dagrun for one_task_dag to None, run_after=None
[2025-01-19T05:36:34.658+0000] {processor.py:208} INFO - Processing /workspaces/hands-on-introduction-data-engineering-4395021/airflow/dags/one_task_dag.py took 0.054 seconds
[2025-01-19T05:37:04.807+0000] {processor.py:186} INFO - Started process (PID=43830) to work on /workspaces/hands-on-introduction-data-engineering-4395021/airflow/dags/one_task_dag.py
[2025-01-19T05:37:04.807+0000] {processor.py:914} INFO - Processing file /workspaces/hands-on-introduction-data-engineering-4395021/airflow/dags/one_task_dag.py for tasks to queue
[2025-01-19T05:37:04.809+0000] {logging_mixin.py:190} INFO - [2025-01-19T05:37:04.809+0000] {dagbag.py:588} INFO - Filling up the DagBag from /workspaces/hands-on-introduction-data-engineering-4395021/airflow/dags/one_task_dag.py
[2025-01-19T05:37:04.817+0000] {processor.py:925} INFO - DAG(s) 'one_task_dag' retrieved from /workspaces/hands-on-introduction-data-engineering-4395021/airflow/dags/one_task_dag.py
[2025-01-19T05:37:04.837+0000] {logging_mixin.py:190} INFO - [2025-01-19T05:37:04.837+0000] {dag.py:3239} INFO - Sync 1 DAGs
[2025-01-19T05:37:04.852+0000] {logging_mixin.py:190} INFO - [2025-01-19T05:37:04.851+0000] {dag.py:4180} INFO - Setting next_dagrun for one_task_dag to None, run_after=None
[2025-01-19T05:37:04.872+0000] {processor.py:208} INFO - Processing /workspaces/hands-on-introduction-data-engineering-4395021/airflow/dags/one_task_dag.py took 0.070 seconds
[2025-01-19T05:37:34.996+0000] {processor.py:186} INFO - Started process (PID=44098) to work on /workspaces/hands-on-introduction-data-engineering-4395021/airflow/dags/one_task_dag.py
[2025-01-19T05:37:34.996+0000] {processor.py:914} INFO - Processing file /workspaces/hands-on-introduction-data-engineering-4395021/airflow/dags/one_task_dag.py for tasks to queue
[2025-01-19T05:37:34.998+0000] {logging_mixin.py:190} INFO - [2025-01-19T05:37:34.998+0000] {dagbag.py:588} INFO - Filling up the DagBag from /workspaces/hands-on-introduction-data-engineering-4395021/airflow/dags/one_task_dag.py
[2025-01-19T05:37:35.005+0000] {processor.py:925} INFO - DAG(s) 'one_task_dag' retrieved from /workspaces/hands-on-introduction-data-engineering-4395021/airflow/dags/one_task_dag.py
[2025-01-19T05:37:35.019+0000] {logging_mixin.py:190} INFO - [2025-01-19T05:37:35.019+0000] {dag.py:3239} INFO - Sync 1 DAGs
[2025-01-19T05:37:35.028+0000] {logging_mixin.py:190} INFO - [2025-01-19T05:37:35.028+0000] {dag.py:4180} INFO - Setting next_dagrun for one_task_dag to None, run_after=None
[2025-01-19T05:37:35.044+0000] {processor.py:208} INFO - Processing /workspaces/hands-on-introduction-data-engineering-4395021/airflow/dags/one_task_dag.py took 0.054 seconds
[2025-01-19T05:38:05.103+0000] {processor.py:186} INFO - Started process (PID=44361) to work on /workspaces/hands-on-introduction-data-engineering-4395021/airflow/dags/one_task_dag.py
[2025-01-19T05:38:05.104+0000] {processor.py:914} INFO - Processing file /workspaces/hands-on-introduction-data-engineering-4395021/airflow/dags/one_task_dag.py for tasks to queue
[2025-01-19T05:38:05.105+0000] {logging_mixin.py:190} INFO - [2025-01-19T05:38:05.105+0000] {dagbag.py:588} INFO - Filling up the DagBag from /workspaces/hands-on-introduction-data-engineering-4395021/airflow/dags/one_task_dag.py
[2025-01-19T05:38:05.112+0000] {processor.py:925} INFO - DAG(s) 'one_task_dag' retrieved from /workspaces/hands-on-introduction-data-engineering-4395021/airflow/dags/one_task_dag.py
[2025-01-19T05:38:05.127+0000] {logging_mixin.py:190} INFO - [2025-01-19T05:38:05.127+0000] {dag.py:3239} INFO - Sync 1 DAGs
[2025-01-19T05:38:05.137+0000] {logging_mixin.py:190} INFO - [2025-01-19T05:38:05.137+0000] {dag.py:4180} INFO - Setting next_dagrun for one_task_dag to None, run_after=None
[2025-01-19T05:38:05.152+0000] {processor.py:208} INFO - Processing /workspaces/hands-on-introduction-data-engineering-4395021/airflow/dags/one_task_dag.py took 0.054 seconds
[2025-01-19T05:38:35.278+0000] {processor.py:186} INFO - Started process (PID=44621) to work on /workspaces/hands-on-introduction-data-engineering-4395021/airflow/dags/one_task_dag.py
[2025-01-19T05:38:35.279+0000] {processor.py:914} INFO - Processing file /workspaces/hands-on-introduction-data-engineering-4395021/airflow/dags/one_task_dag.py for tasks to queue
[2025-01-19T05:38:35.280+0000] {logging_mixin.py:190} INFO - [2025-01-19T05:38:35.280+0000] {dagbag.py:588} INFO - Filling up the DagBag from /workspaces/hands-on-introduction-data-engineering-4395021/airflow/dags/one_task_dag.py
[2025-01-19T05:38:35.287+0000] {processor.py:925} INFO - DAG(s) 'one_task_dag' retrieved from /workspaces/hands-on-introduction-data-engineering-4395021/airflow/dags/one_task_dag.py
[2025-01-19T05:38:35.303+0000] {logging_mixin.py:190} INFO - [2025-01-19T05:38:35.303+0000] {dag.py:3239} INFO - Sync 1 DAGs
[2025-01-19T05:38:35.315+0000] {logging_mixin.py:190} INFO - [2025-01-19T05:38:35.314+0000] {dag.py:4180} INFO - Setting next_dagrun for one_task_dag to None, run_after=None
[2025-01-19T05:38:35.329+0000] {processor.py:208} INFO - Processing /workspaces/hands-on-introduction-data-engineering-4395021/airflow/dags/one_task_dag.py took 0.055 seconds
[2025-01-19T05:39:05.471+0000] {processor.py:186} INFO - Started process (PID=44880) to work on /workspaces/hands-on-introduction-data-engineering-4395021/airflow/dags/one_task_dag.py
[2025-01-19T05:39:05.472+0000] {processor.py:914} INFO - Processing file /workspaces/hands-on-introduction-data-engineering-4395021/airflow/dags/one_task_dag.py for tasks to queue
[2025-01-19T05:39:05.473+0000] {logging_mixin.py:190} INFO - [2025-01-19T05:39:05.473+0000] {dagbag.py:588} INFO - Filling up the DagBag from /workspaces/hands-on-introduction-data-engineering-4395021/airflow/dags/one_task_dag.py
[2025-01-19T05:39:05.481+0000] {processor.py:925} INFO - DAG(s) 'one_task_dag' retrieved from /workspaces/hands-on-introduction-data-engineering-4395021/airflow/dags/one_task_dag.py
[2025-01-19T05:39:05.496+0000] {logging_mixin.py:190} INFO - [2025-01-19T05:39:05.495+0000] {dag.py:3239} INFO - Sync 1 DAGs
[2025-01-19T05:39:05.505+0000] {logging_mixin.py:190} INFO - [2025-01-19T05:39:05.505+0000] {dag.py:4180} INFO - Setting next_dagrun for one_task_dag to None, run_after=None
[2025-01-19T05:39:05.519+0000] {processor.py:208} INFO - Processing /workspaces/hands-on-introduction-data-engineering-4395021/airflow/dags/one_task_dag.py took 0.053 seconds
[2025-01-19T05:39:35.662+0000] {processor.py:186} INFO - Started process (PID=45148) to work on /workspaces/hands-on-introduction-data-engineering-4395021/airflow/dags/one_task_dag.py
[2025-01-19T05:39:35.663+0000] {processor.py:914} INFO - Processing file /workspaces/hands-on-introduction-data-engineering-4395021/airflow/dags/one_task_dag.py for tasks to queue
[2025-01-19T05:39:35.664+0000] {logging_mixin.py:190} INFO - [2025-01-19T05:39:35.664+0000] {dagbag.py:588} INFO - Filling up the DagBag from /workspaces/hands-on-introduction-data-engineering-4395021/airflow/dags/one_task_dag.py
[2025-01-19T05:39:35.672+0000] {processor.py:925} INFO - DAG(s) 'one_task_dag' retrieved from /workspaces/hands-on-introduction-data-engineering-4395021/airflow/dags/one_task_dag.py
[2025-01-19T05:39:35.687+0000] {logging_mixin.py:190} INFO - [2025-01-19T05:39:35.687+0000] {dag.py:3239} INFO - Sync 1 DAGs
[2025-01-19T05:39:35.696+0000] {logging_mixin.py:190} INFO - [2025-01-19T05:39:35.696+0000] {dag.py:4180} INFO - Setting next_dagrun for one_task_dag to None, run_after=None
[2025-01-19T05:39:35.711+0000] {processor.py:208} INFO - Processing /workspaces/hands-on-introduction-data-engineering-4395021/airflow/dags/one_task_dag.py took 0.054 seconds
[2025-01-19T05:40:05.855+0000] {processor.py:186} INFO - Started process (PID=45410) to work on /workspaces/hands-on-introduction-data-engineering-4395021/airflow/dags/one_task_dag.py
[2025-01-19T05:40:05.855+0000] {processor.py:914} INFO - Processing file /workspaces/hands-on-introduction-data-engineering-4395021/airflow/dags/one_task_dag.py for tasks to queue
[2025-01-19T05:40:05.857+0000] {logging_mixin.py:190} INFO - [2025-01-19T05:40:05.857+0000] {dagbag.py:588} INFO - Filling up the DagBag from /workspaces/hands-on-introduction-data-engineering-4395021/airflow/dags/one_task_dag.py
[2025-01-19T05:40:05.864+0000] {processor.py:925} INFO - DAG(s) 'one_task_dag' retrieved from /workspaces/hands-on-introduction-data-engineering-4395021/airflow/dags/one_task_dag.py
[2025-01-19T05:40:05.879+0000] {logging_mixin.py:190} INFO - [2025-01-19T05:40:05.879+0000] {dag.py:3239} INFO - Sync 1 DAGs
[2025-01-19T05:40:05.888+0000] {logging_mixin.py:190} INFO - [2025-01-19T05:40:05.888+0000] {dag.py:4180} INFO - Setting next_dagrun for one_task_dag to None, run_after=None
[2025-01-19T05:40:05.902+0000] {processor.py:208} INFO - Processing /workspaces/hands-on-introduction-data-engineering-4395021/airflow/dags/one_task_dag.py took 0.052 seconds
[2025-01-19T05:40:36.053+0000] {processor.py:186} INFO - Started process (PID=45673) to work on /workspaces/hands-on-introduction-data-engineering-4395021/airflow/dags/one_task_dag.py
[2025-01-19T05:40:36.053+0000] {processor.py:914} INFO - Processing file /workspaces/hands-on-introduction-data-engineering-4395021/airflow/dags/one_task_dag.py for tasks to queue
[2025-01-19T05:40:36.055+0000] {logging_mixin.py:190} INFO - [2025-01-19T05:40:36.055+0000] {dagbag.py:588} INFO - Filling up the DagBag from /workspaces/hands-on-introduction-data-engineering-4395021/airflow/dags/one_task_dag.py
[2025-01-19T05:40:36.062+0000] {processor.py:925} INFO - DAG(s) 'one_task_dag' retrieved from /workspaces/hands-on-introduction-data-engineering-4395021/airflow/dags/one_task_dag.py
[2025-01-19T05:40:36.077+0000] {logging_mixin.py:190} INFO - [2025-01-19T05:40:36.077+0000] {dag.py:3239} INFO - Sync 1 DAGs
[2025-01-19T05:40:36.086+0000] {logging_mixin.py:190} INFO - [2025-01-19T05:40:36.086+0000] {dag.py:4180} INFO - Setting next_dagrun for one_task_dag to None, run_after=None
[2025-01-19T05:40:36.101+0000] {processor.py:208} INFO - Processing /workspaces/hands-on-introduction-data-engineering-4395021/airflow/dags/one_task_dag.py took 0.053 seconds
[2025-01-19T05:41:06.247+0000] {processor.py:186} INFO - Started process (PID=45928) to work on /workspaces/hands-on-introduction-data-engineering-4395021/airflow/dags/one_task_dag.py
[2025-01-19T05:41:06.248+0000] {processor.py:914} INFO - Processing file /workspaces/hands-on-introduction-data-engineering-4395021/airflow/dags/one_task_dag.py for tasks to queue
[2025-01-19T05:41:06.249+0000] {logging_mixin.py:190} INFO - [2025-01-19T05:41:06.249+0000] {dagbag.py:588} INFO - Filling up the DagBag from /workspaces/hands-on-introduction-data-engineering-4395021/airflow/dags/one_task_dag.py
[2025-01-19T05:41:06.256+0000] {processor.py:925} INFO - DAG(s) 'one_task_dag' retrieved from /workspaces/hands-on-introduction-data-engineering-4395021/airflow/dags/one_task_dag.py
[2025-01-19T05:41:06.271+0000] {logging_mixin.py:190} INFO - [2025-01-19T05:41:06.271+0000] {dag.py:3239} INFO - Sync 1 DAGs
[2025-01-19T05:41:06.280+0000] {logging_mixin.py:190} INFO - [2025-01-19T05:41:06.280+0000] {dag.py:4180} INFO - Setting next_dagrun for one_task_dag to None, run_after=None
[2025-01-19T05:41:06.295+0000] {processor.py:208} INFO - Processing /workspaces/hands-on-introduction-data-engineering-4395021/airflow/dags/one_task_dag.py took 0.054 seconds
[2025-01-19T05:41:36.438+0000] {processor.py:186} INFO - Started process (PID=46196) to work on /workspaces/hands-on-introduction-data-engineering-4395021/airflow/dags/one_task_dag.py
[2025-01-19T05:41:36.439+0000] {processor.py:914} INFO - Processing file /workspaces/hands-on-introduction-data-engineering-4395021/airflow/dags/one_task_dag.py for tasks to queue
[2025-01-19T05:41:36.440+0000] {logging_mixin.py:190} INFO - [2025-01-19T05:41:36.440+0000] {dagbag.py:588} INFO - Filling up the DagBag from /workspaces/hands-on-introduction-data-engineering-4395021/airflow/dags/one_task_dag.py
[2025-01-19T05:41:36.447+0000] {processor.py:925} INFO - DAG(s) 'one_task_dag' retrieved from /workspaces/hands-on-introduction-data-engineering-4395021/airflow/dags/one_task_dag.py
[2025-01-19T05:41:36.462+0000] {logging_mixin.py:190} INFO - [2025-01-19T05:41:36.462+0000] {dag.py:3239} INFO - Sync 1 DAGs
[2025-01-19T05:41:36.472+0000] {logging_mixin.py:190} INFO - [2025-01-19T05:41:36.472+0000] {dag.py:4180} INFO - Setting next_dagrun for one_task_dag to None, run_after=None
[2025-01-19T05:41:36.486+0000] {processor.py:208} INFO - Processing /workspaces/hands-on-introduction-data-engineering-4395021/airflow/dags/one_task_dag.py took 0.053 seconds
[2025-01-19T05:42:06.631+0000] {processor.py:186} INFO - Started process (PID=46458) to work on /workspaces/hands-on-introduction-data-engineering-4395021/airflow/dags/one_task_dag.py
[2025-01-19T05:42:06.631+0000] {processor.py:914} INFO - Processing file /workspaces/hands-on-introduction-data-engineering-4395021/airflow/dags/one_task_dag.py for tasks to queue
[2025-01-19T05:42:06.633+0000] {logging_mixin.py:190} INFO - [2025-01-19T05:42:06.633+0000] {dagbag.py:588} INFO - Filling up the DagBag from /workspaces/hands-on-introduction-data-engineering-4395021/airflow/dags/one_task_dag.py
[2025-01-19T05:42:06.642+0000] {processor.py:925} INFO - DAG(s) 'one_task_dag' retrieved from /workspaces/hands-on-introduction-data-engineering-4395021/airflow/dags/one_task_dag.py
[2025-01-19T05:42:06.660+0000] {logging_mixin.py:190} INFO - [2025-01-19T05:42:06.660+0000] {dag.py:3239} INFO - Sync 1 DAGs
[2025-01-19T05:42:06.670+0000] {logging_mixin.py:190} INFO - [2025-01-19T05:42:06.670+0000] {dag.py:4180} INFO - Setting next_dagrun for one_task_dag to None, run_after=None
[2025-01-19T05:42:06.685+0000] {processor.py:208} INFO - Processing /workspaces/hands-on-introduction-data-engineering-4395021/airflow/dags/one_task_dag.py took 0.059 seconds
[2025-01-19T05:42:36.834+0000] {processor.py:186} INFO - Started process (PID=46720) to work on /workspaces/hands-on-introduction-data-engineering-4395021/airflow/dags/one_task_dag.py
[2025-01-19T05:42:36.835+0000] {processor.py:914} INFO - Processing file /workspaces/hands-on-introduction-data-engineering-4395021/airflow/dags/one_task_dag.py for tasks to queue
[2025-01-19T05:42:36.837+0000] {logging_mixin.py:190} INFO - [2025-01-19T05:42:36.836+0000] {dagbag.py:588} INFO - Filling up the DagBag from /workspaces/hands-on-introduction-data-engineering-4395021/airflow/dags/one_task_dag.py
[2025-01-19T05:42:36.844+0000] {processor.py:925} INFO - DAG(s) 'one_task_dag' retrieved from /workspaces/hands-on-introduction-data-engineering-4395021/airflow/dags/one_task_dag.py
[2025-01-19T05:42:36.860+0000] {logging_mixin.py:190} INFO - [2025-01-19T05:42:36.860+0000] {dag.py:3239} INFO - Sync 1 DAGs
[2025-01-19T05:42:36.869+0000] {logging_mixin.py:190} INFO - [2025-01-19T05:42:36.869+0000] {dag.py:4180} INFO - Setting next_dagrun for one_task_dag to None, run_after=None
[2025-01-19T05:42:36.888+0000] {processor.py:208} INFO - Processing /workspaces/hands-on-introduction-data-engineering-4395021/airflow/dags/one_task_dag.py took 0.058 seconds
[2025-01-19T05:43:07.036+0000] {processor.py:186} INFO - Started process (PID=46987) to work on /workspaces/hands-on-introduction-data-engineering-4395021/airflow/dags/one_task_dag.py
[2025-01-19T05:43:07.037+0000] {processor.py:914} INFO - Processing file /workspaces/hands-on-introduction-data-engineering-4395021/airflow/dags/one_task_dag.py for tasks to queue
[2025-01-19T05:43:07.039+0000] {logging_mixin.py:190} INFO - [2025-01-19T05:43:07.038+0000] {dagbag.py:588} INFO - Filling up the DagBag from /workspaces/hands-on-introduction-data-engineering-4395021/airflow/dags/one_task_dag.py
[2025-01-19T05:43:07.048+0000] {processor.py:925} INFO - DAG(s) 'one_task_dag' retrieved from /workspaces/hands-on-introduction-data-engineering-4395021/airflow/dags/one_task_dag.py
[2025-01-19T05:43:07.070+0000] {logging_mixin.py:190} INFO - [2025-01-19T05:43:07.070+0000] {dag.py:3239} INFO - Sync 1 DAGs
[2025-01-19T05:43:07.084+0000] {logging_mixin.py:190} INFO - [2025-01-19T05:43:07.083+0000] {dag.py:4180} INFO - Setting next_dagrun for one_task_dag to None, run_after=None
[2025-01-19T05:43:07.105+0000] {processor.py:208} INFO - Processing /workspaces/hands-on-introduction-data-engineering-4395021/airflow/dags/one_task_dag.py took 0.074 seconds
[2025-01-19T05:43:37.239+0000] {processor.py:186} INFO - Started process (PID=47247) to work on /workspaces/hands-on-introduction-data-engineering-4395021/airflow/dags/one_task_dag.py
[2025-01-19T05:43:37.239+0000] {processor.py:914} INFO - Processing file /workspaces/hands-on-introduction-data-engineering-4395021/airflow/dags/one_task_dag.py for tasks to queue
[2025-01-19T05:43:37.241+0000] {logging_mixin.py:190} INFO - [2025-01-19T05:43:37.241+0000] {dagbag.py:588} INFO - Filling up the DagBag from /workspaces/hands-on-introduction-data-engineering-4395021/airflow/dags/one_task_dag.py
[2025-01-19T05:43:37.248+0000] {processor.py:925} INFO - DAG(s) 'one_task_dag' retrieved from /workspaces/hands-on-introduction-data-engineering-4395021/airflow/dags/one_task_dag.py
[2025-01-19T05:43:37.264+0000] {logging_mixin.py:190} INFO - [2025-01-19T05:43:37.264+0000] {dag.py:3239} INFO - Sync 1 DAGs
[2025-01-19T05:43:37.274+0000] {logging_mixin.py:190} INFO - [2025-01-19T05:43:37.273+0000] {dag.py:4180} INFO - Setting next_dagrun for one_task_dag to None, run_after=None
[2025-01-19T05:43:37.288+0000] {processor.py:208} INFO - Processing /workspaces/hands-on-introduction-data-engineering-4395021/airflow/dags/one_task_dag.py took 0.055 seconds
[2025-01-19T05:44:07.430+0000] {processor.py:186} INFO - Started process (PID=47514) to work on /workspaces/hands-on-introduction-data-engineering-4395021/airflow/dags/one_task_dag.py
[2025-01-19T05:44:07.431+0000] {processor.py:914} INFO - Processing file /workspaces/hands-on-introduction-data-engineering-4395021/airflow/dags/one_task_dag.py for tasks to queue
[2025-01-19T05:44:07.432+0000] {logging_mixin.py:190} INFO - [2025-01-19T05:44:07.432+0000] {dagbag.py:588} INFO - Filling up the DagBag from /workspaces/hands-on-introduction-data-engineering-4395021/airflow/dags/one_task_dag.py
[2025-01-19T05:44:07.440+0000] {processor.py:925} INFO - DAG(s) 'one_task_dag' retrieved from /workspaces/hands-on-introduction-data-engineering-4395021/airflow/dags/one_task_dag.py
[2025-01-19T05:44:07.455+0000] {logging_mixin.py:190} INFO - [2025-01-19T05:44:07.455+0000] {dag.py:3239} INFO - Sync 1 DAGs
[2025-01-19T05:44:07.464+0000] {logging_mixin.py:190} INFO - [2025-01-19T05:44:07.464+0000] {dag.py:4180} INFO - Setting next_dagrun for one_task_dag to None, run_after=None
[2025-01-19T05:44:07.479+0000] {processor.py:208} INFO - Processing /workspaces/hands-on-introduction-data-engineering-4395021/airflow/dags/one_task_dag.py took 0.054 seconds
[2025-01-19T05:44:37.628+0000] {processor.py:186} INFO - Started process (PID=47771) to work on /workspaces/hands-on-introduction-data-engineering-4395021/airflow/dags/one_task_dag.py
[2025-01-19T05:44:37.629+0000] {processor.py:914} INFO - Processing file /workspaces/hands-on-introduction-data-engineering-4395021/airflow/dags/one_task_dag.py for tasks to queue
[2025-01-19T05:44:37.630+0000] {logging_mixin.py:190} INFO - [2025-01-19T05:44:37.630+0000] {dagbag.py:588} INFO - Filling up the DagBag from /workspaces/hands-on-introduction-data-engineering-4395021/airflow/dags/one_task_dag.py
[2025-01-19T05:44:37.637+0000] {processor.py:925} INFO - DAG(s) 'one_task_dag' retrieved from /workspaces/hands-on-introduction-data-engineering-4395021/airflow/dags/one_task_dag.py
[2025-01-19T05:44:37.653+0000] {logging_mixin.py:190} INFO - [2025-01-19T05:44:37.653+0000] {dag.py:3239} INFO - Sync 1 DAGs
[2025-01-19T05:44:37.662+0000] {logging_mixin.py:190} INFO - [2025-01-19T05:44:37.662+0000] {dag.py:4180} INFO - Setting next_dagrun for one_task_dag to None, run_after=None
[2025-01-19T05:44:37.677+0000] {processor.py:208} INFO - Processing /workspaces/hands-on-introduction-data-engineering-4395021/airflow/dags/one_task_dag.py took 0.054 seconds
[2025-01-19T05:45:07.822+0000] {processor.py:186} INFO - Started process (PID=48032) to work on /workspaces/hands-on-introduction-data-engineering-4395021/airflow/dags/one_task_dag.py
[2025-01-19T05:45:07.822+0000] {processor.py:914} INFO - Processing file /workspaces/hands-on-introduction-data-engineering-4395021/airflow/dags/one_task_dag.py for tasks to queue
[2025-01-19T05:45:07.824+0000] {logging_mixin.py:190} INFO - [2025-01-19T05:45:07.824+0000] {dagbag.py:588} INFO - Filling up the DagBag from /workspaces/hands-on-introduction-data-engineering-4395021/airflow/dags/one_task_dag.py
[2025-01-19T05:45:07.831+0000] {processor.py:925} INFO - DAG(s) 'one_task_dag' retrieved from /workspaces/hands-on-introduction-data-engineering-4395021/airflow/dags/one_task_dag.py
[2025-01-19T05:45:07.847+0000] {logging_mixin.py:190} INFO - [2025-01-19T05:45:07.847+0000] {dag.py:3239} INFO - Sync 1 DAGs
[2025-01-19T05:45:07.856+0000] {logging_mixin.py:190} INFO - [2025-01-19T05:45:07.856+0000] {dag.py:4180} INFO - Setting next_dagrun for one_task_dag to None, run_after=None
[2025-01-19T05:45:07.871+0000] {processor.py:208} INFO - Processing /workspaces/hands-on-introduction-data-engineering-4395021/airflow/dags/one_task_dag.py took 0.054 seconds
[2025-01-19T05:45:38.018+0000] {processor.py:186} INFO - Started process (PID=48294) to work on /workspaces/hands-on-introduction-data-engineering-4395021/airflow/dags/one_task_dag.py
[2025-01-19T05:45:38.019+0000] {processor.py:914} INFO - Processing file /workspaces/hands-on-introduction-data-engineering-4395021/airflow/dags/one_task_dag.py for tasks to queue
[2025-01-19T05:45:38.020+0000] {logging_mixin.py:190} INFO - [2025-01-19T05:45:38.020+0000] {dagbag.py:588} INFO - Filling up the DagBag from /workspaces/hands-on-introduction-data-engineering-4395021/airflow/dags/one_task_dag.py
[2025-01-19T05:45:38.027+0000] {processor.py:925} INFO - DAG(s) 'one_task_dag' retrieved from /workspaces/hands-on-introduction-data-engineering-4395021/airflow/dags/one_task_dag.py
[2025-01-19T05:45:38.042+0000] {logging_mixin.py:190} INFO - [2025-01-19T05:45:38.042+0000] {dag.py:3239} INFO - Sync 1 DAGs
[2025-01-19T05:45:38.051+0000] {logging_mixin.py:190} INFO - [2025-01-19T05:45:38.051+0000] {dag.py:4180} INFO - Setting next_dagrun for one_task_dag to None, run_after=None
[2025-01-19T05:45:38.066+0000] {processor.py:208} INFO - Processing /workspaces/hands-on-introduction-data-engineering-4395021/airflow/dags/one_task_dag.py took 0.052 seconds
[2025-01-19T05:46:08.210+0000] {processor.py:186} INFO - Started process (PID=48564) to work on /workspaces/hands-on-introduction-data-engineering-4395021/airflow/dags/one_task_dag.py
[2025-01-19T05:46:08.211+0000] {processor.py:914} INFO - Processing file /workspaces/hands-on-introduction-data-engineering-4395021/airflow/dags/one_task_dag.py for tasks to queue
[2025-01-19T05:46:08.213+0000] {logging_mixin.py:190} INFO - [2025-01-19T05:46:08.213+0000] {dagbag.py:588} INFO - Filling up the DagBag from /workspaces/hands-on-introduction-data-engineering-4395021/airflow/dags/one_task_dag.py
[2025-01-19T05:46:08.220+0000] {processor.py:925} INFO - DAG(s) 'one_task_dag' retrieved from /workspaces/hands-on-introduction-data-engineering-4395021/airflow/dags/one_task_dag.py
[2025-01-19T05:46:08.234+0000] {logging_mixin.py:190} INFO - [2025-01-19T05:46:08.234+0000] {dag.py:3239} INFO - Sync 1 DAGs
[2025-01-19T05:46:08.243+0000] {logging_mixin.py:190} INFO - [2025-01-19T05:46:08.243+0000] {dag.py:4180} INFO - Setting next_dagrun for one_task_dag to None, run_after=None
[2025-01-19T05:46:08.259+0000] {processor.py:208} INFO - Processing /workspaces/hands-on-introduction-data-engineering-4395021/airflow/dags/one_task_dag.py took 0.054 seconds
[2025-01-19T05:46:38.408+0000] {processor.py:186} INFO - Started process (PID=48823) to work on /workspaces/hands-on-introduction-data-engineering-4395021/airflow/dags/one_task_dag.py
[2025-01-19T05:46:38.409+0000] {processor.py:914} INFO - Processing file /workspaces/hands-on-introduction-data-engineering-4395021/airflow/dags/one_task_dag.py for tasks to queue
[2025-01-19T05:46:38.410+0000] {logging_mixin.py:190} INFO - [2025-01-19T05:46:38.410+0000] {dagbag.py:588} INFO - Filling up the DagBag from /workspaces/hands-on-introduction-data-engineering-4395021/airflow/dags/one_task_dag.py
[2025-01-19T05:46:38.418+0000] {processor.py:925} INFO - DAG(s) 'one_task_dag' retrieved from /workspaces/hands-on-introduction-data-engineering-4395021/airflow/dags/one_task_dag.py
[2025-01-19T05:46:38.434+0000] {logging_mixin.py:190} INFO - [2025-01-19T05:46:38.433+0000] {dag.py:3239} INFO - Sync 1 DAGs
[2025-01-19T05:46:38.443+0000] {logging_mixin.py:190} INFO - [2025-01-19T05:46:38.443+0000] {dag.py:4180} INFO - Setting next_dagrun for one_task_dag to None, run_after=None
[2025-01-19T05:46:38.457+0000] {processor.py:208} INFO - Processing /workspaces/hands-on-introduction-data-engineering-4395021/airflow/dags/one_task_dag.py took 0.054 seconds
[2025-01-19T05:47:08.603+0000] {processor.py:186} INFO - Started process (PID=49083) to work on /workspaces/hands-on-introduction-data-engineering-4395021/airflow/dags/one_task_dag.py
[2025-01-19T05:47:08.603+0000] {processor.py:914} INFO - Processing file /workspaces/hands-on-introduction-data-engineering-4395021/airflow/dags/one_task_dag.py for tasks to queue
[2025-01-19T05:47:08.605+0000] {logging_mixin.py:190} INFO - [2025-01-19T05:47:08.605+0000] {dagbag.py:588} INFO - Filling up the DagBag from /workspaces/hands-on-introduction-data-engineering-4395021/airflow/dags/one_task_dag.py
[2025-01-19T05:47:08.612+0000] {processor.py:925} INFO - DAG(s) 'one_task_dag' retrieved from /workspaces/hands-on-introduction-data-engineering-4395021/airflow/dags/one_task_dag.py
[2025-01-19T05:47:08.628+0000] {logging_mixin.py:190} INFO - [2025-01-19T05:47:08.628+0000] {dag.py:3239} INFO - Sync 1 DAGs
[2025-01-19T05:47:08.637+0000] {logging_mixin.py:190} INFO - [2025-01-19T05:47:08.637+0000] {dag.py:4180} INFO - Setting next_dagrun for one_task_dag to None, run_after=None
[2025-01-19T05:47:08.652+0000] {processor.py:208} INFO - Processing /workspaces/hands-on-introduction-data-engineering-4395021/airflow/dags/one_task_dag.py took 0.055 seconds
[2025-01-19T05:47:38.794+0000] {processor.py:186} INFO - Started process (PID=49349) to work on /workspaces/hands-on-introduction-data-engineering-4395021/airflow/dags/one_task_dag.py
[2025-01-19T05:47:38.795+0000] {processor.py:914} INFO - Processing file /workspaces/hands-on-introduction-data-engineering-4395021/airflow/dags/one_task_dag.py for tasks to queue
[2025-01-19T05:47:38.796+0000] {logging_mixin.py:190} INFO - [2025-01-19T05:47:38.796+0000] {dagbag.py:588} INFO - Filling up the DagBag from /workspaces/hands-on-introduction-data-engineering-4395021/airflow/dags/one_task_dag.py
[2025-01-19T05:47:38.803+0000] {processor.py:925} INFO - DAG(s) 'one_task_dag' retrieved from /workspaces/hands-on-introduction-data-engineering-4395021/airflow/dags/one_task_dag.py
[2025-01-19T05:47:38.819+0000] {logging_mixin.py:190} INFO - [2025-01-19T05:47:38.819+0000] {dag.py:3239} INFO - Sync 1 DAGs
[2025-01-19T05:47:38.828+0000] {logging_mixin.py:190} INFO - [2025-01-19T05:47:38.828+0000] {dag.py:4180} INFO - Setting next_dagrun for one_task_dag to None, run_after=None
[2025-01-19T05:47:38.844+0000] {processor.py:208} INFO - Processing /workspaces/hands-on-introduction-data-engineering-4395021/airflow/dags/one_task_dag.py took 0.055 seconds
[2025-01-19T05:48:09.005+0000] {processor.py:186} INFO - Started process (PID=49609) to work on /workspaces/hands-on-introduction-data-engineering-4395021/airflow/dags/one_task_dag.py
[2025-01-19T05:48:09.006+0000] {processor.py:914} INFO - Processing file /workspaces/hands-on-introduction-data-engineering-4395021/airflow/dags/one_task_dag.py for tasks to queue
[2025-01-19T05:48:09.007+0000] {logging_mixin.py:190} INFO - [2025-01-19T05:48:09.007+0000] {dagbag.py:588} INFO - Filling up the DagBag from /workspaces/hands-on-introduction-data-engineering-4395021/airflow/dags/one_task_dag.py
[2025-01-19T05:48:09.014+0000] {processor.py:925} INFO - DAG(s) 'one_task_dag' retrieved from /workspaces/hands-on-introduction-data-engineering-4395021/airflow/dags/one_task_dag.py
[2025-01-19T05:48:09.030+0000] {logging_mixin.py:190} INFO - [2025-01-19T05:48:09.030+0000] {dag.py:3239} INFO - Sync 1 DAGs
[2025-01-19T05:48:09.039+0000] {logging_mixin.py:190} INFO - [2025-01-19T05:48:09.039+0000] {dag.py:4180} INFO - Setting next_dagrun for one_task_dag to None, run_after=None
[2025-01-19T05:48:09.054+0000] {processor.py:208} INFO - Processing /workspaces/hands-on-introduction-data-engineering-4395021/airflow/dags/one_task_dag.py took 0.055 seconds
[2025-01-19T05:48:39.241+0000] {processor.py:186} INFO - Started process (PID=49871) to work on /workspaces/hands-on-introduction-data-engineering-4395021/airflow/dags/one_task_dag.py
[2025-01-19T05:48:39.241+0000] {processor.py:914} INFO - Processing file /workspaces/hands-on-introduction-data-engineering-4395021/airflow/dags/one_task_dag.py for tasks to queue
[2025-01-19T05:48:39.260+0000] {logging_mixin.py:190} INFO - [2025-01-19T05:48:39.260+0000] {dagbag.py:588} INFO - Filling up the DagBag from /workspaces/hands-on-introduction-data-engineering-4395021/airflow/dags/one_task_dag.py
[2025-01-19T05:48:39.284+0000] {processor.py:925} INFO - DAG(s) 'one_task_dag' retrieved from /workspaces/hands-on-introduction-data-engineering-4395021/airflow/dags/one_task_dag.py
[2025-01-19T05:48:39.351+0000] {logging_mixin.py:190} INFO - [2025-01-19T05:48:39.351+0000] {dag.py:3239} INFO - Sync 1 DAGs
[2025-01-19T05:48:39.380+0000] {logging_mixin.py:190} INFO - [2025-01-19T05:48:39.380+0000] {dag.py:4180} INFO - Setting next_dagrun for one_task_dag to None, run_after=None
[2025-01-19T05:48:39.409+0000] {processor.py:208} INFO - Processing /workspaces/hands-on-introduction-data-engineering-4395021/airflow/dags/one_task_dag.py took 0.182 seconds
[2025-01-19T05:49:09.610+0000] {processor.py:186} INFO - Started process (PID=50131) to work on /workspaces/hands-on-introduction-data-engineering-4395021/airflow/dags/one_task_dag.py
[2025-01-19T05:49:09.610+0000] {processor.py:914} INFO - Processing file /workspaces/hands-on-introduction-data-engineering-4395021/airflow/dags/one_task_dag.py for tasks to queue
[2025-01-19T05:49:09.612+0000] {logging_mixin.py:190} INFO - [2025-01-19T05:49:09.612+0000] {dagbag.py:588} INFO - Filling up the DagBag from /workspaces/hands-on-introduction-data-engineering-4395021/airflow/dags/one_task_dag.py
[2025-01-19T05:49:09.619+0000] {processor.py:925} INFO - DAG(s) 'one_task_dag' retrieved from /workspaces/hands-on-introduction-data-engineering-4395021/airflow/dags/one_task_dag.py
[2025-01-19T05:49:09.634+0000] {logging_mixin.py:190} INFO - [2025-01-19T05:49:09.634+0000] {dag.py:3239} INFO - Sync 1 DAGs
[2025-01-19T05:49:09.643+0000] {logging_mixin.py:190} INFO - [2025-01-19T05:49:09.643+0000] {dag.py:4180} INFO - Setting next_dagrun for one_task_dag to None, run_after=None
[2025-01-19T05:49:09.658+0000] {processor.py:208} INFO - Processing /workspaces/hands-on-introduction-data-engineering-4395021/airflow/dags/one_task_dag.py took 0.053 seconds
[2025-01-19T05:49:39.804+0000] {processor.py:186} INFO - Started process (PID=50398) to work on /workspaces/hands-on-introduction-data-engineering-4395021/airflow/dags/one_task_dag.py
[2025-01-19T05:49:39.804+0000] {processor.py:914} INFO - Processing file /workspaces/hands-on-introduction-data-engineering-4395021/airflow/dags/one_task_dag.py for tasks to queue
[2025-01-19T05:49:39.806+0000] {logging_mixin.py:190} INFO - [2025-01-19T05:49:39.806+0000] {dagbag.py:588} INFO - Filling up the DagBag from /workspaces/hands-on-introduction-data-engineering-4395021/airflow/dags/one_task_dag.py
[2025-01-19T05:49:39.813+0000] {processor.py:925} INFO - DAG(s) 'one_task_dag' retrieved from /workspaces/hands-on-introduction-data-engineering-4395021/airflow/dags/one_task_dag.py
[2025-01-19T05:49:39.829+0000] {logging_mixin.py:190} INFO - [2025-01-19T05:49:39.828+0000] {dag.py:3239} INFO - Sync 1 DAGs
[2025-01-19T05:49:39.838+0000] {logging_mixin.py:190} INFO - [2025-01-19T05:49:39.838+0000] {dag.py:4180} INFO - Setting next_dagrun for one_task_dag to None, run_after=None
[2025-01-19T05:49:39.852+0000] {processor.py:208} INFO - Processing /workspaces/hands-on-introduction-data-engineering-4395021/airflow/dags/one_task_dag.py took 0.053 seconds
[2025-01-19T05:50:09.996+0000] {processor.py:186} INFO - Started process (PID=50665) to work on /workspaces/hands-on-introduction-data-engineering-4395021/airflow/dags/one_task_dag.py
[2025-01-19T05:50:09.997+0000] {processor.py:914} INFO - Processing file /workspaces/hands-on-introduction-data-engineering-4395021/airflow/dags/one_task_dag.py for tasks to queue
[2025-01-19T05:50:09.998+0000] {logging_mixin.py:190} INFO - [2025-01-19T05:50:09.998+0000] {dagbag.py:588} INFO - Filling up the DagBag from /workspaces/hands-on-introduction-data-engineering-4395021/airflow/dags/one_task_dag.py
[2025-01-19T05:50:10.006+0000] {processor.py:925} INFO - DAG(s) 'one_task_dag' retrieved from /workspaces/hands-on-introduction-data-engineering-4395021/airflow/dags/one_task_dag.py
[2025-01-19T05:50:10.021+0000] {logging_mixin.py:190} INFO - [2025-01-19T05:50:10.021+0000] {dag.py:3239} INFO - Sync 1 DAGs
[2025-01-19T05:50:10.030+0000] {logging_mixin.py:190} INFO - [2025-01-19T05:50:10.030+0000] {dag.py:4180} INFO - Setting next_dagrun for one_task_dag to None, run_after=None
[2025-01-19T05:50:10.044+0000] {processor.py:208} INFO - Processing /workspaces/hands-on-introduction-data-engineering-4395021/airflow/dags/one_task_dag.py took 0.053 seconds
[2025-01-19T05:50:40.197+0000] {processor.py:186} INFO - Started process (PID=50929) to work on /workspaces/hands-on-introduction-data-engineering-4395021/airflow/dags/one_task_dag.py
[2025-01-19T05:50:40.197+0000] {processor.py:914} INFO - Processing file /workspaces/hands-on-introduction-data-engineering-4395021/airflow/dags/one_task_dag.py for tasks to queue
[2025-01-19T05:50:40.199+0000] {logging_mixin.py:190} INFO - [2025-01-19T05:50:40.199+0000] {dagbag.py:588} INFO - Filling up the DagBag from /workspaces/hands-on-introduction-data-engineering-4395021/airflow/dags/one_task_dag.py
[2025-01-19T05:50:40.206+0000] {processor.py:925} INFO - DAG(s) 'one_task_dag' retrieved from /workspaces/hands-on-introduction-data-engineering-4395021/airflow/dags/one_task_dag.py
[2025-01-19T05:50:40.222+0000] {logging_mixin.py:190} INFO - [2025-01-19T05:50:40.222+0000] {dag.py:3239} INFO - Sync 1 DAGs
[2025-01-19T05:50:40.231+0000] {logging_mixin.py:190} INFO - [2025-01-19T05:50:40.231+0000] {dag.py:4180} INFO - Setting next_dagrun for one_task_dag to None, run_after=None
[2025-01-19T05:50:40.246+0000] {processor.py:208} INFO - Processing /workspaces/hands-on-introduction-data-engineering-4395021/airflow/dags/one_task_dag.py took 0.055 seconds
[2025-01-19T05:51:10.390+0000] {processor.py:186} INFO - Started process (PID=51185) to work on /workspaces/hands-on-introduction-data-engineering-4395021/airflow/dags/one_task_dag.py
[2025-01-19T05:51:10.391+0000] {processor.py:914} INFO - Processing file /workspaces/hands-on-introduction-data-engineering-4395021/airflow/dags/one_task_dag.py for tasks to queue
[2025-01-19T05:51:10.393+0000] {logging_mixin.py:190} INFO - [2025-01-19T05:51:10.393+0000] {dagbag.py:588} INFO - Filling up the DagBag from /workspaces/hands-on-introduction-data-engineering-4395021/airflow/dags/one_task_dag.py
[2025-01-19T05:51:10.400+0000] {processor.py:925} INFO - DAG(s) 'one_task_dag' retrieved from /workspaces/hands-on-introduction-data-engineering-4395021/airflow/dags/one_task_dag.py
[2025-01-19T05:51:10.416+0000] {logging_mixin.py:190} INFO - [2025-01-19T05:51:10.415+0000] {dag.py:3239} INFO - Sync 1 DAGs
[2025-01-19T05:51:10.425+0000] {logging_mixin.py:190} INFO - [2025-01-19T05:51:10.425+0000] {dag.py:4180} INFO - Setting next_dagrun for one_task_dag to None, run_after=None
[2025-01-19T05:51:10.440+0000] {processor.py:208} INFO - Processing /workspaces/hands-on-introduction-data-engineering-4395021/airflow/dags/one_task_dag.py took 0.055 seconds
[2025-01-19T05:51:40.580+0000] {processor.py:186} INFO - Started process (PID=51455) to work on /workspaces/hands-on-introduction-data-engineering-4395021/airflow/dags/one_task_dag.py
[2025-01-19T05:51:40.581+0000] {processor.py:914} INFO - Processing file /workspaces/hands-on-introduction-data-engineering-4395021/airflow/dags/one_task_dag.py for tasks to queue
[2025-01-19T05:51:40.582+0000] {logging_mixin.py:190} INFO - [2025-01-19T05:51:40.582+0000] {dagbag.py:588} INFO - Filling up the DagBag from /workspaces/hands-on-introduction-data-engineering-4395021/airflow/dags/one_task_dag.py
[2025-01-19T05:51:40.590+0000] {processor.py:925} INFO - DAG(s) 'one_task_dag' retrieved from /workspaces/hands-on-introduction-data-engineering-4395021/airflow/dags/one_task_dag.py
[2025-01-19T05:51:40.604+0000] {logging_mixin.py:190} INFO - [2025-01-19T05:51:40.604+0000] {dag.py:3239} INFO - Sync 1 DAGs
[2025-01-19T05:51:40.613+0000] {logging_mixin.py:190} INFO - [2025-01-19T05:51:40.613+0000] {dag.py:4180} INFO - Setting next_dagrun for one_task_dag to None, run_after=None
[2025-01-19T05:51:40.627+0000] {processor.py:208} INFO - Processing /workspaces/hands-on-introduction-data-engineering-4395021/airflow/dags/one_task_dag.py took 0.052 seconds
[2025-01-19T05:52:10.776+0000] {processor.py:186} INFO - Started process (PID=51724) to work on /workspaces/hands-on-introduction-data-engineering-4395021/airflow/dags/one_task_dag.py
[2025-01-19T05:52:10.777+0000] {processor.py:914} INFO - Processing file /workspaces/hands-on-introduction-data-engineering-4395021/airflow/dags/one_task_dag.py for tasks to queue
[2025-01-19T05:52:10.780+0000] {logging_mixin.py:190} INFO - [2025-01-19T05:52:10.780+0000] {dagbag.py:588} INFO - Filling up the DagBag from /workspaces/hands-on-introduction-data-engineering-4395021/airflow/dags/one_task_dag.py
[2025-01-19T05:52:10.790+0000] {processor.py:925} INFO - DAG(s) 'one_task_dag' retrieved from /workspaces/hands-on-introduction-data-engineering-4395021/airflow/dags/one_task_dag.py
[2025-01-19T05:52:10.812+0000] {logging_mixin.py:190} INFO - [2025-01-19T05:52:10.811+0000] {dag.py:3239} INFO - Sync 1 DAGs
[2025-01-19T05:52:10.822+0000] {logging_mixin.py:190} INFO - [2025-01-19T05:52:10.822+0000] {dag.py:4180} INFO - Setting next_dagrun for one_task_dag to None, run_after=None
[2025-01-19T05:52:10.836+0000] {processor.py:208} INFO - Processing /workspaces/hands-on-introduction-data-engineering-4395021/airflow/dags/one_task_dag.py took 0.068 seconds
[2025-01-19T05:52:40.977+0000] {processor.py:186} INFO - Started process (PID=51977) to work on /workspaces/hands-on-introduction-data-engineering-4395021/airflow/dags/one_task_dag.py
[2025-01-19T05:52:40.978+0000] {processor.py:914} INFO - Processing file /workspaces/hands-on-introduction-data-engineering-4395021/airflow/dags/one_task_dag.py for tasks to queue
[2025-01-19T05:52:40.980+0000] {logging_mixin.py:190} INFO - [2025-01-19T05:52:40.980+0000] {dagbag.py:588} INFO - Filling up the DagBag from /workspaces/hands-on-introduction-data-engineering-4395021/airflow/dags/one_task_dag.py
[2025-01-19T05:52:40.990+0000] {processor.py:925} INFO - DAG(s) 'one_task_dag' retrieved from /workspaces/hands-on-introduction-data-engineering-4395021/airflow/dags/one_task_dag.py
[2025-01-19T05:52:41.011+0000] {logging_mixin.py:190} INFO - [2025-01-19T05:52:41.011+0000] {dag.py:3239} INFO - Sync 1 DAGs
[2025-01-19T05:52:41.020+0000] {logging_mixin.py:190} INFO - [2025-01-19T05:52:41.020+0000] {dag.py:4180} INFO - Setting next_dagrun for one_task_dag to None, run_after=None
[2025-01-19T05:52:41.036+0000] {processor.py:208} INFO - Processing /workspaces/hands-on-introduction-data-engineering-4395021/airflow/dags/one_task_dag.py took 0.065 seconds
[2025-01-19T05:53:11.172+0000] {processor.py:186} INFO - Started process (PID=52244) to work on /workspaces/hands-on-introduction-data-engineering-4395021/airflow/dags/one_task_dag.py
[2025-01-19T05:53:11.173+0000] {processor.py:914} INFO - Processing file /workspaces/hands-on-introduction-data-engineering-4395021/airflow/dags/one_task_dag.py for tasks to queue
[2025-01-19T05:53:11.174+0000] {logging_mixin.py:190} INFO - [2025-01-19T05:53:11.174+0000] {dagbag.py:588} INFO - Filling up the DagBag from /workspaces/hands-on-introduction-data-engineering-4395021/airflow/dags/one_task_dag.py
[2025-01-19T05:53:11.181+0000] {processor.py:925} INFO - DAG(s) 'one_task_dag' retrieved from /workspaces/hands-on-introduction-data-engineering-4395021/airflow/dags/one_task_dag.py
[2025-01-19T05:53:11.197+0000] {logging_mixin.py:190} INFO - [2025-01-19T05:53:11.197+0000] {dag.py:3239} INFO - Sync 1 DAGs
[2025-01-19T05:53:11.207+0000] {logging_mixin.py:190} INFO - [2025-01-19T05:53:11.207+0000] {dag.py:4180} INFO - Setting next_dagrun for one_task_dag to None, run_after=None
[2025-01-19T05:53:11.223+0000] {processor.py:208} INFO - Processing /workspaces/hands-on-introduction-data-engineering-4395021/airflow/dags/one_task_dag.py took 0.056 seconds
[2025-01-19T05:53:41.352+0000] {processor.py:186} INFO - Started process (PID=52507) to work on /workspaces/hands-on-introduction-data-engineering-4395021/airflow/dags/one_task_dag.py
[2025-01-19T05:53:41.352+0000] {processor.py:914} INFO - Processing file /workspaces/hands-on-introduction-data-engineering-4395021/airflow/dags/one_task_dag.py for tasks to queue
[2025-01-19T05:53:41.354+0000] {logging_mixin.py:190} INFO - [2025-01-19T05:53:41.354+0000] {dagbag.py:588} INFO - Filling up the DagBag from /workspaces/hands-on-introduction-data-engineering-4395021/airflow/dags/one_task_dag.py
[2025-01-19T05:53:41.361+0000] {processor.py:925} INFO - DAG(s) 'one_task_dag' retrieved from /workspaces/hands-on-introduction-data-engineering-4395021/airflow/dags/one_task_dag.py
[2025-01-19T05:53:41.376+0000] {logging_mixin.py:190} INFO - [2025-01-19T05:53:41.376+0000] {dag.py:3239} INFO - Sync 1 DAGs
[2025-01-19T05:53:41.386+0000] {logging_mixin.py:190} INFO - [2025-01-19T05:53:41.386+0000] {dag.py:4180} INFO - Setting next_dagrun for one_task_dag to None, run_after=None
[2025-01-19T05:53:41.400+0000] {processor.py:208} INFO - Processing /workspaces/hands-on-introduction-data-engineering-4395021/airflow/dags/one_task_dag.py took 0.052 seconds
[2025-01-19T05:54:11.544+0000] {processor.py:186} INFO - Started process (PID=52775) to work on /workspaces/hands-on-introduction-data-engineering-4395021/airflow/dags/one_task_dag.py
[2025-01-19T05:54:11.545+0000] {processor.py:914} INFO - Processing file /workspaces/hands-on-introduction-data-engineering-4395021/airflow/dags/one_task_dag.py for tasks to queue
[2025-01-19T05:54:11.546+0000] {logging_mixin.py:190} INFO - [2025-01-19T05:54:11.546+0000] {dagbag.py:588} INFO - Filling up the DagBag from /workspaces/hands-on-introduction-data-engineering-4395021/airflow/dags/one_task_dag.py
[2025-01-19T05:54:11.553+0000] {processor.py:925} INFO - DAG(s) 'one_task_dag' retrieved from /workspaces/hands-on-introduction-data-engineering-4395021/airflow/dags/one_task_dag.py
[2025-01-19T05:54:11.569+0000] {logging_mixin.py:190} INFO - [2025-01-19T05:54:11.569+0000] {dag.py:3239} INFO - Sync 1 DAGs
[2025-01-19T05:54:11.578+0000] {logging_mixin.py:190} INFO - [2025-01-19T05:54:11.578+0000] {dag.py:4180} INFO - Setting next_dagrun for one_task_dag to None, run_after=None
[2025-01-19T05:54:11.593+0000] {processor.py:208} INFO - Processing /workspaces/hands-on-introduction-data-engineering-4395021/airflow/dags/one_task_dag.py took 0.054 seconds
[2025-01-19T05:54:41.752+0000] {processor.py:186} INFO - Started process (PID=53025) to work on /workspaces/hands-on-introduction-data-engineering-4395021/airflow/dags/one_task_dag.py
[2025-01-19T05:54:41.753+0000] {processor.py:914} INFO - Processing file /workspaces/hands-on-introduction-data-engineering-4395021/airflow/dags/one_task_dag.py for tasks to queue
[2025-01-19T05:54:41.755+0000] {logging_mixin.py:190} INFO - [2025-01-19T05:54:41.755+0000] {dagbag.py:588} INFO - Filling up the DagBag from /workspaces/hands-on-introduction-data-engineering-4395021/airflow/dags/one_task_dag.py
[2025-01-19T05:54:41.762+0000] {processor.py:925} INFO - DAG(s) 'one_task_dag' retrieved from /workspaces/hands-on-introduction-data-engineering-4395021/airflow/dags/one_task_dag.py
[2025-01-19T05:54:41.776+0000] {logging_mixin.py:190} INFO - [2025-01-19T05:54:41.776+0000] {dag.py:3239} INFO - Sync 1 DAGs
[2025-01-19T05:54:41.785+0000] {logging_mixin.py:190} INFO - [2025-01-19T05:54:41.785+0000] {dag.py:4180} INFO - Setting next_dagrun for one_task_dag to None, run_after=None
[2025-01-19T05:54:41.799+0000] {processor.py:208} INFO - Processing /workspaces/hands-on-introduction-data-engineering-4395021/airflow/dags/one_task_dag.py took 0.052 seconds
[2025-01-19T05:55:11.950+0000] {processor.py:186} INFO - Started process (PID=53295) to work on /workspaces/hands-on-introduction-data-engineering-4395021/airflow/dags/one_task_dag.py
[2025-01-19T05:55:11.951+0000] {processor.py:914} INFO - Processing file /workspaces/hands-on-introduction-data-engineering-4395021/airflow/dags/one_task_dag.py for tasks to queue
[2025-01-19T05:55:11.953+0000] {logging_mixin.py:190} INFO - [2025-01-19T05:55:11.953+0000] {dagbag.py:588} INFO - Filling up the DagBag from /workspaces/hands-on-introduction-data-engineering-4395021/airflow/dags/one_task_dag.py
[2025-01-19T05:55:11.963+0000] {processor.py:925} INFO - DAG(s) 'one_task_dag' retrieved from /workspaces/hands-on-introduction-data-engineering-4395021/airflow/dags/one_task_dag.py
[2025-01-19T05:55:11.983+0000] {logging_mixin.py:190} INFO - [2025-01-19T05:55:11.983+0000] {dag.py:3239} INFO - Sync 1 DAGs
[2025-01-19T05:55:11.996+0000] {logging_mixin.py:190} INFO - [2025-01-19T05:55:11.996+0000] {dag.py:4180} INFO - Setting next_dagrun for one_task_dag to None, run_after=None
[2025-01-19T05:55:12.015+0000] {processor.py:208} INFO - Processing /workspaces/hands-on-introduction-data-engineering-4395021/airflow/dags/one_task_dag.py took 0.071 seconds
[2025-01-19T05:55:42.126+0000] {processor.py:186} INFO - Started process (PID=53546) to work on /workspaces/hands-on-introduction-data-engineering-4395021/airflow/dags/one_task_dag.py
[2025-01-19T05:55:42.126+0000] {processor.py:914} INFO - Processing file /workspaces/hands-on-introduction-data-engineering-4395021/airflow/dags/one_task_dag.py for tasks to queue
[2025-01-19T05:55:42.128+0000] {logging_mixin.py:190} INFO - [2025-01-19T05:55:42.127+0000] {dagbag.py:588} INFO - Filling up the DagBag from /workspaces/hands-on-introduction-data-engineering-4395021/airflow/dags/one_task_dag.py
[2025-01-19T05:55:42.134+0000] {processor.py:925} INFO - DAG(s) 'one_task_dag' retrieved from /workspaces/hands-on-introduction-data-engineering-4395021/airflow/dags/one_task_dag.py
[2025-01-19T05:55:42.149+0000] {logging_mixin.py:190} INFO - [2025-01-19T05:55:42.149+0000] {dag.py:3239} INFO - Sync 1 DAGs
[2025-01-19T05:55:42.160+0000] {logging_mixin.py:190} INFO - [2025-01-19T05:55:42.160+0000] {dag.py:4180} INFO - Setting next_dagrun for one_task_dag to None, run_after=None
[2025-01-19T05:55:42.176+0000] {processor.py:208} INFO - Processing /workspaces/hands-on-introduction-data-engineering-4395021/airflow/dags/one_task_dag.py took 0.055 seconds
