[2025-08-12T15:36:51.428+0000] {processor.py:157} INFO - Started process (PID=17888) to work on /home/vscode/.local/lib/python3.10/site-packages/airflow/example_dags/example_time_delta_sensor_async.py
[2025-08-12T15:36:51.429+0000] {processor.py:826} INFO - Processing file /home/vscode/.local/lib/python3.10/site-packages/airflow/example_dags/example_time_delta_sensor_async.py for tasks to queue
[2025-08-12T15:36:51.430+0000] {logging_mixin.py:150} INFO - [2025-08-12T15:36:51.430+0000] {dagbag.py:541} INFO - Filling up the DagBag from /home/vscode/.local/lib/python3.10/site-packages/airflow/example_dags/example_time_delta_sensor_async.py
[2025-08-12T15:36:51.438+0000] {processor.py:836} INFO - DAG(s) dict_keys(['example_time_delta_sensor_async']) retrieved from /home/vscode/.local/lib/python3.10/site-packages/airflow/example_dags/example_time_delta_sensor_async.py
[2025-08-12T15:36:51.624+0000] {logging_mixin.py:150} INFO - [2025-08-12T15:36:51.624+0000] {manager.py:504} INFO - Created Permission View: can edit on DAG:example_time_delta_sensor_async
[2025-08-12T15:36:51.633+0000] {logging_mixin.py:150} INFO - [2025-08-12T15:36:51.633+0000] {manager.py:504} INFO - Created Permission View: can read on DAG:example_time_delta_sensor_async
[2025-08-12T15:36:51.640+0000] {logging_mixin.py:150} INFO - [2025-08-12T15:36:51.640+0000] {manager.py:504} INFO - Created Permission View: can delete on DAG:example_time_delta_sensor_async
[2025-08-12T15:36:51.649+0000] {logging_mixin.py:150} INFO - [2025-08-12T15:36:51.649+0000] {dag.py:2742} INFO - Sync 1 DAGs
[2025-08-12T15:36:51.656+0000] {logging_mixin.py:150} INFO - [2025-08-12T15:36:51.655+0000] {dag.py:2763} INFO - Creating ORM DAG for example_time_delta_sensor_async
[2025-08-12T15:36:51.662+0000] {logging_mixin.py:150} INFO - [2025-08-12T15:36:51.662+0000] {dag.py:3504} INFO - Setting next_dagrun for example_time_delta_sensor_async to None, run_after=None
[2025-08-12T15:36:51.679+0000] {processor.py:179} INFO - Processing /home/vscode/.local/lib/python3.10/site-packages/airflow/example_dags/example_time_delta_sensor_async.py took 0.254 seconds
[2025-08-12T15:37:38.199+0000] {processor.py:157} INFO - Started process (PID=18251) to work on /home/vscode/.local/lib/python3.10/site-packages/airflow/example_dags/example_time_delta_sensor_async.py
[2025-08-12T15:37:38.200+0000] {processor.py:826} INFO - Processing file /home/vscode/.local/lib/python3.10/site-packages/airflow/example_dags/example_time_delta_sensor_async.py for tasks to queue
[2025-08-12T15:37:38.200+0000] {logging_mixin.py:150} INFO - [2025-08-12T15:37:38.200+0000] {dagbag.py:541} INFO - Filling up the DagBag from /home/vscode/.local/lib/python3.10/site-packages/airflow/example_dags/example_time_delta_sensor_async.py
[2025-08-12T15:37:38.204+0000] {processor.py:836} INFO - DAG(s) dict_keys(['example_time_delta_sensor_async']) retrieved from /home/vscode/.local/lib/python3.10/site-packages/airflow/example_dags/example_time_delta_sensor_async.py
[2025-08-12T15:37:38.215+0000] {logging_mixin.py:150} INFO - [2025-08-12T15:37:38.215+0000] {dag.py:2742} INFO - Sync 1 DAGs
[2025-08-12T15:37:38.230+0000] {logging_mixin.py:150} INFO - [2025-08-12T15:37:38.230+0000] {dag.py:3504} INFO - Setting next_dagrun for example_time_delta_sensor_async to None, run_after=None
[2025-08-12T15:37:38.246+0000] {processor.py:179} INFO - Processing /home/vscode/.local/lib/python3.10/site-packages/airflow/example_dags/example_time_delta_sensor_async.py took 0.049 seconds
[2025-08-12T15:38:24.743+0000] {processor.py:157} INFO - Started process (PID=18608) to work on /home/vscode/.local/lib/python3.10/site-packages/airflow/example_dags/example_time_delta_sensor_async.py
[2025-08-12T15:38:24.744+0000] {processor.py:826} INFO - Processing file /home/vscode/.local/lib/python3.10/site-packages/airflow/example_dags/example_time_delta_sensor_async.py for tasks to queue
[2025-08-12T15:38:24.744+0000] {logging_mixin.py:150} INFO - [2025-08-12T15:38:24.744+0000] {dagbag.py:541} INFO - Filling up the DagBag from /home/vscode/.local/lib/python3.10/site-packages/airflow/example_dags/example_time_delta_sensor_async.py
[2025-08-12T15:38:24.749+0000] {processor.py:836} INFO - DAG(s) dict_keys(['example_time_delta_sensor_async']) retrieved from /home/vscode/.local/lib/python3.10/site-packages/airflow/example_dags/example_time_delta_sensor_async.py
[2025-08-12T15:38:24.767+0000] {logging_mixin.py:150} INFO - [2025-08-12T15:38:24.766+0000] {dag.py:2742} INFO - Sync 1 DAGs
[2025-08-12T15:38:24.788+0000] {logging_mixin.py:150} INFO - [2025-08-12T15:38:24.787+0000] {dag.py:3504} INFO - Setting next_dagrun for example_time_delta_sensor_async to None, run_after=None
[2025-08-12T15:38:24.806+0000] {processor.py:179} INFO - Processing /home/vscode/.local/lib/python3.10/site-packages/airflow/example_dags/example_time_delta_sensor_async.py took 0.065 seconds
[2025-08-12T15:39:11.529+0000] {processor.py:157} INFO - Started process (PID=18984) to work on /home/vscode/.local/lib/python3.10/site-packages/airflow/example_dags/example_time_delta_sensor_async.py
[2025-08-12T15:39:11.529+0000] {processor.py:826} INFO - Processing file /home/vscode/.local/lib/python3.10/site-packages/airflow/example_dags/example_time_delta_sensor_async.py for tasks to queue
[2025-08-12T15:39:11.530+0000] {logging_mixin.py:150} INFO - [2025-08-12T15:39:11.530+0000] {dagbag.py:541} INFO - Filling up the DagBag from /home/vscode/.local/lib/python3.10/site-packages/airflow/example_dags/example_time_delta_sensor_async.py
[2025-08-12T15:39:11.533+0000] {processor.py:836} INFO - DAG(s) dict_keys(['example_time_delta_sensor_async']) retrieved from /home/vscode/.local/lib/python3.10/site-packages/airflow/example_dags/example_time_delta_sensor_async.py
[2025-08-12T15:39:11.549+0000] {logging_mixin.py:150} INFO - [2025-08-12T15:39:11.549+0000] {dag.py:2742} INFO - Sync 1 DAGs
[2025-08-12T15:39:11.573+0000] {logging_mixin.py:150} INFO - [2025-08-12T15:39:11.573+0000] {dag.py:3504} INFO - Setting next_dagrun for example_time_delta_sensor_async to None, run_after=None
[2025-08-12T15:39:11.597+0000] {processor.py:179} INFO - Processing /home/vscode/.local/lib/python3.10/site-packages/airflow/example_dags/example_time_delta_sensor_async.py took 0.071 seconds
[2025-08-12T15:39:54.356+0000] {processor.py:157} INFO - Started process (PID=19280) to work on /home/vscode/.local/lib/python3.10/site-packages/airflow/example_dags/example_time_delta_sensor_async.py
[2025-08-12T15:39:54.356+0000] {processor.py:826} INFO - Processing file /home/vscode/.local/lib/python3.10/site-packages/airflow/example_dags/example_time_delta_sensor_async.py for tasks to queue
[2025-08-12T15:39:54.357+0000] {logging_mixin.py:150} INFO - [2025-08-12T15:39:54.357+0000] {dagbag.py:541} INFO - Filling up the DagBag from /home/vscode/.local/lib/python3.10/site-packages/airflow/example_dags/example_time_delta_sensor_async.py
[2025-08-12T15:39:54.360+0000] {processor.py:836} INFO - DAG(s) dict_keys(['example_time_delta_sensor_async']) retrieved from /home/vscode/.local/lib/python3.10/site-packages/airflow/example_dags/example_time_delta_sensor_async.py
[2025-08-12T15:39:54.372+0000] {logging_mixin.py:150} INFO - [2025-08-12T15:39:54.372+0000] {dag.py:2742} INFO - Sync 1 DAGs
[2025-08-12T15:39:54.385+0000] {logging_mixin.py:150} INFO - [2025-08-12T15:39:54.385+0000] {dag.py:3504} INFO - Setting next_dagrun for example_time_delta_sensor_async to None, run_after=None
[2025-08-12T15:39:54.400+0000] {processor.py:179} INFO - Processing /home/vscode/.local/lib/python3.10/site-packages/airflow/example_dags/example_time_delta_sensor_async.py took 0.047 seconds
[2025-08-12T15:40:41.472+0000] {processor.py:157} INFO - Started process (PID=19592) to work on /home/vscode/.local/lib/python3.10/site-packages/airflow/example_dags/example_time_delta_sensor_async.py
[2025-08-12T15:40:41.473+0000] {processor.py:826} INFO - Processing file /home/vscode/.local/lib/python3.10/site-packages/airflow/example_dags/example_time_delta_sensor_async.py for tasks to queue
[2025-08-12T15:40:41.473+0000] {logging_mixin.py:150} INFO - [2025-08-12T15:40:41.473+0000] {dagbag.py:541} INFO - Filling up the DagBag from /home/vscode/.local/lib/python3.10/site-packages/airflow/example_dags/example_time_delta_sensor_async.py
[2025-08-12T15:40:41.476+0000] {processor.py:836} INFO - DAG(s) dict_keys(['example_time_delta_sensor_async']) retrieved from /home/vscode/.local/lib/python3.10/site-packages/airflow/example_dags/example_time_delta_sensor_async.py
[2025-08-12T15:40:41.489+0000] {logging_mixin.py:150} INFO - [2025-08-12T15:40:41.488+0000] {dag.py:2742} INFO - Sync 1 DAGs
[2025-08-12T15:40:41.503+0000] {logging_mixin.py:150} INFO - [2025-08-12T15:40:41.503+0000] {dag.py:3504} INFO - Setting next_dagrun for example_time_delta_sensor_async to None, run_after=None
[2025-08-12T15:40:41.518+0000] {processor.py:179} INFO - Processing /home/vscode/.local/lib/python3.10/site-packages/airflow/example_dags/example_time_delta_sensor_async.py took 0.049 seconds
[2025-08-12T15:41:25.170+0000] {processor.py:157} INFO - Started process (PID=19889) to work on /home/vscode/.local/lib/python3.10/site-packages/airflow/example_dags/example_time_delta_sensor_async.py
[2025-08-12T15:41:25.172+0000] {processor.py:826} INFO - Processing file /home/vscode/.local/lib/python3.10/site-packages/airflow/example_dags/example_time_delta_sensor_async.py for tasks to queue
[2025-08-12T15:41:25.173+0000] {logging_mixin.py:150} INFO - [2025-08-12T15:41:25.173+0000] {dagbag.py:541} INFO - Filling up the DagBag from /home/vscode/.local/lib/python3.10/site-packages/airflow/example_dags/example_time_delta_sensor_async.py
[2025-08-12T15:41:25.178+0000] {processor.py:836} INFO - DAG(s) dict_keys(['example_time_delta_sensor_async']) retrieved from /home/vscode/.local/lib/python3.10/site-packages/airflow/example_dags/example_time_delta_sensor_async.py
[2025-08-12T15:41:25.196+0000] {logging_mixin.py:150} INFO - [2025-08-12T15:41:25.195+0000] {dag.py:2742} INFO - Sync 1 DAGs
[2025-08-12T15:41:25.217+0000] {logging_mixin.py:150} INFO - [2025-08-12T15:41:25.217+0000] {dag.py:3504} INFO - Setting next_dagrun for example_time_delta_sensor_async to None, run_after=None
[2025-08-12T15:41:25.237+0000] {processor.py:179} INFO - Processing /home/vscode/.local/lib/python3.10/site-packages/airflow/example_dags/example_time_delta_sensor_async.py took 0.070 seconds
[2025-08-12T15:42:11.499+0000] {processor.py:157} INFO - Started process (PID=20192) to work on /home/vscode/.local/lib/python3.10/site-packages/airflow/example_dags/example_time_delta_sensor_async.py
[2025-08-12T15:42:11.499+0000] {processor.py:826} INFO - Processing file /home/vscode/.local/lib/python3.10/site-packages/airflow/example_dags/example_time_delta_sensor_async.py for tasks to queue
[2025-08-12T15:42:11.500+0000] {logging_mixin.py:150} INFO - [2025-08-12T15:42:11.500+0000] {dagbag.py:541} INFO - Filling up the DagBag from /home/vscode/.local/lib/python3.10/site-packages/airflow/example_dags/example_time_delta_sensor_async.py
[2025-08-12T15:42:11.503+0000] {processor.py:836} INFO - DAG(s) dict_keys(['example_time_delta_sensor_async']) retrieved from /home/vscode/.local/lib/python3.10/site-packages/airflow/example_dags/example_time_delta_sensor_async.py
[2025-08-12T15:42:11.516+0000] {logging_mixin.py:150} INFO - [2025-08-12T15:42:11.515+0000] {dag.py:2742} INFO - Sync 1 DAGs
[2025-08-12T15:42:11.530+0000] {logging_mixin.py:150} INFO - [2025-08-12T15:42:11.530+0000] {dag.py:3504} INFO - Setting next_dagrun for example_time_delta_sensor_async to None, run_after=None
[2025-08-12T15:42:11.547+0000] {processor.py:179} INFO - Processing /home/vscode/.local/lib/python3.10/site-packages/airflow/example_dags/example_time_delta_sensor_async.py took 0.051 seconds
[2025-08-12T15:42:53.530+0000] {processor.py:157} INFO - Started process (PID=20473) to work on /home/vscode/.local/lib/python3.10/site-packages/airflow/example_dags/example_time_delta_sensor_async.py
[2025-08-12T15:42:53.531+0000] {processor.py:826} INFO - Processing file /home/vscode/.local/lib/python3.10/site-packages/airflow/example_dags/example_time_delta_sensor_async.py for tasks to queue
[2025-08-12T15:42:53.531+0000] {logging_mixin.py:150} INFO - [2025-08-12T15:42:53.531+0000] {dagbag.py:541} INFO - Filling up the DagBag from /home/vscode/.local/lib/python3.10/site-packages/airflow/example_dags/example_time_delta_sensor_async.py
[2025-08-12T15:42:53.535+0000] {processor.py:836} INFO - DAG(s) dict_keys(['example_time_delta_sensor_async']) retrieved from /home/vscode/.local/lib/python3.10/site-packages/airflow/example_dags/example_time_delta_sensor_async.py
[2025-08-12T15:42:53.547+0000] {logging_mixin.py:150} INFO - [2025-08-12T15:42:53.547+0000] {dag.py:2742} INFO - Sync 1 DAGs
[2025-08-12T15:42:53.561+0000] {logging_mixin.py:150} INFO - [2025-08-12T15:42:53.561+0000] {dag.py:3504} INFO - Setting next_dagrun for example_time_delta_sensor_async to None, run_after=None
[2025-08-12T15:42:53.577+0000] {processor.py:179} INFO - Processing /home/vscode/.local/lib/python3.10/site-packages/airflow/example_dags/example_time_delta_sensor_async.py took 0.049 seconds
[2025-08-12T15:43:34.653+0000] {processor.py:157} INFO - Started process (PID=20746) to work on /home/vscode/.local/lib/python3.10/site-packages/airflow/example_dags/example_time_delta_sensor_async.py
[2025-08-12T15:43:34.653+0000] {processor.py:826} INFO - Processing file /home/vscode/.local/lib/python3.10/site-packages/airflow/example_dags/example_time_delta_sensor_async.py for tasks to queue
[2025-08-12T15:43:34.654+0000] {logging_mixin.py:150} INFO - [2025-08-12T15:43:34.654+0000] {dagbag.py:541} INFO - Filling up the DagBag from /home/vscode/.local/lib/python3.10/site-packages/airflow/example_dags/example_time_delta_sensor_async.py
[2025-08-12T15:43:34.657+0000] {processor.py:836} INFO - DAG(s) dict_keys(['example_time_delta_sensor_async']) retrieved from /home/vscode/.local/lib/python3.10/site-packages/airflow/example_dags/example_time_delta_sensor_async.py
[2025-08-12T15:43:34.669+0000] {logging_mixin.py:150} INFO - [2025-08-12T15:43:34.669+0000] {dag.py:2742} INFO - Sync 1 DAGs
[2025-08-12T15:43:34.683+0000] {logging_mixin.py:150} INFO - [2025-08-12T15:43:34.683+0000] {dag.py:3504} INFO - Setting next_dagrun for example_time_delta_sensor_async to None, run_after=None
[2025-08-12T15:43:34.698+0000] {processor.py:179} INFO - Processing /home/vscode/.local/lib/python3.10/site-packages/airflow/example_dags/example_time_delta_sensor_async.py took 0.047 seconds
[2025-08-12T15:44:18.978+0000] {processor.py:157} INFO - Started process (PID=21038) to work on /home/vscode/.local/lib/python3.10/site-packages/airflow/example_dags/example_time_delta_sensor_async.py
[2025-08-12T15:44:18.979+0000] {processor.py:826} INFO - Processing file /home/vscode/.local/lib/python3.10/site-packages/airflow/example_dags/example_time_delta_sensor_async.py for tasks to queue
[2025-08-12T15:44:18.979+0000] {logging_mixin.py:150} INFO - [2025-08-12T15:44:18.979+0000] {dagbag.py:541} INFO - Filling up the DagBag from /home/vscode/.local/lib/python3.10/site-packages/airflow/example_dags/example_time_delta_sensor_async.py
[2025-08-12T15:44:18.982+0000] {processor.py:836} INFO - DAG(s) dict_keys(['example_time_delta_sensor_async']) retrieved from /home/vscode/.local/lib/python3.10/site-packages/airflow/example_dags/example_time_delta_sensor_async.py
[2025-08-12T15:44:18.996+0000] {logging_mixin.py:150} INFO - [2025-08-12T15:44:18.996+0000] {dag.py:2742} INFO - Sync 1 DAGs
[2025-08-12T15:44:19.020+0000] {logging_mixin.py:150} INFO - [2025-08-12T15:44:19.019+0000] {dag.py:3504} INFO - Setting next_dagrun for example_time_delta_sensor_async to None, run_after=None
[2025-08-12T15:44:19.043+0000] {processor.py:179} INFO - Processing /home/vscode/.local/lib/python3.10/site-packages/airflow/example_dags/example_time_delta_sensor_async.py took 0.067 seconds
[2025-08-12T15:44:59.351+0000] {processor.py:157} INFO - Started process (PID=21314) to work on /home/vscode/.local/lib/python3.10/site-packages/airflow/example_dags/example_time_delta_sensor_async.py
[2025-08-12T15:44:59.352+0000] {processor.py:826} INFO - Processing file /home/vscode/.local/lib/python3.10/site-packages/airflow/example_dags/example_time_delta_sensor_async.py for tasks to queue
[2025-08-12T15:44:59.352+0000] {logging_mixin.py:150} INFO - [2025-08-12T15:44:59.352+0000] {dagbag.py:541} INFO - Filling up the DagBag from /home/vscode/.local/lib/python3.10/site-packages/airflow/example_dags/example_time_delta_sensor_async.py
[2025-08-12T15:44:59.356+0000] {processor.py:836} INFO - DAG(s) dict_keys(['example_time_delta_sensor_async']) retrieved from /home/vscode/.local/lib/python3.10/site-packages/airflow/example_dags/example_time_delta_sensor_async.py
[2025-08-12T15:44:59.371+0000] {logging_mixin.py:150} INFO - [2025-08-12T15:44:59.371+0000] {dag.py:2742} INFO - Sync 1 DAGs
[2025-08-12T15:44:59.392+0000] {logging_mixin.py:150} INFO - [2025-08-12T15:44:59.392+0000] {dag.py:3504} INFO - Setting next_dagrun for example_time_delta_sensor_async to None, run_after=None
[2025-08-12T15:44:59.417+0000] {processor.py:179} INFO - Processing /home/vscode/.local/lib/python3.10/site-packages/airflow/example_dags/example_time_delta_sensor_async.py took 0.068 seconds
[2025-08-12T15:45:42.966+0000] {processor.py:157} INFO - Started process (PID=21600) to work on /home/vscode/.local/lib/python3.10/site-packages/airflow/example_dags/example_time_delta_sensor_async.py
[2025-08-12T15:45:42.966+0000] {processor.py:826} INFO - Processing file /home/vscode/.local/lib/python3.10/site-packages/airflow/example_dags/example_time_delta_sensor_async.py for tasks to queue
[2025-08-12T15:45:42.967+0000] {logging_mixin.py:150} INFO - [2025-08-12T15:45:42.966+0000] {dagbag.py:541} INFO - Filling up the DagBag from /home/vscode/.local/lib/python3.10/site-packages/airflow/example_dags/example_time_delta_sensor_async.py
[2025-08-12T15:45:42.971+0000] {processor.py:836} INFO - DAG(s) dict_keys(['example_time_delta_sensor_async']) retrieved from /home/vscode/.local/lib/python3.10/site-packages/airflow/example_dags/example_time_delta_sensor_async.py
[2025-08-12T15:45:42.983+0000] {logging_mixin.py:150} INFO - [2025-08-12T15:45:42.983+0000] {dag.py:2742} INFO - Sync 1 DAGs
[2025-08-12T15:45:42.997+0000] {logging_mixin.py:150} INFO - [2025-08-12T15:45:42.997+0000] {dag.py:3504} INFO - Setting next_dagrun for example_time_delta_sensor_async to None, run_after=None
[2025-08-12T15:45:43.016+0000] {processor.py:179} INFO - Processing /home/vscode/.local/lib/python3.10/site-packages/airflow/example_dags/example_time_delta_sensor_async.py took 0.052 seconds
[2025-08-12T15:46:26.663+0000] {processor.py:157} INFO - Started process (PID=21898) to work on /home/vscode/.local/lib/python3.10/site-packages/airflow/example_dags/example_time_delta_sensor_async.py
[2025-08-12T15:46:26.664+0000] {processor.py:826} INFO - Processing file /home/vscode/.local/lib/python3.10/site-packages/airflow/example_dags/example_time_delta_sensor_async.py for tasks to queue
[2025-08-12T15:46:26.664+0000] {logging_mixin.py:150} INFO - [2025-08-12T15:46:26.664+0000] {dagbag.py:541} INFO - Filling up the DagBag from /home/vscode/.local/lib/python3.10/site-packages/airflow/example_dags/example_time_delta_sensor_async.py
[2025-08-12T15:46:26.668+0000] {processor.py:836} INFO - DAG(s) dict_keys(['example_time_delta_sensor_async']) retrieved from /home/vscode/.local/lib/python3.10/site-packages/airflow/example_dags/example_time_delta_sensor_async.py
[2025-08-12T15:46:26.681+0000] {logging_mixin.py:150} INFO - [2025-08-12T15:46:26.681+0000] {dag.py:2742} INFO - Sync 1 DAGs
[2025-08-12T15:46:26.696+0000] {logging_mixin.py:150} INFO - [2025-08-12T15:46:26.695+0000] {dag.py:3504} INFO - Setting next_dagrun for example_time_delta_sensor_async to None, run_after=None
[2025-08-12T15:46:26.711+0000] {processor.py:179} INFO - Processing /home/vscode/.local/lib/python3.10/site-packages/airflow/example_dags/example_time_delta_sensor_async.py took 0.051 seconds
[2025-08-12T15:47:09.173+0000] {processor.py:157} INFO - Started process (PID=22172) to work on /home/vscode/.local/lib/python3.10/site-packages/airflow/example_dags/example_time_delta_sensor_async.py
[2025-08-12T15:47:09.174+0000] {processor.py:826} INFO - Processing file /home/vscode/.local/lib/python3.10/site-packages/airflow/example_dags/example_time_delta_sensor_async.py for tasks to queue
[2025-08-12T15:47:09.175+0000] {logging_mixin.py:150} INFO - [2025-08-12T15:47:09.175+0000] {dagbag.py:541} INFO - Filling up the DagBag from /home/vscode/.local/lib/python3.10/site-packages/airflow/example_dags/example_time_delta_sensor_async.py
[2025-08-12T15:47:09.181+0000] {processor.py:836} INFO - DAG(s) dict_keys(['example_time_delta_sensor_async']) retrieved from /home/vscode/.local/lib/python3.10/site-packages/airflow/example_dags/example_time_delta_sensor_async.py
[2025-08-12T15:47:09.198+0000] {logging_mixin.py:150} INFO - [2025-08-12T15:47:09.197+0000] {dag.py:2742} INFO - Sync 1 DAGs
[2025-08-12T15:47:09.219+0000] {logging_mixin.py:150} INFO - [2025-08-12T15:47:09.218+0000] {dag.py:3504} INFO - Setting next_dagrun for example_time_delta_sensor_async to None, run_after=None
[2025-08-12T15:47:09.254+0000] {processor.py:179} INFO - Processing /home/vscode/.local/lib/python3.10/site-packages/airflow/example_dags/example_time_delta_sensor_async.py took 0.083 seconds
[2025-08-12T15:47:51.325+0000] {processor.py:157} INFO - Started process (PID=22456) to work on /home/vscode/.local/lib/python3.10/site-packages/airflow/example_dags/example_time_delta_sensor_async.py
[2025-08-12T15:47:51.326+0000] {processor.py:826} INFO - Processing file /home/vscode/.local/lib/python3.10/site-packages/airflow/example_dags/example_time_delta_sensor_async.py for tasks to queue
[2025-08-12T15:47:51.326+0000] {logging_mixin.py:150} INFO - [2025-08-12T15:47:51.326+0000] {dagbag.py:541} INFO - Filling up the DagBag from /home/vscode/.local/lib/python3.10/site-packages/airflow/example_dags/example_time_delta_sensor_async.py
[2025-08-12T15:47:51.330+0000] {processor.py:836} INFO - DAG(s) dict_keys(['example_time_delta_sensor_async']) retrieved from /home/vscode/.local/lib/python3.10/site-packages/airflow/example_dags/example_time_delta_sensor_async.py
[2025-08-12T15:47:51.342+0000] {logging_mixin.py:150} INFO - [2025-08-12T15:47:51.342+0000] {dag.py:2742} INFO - Sync 1 DAGs
[2025-08-12T15:47:51.356+0000] {logging_mixin.py:150} INFO - [2025-08-12T15:47:51.356+0000] {dag.py:3504} INFO - Setting next_dagrun for example_time_delta_sensor_async to None, run_after=None
[2025-08-12T15:47:51.372+0000] {processor.py:179} INFO - Processing /home/vscode/.local/lib/python3.10/site-packages/airflow/example_dags/example_time_delta_sensor_async.py took 0.050 seconds
[2025-08-12T15:48:30.010+0000] {processor.py:157} INFO - Started process (PID=22715) to work on /home/vscode/.local/lib/python3.10/site-packages/airflow/example_dags/example_time_delta_sensor_async.py
[2025-08-12T15:48:30.011+0000] {processor.py:826} INFO - Processing file /home/vscode/.local/lib/python3.10/site-packages/airflow/example_dags/example_time_delta_sensor_async.py for tasks to queue
[2025-08-12T15:48:30.011+0000] {logging_mixin.py:150} INFO - [2025-08-12T15:48:30.011+0000] {dagbag.py:541} INFO - Filling up the DagBag from /home/vscode/.local/lib/python3.10/site-packages/airflow/example_dags/example_time_delta_sensor_async.py
[2025-08-12T15:48:30.015+0000] {processor.py:836} INFO - DAG(s) dict_keys(['example_time_delta_sensor_async']) retrieved from /home/vscode/.local/lib/python3.10/site-packages/airflow/example_dags/example_time_delta_sensor_async.py
[2025-08-12T15:48:30.026+0000] {logging_mixin.py:150} INFO - [2025-08-12T15:48:30.026+0000] {dag.py:2742} INFO - Sync 1 DAGs
[2025-08-12T15:48:30.040+0000] {logging_mixin.py:150} INFO - [2025-08-12T15:48:30.040+0000] {dag.py:3504} INFO - Setting next_dagrun for example_time_delta_sensor_async to None, run_after=None
[2025-08-12T15:48:30.057+0000] {processor.py:179} INFO - Processing /home/vscode/.local/lib/python3.10/site-packages/airflow/example_dags/example_time_delta_sensor_async.py took 0.049 seconds
[2025-08-12T15:49:11.673+0000] {processor.py:157} INFO - Started process (PID=23021) to work on /home/vscode/.local/lib/python3.10/site-packages/airflow/example_dags/example_time_delta_sensor_async.py
[2025-08-12T15:49:11.673+0000] {processor.py:826} INFO - Processing file /home/vscode/.local/lib/python3.10/site-packages/airflow/example_dags/example_time_delta_sensor_async.py for tasks to queue
[2025-08-12T15:49:11.674+0000] {logging_mixin.py:150} INFO - [2025-08-12T15:49:11.674+0000] {dagbag.py:541} INFO - Filling up the DagBag from /home/vscode/.local/lib/python3.10/site-packages/airflow/example_dags/example_time_delta_sensor_async.py
[2025-08-12T15:49:11.677+0000] {processor.py:836} INFO - DAG(s) dict_keys(['example_time_delta_sensor_async']) retrieved from /home/vscode/.local/lib/python3.10/site-packages/airflow/example_dags/example_time_delta_sensor_async.py
[2025-08-12T15:49:11.688+0000] {logging_mixin.py:150} INFO - [2025-08-12T15:49:11.688+0000] {dag.py:2742} INFO - Sync 1 DAGs
[2025-08-12T15:49:11.706+0000] {logging_mixin.py:150} INFO - [2025-08-12T15:49:11.706+0000] {dag.py:3504} INFO - Setting next_dagrun for example_time_delta_sensor_async to None, run_after=None
[2025-08-12T15:49:11.722+0000] {processor.py:179} INFO - Processing /home/vscode/.local/lib/python3.10/site-packages/airflow/example_dags/example_time_delta_sensor_async.py took 0.051 seconds
[2025-08-12T15:49:53.363+0000] {processor.py:157} INFO - Started process (PID=23340) to work on /home/vscode/.local/lib/python3.10/site-packages/airflow/example_dags/example_time_delta_sensor_async.py
[2025-08-12T15:49:53.364+0000] {processor.py:826} INFO - Processing file /home/vscode/.local/lib/python3.10/site-packages/airflow/example_dags/example_time_delta_sensor_async.py for tasks to queue
[2025-08-12T15:49:53.365+0000] {logging_mixin.py:150} INFO - [2025-08-12T15:49:53.364+0000] {dagbag.py:541} INFO - Filling up the DagBag from /home/vscode/.local/lib/python3.10/site-packages/airflow/example_dags/example_time_delta_sensor_async.py
[2025-08-12T15:49:53.369+0000] {processor.py:836} INFO - DAG(s) dict_keys(['example_time_delta_sensor_async']) retrieved from /home/vscode/.local/lib/python3.10/site-packages/airflow/example_dags/example_time_delta_sensor_async.py
[2025-08-12T15:49:53.382+0000] {logging_mixin.py:150} INFO - [2025-08-12T15:49:53.382+0000] {dag.py:2742} INFO - Sync 1 DAGs
[2025-08-12T15:49:53.396+0000] {logging_mixin.py:150} INFO - [2025-08-12T15:49:53.396+0000] {dag.py:3504} INFO - Setting next_dagrun for example_time_delta_sensor_async to None, run_after=None
[2025-08-12T15:49:53.413+0000] {processor.py:179} INFO - Processing /home/vscode/.local/lib/python3.10/site-packages/airflow/example_dags/example_time_delta_sensor_async.py took 0.053 seconds
[2025-08-12T15:50:39.213+0000] {processor.py:157} INFO - Started process (PID=23834) to work on /home/vscode/.local/lib/python3.10/site-packages/airflow/example_dags/example_time_delta_sensor_async.py
[2025-08-12T15:50:39.213+0000] {processor.py:826} INFO - Processing file /home/vscode/.local/lib/python3.10/site-packages/airflow/example_dags/example_time_delta_sensor_async.py for tasks to queue
[2025-08-12T15:50:39.214+0000] {logging_mixin.py:150} INFO - [2025-08-12T15:50:39.214+0000] {dagbag.py:541} INFO - Filling up the DagBag from /home/vscode/.local/lib/python3.10/site-packages/airflow/example_dags/example_time_delta_sensor_async.py
[2025-08-12T15:50:39.218+0000] {processor.py:836} INFO - DAG(s) dict_keys(['example_time_delta_sensor_async']) retrieved from /home/vscode/.local/lib/python3.10/site-packages/airflow/example_dags/example_time_delta_sensor_async.py
[2025-08-12T15:50:39.230+0000] {logging_mixin.py:150} INFO - [2025-08-12T15:50:39.230+0000] {dag.py:2742} INFO - Sync 1 DAGs
[2025-08-12T15:50:39.244+0000] {logging_mixin.py:150} INFO - [2025-08-12T15:50:39.244+0000] {dag.py:3504} INFO - Setting next_dagrun for example_time_delta_sensor_async to None, run_after=None
[2025-08-12T15:50:39.259+0000] {processor.py:179} INFO - Processing /home/vscode/.local/lib/python3.10/site-packages/airflow/example_dags/example_time_delta_sensor_async.py took 0.048 seconds
[2025-08-12T15:51:23.040+0000] {processor.py:157} INFO - Started process (PID=24121) to work on /home/vscode/.local/lib/python3.10/site-packages/airflow/example_dags/example_time_delta_sensor_async.py
[2025-08-12T15:51:23.040+0000] {processor.py:826} INFO - Processing file /home/vscode/.local/lib/python3.10/site-packages/airflow/example_dags/example_time_delta_sensor_async.py for tasks to queue
[2025-08-12T15:51:23.041+0000] {logging_mixin.py:150} INFO - [2025-08-12T15:51:23.041+0000] {dagbag.py:541} INFO - Filling up the DagBag from /home/vscode/.local/lib/python3.10/site-packages/airflow/example_dags/example_time_delta_sensor_async.py
[2025-08-12T15:51:23.044+0000] {processor.py:836} INFO - DAG(s) dict_keys(['example_time_delta_sensor_async']) retrieved from /home/vscode/.local/lib/python3.10/site-packages/airflow/example_dags/example_time_delta_sensor_async.py
[2025-08-12T15:51:23.056+0000] {logging_mixin.py:150} INFO - [2025-08-12T15:51:23.056+0000] {dag.py:2742} INFO - Sync 1 DAGs
[2025-08-12T15:51:23.071+0000] {logging_mixin.py:150} INFO - [2025-08-12T15:51:23.071+0000] {dag.py:3504} INFO - Setting next_dagrun for example_time_delta_sensor_async to None, run_after=None
[2025-08-12T15:51:23.087+0000] {processor.py:179} INFO - Processing /home/vscode/.local/lib/python3.10/site-packages/airflow/example_dags/example_time_delta_sensor_async.py took 0.049 seconds
[2025-08-12T15:52:06.437+0000] {processor.py:157} INFO - Started process (PID=24415) to work on /home/vscode/.local/lib/python3.10/site-packages/airflow/example_dags/example_time_delta_sensor_async.py
[2025-08-12T15:52:06.438+0000] {processor.py:826} INFO - Processing file /home/vscode/.local/lib/python3.10/site-packages/airflow/example_dags/example_time_delta_sensor_async.py for tasks to queue
[2025-08-12T15:52:06.438+0000] {logging_mixin.py:150} INFO - [2025-08-12T15:52:06.438+0000] {dagbag.py:541} INFO - Filling up the DagBag from /home/vscode/.local/lib/python3.10/site-packages/airflow/example_dags/example_time_delta_sensor_async.py
[2025-08-12T15:52:06.442+0000] {processor.py:836} INFO - DAG(s) dict_keys(['example_time_delta_sensor_async']) retrieved from /home/vscode/.local/lib/python3.10/site-packages/airflow/example_dags/example_time_delta_sensor_async.py
[2025-08-12T15:52:06.453+0000] {logging_mixin.py:150} INFO - [2025-08-12T15:52:06.453+0000] {dag.py:2742} INFO - Sync 1 DAGs
[2025-08-12T15:52:06.467+0000] {logging_mixin.py:150} INFO - [2025-08-12T15:52:06.467+0000] {dag.py:3504} INFO - Setting next_dagrun for example_time_delta_sensor_async to None, run_after=None
[2025-08-12T15:52:06.483+0000] {processor.py:179} INFO - Processing /home/vscode/.local/lib/python3.10/site-packages/airflow/example_dags/example_time_delta_sensor_async.py took 0.047 seconds
[2025-08-12T15:52:48.721+0000] {processor.py:157} INFO - Started process (PID=24718) to work on /home/vscode/.local/lib/python3.10/site-packages/airflow/example_dags/example_time_delta_sensor_async.py
[2025-08-12T15:52:48.722+0000] {processor.py:826} INFO - Processing file /home/vscode/.local/lib/python3.10/site-packages/airflow/example_dags/example_time_delta_sensor_async.py for tasks to queue
[2025-08-12T15:52:48.723+0000] {logging_mixin.py:150} INFO - [2025-08-12T15:52:48.722+0000] {dagbag.py:541} INFO - Filling up the DagBag from /home/vscode/.local/lib/python3.10/site-packages/airflow/example_dags/example_time_delta_sensor_async.py
[2025-08-12T15:52:48.726+0000] {processor.py:836} INFO - DAG(s) dict_keys(['example_time_delta_sensor_async']) retrieved from /home/vscode/.local/lib/python3.10/site-packages/airflow/example_dags/example_time_delta_sensor_async.py
[2025-08-12T15:52:48.741+0000] {logging_mixin.py:150} INFO - [2025-08-12T15:52:48.740+0000] {dag.py:2742} INFO - Sync 1 DAGs
[2025-08-12T15:52:48.762+0000] {logging_mixin.py:150} INFO - [2025-08-12T15:52:48.762+0000] {dag.py:3504} INFO - Setting next_dagrun for example_time_delta_sensor_async to None, run_after=None
[2025-08-12T15:52:48.793+0000] {processor.py:179} INFO - Processing /home/vscode/.local/lib/python3.10/site-packages/airflow/example_dags/example_time_delta_sensor_async.py took 0.074 seconds
[2025-08-12T15:53:32.685+0000] {processor.py:157} INFO - Started process (PID=25061) to work on /home/vscode/.local/lib/python3.10/site-packages/airflow/example_dags/example_time_delta_sensor_async.py
[2025-08-12T15:53:32.686+0000] {processor.py:826} INFO - Processing file /home/vscode/.local/lib/python3.10/site-packages/airflow/example_dags/example_time_delta_sensor_async.py for tasks to queue
[2025-08-12T15:53:32.686+0000] {logging_mixin.py:150} INFO - [2025-08-12T15:53:32.686+0000] {dagbag.py:541} INFO - Filling up the DagBag from /home/vscode/.local/lib/python3.10/site-packages/airflow/example_dags/example_time_delta_sensor_async.py
[2025-08-12T15:53:32.690+0000] {processor.py:836} INFO - DAG(s) dict_keys(['example_time_delta_sensor_async']) retrieved from /home/vscode/.local/lib/python3.10/site-packages/airflow/example_dags/example_time_delta_sensor_async.py
[2025-08-12T15:53:32.702+0000] {logging_mixin.py:150} INFO - [2025-08-12T15:53:32.701+0000] {dag.py:2742} INFO - Sync 1 DAGs
[2025-08-12T15:53:32.715+0000] {logging_mixin.py:150} INFO - [2025-08-12T15:53:32.715+0000] {dag.py:3504} INFO - Setting next_dagrun for example_time_delta_sensor_async to None, run_after=None
[2025-08-12T15:53:32.731+0000] {processor.py:179} INFO - Processing /home/vscode/.local/lib/python3.10/site-packages/airflow/example_dags/example_time_delta_sensor_async.py took 0.048 seconds
[2025-08-12T15:54:13.828+0000] {processor.py:157} INFO - Started process (PID=25374) to work on /home/vscode/.local/lib/python3.10/site-packages/airflow/example_dags/example_time_delta_sensor_async.py
[2025-08-12T15:54:13.829+0000] {processor.py:826} INFO - Processing file /home/vscode/.local/lib/python3.10/site-packages/airflow/example_dags/example_time_delta_sensor_async.py for tasks to queue
[2025-08-12T15:54:13.829+0000] {logging_mixin.py:150} INFO - [2025-08-12T15:54:13.829+0000] {dagbag.py:541} INFO - Filling up the DagBag from /home/vscode/.local/lib/python3.10/site-packages/airflow/example_dags/example_time_delta_sensor_async.py
[2025-08-12T15:54:13.832+0000] {processor.py:836} INFO - DAG(s) dict_keys(['example_time_delta_sensor_async']) retrieved from /home/vscode/.local/lib/python3.10/site-packages/airflow/example_dags/example_time_delta_sensor_async.py
[2025-08-12T15:54:13.844+0000] {logging_mixin.py:150} INFO - [2025-08-12T15:54:13.844+0000] {dag.py:2742} INFO - Sync 1 DAGs
[2025-08-12T15:54:13.858+0000] {logging_mixin.py:150} INFO - [2025-08-12T15:54:13.858+0000] {dag.py:3504} INFO - Setting next_dagrun for example_time_delta_sensor_async to None, run_after=None
[2025-08-12T15:54:13.874+0000] {processor.py:179} INFO - Processing /home/vscode/.local/lib/python3.10/site-packages/airflow/example_dags/example_time_delta_sensor_async.py took 0.048 seconds
[2025-08-12T15:54:57.762+0000] {processor.py:157} INFO - Started process (PID=25710) to work on /home/vscode/.local/lib/python3.10/site-packages/airflow/example_dags/example_time_delta_sensor_async.py
[2025-08-12T15:54:57.762+0000] {processor.py:826} INFO - Processing file /home/vscode/.local/lib/python3.10/site-packages/airflow/example_dags/example_time_delta_sensor_async.py for tasks to queue
[2025-08-12T15:54:57.763+0000] {logging_mixin.py:150} INFO - [2025-08-12T15:54:57.763+0000] {dagbag.py:541} INFO - Filling up the DagBag from /home/vscode/.local/lib/python3.10/site-packages/airflow/example_dags/example_time_delta_sensor_async.py
[2025-08-12T15:54:57.766+0000] {processor.py:836} INFO - DAG(s) dict_keys(['example_time_delta_sensor_async']) retrieved from /home/vscode/.local/lib/python3.10/site-packages/airflow/example_dags/example_time_delta_sensor_async.py
[2025-08-12T15:54:57.778+0000] {logging_mixin.py:150} INFO - [2025-08-12T15:54:57.777+0000] {dag.py:2742} INFO - Sync 1 DAGs
[2025-08-12T15:54:57.791+0000] {logging_mixin.py:150} INFO - [2025-08-12T15:54:57.791+0000] {dag.py:3504} INFO - Setting next_dagrun for example_time_delta_sensor_async to None, run_after=None
[2025-08-12T15:54:57.806+0000] {processor.py:179} INFO - Processing /home/vscode/.local/lib/python3.10/site-packages/airflow/example_dags/example_time_delta_sensor_async.py took 0.047 seconds
[2025-08-12T15:55:39.911+0000] {processor.py:157} INFO - Started process (PID=26034) to work on /home/vscode/.local/lib/python3.10/site-packages/airflow/example_dags/example_time_delta_sensor_async.py
[2025-08-12T15:55:39.912+0000] {processor.py:826} INFO - Processing file /home/vscode/.local/lib/python3.10/site-packages/airflow/example_dags/example_time_delta_sensor_async.py for tasks to queue
[2025-08-12T15:55:39.912+0000] {logging_mixin.py:150} INFO - [2025-08-12T15:55:39.912+0000] {dagbag.py:541} INFO - Filling up the DagBag from /home/vscode/.local/lib/python3.10/site-packages/airflow/example_dags/example_time_delta_sensor_async.py
[2025-08-12T15:55:39.915+0000] {processor.py:836} INFO - DAG(s) dict_keys(['example_time_delta_sensor_async']) retrieved from /home/vscode/.local/lib/python3.10/site-packages/airflow/example_dags/example_time_delta_sensor_async.py
[2025-08-12T15:55:39.927+0000] {logging_mixin.py:150} INFO - [2025-08-12T15:55:39.927+0000] {dag.py:2742} INFO - Sync 1 DAGs
[2025-08-12T15:55:39.942+0000] {logging_mixin.py:150} INFO - [2025-08-12T15:55:39.941+0000] {dag.py:3504} INFO - Setting next_dagrun for example_time_delta_sensor_async to None, run_after=None
[2025-08-12T15:55:39.957+0000] {processor.py:179} INFO - Processing /home/vscode/.local/lib/python3.10/site-packages/airflow/example_dags/example_time_delta_sensor_async.py took 0.048 seconds
[2025-08-12T15:56:27.368+0000] {processor.py:157} INFO - Started process (PID=26396) to work on /home/vscode/.local/lib/python3.10/site-packages/airflow/example_dags/example_time_delta_sensor_async.py
[2025-08-12T15:56:27.368+0000] {processor.py:826} INFO - Processing file /home/vscode/.local/lib/python3.10/site-packages/airflow/example_dags/example_time_delta_sensor_async.py for tasks to queue
[2025-08-12T15:56:27.369+0000] {logging_mixin.py:150} INFO - [2025-08-12T15:56:27.369+0000] {dagbag.py:541} INFO - Filling up the DagBag from /home/vscode/.local/lib/python3.10/site-packages/airflow/example_dags/example_time_delta_sensor_async.py
[2025-08-12T15:56:27.372+0000] {processor.py:836} INFO - DAG(s) dict_keys(['example_time_delta_sensor_async']) retrieved from /home/vscode/.local/lib/python3.10/site-packages/airflow/example_dags/example_time_delta_sensor_async.py
[2025-08-12T15:56:27.386+0000] {logging_mixin.py:150} INFO - [2025-08-12T15:56:27.385+0000] {dag.py:2742} INFO - Sync 1 DAGs
[2025-08-12T15:56:27.400+0000] {logging_mixin.py:150} INFO - [2025-08-12T15:56:27.400+0000] {dag.py:3504} INFO - Setting next_dagrun for example_time_delta_sensor_async to None, run_after=None
[2025-08-12T15:56:27.416+0000] {processor.py:179} INFO - Processing /home/vscode/.local/lib/python3.10/site-packages/airflow/example_dags/example_time_delta_sensor_async.py took 0.051 seconds
[2025-08-12T15:57:05.084+0000] {processor.py:157} INFO - Started process (PID=26684) to work on /home/vscode/.local/lib/python3.10/site-packages/airflow/example_dags/example_time_delta_sensor_async.py
[2025-08-12T15:57:05.085+0000] {processor.py:826} INFO - Processing file /home/vscode/.local/lib/python3.10/site-packages/airflow/example_dags/example_time_delta_sensor_async.py for tasks to queue
[2025-08-12T15:57:05.086+0000] {logging_mixin.py:150} INFO - [2025-08-12T15:57:05.085+0000] {dagbag.py:541} INFO - Filling up the DagBag from /home/vscode/.local/lib/python3.10/site-packages/airflow/example_dags/example_time_delta_sensor_async.py
[2025-08-12T15:57:05.089+0000] {processor.py:836} INFO - DAG(s) dict_keys(['example_time_delta_sensor_async']) retrieved from /home/vscode/.local/lib/python3.10/site-packages/airflow/example_dags/example_time_delta_sensor_async.py
[2025-08-12T15:57:05.101+0000] {logging_mixin.py:150} INFO - [2025-08-12T15:57:05.101+0000] {dag.py:2742} INFO - Sync 1 DAGs
[2025-08-12T15:57:05.116+0000] {logging_mixin.py:150} INFO - [2025-08-12T15:57:05.116+0000] {dag.py:3504} INFO - Setting next_dagrun for example_time_delta_sensor_async to None, run_after=None
[2025-08-12T15:57:05.132+0000] {processor.py:179} INFO - Processing /home/vscode/.local/lib/python3.10/site-packages/airflow/example_dags/example_time_delta_sensor_async.py took 0.050 seconds
[2025-08-12T15:57:48.895+0000] {processor.py:157} INFO - Started process (PID=27017) to work on /home/vscode/.local/lib/python3.10/site-packages/airflow/example_dags/example_time_delta_sensor_async.py
[2025-08-12T15:57:48.895+0000] {processor.py:826} INFO - Processing file /home/vscode/.local/lib/python3.10/site-packages/airflow/example_dags/example_time_delta_sensor_async.py for tasks to queue
[2025-08-12T15:57:48.896+0000] {logging_mixin.py:150} INFO - [2025-08-12T15:57:48.896+0000] {dagbag.py:541} INFO - Filling up the DagBag from /home/vscode/.local/lib/python3.10/site-packages/airflow/example_dags/example_time_delta_sensor_async.py
[2025-08-12T15:57:48.899+0000] {processor.py:836} INFO - DAG(s) dict_keys(['example_time_delta_sensor_async']) retrieved from /home/vscode/.local/lib/python3.10/site-packages/airflow/example_dags/example_time_delta_sensor_async.py
[2025-08-12T15:57:48.911+0000] {logging_mixin.py:150} INFO - [2025-08-12T15:57:48.911+0000] {dag.py:2742} INFO - Sync 1 DAGs
[2025-08-12T15:57:48.926+0000] {logging_mixin.py:150} INFO - [2025-08-12T15:57:48.926+0000] {dag.py:3504} INFO - Setting next_dagrun for example_time_delta_sensor_async to None, run_after=None
[2025-08-12T15:57:48.943+0000] {processor.py:179} INFO - Processing /home/vscode/.local/lib/python3.10/site-packages/airflow/example_dags/example_time_delta_sensor_async.py took 0.050 seconds
[2025-08-12T15:58:37.528+0000] {processor.py:157} INFO - Started process (PID=27335) to work on /home/vscode/.local/lib/python3.10/site-packages/airflow/example_dags/example_time_delta_sensor_async.py
[2025-08-12T15:58:37.529+0000] {processor.py:826} INFO - Processing file /home/vscode/.local/lib/python3.10/site-packages/airflow/example_dags/example_time_delta_sensor_async.py for tasks to queue
[2025-08-12T15:58:37.529+0000] {logging_mixin.py:150} INFO - [2025-08-12T15:58:37.529+0000] {dagbag.py:541} INFO - Filling up the DagBag from /home/vscode/.local/lib/python3.10/site-packages/airflow/example_dags/example_time_delta_sensor_async.py
[2025-08-12T15:58:37.532+0000] {processor.py:836} INFO - DAG(s) dict_keys(['example_time_delta_sensor_async']) retrieved from /home/vscode/.local/lib/python3.10/site-packages/airflow/example_dags/example_time_delta_sensor_async.py
[2025-08-12T15:58:37.544+0000] {logging_mixin.py:150} INFO - [2025-08-12T15:58:37.544+0000] {dag.py:2742} INFO - Sync 1 DAGs
[2025-08-12T15:58:37.558+0000] {logging_mixin.py:150} INFO - [2025-08-12T15:58:37.558+0000] {dag.py:3504} INFO - Setting next_dagrun for example_time_delta_sensor_async to None, run_after=None
[2025-08-12T15:58:37.573+0000] {processor.py:179} INFO - Processing /home/vscode/.local/lib/python3.10/site-packages/airflow/example_dags/example_time_delta_sensor_async.py took 0.047 seconds
[2025-08-12T15:59:18.915+0000] {processor.py:157} INFO - Started process (PID=27620) to work on /home/vscode/.local/lib/python3.10/site-packages/airflow/example_dags/example_time_delta_sensor_async.py
[2025-08-12T15:59:18.916+0000] {processor.py:826} INFO - Processing file /home/vscode/.local/lib/python3.10/site-packages/airflow/example_dags/example_time_delta_sensor_async.py for tasks to queue
[2025-08-12T15:59:18.917+0000] {logging_mixin.py:150} INFO - [2025-08-12T15:59:18.916+0000] {dagbag.py:541} INFO - Filling up the DagBag from /home/vscode/.local/lib/python3.10/site-packages/airflow/example_dags/example_time_delta_sensor_async.py
[2025-08-12T15:59:18.920+0000] {processor.py:836} INFO - DAG(s) dict_keys(['example_time_delta_sensor_async']) retrieved from /home/vscode/.local/lib/python3.10/site-packages/airflow/example_dags/example_time_delta_sensor_async.py
[2025-08-12T15:59:18.932+0000] {logging_mixin.py:150} INFO - [2025-08-12T15:59:18.932+0000] {dag.py:2742} INFO - Sync 1 DAGs
[2025-08-12T15:59:18.945+0000] {logging_mixin.py:150} INFO - [2025-08-12T15:59:18.945+0000] {dag.py:3504} INFO - Setting next_dagrun for example_time_delta_sensor_async to None, run_after=None
[2025-08-12T15:59:18.962+0000] {processor.py:179} INFO - Processing /home/vscode/.local/lib/python3.10/site-packages/airflow/example_dags/example_time_delta_sensor_async.py took 0.048 seconds
[2025-08-12T15:59:58.271+0000] {processor.py:157} INFO - Started process (PID=27880) to work on /home/vscode/.local/lib/python3.10/site-packages/airflow/example_dags/example_time_delta_sensor_async.py
[2025-08-12T15:59:58.272+0000] {processor.py:826} INFO - Processing file /home/vscode/.local/lib/python3.10/site-packages/airflow/example_dags/example_time_delta_sensor_async.py for tasks to queue
[2025-08-12T15:59:58.272+0000] {logging_mixin.py:150} INFO - [2025-08-12T15:59:58.272+0000] {dagbag.py:541} INFO - Filling up the DagBag from /home/vscode/.local/lib/python3.10/site-packages/airflow/example_dags/example_time_delta_sensor_async.py
[2025-08-12T15:59:58.276+0000] {processor.py:836} INFO - DAG(s) dict_keys(['example_time_delta_sensor_async']) retrieved from /home/vscode/.local/lib/python3.10/site-packages/airflow/example_dags/example_time_delta_sensor_async.py
[2025-08-12T15:59:58.288+0000] {logging_mixin.py:150} INFO - [2025-08-12T15:59:58.287+0000] {dag.py:2742} INFO - Sync 1 DAGs
[2025-08-12T15:59:58.301+0000] {logging_mixin.py:150} INFO - [2025-08-12T15:59:58.301+0000] {dag.py:3504} INFO - Setting next_dagrun for example_time_delta_sensor_async to None, run_after=None
[2025-08-12T15:59:58.320+0000] {processor.py:179} INFO - Processing /home/vscode/.local/lib/python3.10/site-packages/airflow/example_dags/example_time_delta_sensor_async.py took 0.051 seconds
[2025-08-12T16:00:41.235+0000] {processor.py:157} INFO - Started process (PID=28222) to work on /home/vscode/.local/lib/python3.10/site-packages/airflow/example_dags/example_time_delta_sensor_async.py
[2025-08-12T16:00:41.236+0000] {processor.py:826} INFO - Processing file /home/vscode/.local/lib/python3.10/site-packages/airflow/example_dags/example_time_delta_sensor_async.py for tasks to queue
[2025-08-12T16:00:41.237+0000] {logging_mixin.py:150} INFO - [2025-08-12T16:00:41.236+0000] {dagbag.py:541} INFO - Filling up the DagBag from /home/vscode/.local/lib/python3.10/site-packages/airflow/example_dags/example_time_delta_sensor_async.py
[2025-08-12T16:00:41.240+0000] {processor.py:836} INFO - DAG(s) dict_keys(['example_time_delta_sensor_async']) retrieved from /home/vscode/.local/lib/python3.10/site-packages/airflow/example_dags/example_time_delta_sensor_async.py
[2025-08-12T16:00:41.253+0000] {logging_mixin.py:150} INFO - [2025-08-12T16:00:41.253+0000] {dag.py:2742} INFO - Sync 1 DAGs
[2025-08-12T16:00:41.269+0000] {logging_mixin.py:150} INFO - [2025-08-12T16:00:41.269+0000] {dag.py:3504} INFO - Setting next_dagrun for example_time_delta_sensor_async to None, run_after=None
[2025-08-12T16:00:41.285+0000] {processor.py:179} INFO - Processing /home/vscode/.local/lib/python3.10/site-packages/airflow/example_dags/example_time_delta_sensor_async.py took 0.052 seconds
[2025-08-12T16:01:25.300+0000] {processor.py:157} INFO - Started process (PID=28606) to work on /home/vscode/.local/lib/python3.10/site-packages/airflow/example_dags/example_time_delta_sensor_async.py
[2025-08-12T16:01:25.301+0000] {processor.py:826} INFO - Processing file /home/vscode/.local/lib/python3.10/site-packages/airflow/example_dags/example_time_delta_sensor_async.py for tasks to queue
[2025-08-12T16:01:25.302+0000] {logging_mixin.py:150} INFO - [2025-08-12T16:01:25.301+0000] {dagbag.py:541} INFO - Filling up the DagBag from /home/vscode/.local/lib/python3.10/site-packages/airflow/example_dags/example_time_delta_sensor_async.py
[2025-08-12T16:01:25.305+0000] {processor.py:836} INFO - DAG(s) dict_keys(['example_time_delta_sensor_async']) retrieved from /home/vscode/.local/lib/python3.10/site-packages/airflow/example_dags/example_time_delta_sensor_async.py
[2025-08-12T16:01:25.317+0000] {logging_mixin.py:150} INFO - [2025-08-12T16:01:25.317+0000] {dag.py:2742} INFO - Sync 1 DAGs
[2025-08-12T16:01:25.331+0000] {logging_mixin.py:150} INFO - [2025-08-12T16:01:25.331+0000] {dag.py:3504} INFO - Setting next_dagrun for example_time_delta_sensor_async to None, run_after=None
[2025-08-12T16:01:25.347+0000] {processor.py:179} INFO - Processing /home/vscode/.local/lib/python3.10/site-packages/airflow/example_dags/example_time_delta_sensor_async.py took 0.049 seconds
[2025-08-12T16:02:12.904+0000] {processor.py:157} INFO - Started process (PID=28950) to work on /home/vscode/.local/lib/python3.10/site-packages/airflow/example_dags/example_time_delta_sensor_async.py
[2025-08-12T16:02:12.904+0000] {processor.py:826} INFO - Processing file /home/vscode/.local/lib/python3.10/site-packages/airflow/example_dags/example_time_delta_sensor_async.py for tasks to queue
[2025-08-12T16:02:12.905+0000] {logging_mixin.py:150} INFO - [2025-08-12T16:02:12.905+0000] {dagbag.py:541} INFO - Filling up the DagBag from /home/vscode/.local/lib/python3.10/site-packages/airflow/example_dags/example_time_delta_sensor_async.py
[2025-08-12T16:02:12.908+0000] {processor.py:836} INFO - DAG(s) dict_keys(['example_time_delta_sensor_async']) retrieved from /home/vscode/.local/lib/python3.10/site-packages/airflow/example_dags/example_time_delta_sensor_async.py
[2025-08-12T16:02:12.920+0000] {logging_mixin.py:150} INFO - [2025-08-12T16:02:12.920+0000] {dag.py:2742} INFO - Sync 1 DAGs
[2025-08-12T16:02:12.935+0000] {logging_mixin.py:150} INFO - [2025-08-12T16:02:12.934+0000] {dag.py:3504} INFO - Setting next_dagrun for example_time_delta_sensor_async to None, run_after=None
[2025-08-12T16:02:12.950+0000] {processor.py:179} INFO - Processing /home/vscode/.local/lib/python3.10/site-packages/airflow/example_dags/example_time_delta_sensor_async.py took 0.048 seconds
[2025-08-12T16:02:51.328+0000] {processor.py:157} INFO - Started process (PID=29198) to work on /home/vscode/.local/lib/python3.10/site-packages/airflow/example_dags/example_time_delta_sensor_async.py
[2025-08-12T16:02:51.329+0000] {processor.py:826} INFO - Processing file /home/vscode/.local/lib/python3.10/site-packages/airflow/example_dags/example_time_delta_sensor_async.py for tasks to queue
[2025-08-12T16:02:51.329+0000] {logging_mixin.py:150} INFO - [2025-08-12T16:02:51.329+0000] {dagbag.py:541} INFO - Filling up the DagBag from /home/vscode/.local/lib/python3.10/site-packages/airflow/example_dags/example_time_delta_sensor_async.py
[2025-08-12T16:02:51.333+0000] {processor.py:836} INFO - DAG(s) dict_keys(['example_time_delta_sensor_async']) retrieved from /home/vscode/.local/lib/python3.10/site-packages/airflow/example_dags/example_time_delta_sensor_async.py
[2025-08-12T16:02:51.347+0000] {logging_mixin.py:150} INFO - [2025-08-12T16:02:51.346+0000] {dag.py:2742} INFO - Sync 1 DAGs
[2025-08-12T16:02:51.361+0000] {logging_mixin.py:150} INFO - [2025-08-12T16:02:51.361+0000] {dag.py:3504} INFO - Setting next_dagrun for example_time_delta_sensor_async to None, run_after=None
[2025-08-12T16:02:51.377+0000] {processor.py:179} INFO - Processing /home/vscode/.local/lib/python3.10/site-packages/airflow/example_dags/example_time_delta_sensor_async.py took 0.051 seconds
[2025-08-12T16:03:35.196+0000] {processor.py:157} INFO - Started process (PID=29495) to work on /home/vscode/.local/lib/python3.10/site-packages/airflow/example_dags/example_time_delta_sensor_async.py
[2025-08-12T16:03:35.197+0000] {processor.py:826} INFO - Processing file /home/vscode/.local/lib/python3.10/site-packages/airflow/example_dags/example_time_delta_sensor_async.py for tasks to queue
[2025-08-12T16:03:35.197+0000] {logging_mixin.py:150} INFO - [2025-08-12T16:03:35.197+0000] {dagbag.py:541} INFO - Filling up the DagBag from /home/vscode/.local/lib/python3.10/site-packages/airflow/example_dags/example_time_delta_sensor_async.py
[2025-08-12T16:03:35.200+0000] {processor.py:836} INFO - DAG(s) dict_keys(['example_time_delta_sensor_async']) retrieved from /home/vscode/.local/lib/python3.10/site-packages/airflow/example_dags/example_time_delta_sensor_async.py
[2025-08-12T16:03:35.212+0000] {logging_mixin.py:150} INFO - [2025-08-12T16:03:35.212+0000] {dag.py:2742} INFO - Sync 1 DAGs
[2025-08-12T16:03:35.226+0000] {logging_mixin.py:150} INFO - [2025-08-12T16:03:35.226+0000] {dag.py:3504} INFO - Setting next_dagrun for example_time_delta_sensor_async to None, run_after=None
[2025-08-12T16:03:35.242+0000] {processor.py:179} INFO - Processing /home/vscode/.local/lib/python3.10/site-packages/airflow/example_dags/example_time_delta_sensor_async.py took 0.048 seconds
[2025-08-12T16:04:23.137+0000] {processor.py:157} INFO - Started process (PID=29807) to work on /home/vscode/.local/lib/python3.10/site-packages/airflow/example_dags/example_time_delta_sensor_async.py
[2025-08-12T16:04:23.137+0000] {processor.py:826} INFO - Processing file /home/vscode/.local/lib/python3.10/site-packages/airflow/example_dags/example_time_delta_sensor_async.py for tasks to queue
[2025-08-12T16:04:23.138+0000] {logging_mixin.py:150} INFO - [2025-08-12T16:04:23.138+0000] {dagbag.py:541} INFO - Filling up the DagBag from /home/vscode/.local/lib/python3.10/site-packages/airflow/example_dags/example_time_delta_sensor_async.py
[2025-08-12T16:04:23.141+0000] {processor.py:836} INFO - DAG(s) dict_keys(['example_time_delta_sensor_async']) retrieved from /home/vscode/.local/lib/python3.10/site-packages/airflow/example_dags/example_time_delta_sensor_async.py
[2025-08-12T16:04:23.154+0000] {logging_mixin.py:150} INFO - [2025-08-12T16:04:23.154+0000] {dag.py:2742} INFO - Sync 1 DAGs
[2025-08-12T16:04:23.167+0000] {logging_mixin.py:150} INFO - [2025-08-12T16:04:23.167+0000] {dag.py:3504} INFO - Setting next_dagrun for example_time_delta_sensor_async to None, run_after=None
[2025-08-12T16:04:23.183+0000] {processor.py:179} INFO - Processing /home/vscode/.local/lib/python3.10/site-packages/airflow/example_dags/example_time_delta_sensor_async.py took 0.049 seconds
[2025-08-12T16:05:07.408+0000] {processor.py:157} INFO - Started process (PID=30107) to work on /home/vscode/.local/lib/python3.10/site-packages/airflow/example_dags/example_time_delta_sensor_async.py
[2025-08-12T16:05:07.408+0000] {processor.py:826} INFO - Processing file /home/vscode/.local/lib/python3.10/site-packages/airflow/example_dags/example_time_delta_sensor_async.py for tasks to queue
[2025-08-12T16:05:07.409+0000] {logging_mixin.py:150} INFO - [2025-08-12T16:05:07.409+0000] {dagbag.py:541} INFO - Filling up the DagBag from /home/vscode/.local/lib/python3.10/site-packages/airflow/example_dags/example_time_delta_sensor_async.py
[2025-08-12T16:05:07.412+0000] {processor.py:836} INFO - DAG(s) dict_keys(['example_time_delta_sensor_async']) retrieved from /home/vscode/.local/lib/python3.10/site-packages/airflow/example_dags/example_time_delta_sensor_async.py
[2025-08-12T16:05:07.424+0000] {logging_mixin.py:150} INFO - [2025-08-12T16:05:07.424+0000] {dag.py:2742} INFO - Sync 1 DAGs
[2025-08-12T16:05:07.438+0000] {logging_mixin.py:150} INFO - [2025-08-12T16:05:07.438+0000] {dag.py:3504} INFO - Setting next_dagrun for example_time_delta_sensor_async to None, run_after=None
[2025-08-12T16:05:07.454+0000] {processor.py:179} INFO - Processing /home/vscode/.local/lib/python3.10/site-packages/airflow/example_dags/example_time_delta_sensor_async.py took 0.048 seconds
[2025-08-12T16:05:49.388+0000] {processor.py:157} INFO - Started process (PID=30387) to work on /home/vscode/.local/lib/python3.10/site-packages/airflow/example_dags/example_time_delta_sensor_async.py
[2025-08-12T16:05:49.389+0000] {processor.py:826} INFO - Processing file /home/vscode/.local/lib/python3.10/site-packages/airflow/example_dags/example_time_delta_sensor_async.py for tasks to queue
[2025-08-12T16:05:49.389+0000] {logging_mixin.py:150} INFO - [2025-08-12T16:05:49.389+0000] {dagbag.py:541} INFO - Filling up the DagBag from /home/vscode/.local/lib/python3.10/site-packages/airflow/example_dags/example_time_delta_sensor_async.py
[2025-08-12T16:05:49.393+0000] {processor.py:836} INFO - DAG(s) dict_keys(['example_time_delta_sensor_async']) retrieved from /home/vscode/.local/lib/python3.10/site-packages/airflow/example_dags/example_time_delta_sensor_async.py
[2025-08-12T16:05:49.410+0000] {logging_mixin.py:150} INFO - [2025-08-12T16:05:49.409+0000] {dag.py:2742} INFO - Sync 1 DAGs
[2025-08-12T16:05:49.425+0000] {logging_mixin.py:150} INFO - [2025-08-12T16:05:49.425+0000] {dag.py:3504} INFO - Setting next_dagrun for example_time_delta_sensor_async to None, run_after=None
[2025-08-12T16:05:49.442+0000] {processor.py:179} INFO - Processing /home/vscode/.local/lib/python3.10/site-packages/airflow/example_dags/example_time_delta_sensor_async.py took 0.056 seconds
[2025-08-12T16:06:39.437+0000] {processor.py:157} INFO - Started process (PID=30721) to work on /home/vscode/.local/lib/python3.10/site-packages/airflow/example_dags/example_time_delta_sensor_async.py
[2025-08-12T16:06:39.438+0000] {processor.py:826} INFO - Processing file /home/vscode/.local/lib/python3.10/site-packages/airflow/example_dags/example_time_delta_sensor_async.py for tasks to queue
[2025-08-12T16:06:39.438+0000] {logging_mixin.py:150} INFO - [2025-08-12T16:06:39.438+0000] {dagbag.py:541} INFO - Filling up the DagBag from /home/vscode/.local/lib/python3.10/site-packages/airflow/example_dags/example_time_delta_sensor_async.py
[2025-08-12T16:06:39.442+0000] {processor.py:836} INFO - DAG(s) dict_keys(['example_time_delta_sensor_async']) retrieved from /home/vscode/.local/lib/python3.10/site-packages/airflow/example_dags/example_time_delta_sensor_async.py
[2025-08-12T16:06:39.454+0000] {logging_mixin.py:150} INFO - [2025-08-12T16:06:39.454+0000] {dag.py:2742} INFO - Sync 1 DAGs
[2025-08-12T16:06:39.468+0000] {logging_mixin.py:150} INFO - [2025-08-12T16:06:39.468+0000] {dag.py:3504} INFO - Setting next_dagrun for example_time_delta_sensor_async to None, run_after=None
[2025-08-12T16:06:39.484+0000] {processor.py:179} INFO - Processing /home/vscode/.local/lib/python3.10/site-packages/airflow/example_dags/example_time_delta_sensor_async.py took 0.049 seconds
[2025-08-12T16:07:21.845+0000] {processor.py:157} INFO - Started process (PID=31000) to work on /home/vscode/.local/lib/python3.10/site-packages/airflow/example_dags/example_time_delta_sensor_async.py
[2025-08-12T16:07:21.846+0000] {processor.py:826} INFO - Processing file /home/vscode/.local/lib/python3.10/site-packages/airflow/example_dags/example_time_delta_sensor_async.py for tasks to queue
[2025-08-12T16:07:21.847+0000] {logging_mixin.py:150} INFO - [2025-08-12T16:07:21.846+0000] {dagbag.py:541} INFO - Filling up the DagBag from /home/vscode/.local/lib/python3.10/site-packages/airflow/example_dags/example_time_delta_sensor_async.py
[2025-08-12T16:07:21.850+0000] {processor.py:836} INFO - DAG(s) dict_keys(['example_time_delta_sensor_async']) retrieved from /home/vscode/.local/lib/python3.10/site-packages/airflow/example_dags/example_time_delta_sensor_async.py
[2025-08-12T16:07:21.863+0000] {logging_mixin.py:150} INFO - [2025-08-12T16:07:21.863+0000] {dag.py:2742} INFO - Sync 1 DAGs
[2025-08-12T16:07:21.877+0000] {logging_mixin.py:150} INFO - [2025-08-12T16:07:21.876+0000] {dag.py:3504} INFO - Setting next_dagrun for example_time_delta_sensor_async to None, run_after=None
[2025-08-12T16:07:21.892+0000] {processor.py:179} INFO - Processing /home/vscode/.local/lib/python3.10/site-packages/airflow/example_dags/example_time_delta_sensor_async.py took 0.049 seconds
[2025-08-12T16:08:05.225+0000] {processor.py:157} INFO - Started process (PID=31297) to work on /home/vscode/.local/lib/python3.10/site-packages/airflow/example_dags/example_time_delta_sensor_async.py
[2025-08-12T16:08:05.225+0000] {processor.py:826} INFO - Processing file /home/vscode/.local/lib/python3.10/site-packages/airflow/example_dags/example_time_delta_sensor_async.py for tasks to queue
[2025-08-12T16:08:05.226+0000] {logging_mixin.py:150} INFO - [2025-08-12T16:08:05.226+0000] {dagbag.py:541} INFO - Filling up the DagBag from /home/vscode/.local/lib/python3.10/site-packages/airflow/example_dags/example_time_delta_sensor_async.py
[2025-08-12T16:08:05.229+0000] {processor.py:836} INFO - DAG(s) dict_keys(['example_time_delta_sensor_async']) retrieved from /home/vscode/.local/lib/python3.10/site-packages/airflow/example_dags/example_time_delta_sensor_async.py
[2025-08-12T16:08:05.242+0000] {logging_mixin.py:150} INFO - [2025-08-12T16:08:05.241+0000] {dag.py:2742} INFO - Sync 1 DAGs
[2025-08-12T16:08:05.255+0000] {logging_mixin.py:150} INFO - [2025-08-12T16:08:05.255+0000] {dag.py:3504} INFO - Setting next_dagrun for example_time_delta_sensor_async to None, run_after=None
[2025-08-12T16:08:05.271+0000] {processor.py:179} INFO - Processing /home/vscode/.local/lib/python3.10/site-packages/airflow/example_dags/example_time_delta_sensor_async.py took 0.048 seconds
[2025-08-12T16:08:44.090+0000] {processor.py:157} INFO - Started process (PID=31552) to work on /home/vscode/.local/lib/python3.10/site-packages/airflow/example_dags/example_time_delta_sensor_async.py
[2025-08-12T16:08:44.090+0000] {processor.py:826} INFO - Processing file /home/vscode/.local/lib/python3.10/site-packages/airflow/example_dags/example_time_delta_sensor_async.py for tasks to queue
[2025-08-12T16:08:44.091+0000] {logging_mixin.py:150} INFO - [2025-08-12T16:08:44.091+0000] {dagbag.py:541} INFO - Filling up the DagBag from /home/vscode/.local/lib/python3.10/site-packages/airflow/example_dags/example_time_delta_sensor_async.py
[2025-08-12T16:08:44.094+0000] {processor.py:836} INFO - DAG(s) dict_keys(['example_time_delta_sensor_async']) retrieved from /home/vscode/.local/lib/python3.10/site-packages/airflow/example_dags/example_time_delta_sensor_async.py
[2025-08-12T16:08:44.106+0000] {logging_mixin.py:150} INFO - [2025-08-12T16:08:44.106+0000] {dag.py:2742} INFO - Sync 1 DAGs
[2025-08-12T16:08:44.120+0000] {logging_mixin.py:150} INFO - [2025-08-12T16:08:44.120+0000] {dag.py:3504} INFO - Setting next_dagrun for example_time_delta_sensor_async to None, run_after=None
[2025-08-12T16:08:44.137+0000] {processor.py:179} INFO - Processing /home/vscode/.local/lib/python3.10/site-packages/airflow/example_dags/example_time_delta_sensor_async.py took 0.050 seconds
[2025-08-12T16:09:30.305+0000] {processor.py:157} INFO - Started process (PID=31860) to work on /home/vscode/.local/lib/python3.10/site-packages/airflow/example_dags/example_time_delta_sensor_async.py
[2025-08-12T16:09:30.306+0000] {processor.py:826} INFO - Processing file /home/vscode/.local/lib/python3.10/site-packages/airflow/example_dags/example_time_delta_sensor_async.py for tasks to queue
[2025-08-12T16:09:30.306+0000] {logging_mixin.py:150} INFO - [2025-08-12T16:09:30.306+0000] {dagbag.py:541} INFO - Filling up the DagBag from /home/vscode/.local/lib/python3.10/site-packages/airflow/example_dags/example_time_delta_sensor_async.py
[2025-08-12T16:09:30.310+0000] {processor.py:836} INFO - DAG(s) dict_keys(['example_time_delta_sensor_async']) retrieved from /home/vscode/.local/lib/python3.10/site-packages/airflow/example_dags/example_time_delta_sensor_async.py
[2025-08-12T16:09:30.322+0000] {logging_mixin.py:150} INFO - [2025-08-12T16:09:30.321+0000] {dag.py:2742} INFO - Sync 1 DAGs
[2025-08-12T16:09:30.335+0000] {logging_mixin.py:150} INFO - [2025-08-12T16:09:30.335+0000] {dag.py:3504} INFO - Setting next_dagrun for example_time_delta_sensor_async to None, run_after=None
[2025-08-12T16:09:30.351+0000] {processor.py:179} INFO - Processing /home/vscode/.local/lib/python3.10/site-packages/airflow/example_dags/example_time_delta_sensor_async.py took 0.048 seconds
[2025-08-12T16:10:16.520+0000] {processor.py:157} INFO - Started process (PID=32170) to work on /home/vscode/.local/lib/python3.10/site-packages/airflow/example_dags/example_time_delta_sensor_async.py
[2025-08-12T16:10:16.520+0000] {processor.py:826} INFO - Processing file /home/vscode/.local/lib/python3.10/site-packages/airflow/example_dags/example_time_delta_sensor_async.py for tasks to queue
[2025-08-12T16:10:16.521+0000] {logging_mixin.py:150} INFO - [2025-08-12T16:10:16.521+0000] {dagbag.py:541} INFO - Filling up the DagBag from /home/vscode/.local/lib/python3.10/site-packages/airflow/example_dags/example_time_delta_sensor_async.py
[2025-08-12T16:10:16.524+0000] {processor.py:836} INFO - DAG(s) dict_keys(['example_time_delta_sensor_async']) retrieved from /home/vscode/.local/lib/python3.10/site-packages/airflow/example_dags/example_time_delta_sensor_async.py
[2025-08-12T16:10:16.536+0000] {logging_mixin.py:150} INFO - [2025-08-12T16:10:16.536+0000] {dag.py:2742} INFO - Sync 1 DAGs
[2025-08-12T16:10:16.551+0000] {logging_mixin.py:150} INFO - [2025-08-12T16:10:16.551+0000] {dag.py:3504} INFO - Setting next_dagrun for example_time_delta_sensor_async to None, run_after=None
[2025-08-12T16:10:16.567+0000] {processor.py:179} INFO - Processing /home/vscode/.local/lib/python3.10/site-packages/airflow/example_dags/example_time_delta_sensor_async.py took 0.050 seconds
[2025-08-12T16:11:02.052+0000] {processor.py:157} INFO - Started process (PID=32471) to work on /home/vscode/.local/lib/python3.10/site-packages/airflow/example_dags/example_time_delta_sensor_async.py
[2025-08-12T16:11:02.053+0000] {processor.py:826} INFO - Processing file /home/vscode/.local/lib/python3.10/site-packages/airflow/example_dags/example_time_delta_sensor_async.py for tasks to queue
[2025-08-12T16:11:02.054+0000] {logging_mixin.py:150} INFO - [2025-08-12T16:11:02.053+0000] {dagbag.py:541} INFO - Filling up the DagBag from /home/vscode/.local/lib/python3.10/site-packages/airflow/example_dags/example_time_delta_sensor_async.py
[2025-08-12T16:11:02.057+0000] {processor.py:836} INFO - DAG(s) dict_keys(['example_time_delta_sensor_async']) retrieved from /home/vscode/.local/lib/python3.10/site-packages/airflow/example_dags/example_time_delta_sensor_async.py
[2025-08-12T16:11:02.069+0000] {logging_mixin.py:150} INFO - [2025-08-12T16:11:02.068+0000] {dag.py:2742} INFO - Sync 1 DAGs
[2025-08-12T16:11:02.086+0000] {logging_mixin.py:150} INFO - [2025-08-12T16:11:02.086+0000] {dag.py:3504} INFO - Setting next_dagrun for example_time_delta_sensor_async to None, run_after=None
[2025-08-12T16:11:02.102+0000] {processor.py:179} INFO - Processing /home/vscode/.local/lib/python3.10/site-packages/airflow/example_dags/example_time_delta_sensor_async.py took 0.051 seconds
[2025-08-12T16:11:44.641+0000] {processor.py:157} INFO - Started process (PID=32751) to work on /home/vscode/.local/lib/python3.10/site-packages/airflow/example_dags/example_time_delta_sensor_async.py
[2025-08-12T16:11:44.642+0000] {processor.py:826} INFO - Processing file /home/vscode/.local/lib/python3.10/site-packages/airflow/example_dags/example_time_delta_sensor_async.py for tasks to queue
[2025-08-12T16:11:44.642+0000] {logging_mixin.py:150} INFO - [2025-08-12T16:11:44.642+0000] {dagbag.py:541} INFO - Filling up the DagBag from /home/vscode/.local/lib/python3.10/site-packages/airflow/example_dags/example_time_delta_sensor_async.py
[2025-08-12T16:11:44.646+0000] {processor.py:836} INFO - DAG(s) dict_keys(['example_time_delta_sensor_async']) retrieved from /home/vscode/.local/lib/python3.10/site-packages/airflow/example_dags/example_time_delta_sensor_async.py
[2025-08-12T16:11:44.658+0000] {logging_mixin.py:150} INFO - [2025-08-12T16:11:44.658+0000] {dag.py:2742} INFO - Sync 1 DAGs
[2025-08-12T16:11:44.672+0000] {logging_mixin.py:150} INFO - [2025-08-12T16:11:44.672+0000] {dag.py:3504} INFO - Setting next_dagrun for example_time_delta_sensor_async to None, run_after=None
[2025-08-12T16:11:44.688+0000] {processor.py:179} INFO - Processing /home/vscode/.local/lib/python3.10/site-packages/airflow/example_dags/example_time_delta_sensor_async.py took 0.049 seconds
[2025-08-12T16:12:28.700+0000] {processor.py:157} INFO - Started process (PID=33049) to work on /home/vscode/.local/lib/python3.10/site-packages/airflow/example_dags/example_time_delta_sensor_async.py
[2025-08-12T16:12:28.701+0000] {processor.py:826} INFO - Processing file /home/vscode/.local/lib/python3.10/site-packages/airflow/example_dags/example_time_delta_sensor_async.py for tasks to queue
[2025-08-12T16:12:28.702+0000] {logging_mixin.py:150} INFO - [2025-08-12T16:12:28.701+0000] {dagbag.py:541} INFO - Filling up the DagBag from /home/vscode/.local/lib/python3.10/site-packages/airflow/example_dags/example_time_delta_sensor_async.py
[2025-08-12T16:12:28.705+0000] {processor.py:836} INFO - DAG(s) dict_keys(['example_time_delta_sensor_async']) retrieved from /home/vscode/.local/lib/python3.10/site-packages/airflow/example_dags/example_time_delta_sensor_async.py
[2025-08-12T16:12:28.719+0000] {logging_mixin.py:150} INFO - [2025-08-12T16:12:28.719+0000] {dag.py:2742} INFO - Sync 1 DAGs
[2025-08-12T16:12:28.734+0000] {logging_mixin.py:150} INFO - [2025-08-12T16:12:28.734+0000] {dag.py:3504} INFO - Setting next_dagrun for example_time_delta_sensor_async to None, run_after=None
[2025-08-12T16:12:28.756+0000] {processor.py:179} INFO - Processing /home/vscode/.local/lib/python3.10/site-packages/airflow/example_dags/example_time_delta_sensor_async.py took 0.058 seconds
[2025-08-12T16:13:15.990+0000] {processor.py:157} INFO - Started process (PID=33356) to work on /home/vscode/.local/lib/python3.10/site-packages/airflow/example_dags/example_time_delta_sensor_async.py
[2025-08-12T16:13:15.991+0000] {processor.py:826} INFO - Processing file /home/vscode/.local/lib/python3.10/site-packages/airflow/example_dags/example_time_delta_sensor_async.py for tasks to queue
[2025-08-12T16:13:15.992+0000] {logging_mixin.py:150} INFO - [2025-08-12T16:13:15.991+0000] {dagbag.py:541} INFO - Filling up the DagBag from /home/vscode/.local/lib/python3.10/site-packages/airflow/example_dags/example_time_delta_sensor_async.py
[2025-08-12T16:13:15.995+0000] {processor.py:836} INFO - DAG(s) dict_keys(['example_time_delta_sensor_async']) retrieved from /home/vscode/.local/lib/python3.10/site-packages/airflow/example_dags/example_time_delta_sensor_async.py
[2025-08-12T16:13:16.007+0000] {logging_mixin.py:150} INFO - [2025-08-12T16:13:16.007+0000] {dag.py:2742} INFO - Sync 1 DAGs
[2025-08-12T16:13:16.021+0000] {logging_mixin.py:150} INFO - [2025-08-12T16:13:16.021+0000] {dag.py:3504} INFO - Setting next_dagrun for example_time_delta_sensor_async to None, run_after=None
[2025-08-12T16:13:16.037+0000] {processor.py:179} INFO - Processing /home/vscode/.local/lib/python3.10/site-packages/airflow/example_dags/example_time_delta_sensor_async.py took 0.049 seconds
[2025-08-12T16:13:58.250+0000] {processor.py:157} INFO - Started process (PID=33644) to work on /home/vscode/.local/lib/python3.10/site-packages/airflow/example_dags/example_time_delta_sensor_async.py
[2025-08-12T16:13:58.251+0000] {processor.py:826} INFO - Processing file /home/vscode/.local/lib/python3.10/site-packages/airflow/example_dags/example_time_delta_sensor_async.py for tasks to queue
[2025-08-12T16:13:58.251+0000] {logging_mixin.py:150} INFO - [2025-08-12T16:13:58.251+0000] {dagbag.py:541} INFO - Filling up the DagBag from /home/vscode/.local/lib/python3.10/site-packages/airflow/example_dags/example_time_delta_sensor_async.py
[2025-08-12T16:13:58.255+0000] {processor.py:836} INFO - DAG(s) dict_keys(['example_time_delta_sensor_async']) retrieved from /home/vscode/.local/lib/python3.10/site-packages/airflow/example_dags/example_time_delta_sensor_async.py
[2025-08-12T16:13:58.266+0000] {logging_mixin.py:150} INFO - [2025-08-12T16:13:58.266+0000] {dag.py:2742} INFO - Sync 1 DAGs
[2025-08-12T16:13:58.280+0000] {logging_mixin.py:150} INFO - [2025-08-12T16:13:58.280+0000] {dag.py:3504} INFO - Setting next_dagrun for example_time_delta_sensor_async to None, run_after=None
[2025-08-12T16:13:58.296+0000] {processor.py:179} INFO - Processing /home/vscode/.local/lib/python3.10/site-packages/airflow/example_dags/example_time_delta_sensor_async.py took 0.048 seconds
[2025-08-12T16:14:43.466+0000] {processor.py:157} INFO - Started process (PID=33938) to work on /home/vscode/.local/lib/python3.10/site-packages/airflow/example_dags/example_time_delta_sensor_async.py
[2025-08-12T16:14:43.467+0000] {processor.py:826} INFO - Processing file /home/vscode/.local/lib/python3.10/site-packages/airflow/example_dags/example_time_delta_sensor_async.py for tasks to queue
[2025-08-12T16:14:43.467+0000] {logging_mixin.py:150} INFO - [2025-08-12T16:14:43.467+0000] {dagbag.py:541} INFO - Filling up the DagBag from /home/vscode/.local/lib/python3.10/site-packages/airflow/example_dags/example_time_delta_sensor_async.py
[2025-08-12T16:14:43.471+0000] {processor.py:836} INFO - DAG(s) dict_keys(['example_time_delta_sensor_async']) retrieved from /home/vscode/.local/lib/python3.10/site-packages/airflow/example_dags/example_time_delta_sensor_async.py
[2025-08-12T16:14:43.484+0000] {logging_mixin.py:150} INFO - [2025-08-12T16:14:43.484+0000] {dag.py:2742} INFO - Sync 1 DAGs
[2025-08-12T16:14:43.499+0000] {logging_mixin.py:150} INFO - [2025-08-12T16:14:43.499+0000] {dag.py:3504} INFO - Setting next_dagrun for example_time_delta_sensor_async to None, run_after=None
[2025-08-12T16:14:43.516+0000] {processor.py:179} INFO - Processing /home/vscode/.local/lib/python3.10/site-packages/airflow/example_dags/example_time_delta_sensor_async.py took 0.052 seconds
[2025-08-12T16:15:23.994+0000] {processor.py:157} INFO - Started process (PID=34212) to work on /home/vscode/.local/lib/python3.10/site-packages/airflow/example_dags/example_time_delta_sensor_async.py
[2025-08-12T16:15:23.995+0000] {processor.py:826} INFO - Processing file /home/vscode/.local/lib/python3.10/site-packages/airflow/example_dags/example_time_delta_sensor_async.py for tasks to queue
[2025-08-12T16:15:23.995+0000] {logging_mixin.py:150} INFO - [2025-08-12T16:15:23.995+0000] {dagbag.py:541} INFO - Filling up the DagBag from /home/vscode/.local/lib/python3.10/site-packages/airflow/example_dags/example_time_delta_sensor_async.py
[2025-08-12T16:15:23.999+0000] {processor.py:836} INFO - DAG(s) dict_keys(['example_time_delta_sensor_async']) retrieved from /home/vscode/.local/lib/python3.10/site-packages/airflow/example_dags/example_time_delta_sensor_async.py
[2025-08-12T16:15:24.011+0000] {logging_mixin.py:150} INFO - [2025-08-12T16:15:24.011+0000] {dag.py:2742} INFO - Sync 1 DAGs
[2025-08-12T16:15:24.025+0000] {logging_mixin.py:150} INFO - [2025-08-12T16:15:24.025+0000] {dag.py:3504} INFO - Setting next_dagrun for example_time_delta_sensor_async to None, run_after=None
[2025-08-12T16:15:24.040+0000] {processor.py:179} INFO - Processing /home/vscode/.local/lib/python3.10/site-packages/airflow/example_dags/example_time_delta_sensor_async.py took 0.049 seconds
[2025-08-12T16:16:06.816+0000] {processor.py:157} INFO - Started process (PID=34498) to work on /home/vscode/.local/lib/python3.10/site-packages/airflow/example_dags/example_time_delta_sensor_async.py
[2025-08-12T16:16:06.817+0000] {processor.py:826} INFO - Processing file /home/vscode/.local/lib/python3.10/site-packages/airflow/example_dags/example_time_delta_sensor_async.py for tasks to queue
[2025-08-12T16:16:06.817+0000] {logging_mixin.py:150} INFO - [2025-08-12T16:16:06.817+0000] {dagbag.py:541} INFO - Filling up the DagBag from /home/vscode/.local/lib/python3.10/site-packages/airflow/example_dags/example_time_delta_sensor_async.py
[2025-08-12T16:16:06.821+0000] {processor.py:836} INFO - DAG(s) dict_keys(['example_time_delta_sensor_async']) retrieved from /home/vscode/.local/lib/python3.10/site-packages/airflow/example_dags/example_time_delta_sensor_async.py
[2025-08-12T16:16:06.832+0000] {logging_mixin.py:150} INFO - [2025-08-12T16:16:06.832+0000] {dag.py:2742} INFO - Sync 1 DAGs
[2025-08-12T16:16:06.848+0000] {logging_mixin.py:150} INFO - [2025-08-12T16:16:06.847+0000] {dag.py:3504} INFO - Setting next_dagrun for example_time_delta_sensor_async to None, run_after=None
[2025-08-12T16:16:06.863+0000] {processor.py:179} INFO - Processing /home/vscode/.local/lib/python3.10/site-packages/airflow/example_dags/example_time_delta_sensor_async.py took 0.048 seconds
[2025-08-12T16:16:46.815+0000] {processor.py:157} INFO - Started process (PID=34761) to work on /home/vscode/.local/lib/python3.10/site-packages/airflow/example_dags/example_time_delta_sensor_async.py
[2025-08-12T16:16:46.815+0000] {processor.py:826} INFO - Processing file /home/vscode/.local/lib/python3.10/site-packages/airflow/example_dags/example_time_delta_sensor_async.py for tasks to queue
[2025-08-12T16:16:46.816+0000] {logging_mixin.py:150} INFO - [2025-08-12T16:16:46.816+0000] {dagbag.py:541} INFO - Filling up the DagBag from /home/vscode/.local/lib/python3.10/site-packages/airflow/example_dags/example_time_delta_sensor_async.py
[2025-08-12T16:16:46.819+0000] {processor.py:836} INFO - DAG(s) dict_keys(['example_time_delta_sensor_async']) retrieved from /home/vscode/.local/lib/python3.10/site-packages/airflow/example_dags/example_time_delta_sensor_async.py
[2025-08-12T16:16:46.832+0000] {logging_mixin.py:150} INFO - [2025-08-12T16:16:46.831+0000] {dag.py:2742} INFO - Sync 1 DAGs
[2025-08-12T16:16:46.845+0000] {logging_mixin.py:150} INFO - [2025-08-12T16:16:46.845+0000] {dag.py:3504} INFO - Setting next_dagrun for example_time_delta_sensor_async to None, run_after=None
[2025-08-12T16:16:46.861+0000] {processor.py:179} INFO - Processing /home/vscode/.local/lib/python3.10/site-packages/airflow/example_dags/example_time_delta_sensor_async.py took 0.049 seconds
[2025-08-12T16:17:30.313+0000] {processor.py:157} INFO - Started process (PID=35054) to work on /home/vscode/.local/lib/python3.10/site-packages/airflow/example_dags/example_time_delta_sensor_async.py
[2025-08-12T16:17:30.314+0000] {processor.py:826} INFO - Processing file /home/vscode/.local/lib/python3.10/site-packages/airflow/example_dags/example_time_delta_sensor_async.py for tasks to queue
[2025-08-12T16:17:30.314+0000] {logging_mixin.py:150} INFO - [2025-08-12T16:17:30.314+0000] {dagbag.py:541} INFO - Filling up the DagBag from /home/vscode/.local/lib/python3.10/site-packages/airflow/example_dags/example_time_delta_sensor_async.py
[2025-08-12T16:17:30.318+0000] {processor.py:836} INFO - DAG(s) dict_keys(['example_time_delta_sensor_async']) retrieved from /home/vscode/.local/lib/python3.10/site-packages/airflow/example_dags/example_time_delta_sensor_async.py
[2025-08-12T16:17:30.329+0000] {logging_mixin.py:150} INFO - [2025-08-12T16:17:30.329+0000] {dag.py:2742} INFO - Sync 1 DAGs
[2025-08-12T16:17:30.343+0000] {logging_mixin.py:150} INFO - [2025-08-12T16:17:30.343+0000] {dag.py:3504} INFO - Setting next_dagrun for example_time_delta_sensor_async to None, run_after=None
[2025-08-12T16:17:30.357+0000] {processor.py:179} INFO - Processing /home/vscode/.local/lib/python3.10/site-packages/airflow/example_dags/example_time_delta_sensor_async.py took 0.046 seconds
[2025-08-12T16:18:08.581+0000] {processor.py:157} INFO - Started process (PID=35306) to work on /home/vscode/.local/lib/python3.10/site-packages/airflow/example_dags/example_time_delta_sensor_async.py
[2025-08-12T16:18:08.582+0000] {processor.py:826} INFO - Processing file /home/vscode/.local/lib/python3.10/site-packages/airflow/example_dags/example_time_delta_sensor_async.py for tasks to queue
[2025-08-12T16:18:08.583+0000] {logging_mixin.py:150} INFO - [2025-08-12T16:18:08.582+0000] {dagbag.py:541} INFO - Filling up the DagBag from /home/vscode/.local/lib/python3.10/site-packages/airflow/example_dags/example_time_delta_sensor_async.py
[2025-08-12T16:18:08.586+0000] {processor.py:836} INFO - DAG(s) dict_keys(['example_time_delta_sensor_async']) retrieved from /home/vscode/.local/lib/python3.10/site-packages/airflow/example_dags/example_time_delta_sensor_async.py
[2025-08-12T16:18:08.598+0000] {logging_mixin.py:150} INFO - [2025-08-12T16:18:08.598+0000] {dag.py:2742} INFO - Sync 1 DAGs
[2025-08-12T16:18:08.611+0000] {logging_mixin.py:150} INFO - [2025-08-12T16:18:08.611+0000] {dag.py:3504} INFO - Setting next_dagrun for example_time_delta_sensor_async to None, run_after=None
[2025-08-12T16:18:08.627+0000] {processor.py:179} INFO - Processing /home/vscode/.local/lib/python3.10/site-packages/airflow/example_dags/example_time_delta_sensor_async.py took 0.047 seconds
[2025-08-12T16:18:50.254+0000] {processor.py:157} INFO - Started process (PID=35588) to work on /home/vscode/.local/lib/python3.10/site-packages/airflow/example_dags/example_time_delta_sensor_async.py
[2025-08-12T16:18:50.254+0000] {processor.py:826} INFO - Processing file /home/vscode/.local/lib/python3.10/site-packages/airflow/example_dags/example_time_delta_sensor_async.py for tasks to queue
[2025-08-12T16:18:50.255+0000] {logging_mixin.py:150} INFO - [2025-08-12T16:18:50.255+0000] {dagbag.py:541} INFO - Filling up the DagBag from /home/vscode/.local/lib/python3.10/site-packages/airflow/example_dags/example_time_delta_sensor_async.py
[2025-08-12T16:18:50.259+0000] {processor.py:836} INFO - DAG(s) dict_keys(['example_time_delta_sensor_async']) retrieved from /home/vscode/.local/lib/python3.10/site-packages/airflow/example_dags/example_time_delta_sensor_async.py
[2025-08-12T16:18:50.270+0000] {logging_mixin.py:150} INFO - [2025-08-12T16:18:50.270+0000] {dag.py:2742} INFO - Sync 1 DAGs
[2025-08-12T16:18:50.284+0000] {logging_mixin.py:150} INFO - [2025-08-12T16:18:50.284+0000] {dag.py:3504} INFO - Setting next_dagrun for example_time_delta_sensor_async to None, run_after=None
[2025-08-12T16:18:50.300+0000] {processor.py:179} INFO - Processing /home/vscode/.local/lib/python3.10/site-packages/airflow/example_dags/example_time_delta_sensor_async.py took 0.048 seconds
[2025-08-12T16:19:31.562+0000] {processor.py:157} INFO - Started process (PID=35865) to work on /home/vscode/.local/lib/python3.10/site-packages/airflow/example_dags/example_time_delta_sensor_async.py
[2025-08-12T16:19:31.563+0000] {processor.py:826} INFO - Processing file /home/vscode/.local/lib/python3.10/site-packages/airflow/example_dags/example_time_delta_sensor_async.py for tasks to queue
[2025-08-12T16:19:31.564+0000] {logging_mixin.py:150} INFO - [2025-08-12T16:19:31.563+0000] {dagbag.py:541} INFO - Filling up the DagBag from /home/vscode/.local/lib/python3.10/site-packages/airflow/example_dags/example_time_delta_sensor_async.py
[2025-08-12T16:19:31.567+0000] {processor.py:836} INFO - DAG(s) dict_keys(['example_time_delta_sensor_async']) retrieved from /home/vscode/.local/lib/python3.10/site-packages/airflow/example_dags/example_time_delta_sensor_async.py
[2025-08-12T16:19:31.580+0000] {logging_mixin.py:150} INFO - [2025-08-12T16:19:31.580+0000] {dag.py:2742} INFO - Sync 1 DAGs
[2025-08-12T16:19:31.594+0000] {logging_mixin.py:150} INFO - [2025-08-12T16:19:31.594+0000] {dag.py:3504} INFO - Setting next_dagrun for example_time_delta_sensor_async to None, run_after=None
[2025-08-12T16:19:31.610+0000] {processor.py:179} INFO - Processing /home/vscode/.local/lib/python3.10/site-packages/airflow/example_dags/example_time_delta_sensor_async.py took 0.050 seconds
[2025-08-12T16:20:21.469+0000] {processor.py:157} INFO - Started process (PID=36198) to work on /home/vscode/.local/lib/python3.10/site-packages/airflow/example_dags/example_time_delta_sensor_async.py
[2025-08-12T16:20:21.470+0000] {processor.py:826} INFO - Processing file /home/vscode/.local/lib/python3.10/site-packages/airflow/example_dags/example_time_delta_sensor_async.py for tasks to queue
[2025-08-12T16:20:21.471+0000] {logging_mixin.py:150} INFO - [2025-08-12T16:20:21.470+0000] {dagbag.py:541} INFO - Filling up the DagBag from /home/vscode/.local/lib/python3.10/site-packages/airflow/example_dags/example_time_delta_sensor_async.py
[2025-08-12T16:20:21.474+0000] {processor.py:836} INFO - DAG(s) dict_keys(['example_time_delta_sensor_async']) retrieved from /home/vscode/.local/lib/python3.10/site-packages/airflow/example_dags/example_time_delta_sensor_async.py
[2025-08-12T16:20:21.486+0000] {logging_mixin.py:150} INFO - [2025-08-12T16:20:21.486+0000] {dag.py:2742} INFO - Sync 1 DAGs
[2025-08-12T16:20:21.500+0000] {logging_mixin.py:150} INFO - [2025-08-12T16:20:21.500+0000] {dag.py:3504} INFO - Setting next_dagrun for example_time_delta_sensor_async to None, run_after=None
[2025-08-12T16:20:21.516+0000] {processor.py:179} INFO - Processing /home/vscode/.local/lib/python3.10/site-packages/airflow/example_dags/example_time_delta_sensor_async.py took 0.048 seconds
[2025-08-12T16:21:02.014+0000] {processor.py:157} INFO - Started process (PID=36468) to work on /home/vscode/.local/lib/python3.10/site-packages/airflow/example_dags/example_time_delta_sensor_async.py
[2025-08-12T16:21:02.015+0000] {processor.py:826} INFO - Processing file /home/vscode/.local/lib/python3.10/site-packages/airflow/example_dags/example_time_delta_sensor_async.py for tasks to queue
[2025-08-12T16:21:02.015+0000] {logging_mixin.py:150} INFO - [2025-08-12T16:21:02.015+0000] {dagbag.py:541} INFO - Filling up the DagBag from /home/vscode/.local/lib/python3.10/site-packages/airflow/example_dags/example_time_delta_sensor_async.py
[2025-08-12T16:21:02.019+0000] {processor.py:836} INFO - DAG(s) dict_keys(['example_time_delta_sensor_async']) retrieved from /home/vscode/.local/lib/python3.10/site-packages/airflow/example_dags/example_time_delta_sensor_async.py
[2025-08-12T16:21:02.031+0000] {logging_mixin.py:150} INFO - [2025-08-12T16:21:02.030+0000] {dag.py:2742} INFO - Sync 1 DAGs
[2025-08-12T16:21:02.045+0000] {logging_mixin.py:150} INFO - [2025-08-12T16:21:02.044+0000] {dag.py:3504} INFO - Setting next_dagrun for example_time_delta_sensor_async to None, run_after=None
[2025-08-12T16:21:02.060+0000] {processor.py:179} INFO - Processing /home/vscode/.local/lib/python3.10/site-packages/airflow/example_dags/example_time_delta_sensor_async.py took 0.048 seconds
[2025-08-12T16:21:49.859+0000] {processor.py:157} INFO - Started process (PID=36781) to work on /home/vscode/.local/lib/python3.10/site-packages/airflow/example_dags/example_time_delta_sensor_async.py
[2025-08-12T16:21:49.859+0000] {processor.py:826} INFO - Processing file /home/vscode/.local/lib/python3.10/site-packages/airflow/example_dags/example_time_delta_sensor_async.py for tasks to queue
[2025-08-12T16:21:49.860+0000] {logging_mixin.py:150} INFO - [2025-08-12T16:21:49.860+0000] {dagbag.py:541} INFO - Filling up the DagBag from /home/vscode/.local/lib/python3.10/site-packages/airflow/example_dags/example_time_delta_sensor_async.py
[2025-08-12T16:21:49.863+0000] {processor.py:836} INFO - DAG(s) dict_keys(['example_time_delta_sensor_async']) retrieved from /home/vscode/.local/lib/python3.10/site-packages/airflow/example_dags/example_time_delta_sensor_async.py
[2025-08-12T16:21:49.876+0000] {logging_mixin.py:150} INFO - [2025-08-12T16:21:49.875+0000] {dag.py:2742} INFO - Sync 1 DAGs
[2025-08-12T16:21:49.889+0000] {logging_mixin.py:150} INFO - [2025-08-12T16:21:49.889+0000] {dag.py:3504} INFO - Setting next_dagrun for example_time_delta_sensor_async to None, run_after=None
[2025-08-12T16:21:49.904+0000] {processor.py:179} INFO - Processing /home/vscode/.local/lib/python3.10/site-packages/airflow/example_dags/example_time_delta_sensor_async.py took 0.048 seconds
[2025-08-12T16:22:28.394+0000] {processor.py:157} INFO - Started process (PID=37038) to work on /home/vscode/.local/lib/python3.10/site-packages/airflow/example_dags/example_time_delta_sensor_async.py
[2025-08-12T16:22:28.395+0000] {processor.py:826} INFO - Processing file /home/vscode/.local/lib/python3.10/site-packages/airflow/example_dags/example_time_delta_sensor_async.py for tasks to queue
[2025-08-12T16:22:28.395+0000] {logging_mixin.py:150} INFO - [2025-08-12T16:22:28.395+0000] {dagbag.py:541} INFO - Filling up the DagBag from /home/vscode/.local/lib/python3.10/site-packages/airflow/example_dags/example_time_delta_sensor_async.py
[2025-08-12T16:22:28.398+0000] {processor.py:836} INFO - DAG(s) dict_keys(['example_time_delta_sensor_async']) retrieved from /home/vscode/.local/lib/python3.10/site-packages/airflow/example_dags/example_time_delta_sensor_async.py
[2025-08-12T16:22:28.411+0000] {logging_mixin.py:150} INFO - [2025-08-12T16:22:28.411+0000] {dag.py:2742} INFO - Sync 1 DAGs
[2025-08-12T16:22:28.425+0000] {logging_mixin.py:150} INFO - [2025-08-12T16:22:28.425+0000] {dag.py:3504} INFO - Setting next_dagrun for example_time_delta_sensor_async to None, run_after=None
[2025-08-12T16:22:28.442+0000] {processor.py:179} INFO - Processing /home/vscode/.local/lib/python3.10/site-packages/airflow/example_dags/example_time_delta_sensor_async.py took 0.050 seconds
[2025-08-12T16:23:12.642+0000] {processor.py:157} INFO - Started process (PID=37337) to work on /home/vscode/.local/lib/python3.10/site-packages/airflow/example_dags/example_time_delta_sensor_async.py
[2025-08-12T16:23:12.643+0000] {processor.py:826} INFO - Processing file /home/vscode/.local/lib/python3.10/site-packages/airflow/example_dags/example_time_delta_sensor_async.py for tasks to queue
[2025-08-12T16:23:12.643+0000] {logging_mixin.py:150} INFO - [2025-08-12T16:23:12.643+0000] {dagbag.py:541} INFO - Filling up the DagBag from /home/vscode/.local/lib/python3.10/site-packages/airflow/example_dags/example_time_delta_sensor_async.py
[2025-08-12T16:23:12.646+0000] {processor.py:836} INFO - DAG(s) dict_keys(['example_time_delta_sensor_async']) retrieved from /home/vscode/.local/lib/python3.10/site-packages/airflow/example_dags/example_time_delta_sensor_async.py
[2025-08-12T16:23:12.658+0000] {logging_mixin.py:150} INFO - [2025-08-12T16:23:12.658+0000] {dag.py:2742} INFO - Sync 1 DAGs
[2025-08-12T16:23:12.672+0000] {logging_mixin.py:150} INFO - [2025-08-12T16:23:12.672+0000] {dag.py:3504} INFO - Setting next_dagrun for example_time_delta_sensor_async to None, run_after=None
[2025-08-12T16:23:12.688+0000] {processor.py:179} INFO - Processing /home/vscode/.local/lib/python3.10/site-packages/airflow/example_dags/example_time_delta_sensor_async.py took 0.048 seconds
[2025-08-12T16:23:58.618+0000] {processor.py:157} INFO - Started process (PID=37639) to work on /home/vscode/.local/lib/python3.10/site-packages/airflow/example_dags/example_time_delta_sensor_async.py
[2025-08-12T16:23:58.619+0000] {processor.py:826} INFO - Processing file /home/vscode/.local/lib/python3.10/site-packages/airflow/example_dags/example_time_delta_sensor_async.py for tasks to queue
[2025-08-12T16:23:58.620+0000] {logging_mixin.py:150} INFO - [2025-08-12T16:23:58.619+0000] {dagbag.py:541} INFO - Filling up the DagBag from /home/vscode/.local/lib/python3.10/site-packages/airflow/example_dags/example_time_delta_sensor_async.py
[2025-08-12T16:23:58.623+0000] {processor.py:836} INFO - DAG(s) dict_keys(['example_time_delta_sensor_async']) retrieved from /home/vscode/.local/lib/python3.10/site-packages/airflow/example_dags/example_time_delta_sensor_async.py
[2025-08-12T16:23:58.634+0000] {logging_mixin.py:150} INFO - [2025-08-12T16:23:58.634+0000] {dag.py:2742} INFO - Sync 1 DAGs
[2025-08-12T16:23:58.648+0000] {logging_mixin.py:150} INFO - [2025-08-12T16:23:58.648+0000] {dag.py:3504} INFO - Setting next_dagrun for example_time_delta_sensor_async to None, run_after=None
[2025-08-12T16:23:58.663+0000] {processor.py:179} INFO - Processing /home/vscode/.local/lib/python3.10/site-packages/airflow/example_dags/example_time_delta_sensor_async.py took 0.047 seconds
[2025-08-12T16:24:40.905+0000] {processor.py:157} INFO - Started process (PID=37917) to work on /home/vscode/.local/lib/python3.10/site-packages/airflow/example_dags/example_time_delta_sensor_async.py
[2025-08-12T16:24:40.906+0000] {processor.py:826} INFO - Processing file /home/vscode/.local/lib/python3.10/site-packages/airflow/example_dags/example_time_delta_sensor_async.py for tasks to queue
[2025-08-12T16:24:40.907+0000] {logging_mixin.py:150} INFO - [2025-08-12T16:24:40.906+0000] {dagbag.py:541} INFO - Filling up the DagBag from /home/vscode/.local/lib/python3.10/site-packages/airflow/example_dags/example_time_delta_sensor_async.py
[2025-08-12T16:24:40.912+0000] {processor.py:836} INFO - DAG(s) dict_keys(['example_time_delta_sensor_async']) retrieved from /home/vscode/.local/lib/python3.10/site-packages/airflow/example_dags/example_time_delta_sensor_async.py
[2025-08-12T16:24:40.930+0000] {logging_mixin.py:150} INFO - [2025-08-12T16:24:40.929+0000] {dag.py:2742} INFO - Sync 1 DAGs
[2025-08-12T16:24:40.954+0000] {logging_mixin.py:150} INFO - [2025-08-12T16:24:40.953+0000] {dag.py:3504} INFO - Setting next_dagrun for example_time_delta_sensor_async to None, run_after=None
[2025-08-12T16:24:40.977+0000] {processor.py:179} INFO - Processing /home/vscode/.local/lib/python3.10/site-packages/airflow/example_dags/example_time_delta_sensor_async.py took 0.074 seconds
[2025-08-12T16:25:25.256+0000] {processor.py:157} INFO - Started process (PID=38216) to work on /home/vscode/.local/lib/python3.10/site-packages/airflow/example_dags/example_time_delta_sensor_async.py
[2025-08-12T16:25:25.257+0000] {processor.py:826} INFO - Processing file /home/vscode/.local/lib/python3.10/site-packages/airflow/example_dags/example_time_delta_sensor_async.py for tasks to queue
[2025-08-12T16:25:25.258+0000] {logging_mixin.py:150} INFO - [2025-08-12T16:25:25.257+0000] {dagbag.py:541} INFO - Filling up the DagBag from /home/vscode/.local/lib/python3.10/site-packages/airflow/example_dags/example_time_delta_sensor_async.py
[2025-08-12T16:25:25.261+0000] {processor.py:836} INFO - DAG(s) dict_keys(['example_time_delta_sensor_async']) retrieved from /home/vscode/.local/lib/python3.10/site-packages/airflow/example_dags/example_time_delta_sensor_async.py
[2025-08-12T16:25:25.276+0000] {logging_mixin.py:150} INFO - [2025-08-12T16:25:25.275+0000] {dag.py:2742} INFO - Sync 1 DAGs
[2025-08-12T16:25:25.296+0000] {logging_mixin.py:150} INFO - [2025-08-12T16:25:25.296+0000] {dag.py:3504} INFO - Setting next_dagrun for example_time_delta_sensor_async to None, run_after=None
[2025-08-12T16:25:25.318+0000] {processor.py:179} INFO - Processing /home/vscode/.local/lib/python3.10/site-packages/airflow/example_dags/example_time_delta_sensor_async.py took 0.063 seconds
[2025-08-12T16:26:11.771+0000] {processor.py:157} INFO - Started process (PID=38518) to work on /home/vscode/.local/lib/python3.10/site-packages/airflow/example_dags/example_time_delta_sensor_async.py
[2025-08-12T16:26:11.771+0000] {processor.py:826} INFO - Processing file /home/vscode/.local/lib/python3.10/site-packages/airflow/example_dags/example_time_delta_sensor_async.py for tasks to queue
[2025-08-12T16:26:11.772+0000] {logging_mixin.py:150} INFO - [2025-08-12T16:26:11.772+0000] {dagbag.py:541} INFO - Filling up the DagBag from /home/vscode/.local/lib/python3.10/site-packages/airflow/example_dags/example_time_delta_sensor_async.py
[2025-08-12T16:26:11.775+0000] {processor.py:836} INFO - DAG(s) dict_keys(['example_time_delta_sensor_async']) retrieved from /home/vscode/.local/lib/python3.10/site-packages/airflow/example_dags/example_time_delta_sensor_async.py
[2025-08-12T16:26:11.787+0000] {logging_mixin.py:150} INFO - [2025-08-12T16:26:11.787+0000] {dag.py:2742} INFO - Sync 1 DAGs
[2025-08-12T16:26:11.801+0000] {logging_mixin.py:150} INFO - [2025-08-12T16:26:11.801+0000] {dag.py:3504} INFO - Setting next_dagrun for example_time_delta_sensor_async to None, run_after=None
[2025-08-12T16:26:11.817+0000] {processor.py:179} INFO - Processing /home/vscode/.local/lib/python3.10/site-packages/airflow/example_dags/example_time_delta_sensor_async.py took 0.048 seconds
[2025-08-12T16:26:50.536+0000] {processor.py:157} INFO - Started process (PID=38779) to work on /home/vscode/.local/lib/python3.10/site-packages/airflow/example_dags/example_time_delta_sensor_async.py
[2025-08-12T16:26:50.537+0000] {processor.py:826} INFO - Processing file /home/vscode/.local/lib/python3.10/site-packages/airflow/example_dags/example_time_delta_sensor_async.py for tasks to queue
[2025-08-12T16:26:50.537+0000] {logging_mixin.py:150} INFO - [2025-08-12T16:26:50.537+0000] {dagbag.py:541} INFO - Filling up the DagBag from /home/vscode/.local/lib/python3.10/site-packages/airflow/example_dags/example_time_delta_sensor_async.py
[2025-08-12T16:26:50.541+0000] {processor.py:836} INFO - DAG(s) dict_keys(['example_time_delta_sensor_async']) retrieved from /home/vscode/.local/lib/python3.10/site-packages/airflow/example_dags/example_time_delta_sensor_async.py
[2025-08-12T16:26:50.552+0000] {logging_mixin.py:150} INFO - [2025-08-12T16:26:50.552+0000] {dag.py:2742} INFO - Sync 1 DAGs
[2025-08-12T16:26:50.573+0000] {logging_mixin.py:150} INFO - [2025-08-12T16:26:50.573+0000] {dag.py:3504} INFO - Setting next_dagrun for example_time_delta_sensor_async to None, run_after=None
[2025-08-12T16:26:50.591+0000] {processor.py:179} INFO - Processing /home/vscode/.local/lib/python3.10/site-packages/airflow/example_dags/example_time_delta_sensor_async.py took 0.057 seconds
[2025-08-12T16:27:34.504+0000] {processor.py:157} INFO - Started process (PID=39078) to work on /home/vscode/.local/lib/python3.10/site-packages/airflow/example_dags/example_time_delta_sensor_async.py
[2025-08-12T16:27:34.505+0000] {processor.py:826} INFO - Processing file /home/vscode/.local/lib/python3.10/site-packages/airflow/example_dags/example_time_delta_sensor_async.py for tasks to queue
[2025-08-12T16:27:34.505+0000] {logging_mixin.py:150} INFO - [2025-08-12T16:27:34.505+0000] {dagbag.py:541} INFO - Filling up the DagBag from /home/vscode/.local/lib/python3.10/site-packages/airflow/example_dags/example_time_delta_sensor_async.py
[2025-08-12T16:27:34.509+0000] {processor.py:836} INFO - DAG(s) dict_keys(['example_time_delta_sensor_async']) retrieved from /home/vscode/.local/lib/python3.10/site-packages/airflow/example_dags/example_time_delta_sensor_async.py
[2025-08-12T16:27:34.521+0000] {logging_mixin.py:150} INFO - [2025-08-12T16:27:34.521+0000] {dag.py:2742} INFO - Sync 1 DAGs
[2025-08-12T16:27:34.535+0000] {logging_mixin.py:150} INFO - [2025-08-12T16:27:34.535+0000] {dag.py:3504} INFO - Setting next_dagrun for example_time_delta_sensor_async to None, run_after=None
[2025-08-12T16:27:34.549+0000] {processor.py:179} INFO - Processing /home/vscode/.local/lib/python3.10/site-packages/airflow/example_dags/example_time_delta_sensor_async.py took 0.048 seconds
[2025-08-12T16:28:18.605+0000] {processor.py:157} INFO - Started process (PID=39371) to work on /home/vscode/.local/lib/python3.10/site-packages/airflow/example_dags/example_time_delta_sensor_async.py
[2025-08-12T16:28:18.606+0000] {processor.py:826} INFO - Processing file /home/vscode/.local/lib/python3.10/site-packages/airflow/example_dags/example_time_delta_sensor_async.py for tasks to queue
[2025-08-12T16:28:18.607+0000] {logging_mixin.py:150} INFO - [2025-08-12T16:28:18.607+0000] {dagbag.py:541} INFO - Filling up the DagBag from /home/vscode/.local/lib/python3.10/site-packages/airflow/example_dags/example_time_delta_sensor_async.py
[2025-08-12T16:28:18.610+0000] {processor.py:836} INFO - DAG(s) dict_keys(['example_time_delta_sensor_async']) retrieved from /home/vscode/.local/lib/python3.10/site-packages/airflow/example_dags/example_time_delta_sensor_async.py
[2025-08-12T16:28:18.622+0000] {logging_mixin.py:150} INFO - [2025-08-12T16:28:18.621+0000] {dag.py:2742} INFO - Sync 1 DAGs
[2025-08-12T16:28:18.636+0000] {logging_mixin.py:150} INFO - [2025-08-12T16:28:18.635+0000] {dag.py:3504} INFO - Setting next_dagrun for example_time_delta_sensor_async to None, run_after=None
[2025-08-12T16:28:18.650+0000] {processor.py:179} INFO - Processing /home/vscode/.local/lib/python3.10/site-packages/airflow/example_dags/example_time_delta_sensor_async.py took 0.047 seconds
[2025-08-12T16:29:03.096+0000] {processor.py:157} INFO - Started process (PID=39666) to work on /home/vscode/.local/lib/python3.10/site-packages/airflow/example_dags/example_time_delta_sensor_async.py
[2025-08-12T16:29:03.097+0000] {processor.py:826} INFO - Processing file /home/vscode/.local/lib/python3.10/site-packages/airflow/example_dags/example_time_delta_sensor_async.py for tasks to queue
[2025-08-12T16:29:03.097+0000] {logging_mixin.py:150} INFO - [2025-08-12T16:29:03.097+0000] {dagbag.py:541} INFO - Filling up the DagBag from /home/vscode/.local/lib/python3.10/site-packages/airflow/example_dags/example_time_delta_sensor_async.py
[2025-08-12T16:29:03.100+0000] {processor.py:836} INFO - DAG(s) dict_keys(['example_time_delta_sensor_async']) retrieved from /home/vscode/.local/lib/python3.10/site-packages/airflow/example_dags/example_time_delta_sensor_async.py
[2025-08-12T16:29:03.112+0000] {logging_mixin.py:150} INFO - [2025-08-12T16:29:03.112+0000] {dag.py:2742} INFO - Sync 1 DAGs
[2025-08-12T16:29:03.126+0000] {logging_mixin.py:150} INFO - [2025-08-12T16:29:03.125+0000] {dag.py:3504} INFO - Setting next_dagrun for example_time_delta_sensor_async to None, run_after=None
[2025-08-12T16:29:03.140+0000] {processor.py:179} INFO - Processing /home/vscode/.local/lib/python3.10/site-packages/airflow/example_dags/example_time_delta_sensor_async.py took 0.047 seconds
[2025-08-12T16:29:44.334+0000] {processor.py:157} INFO - Started process (PID=39939) to work on /home/vscode/.local/lib/python3.10/site-packages/airflow/example_dags/example_time_delta_sensor_async.py
[2025-08-12T16:29:44.335+0000] {processor.py:826} INFO - Processing file /home/vscode/.local/lib/python3.10/site-packages/airflow/example_dags/example_time_delta_sensor_async.py for tasks to queue
[2025-08-12T16:29:44.335+0000] {logging_mixin.py:150} INFO - [2025-08-12T16:29:44.335+0000] {dagbag.py:541} INFO - Filling up the DagBag from /home/vscode/.local/lib/python3.10/site-packages/airflow/example_dags/example_time_delta_sensor_async.py
[2025-08-12T16:29:44.339+0000] {processor.py:836} INFO - DAG(s) dict_keys(['example_time_delta_sensor_async']) retrieved from /home/vscode/.local/lib/python3.10/site-packages/airflow/example_dags/example_time_delta_sensor_async.py
[2025-08-12T16:29:44.351+0000] {logging_mixin.py:150} INFO - [2025-08-12T16:29:44.350+0000] {dag.py:2742} INFO - Sync 1 DAGs
[2025-08-12T16:29:44.365+0000] {logging_mixin.py:150} INFO - [2025-08-12T16:29:44.364+0000] {dag.py:3504} INFO - Setting next_dagrun for example_time_delta_sensor_async to None, run_after=None
[2025-08-12T16:29:44.381+0000] {processor.py:179} INFO - Processing /home/vscode/.local/lib/python3.10/site-packages/airflow/example_dags/example_time_delta_sensor_async.py took 0.049 seconds
[2025-08-12T16:30:28.964+0000] {processor.py:157} INFO - Started process (PID=40240) to work on /home/vscode/.local/lib/python3.10/site-packages/airflow/example_dags/example_time_delta_sensor_async.py
[2025-08-12T16:30:28.965+0000] {processor.py:826} INFO - Processing file /home/vscode/.local/lib/python3.10/site-packages/airflow/example_dags/example_time_delta_sensor_async.py for tasks to queue
[2025-08-12T16:30:28.965+0000] {logging_mixin.py:150} INFO - [2025-08-12T16:30:28.965+0000] {dagbag.py:541} INFO - Filling up the DagBag from /home/vscode/.local/lib/python3.10/site-packages/airflow/example_dags/example_time_delta_sensor_async.py
[2025-08-12T16:30:28.969+0000] {processor.py:836} INFO - DAG(s) dict_keys(['example_time_delta_sensor_async']) retrieved from /home/vscode/.local/lib/python3.10/site-packages/airflow/example_dags/example_time_delta_sensor_async.py
[2025-08-12T16:30:28.981+0000] {logging_mixin.py:150} INFO - [2025-08-12T16:30:28.981+0000] {dag.py:2742} INFO - Sync 1 DAGs
[2025-08-12T16:30:28.996+0000] {logging_mixin.py:150} INFO - [2025-08-12T16:30:28.995+0000] {dag.py:3504} INFO - Setting next_dagrun for example_time_delta_sensor_async to None, run_after=None
[2025-08-12T16:30:29.011+0000] {processor.py:179} INFO - Processing /home/vscode/.local/lib/python3.10/site-packages/airflow/example_dags/example_time_delta_sensor_async.py took 0.049 seconds
