[2025-08-12T15:37:24.722+0000] {processor.py:157} INFO - Started process (PID=18128) to work on /home/vscode/.local/lib/python3.10/site-packages/airflow/example_dags/example_branch_datetime_operator.py
[2025-08-12T15:37:24.723+0000] {processor.py:826} INFO - Processing file /home/vscode/.local/lib/python3.10/site-packages/airflow/example_dags/example_branch_datetime_operator.py for tasks to queue
[2025-08-12T15:37:24.724+0000] {logging_mixin.py:150} INFO - [2025-08-12T15:37:24.724+0000] {dagbag.py:541} INFO - Filling up the DagBag from /home/vscode/.local/lib/python3.10/site-packages/airflow/example_dags/example_branch_datetime_operator.py
[2025-08-12T15:37:24.735+0000] {processor.py:836} INFO - DAG(s) dict_keys(['example_branch_datetime_operator_2', 'example_branch_datetime_operator', 'example_branch_datetime_operator_3']) retrieved from /home/vscode/.local/lib/python3.10/site-packages/airflow/example_dags/example_branch_datetime_operator.py
[2025-08-12T15:37:24.818+0000] {logging_mixin.py:150} INFO - [2025-08-12T15:37:24.818+0000] {manager.py:504} INFO - Created Permission View: can edit on DAG:example_branch_datetime_operator_2
[2025-08-12T15:37:24.827+0000] {logging_mixin.py:150} INFO - [2025-08-12T15:37:24.827+0000] {manager.py:504} INFO - Created Permission View: can read on DAG:example_branch_datetime_operator_2
[2025-08-12T15:37:24.834+0000] {logging_mixin.py:150} INFO - [2025-08-12T15:37:24.834+0000] {manager.py:504} INFO - Created Permission View: can delete on DAG:example_branch_datetime_operator_2
[2025-08-12T15:37:24.855+0000] {logging_mixin.py:150} INFO - [2025-08-12T15:37:24.855+0000] {manager.py:504} INFO - Created Permission View: can edit on DAG:example_branch_datetime_operator
[2025-08-12T15:37:24.861+0000] {logging_mixin.py:150} INFO - [2025-08-12T15:37:24.861+0000] {manager.py:504} INFO - Created Permission View: can read on DAG:example_branch_datetime_operator
[2025-08-12T15:37:24.868+0000] {logging_mixin.py:150} INFO - [2025-08-12T15:37:24.868+0000] {manager.py:504} INFO - Created Permission View: can delete on DAG:example_branch_datetime_operator
[2025-08-12T15:37:24.884+0000] {logging_mixin.py:150} INFO - [2025-08-12T15:37:24.884+0000] {manager.py:504} INFO - Created Permission View: can edit on DAG:example_branch_datetime_operator_3
[2025-08-12T15:37:24.892+0000] {logging_mixin.py:150} INFO - [2025-08-12T15:37:24.892+0000] {manager.py:504} INFO - Created Permission View: can read on DAG:example_branch_datetime_operator_3
[2025-08-12T15:37:24.898+0000] {logging_mixin.py:150} INFO - [2025-08-12T15:37:24.898+0000] {manager.py:504} INFO - Created Permission View: can delete on DAG:example_branch_datetime_operator_3
[2025-08-12T15:37:24.901+0000] {logging_mixin.py:150} INFO - [2025-08-12T15:37:24.901+0000] {dag.py:2742} INFO - Sync 3 DAGs
[2025-08-12T15:37:24.908+0000] {logging_mixin.py:150} INFO - [2025-08-12T15:37:24.908+0000] {dag.py:2763} INFO - Creating ORM DAG for example_branch_datetime_operator_3
[2025-08-12T15:37:24.909+0000] {logging_mixin.py:150} INFO - [2025-08-12T15:37:24.909+0000] {dag.py:2763} INFO - Creating ORM DAG for example_branch_datetime_operator
[2025-08-12T15:37:24.909+0000] {logging_mixin.py:150} INFO - [2025-08-12T15:37:24.909+0000] {dag.py:2763} INFO - Creating ORM DAG for example_branch_datetime_operator_2
[2025-08-12T15:37:24.918+0000] {logging_mixin.py:150} INFO - [2025-08-12T15:37:24.917+0000] {dag.py:3504} INFO - Setting next_dagrun for example_branch_datetime_operator to 2025-08-11T00:00:00+00:00, run_after=2025-08-12T00:00:00+00:00
[2025-08-12T15:37:24.919+0000] {logging_mixin.py:150} INFO - [2025-08-12T15:37:24.919+0000] {dag.py:3504} INFO - Setting next_dagrun for example_branch_datetime_operator_2 to 2025-08-11T00:00:00+00:00, run_after=2025-08-12T00:00:00+00:00
[2025-08-12T15:37:24.920+0000] {logging_mixin.py:150} INFO - [2025-08-12T15:37:24.920+0000] {dag.py:3504} INFO - Setting next_dagrun for example_branch_datetime_operator_3 to 2025-08-11T00:00:00+00:00, run_after=2025-08-12T00:00:00+00:00
[2025-08-12T15:37:24.937+0000] {processor.py:179} INFO - Processing /home/vscode/.local/lib/python3.10/site-packages/airflow/example_dags/example_branch_datetime_operator.py took 0.218 seconds
[2025-08-12T15:38:14.991+0000] {processor.py:157} INFO - Started process (PID=18539) to work on /home/vscode/.local/lib/python3.10/site-packages/airflow/example_dags/example_branch_datetime_operator.py
[2025-08-12T15:38:14.992+0000] {processor.py:826} INFO - Processing file /home/vscode/.local/lib/python3.10/site-packages/airflow/example_dags/example_branch_datetime_operator.py for tasks to queue
[2025-08-12T15:38:14.993+0000] {logging_mixin.py:150} INFO - [2025-08-12T15:38:14.992+0000] {dagbag.py:541} INFO - Filling up the DagBag from /home/vscode/.local/lib/python3.10/site-packages/airflow/example_dags/example_branch_datetime_operator.py
[2025-08-12T15:38:15.001+0000] {processor.py:836} INFO - DAG(s) dict_keys(['example_branch_datetime_operator', 'example_branch_datetime_operator_2', 'example_branch_datetime_operator_3']) retrieved from /home/vscode/.local/lib/python3.10/site-packages/airflow/example_dags/example_branch_datetime_operator.py
[2025-08-12T15:38:15.029+0000] {logging_mixin.py:150} INFO - [2025-08-12T15:38:15.029+0000] {dag.py:2742} INFO - Sync 3 DAGs
[2025-08-12T15:38:15.058+0000] {logging_mixin.py:150} INFO - [2025-08-12T15:38:15.058+0000] {dag.py:3504} INFO - Setting next_dagrun for example_branch_datetime_operator to 2025-08-11T00:00:00+00:00, run_after=2025-08-12T00:00:00+00:00
[2025-08-12T15:38:15.063+0000] {logging_mixin.py:150} INFO - [2025-08-12T15:38:15.063+0000] {dag.py:3504} INFO - Setting next_dagrun for example_branch_datetime_operator_2 to 2025-08-11T00:00:00+00:00, run_after=2025-08-12T00:00:00+00:00
[2025-08-12T15:38:15.066+0000] {logging_mixin.py:150} INFO - [2025-08-12T15:38:15.066+0000] {dag.py:3504} INFO - Setting next_dagrun for example_branch_datetime_operator_3 to 2025-08-11T00:00:00+00:00, run_after=2025-08-12T00:00:00+00:00
[2025-08-12T15:38:15.090+0000] {processor.py:179} INFO - Processing /home/vscode/.local/lib/python3.10/site-packages/airflow/example_dags/example_branch_datetime_operator.py took 0.101 seconds
[2025-08-12T15:39:05.887+0000] {processor.py:157} INFO - Started process (PID=18953) to work on /home/vscode/.local/lib/python3.10/site-packages/airflow/example_dags/example_branch_datetime_operator.py
[2025-08-12T15:39:05.888+0000] {processor.py:826} INFO - Processing file /home/vscode/.local/lib/python3.10/site-packages/airflow/example_dags/example_branch_datetime_operator.py for tasks to queue
[2025-08-12T15:39:05.888+0000] {logging_mixin.py:150} INFO - [2025-08-12T15:39:05.888+0000] {dagbag.py:541} INFO - Filling up the DagBag from /home/vscode/.local/lib/python3.10/site-packages/airflow/example_dags/example_branch_datetime_operator.py
[2025-08-12T15:39:05.896+0000] {processor.py:836} INFO - DAG(s) dict_keys(['example_branch_datetime_operator_3', 'example_branch_datetime_operator', 'example_branch_datetime_operator_2']) retrieved from /home/vscode/.local/lib/python3.10/site-packages/airflow/example_dags/example_branch_datetime_operator.py
[2025-08-12T15:39:05.912+0000] {logging_mixin.py:150} INFO - [2025-08-12T15:39:05.912+0000] {dag.py:2742} INFO - Sync 3 DAGs
[2025-08-12T15:39:05.929+0000] {logging_mixin.py:150} INFO - [2025-08-12T15:39:05.929+0000] {dag.py:3504} INFO - Setting next_dagrun for example_branch_datetime_operator to 2025-08-11T00:00:00+00:00, run_after=2025-08-12T00:00:00+00:00
[2025-08-12T15:39:05.932+0000] {logging_mixin.py:150} INFO - [2025-08-12T15:39:05.932+0000] {dag.py:3504} INFO - Setting next_dagrun for example_branch_datetime_operator_2 to 2025-08-11T00:00:00+00:00, run_after=2025-08-12T00:00:00+00:00
[2025-08-12T15:39:05.934+0000] {logging_mixin.py:150} INFO - [2025-08-12T15:39:05.934+0000] {dag.py:3504} INFO - Setting next_dagrun for example_branch_datetime_operator_3 to 2025-08-11T00:00:00+00:00, run_after=2025-08-12T00:00:00+00:00
[2025-08-12T15:39:05.948+0000] {processor.py:179} INFO - Processing /home/vscode/.local/lib/python3.10/site-packages/airflow/example_dags/example_branch_datetime_operator.py took 0.064 seconds
[2025-08-12T15:40:00.939+0000] {processor.py:157} INFO - Started process (PID=19323) to work on /home/vscode/.local/lib/python3.10/site-packages/airflow/example_dags/example_branch_datetime_operator.py
[2025-08-12T15:40:00.940+0000] {processor.py:826} INFO - Processing file /home/vscode/.local/lib/python3.10/site-packages/airflow/example_dags/example_branch_datetime_operator.py for tasks to queue
[2025-08-12T15:40:00.940+0000] {logging_mixin.py:150} INFO - [2025-08-12T15:40:00.940+0000] {dagbag.py:541} INFO - Filling up the DagBag from /home/vscode/.local/lib/python3.10/site-packages/airflow/example_dags/example_branch_datetime_operator.py
[2025-08-12T15:40:00.947+0000] {processor.py:836} INFO - DAG(s) dict_keys(['example_branch_datetime_operator_3', 'example_branch_datetime_operator_2', 'example_branch_datetime_operator']) retrieved from /home/vscode/.local/lib/python3.10/site-packages/airflow/example_dags/example_branch_datetime_operator.py
[2025-08-12T15:40:00.963+0000] {logging_mixin.py:150} INFO - [2025-08-12T15:40:00.963+0000] {dag.py:2742} INFO - Sync 3 DAGs
[2025-08-12T15:40:00.979+0000] {logging_mixin.py:150} INFO - [2025-08-12T15:40:00.978+0000] {dag.py:3504} INFO - Setting next_dagrun for example_branch_datetime_operator to 2025-08-11T00:00:00+00:00, run_after=2025-08-12T00:00:00+00:00
[2025-08-12T15:40:00.982+0000] {logging_mixin.py:150} INFO - [2025-08-12T15:40:00.982+0000] {dag.py:3504} INFO - Setting next_dagrun for example_branch_datetime_operator_2 to 2025-08-11T00:00:00+00:00, run_after=2025-08-12T00:00:00+00:00
[2025-08-12T15:40:00.983+0000] {logging_mixin.py:150} INFO - [2025-08-12T15:40:00.983+0000] {dag.py:3504} INFO - Setting next_dagrun for example_branch_datetime_operator_3 to 2025-08-11T00:00:00+00:00, run_after=2025-08-12T00:00:00+00:00
[2025-08-12T15:40:00.997+0000] {processor.py:179} INFO - Processing /home/vscode/.local/lib/python3.10/site-packages/airflow/example_dags/example_branch_datetime_operator.py took 0.060 seconds
[2025-08-12T15:40:47.494+0000] {processor.py:157} INFO - Started process (PID=19634) to work on /home/vscode/.local/lib/python3.10/site-packages/airflow/example_dags/example_branch_datetime_operator.py
[2025-08-12T15:40:47.495+0000] {processor.py:826} INFO - Processing file /home/vscode/.local/lib/python3.10/site-packages/airflow/example_dags/example_branch_datetime_operator.py for tasks to queue
[2025-08-12T15:40:47.495+0000] {logging_mixin.py:150} INFO - [2025-08-12T15:40:47.495+0000] {dagbag.py:541} INFO - Filling up the DagBag from /home/vscode/.local/lib/python3.10/site-packages/airflow/example_dags/example_branch_datetime_operator.py
[2025-08-12T15:40:47.502+0000] {processor.py:836} INFO - DAG(s) dict_keys(['example_branch_datetime_operator', 'example_branch_datetime_operator_2', 'example_branch_datetime_operator_3']) retrieved from /home/vscode/.local/lib/python3.10/site-packages/airflow/example_dags/example_branch_datetime_operator.py
[2025-08-12T15:40:47.519+0000] {logging_mixin.py:150} INFO - [2025-08-12T15:40:47.519+0000] {dag.py:2742} INFO - Sync 3 DAGs
[2025-08-12T15:40:47.535+0000] {logging_mixin.py:150} INFO - [2025-08-12T15:40:47.535+0000] {dag.py:3504} INFO - Setting next_dagrun for example_branch_datetime_operator to 2025-08-11T00:00:00+00:00, run_after=2025-08-12T00:00:00+00:00
[2025-08-12T15:40:47.538+0000] {logging_mixin.py:150} INFO - [2025-08-12T15:40:47.538+0000] {dag.py:3504} INFO - Setting next_dagrun for example_branch_datetime_operator_2 to 2025-08-11T00:00:00+00:00, run_after=2025-08-12T00:00:00+00:00
[2025-08-12T15:40:47.540+0000] {logging_mixin.py:150} INFO - [2025-08-12T15:40:47.540+0000] {dag.py:3504} INFO - Setting next_dagrun for example_branch_datetime_operator_3 to 2025-08-11T00:00:00+00:00, run_after=2025-08-12T00:00:00+00:00
[2025-08-12T15:40:47.554+0000] {processor.py:179} INFO - Processing /home/vscode/.local/lib/python3.10/site-packages/airflow/example_dags/example_branch_datetime_operator.py took 0.062 seconds
[2025-08-12T15:41:44.151+0000] {processor.py:157} INFO - Started process (PID=20012) to work on /home/vscode/.local/lib/python3.10/site-packages/airflow/example_dags/example_branch_datetime_operator.py
[2025-08-12T15:41:44.151+0000] {processor.py:826} INFO - Processing file /home/vscode/.local/lib/python3.10/site-packages/airflow/example_dags/example_branch_datetime_operator.py for tasks to queue
[2025-08-12T15:41:44.152+0000] {logging_mixin.py:150} INFO - [2025-08-12T15:41:44.152+0000] {dagbag.py:541} INFO - Filling up the DagBag from /home/vscode/.local/lib/python3.10/site-packages/airflow/example_dags/example_branch_datetime_operator.py
[2025-08-12T15:41:44.159+0000] {processor.py:836} INFO - DAG(s) dict_keys(['example_branch_datetime_operator', 'example_branch_datetime_operator_2', 'example_branch_datetime_operator_3']) retrieved from /home/vscode/.local/lib/python3.10/site-packages/airflow/example_dags/example_branch_datetime_operator.py
[2025-08-12T15:41:44.175+0000] {logging_mixin.py:150} INFO - [2025-08-12T15:41:44.175+0000] {dag.py:2742} INFO - Sync 3 DAGs
[2025-08-12T15:41:44.193+0000] {logging_mixin.py:150} INFO - [2025-08-12T15:41:44.193+0000] {dag.py:3504} INFO - Setting next_dagrun for example_branch_datetime_operator to 2025-08-11T00:00:00+00:00, run_after=2025-08-12T00:00:00+00:00
[2025-08-12T15:41:44.198+0000] {logging_mixin.py:150} INFO - [2025-08-12T15:41:44.198+0000] {dag.py:3504} INFO - Setting next_dagrun for example_branch_datetime_operator_2 to 2025-08-11T00:00:00+00:00, run_after=2025-08-12T00:00:00+00:00
[2025-08-12T15:41:44.200+0000] {logging_mixin.py:150} INFO - [2025-08-12T15:41:44.200+0000] {dag.py:3504} INFO - Setting next_dagrun for example_branch_datetime_operator_3 to 2025-08-11T00:00:00+00:00, run_after=2025-08-12T00:00:00+00:00
[2025-08-12T15:41:44.224+0000] {processor.py:179} INFO - Processing /home/vscode/.local/lib/python3.10/site-packages/airflow/example_dags/example_branch_datetime_operator.py took 0.076 seconds
[2025-08-12T15:42:31.941+0000] {processor.py:157} INFO - Started process (PID=20325) to work on /home/vscode/.local/lib/python3.10/site-packages/airflow/example_dags/example_branch_datetime_operator.py
[2025-08-12T15:42:31.942+0000] {processor.py:826} INFO - Processing file /home/vscode/.local/lib/python3.10/site-packages/airflow/example_dags/example_branch_datetime_operator.py for tasks to queue
[2025-08-12T15:42:31.942+0000] {logging_mixin.py:150} INFO - [2025-08-12T15:42:31.942+0000] {dagbag.py:541} INFO - Filling up the DagBag from /home/vscode/.local/lib/python3.10/site-packages/airflow/example_dags/example_branch_datetime_operator.py
[2025-08-12T15:42:31.950+0000] {processor.py:836} INFO - DAG(s) dict_keys(['example_branch_datetime_operator', 'example_branch_datetime_operator_2', 'example_branch_datetime_operator_3']) retrieved from /home/vscode/.local/lib/python3.10/site-packages/airflow/example_dags/example_branch_datetime_operator.py
[2025-08-12T15:42:31.966+0000] {logging_mixin.py:150} INFO - [2025-08-12T15:42:31.966+0000] {dag.py:2742} INFO - Sync 3 DAGs
[2025-08-12T15:42:31.981+0000] {logging_mixin.py:150} INFO - [2025-08-12T15:42:31.981+0000] {dag.py:3504} INFO - Setting next_dagrun for example_branch_datetime_operator to 2025-08-11T00:00:00+00:00, run_after=2025-08-12T00:00:00+00:00
[2025-08-12T15:42:31.984+0000] {logging_mixin.py:150} INFO - [2025-08-12T15:42:31.984+0000] {dag.py:3504} INFO - Setting next_dagrun for example_branch_datetime_operator_2 to 2025-08-11T00:00:00+00:00, run_after=2025-08-12T00:00:00+00:00
[2025-08-12T15:42:31.986+0000] {logging_mixin.py:150} INFO - [2025-08-12T15:42:31.986+0000] {dag.py:3504} INFO - Setting next_dagrun for example_branch_datetime_operator_3 to 2025-08-11T00:00:00+00:00, run_after=2025-08-12T00:00:00+00:00
[2025-08-12T15:42:32.000+0000] {processor.py:179} INFO - Processing /home/vscode/.local/lib/python3.10/site-packages/airflow/example_dags/example_branch_datetime_operator.py took 0.061 seconds
[2025-08-12T15:43:25.087+0000] {processor.py:157} INFO - Started process (PID=20686) to work on /home/vscode/.local/lib/python3.10/site-packages/airflow/example_dags/example_branch_datetime_operator.py
[2025-08-12T15:43:25.087+0000] {processor.py:826} INFO - Processing file /home/vscode/.local/lib/python3.10/site-packages/airflow/example_dags/example_branch_datetime_operator.py for tasks to queue
[2025-08-12T15:43:25.088+0000] {logging_mixin.py:150} INFO - [2025-08-12T15:43:25.088+0000] {dagbag.py:541} INFO - Filling up the DagBag from /home/vscode/.local/lib/python3.10/site-packages/airflow/example_dags/example_branch_datetime_operator.py
[2025-08-12T15:43:25.096+0000] {processor.py:836} INFO - DAG(s) dict_keys(['example_branch_datetime_operator_2', 'example_branch_datetime_operator', 'example_branch_datetime_operator_3']) retrieved from /home/vscode/.local/lib/python3.10/site-packages/airflow/example_dags/example_branch_datetime_operator.py
[2025-08-12T15:43:25.113+0000] {logging_mixin.py:150} INFO - [2025-08-12T15:43:25.113+0000] {dag.py:2742} INFO - Sync 3 DAGs
[2025-08-12T15:43:25.129+0000] {logging_mixin.py:150} INFO - [2025-08-12T15:43:25.129+0000] {dag.py:3504} INFO - Setting next_dagrun for example_branch_datetime_operator to 2025-08-11T00:00:00+00:00, run_after=2025-08-12T00:00:00+00:00
[2025-08-12T15:43:25.132+0000] {logging_mixin.py:150} INFO - [2025-08-12T15:43:25.132+0000] {dag.py:3504} INFO - Setting next_dagrun for example_branch_datetime_operator_2 to 2025-08-11T00:00:00+00:00, run_after=2025-08-12T00:00:00+00:00
[2025-08-12T15:43:25.134+0000] {logging_mixin.py:150} INFO - [2025-08-12T15:43:25.134+0000] {dag.py:3504} INFO - Setting next_dagrun for example_branch_datetime_operator_3 to 2025-08-11T00:00:00+00:00, run_after=2025-08-12T00:00:00+00:00
[2025-08-12T15:43:25.149+0000] {processor.py:179} INFO - Processing /home/vscode/.local/lib/python3.10/site-packages/airflow/example_dags/example_branch_datetime_operator.py took 0.066 seconds
[2025-08-12T15:44:11.862+0000] {processor.py:157} INFO - Started process (PID=20994) to work on /home/vscode/.local/lib/python3.10/site-packages/airflow/example_dags/example_branch_datetime_operator.py
[2025-08-12T15:44:11.863+0000] {processor.py:826} INFO - Processing file /home/vscode/.local/lib/python3.10/site-packages/airflow/example_dags/example_branch_datetime_operator.py for tasks to queue
[2025-08-12T15:44:11.864+0000] {logging_mixin.py:150} INFO - [2025-08-12T15:44:11.863+0000] {dagbag.py:541} INFO - Filling up the DagBag from /home/vscode/.local/lib/python3.10/site-packages/airflow/example_dags/example_branch_datetime_operator.py
[2025-08-12T15:44:11.871+0000] {processor.py:836} INFO - DAG(s) dict_keys(['example_branch_datetime_operator_3', 'example_branch_datetime_operator', 'example_branch_datetime_operator_2']) retrieved from /home/vscode/.local/lib/python3.10/site-packages/airflow/example_dags/example_branch_datetime_operator.py
[2025-08-12T15:44:11.888+0000] {logging_mixin.py:150} INFO - [2025-08-12T15:44:11.888+0000] {dag.py:2742} INFO - Sync 3 DAGs
[2025-08-12T15:44:11.904+0000] {logging_mixin.py:150} INFO - [2025-08-12T15:44:11.904+0000] {dag.py:3504} INFO - Setting next_dagrun for example_branch_datetime_operator to 2025-08-11T00:00:00+00:00, run_after=2025-08-12T00:00:00+00:00
[2025-08-12T15:44:11.908+0000] {logging_mixin.py:150} INFO - [2025-08-12T15:44:11.908+0000] {dag.py:3504} INFO - Setting next_dagrun for example_branch_datetime_operator_2 to 2025-08-11T00:00:00+00:00, run_after=2025-08-12T00:00:00+00:00
[2025-08-12T15:44:11.909+0000] {logging_mixin.py:150} INFO - [2025-08-12T15:44:11.909+0000] {dag.py:3504} INFO - Setting next_dagrun for example_branch_datetime_operator_3 to 2025-08-11T00:00:00+00:00, run_after=2025-08-12T00:00:00+00:00
[2025-08-12T15:44:11.926+0000] {processor.py:179} INFO - Processing /home/vscode/.local/lib/python3.10/site-packages/airflow/example_dags/example_branch_datetime_operator.py took 0.066 seconds
[2025-08-12T15:45:06.974+0000] {processor.py:157} INFO - Started process (PID=21365) to work on /home/vscode/.local/lib/python3.10/site-packages/airflow/example_dags/example_branch_datetime_operator.py
[2025-08-12T15:45:06.975+0000] {processor.py:826} INFO - Processing file /home/vscode/.local/lib/python3.10/site-packages/airflow/example_dags/example_branch_datetime_operator.py for tasks to queue
[2025-08-12T15:45:06.976+0000] {logging_mixin.py:150} INFO - [2025-08-12T15:45:06.975+0000] {dagbag.py:541} INFO - Filling up the DagBag from /home/vscode/.local/lib/python3.10/site-packages/airflow/example_dags/example_branch_datetime_operator.py
[2025-08-12T15:45:06.983+0000] {processor.py:836} INFO - DAG(s) dict_keys(['example_branch_datetime_operator', 'example_branch_datetime_operator_3', 'example_branch_datetime_operator_2']) retrieved from /home/vscode/.local/lib/python3.10/site-packages/airflow/example_dags/example_branch_datetime_operator.py
[2025-08-12T15:45:06.999+0000] {logging_mixin.py:150} INFO - [2025-08-12T15:45:06.999+0000] {dag.py:2742} INFO - Sync 3 DAGs
[2025-08-12T15:45:07.015+0000] {logging_mixin.py:150} INFO - [2025-08-12T15:45:07.014+0000] {dag.py:3504} INFO - Setting next_dagrun for example_branch_datetime_operator to 2025-08-11T00:00:00+00:00, run_after=2025-08-12T00:00:00+00:00
[2025-08-12T15:45:07.018+0000] {logging_mixin.py:150} INFO - [2025-08-12T15:45:07.018+0000] {dag.py:3504} INFO - Setting next_dagrun for example_branch_datetime_operator_2 to 2025-08-11T00:00:00+00:00, run_after=2025-08-12T00:00:00+00:00
[2025-08-12T15:45:07.019+0000] {logging_mixin.py:150} INFO - [2025-08-12T15:45:07.019+0000] {dag.py:3504} INFO - Setting next_dagrun for example_branch_datetime_operator_3 to 2025-08-11T00:00:00+00:00, run_after=2025-08-12T00:00:00+00:00
[2025-08-12T15:45:07.033+0000] {processor.py:179} INFO - Processing /home/vscode/.local/lib/python3.10/site-packages/airflow/example_dags/example_branch_datetime_operator.py took 0.061 seconds
[2025-08-12T15:45:50.380+0000] {processor.py:157} INFO - Started process (PID=21652) to work on /home/vscode/.local/lib/python3.10/site-packages/airflow/example_dags/example_branch_datetime_operator.py
[2025-08-12T15:45:50.380+0000] {processor.py:826} INFO - Processing file /home/vscode/.local/lib/python3.10/site-packages/airflow/example_dags/example_branch_datetime_operator.py for tasks to queue
[2025-08-12T15:45:50.381+0000] {logging_mixin.py:150} INFO - [2025-08-12T15:45:50.381+0000] {dagbag.py:541} INFO - Filling up the DagBag from /home/vscode/.local/lib/python3.10/site-packages/airflow/example_dags/example_branch_datetime_operator.py
[2025-08-12T15:45:50.388+0000] {processor.py:836} INFO - DAG(s) dict_keys(['example_branch_datetime_operator', 'example_branch_datetime_operator_3', 'example_branch_datetime_operator_2']) retrieved from /home/vscode/.local/lib/python3.10/site-packages/airflow/example_dags/example_branch_datetime_operator.py
[2025-08-12T15:45:50.404+0000] {logging_mixin.py:150} INFO - [2025-08-12T15:45:50.404+0000] {dag.py:2742} INFO - Sync 3 DAGs
[2025-08-12T15:45:50.419+0000] {logging_mixin.py:150} INFO - [2025-08-12T15:45:50.419+0000] {dag.py:3504} INFO - Setting next_dagrun for example_branch_datetime_operator to 2025-08-11T00:00:00+00:00, run_after=2025-08-12T00:00:00+00:00
[2025-08-12T15:45:50.423+0000] {logging_mixin.py:150} INFO - [2025-08-12T15:45:50.422+0000] {dag.py:3504} INFO - Setting next_dagrun for example_branch_datetime_operator_2 to 2025-08-11T00:00:00+00:00, run_after=2025-08-12T00:00:00+00:00
[2025-08-12T15:45:50.424+0000] {logging_mixin.py:150} INFO - [2025-08-12T15:45:50.424+0000] {dag.py:3504} INFO - Setting next_dagrun for example_branch_datetime_operator_3 to 2025-08-11T00:00:00+00:00, run_after=2025-08-12T00:00:00+00:00
[2025-08-12T15:45:50.438+0000] {processor.py:179} INFO - Processing /home/vscode/.local/lib/python3.10/site-packages/airflow/example_dags/example_branch_datetime_operator.py took 0.061 seconds
[2025-08-12T15:46:36.174+0000] {processor.py:157} INFO - Started process (PID=21947) to work on /home/vscode/.local/lib/python3.10/site-packages/airflow/example_dags/example_branch_datetime_operator.py
[2025-08-12T15:46:36.175+0000] {processor.py:826} INFO - Processing file /home/vscode/.local/lib/python3.10/site-packages/airflow/example_dags/example_branch_datetime_operator.py for tasks to queue
[2025-08-12T15:46:36.176+0000] {logging_mixin.py:150} INFO - [2025-08-12T15:46:36.175+0000] {dagbag.py:541} INFO - Filling up the DagBag from /home/vscode/.local/lib/python3.10/site-packages/airflow/example_dags/example_branch_datetime_operator.py
[2025-08-12T15:46:36.183+0000] {processor.py:836} INFO - DAG(s) dict_keys(['example_branch_datetime_operator_2', 'example_branch_datetime_operator_3', 'example_branch_datetime_operator']) retrieved from /home/vscode/.local/lib/python3.10/site-packages/airflow/example_dags/example_branch_datetime_operator.py
[2025-08-12T15:46:36.199+0000] {logging_mixin.py:150} INFO - [2025-08-12T15:46:36.199+0000] {dag.py:2742} INFO - Sync 3 DAGs
[2025-08-12T15:46:36.222+0000] {logging_mixin.py:150} INFO - [2025-08-12T15:46:36.222+0000] {dag.py:3504} INFO - Setting next_dagrun for example_branch_datetime_operator to 2025-08-11T00:00:00+00:00, run_after=2025-08-12T00:00:00+00:00
[2025-08-12T15:46:36.227+0000] {logging_mixin.py:150} INFO - [2025-08-12T15:46:36.227+0000] {dag.py:3504} INFO - Setting next_dagrun for example_branch_datetime_operator_2 to 2025-08-11T00:00:00+00:00, run_after=2025-08-12T00:00:00+00:00
[2025-08-12T15:46:36.230+0000] {logging_mixin.py:150} INFO - [2025-08-12T15:46:36.230+0000] {dag.py:3504} INFO - Setting next_dagrun for example_branch_datetime_operator_3 to 2025-08-11T00:00:00+00:00, run_after=2025-08-12T00:00:00+00:00
[2025-08-12T15:46:36.251+0000] {processor.py:179} INFO - Processing /home/vscode/.local/lib/python3.10/site-packages/airflow/example_dags/example_branch_datetime_operator.py took 0.079 seconds
[2025-08-12T15:47:31.894+0000] {processor.py:157} INFO - Started process (PID=22331) to work on /home/vscode/.local/lib/python3.10/site-packages/airflow/example_dags/example_branch_datetime_operator.py
[2025-08-12T15:47:31.895+0000] {processor.py:826} INFO - Processing file /home/vscode/.local/lib/python3.10/site-packages/airflow/example_dags/example_branch_datetime_operator.py for tasks to queue
[2025-08-12T15:47:31.896+0000] {logging_mixin.py:150} INFO - [2025-08-12T15:47:31.896+0000] {dagbag.py:541} INFO - Filling up the DagBag from /home/vscode/.local/lib/python3.10/site-packages/airflow/example_dags/example_branch_datetime_operator.py
[2025-08-12T15:47:31.903+0000] {processor.py:836} INFO - DAG(s) dict_keys(['example_branch_datetime_operator_3', 'example_branch_datetime_operator', 'example_branch_datetime_operator_2']) retrieved from /home/vscode/.local/lib/python3.10/site-packages/airflow/example_dags/example_branch_datetime_operator.py
[2025-08-12T15:47:31.919+0000] {logging_mixin.py:150} INFO - [2025-08-12T15:47:31.919+0000] {dag.py:2742} INFO - Sync 3 DAGs
[2025-08-12T15:47:31.934+0000] {logging_mixin.py:150} INFO - [2025-08-12T15:47:31.934+0000] {dag.py:3504} INFO - Setting next_dagrun for example_branch_datetime_operator to 2025-08-11T00:00:00+00:00, run_after=2025-08-12T00:00:00+00:00
[2025-08-12T15:47:31.937+0000] {logging_mixin.py:150} INFO - [2025-08-12T15:47:31.937+0000] {dag.py:3504} INFO - Setting next_dagrun for example_branch_datetime_operator_2 to 2025-08-11T00:00:00+00:00, run_after=2025-08-12T00:00:00+00:00
[2025-08-12T15:47:31.939+0000] {logging_mixin.py:150} INFO - [2025-08-12T15:47:31.939+0000] {dag.py:3504} INFO - Setting next_dagrun for example_branch_datetime_operator_3 to 2025-08-11T00:00:00+00:00, run_after=2025-08-12T00:00:00+00:00
[2025-08-12T15:47:31.953+0000] {processor.py:179} INFO - Processing /home/vscode/.local/lib/python3.10/site-packages/airflow/example_dags/example_branch_datetime_operator.py took 0.062 seconds
[2025-08-12T15:48:23.304+0000] {processor.py:157} INFO - Started process (PID=22671) to work on /home/vscode/.local/lib/python3.10/site-packages/airflow/example_dags/example_branch_datetime_operator.py
[2025-08-12T15:48:23.305+0000] {processor.py:826} INFO - Processing file /home/vscode/.local/lib/python3.10/site-packages/airflow/example_dags/example_branch_datetime_operator.py for tasks to queue
[2025-08-12T15:48:23.305+0000] {logging_mixin.py:150} INFO - [2025-08-12T15:48:23.305+0000] {dagbag.py:541} INFO - Filling up the DagBag from /home/vscode/.local/lib/python3.10/site-packages/airflow/example_dags/example_branch_datetime_operator.py
[2025-08-12T15:48:23.313+0000] {processor.py:836} INFO - DAG(s) dict_keys(['example_branch_datetime_operator_3', 'example_branch_datetime_operator_2', 'example_branch_datetime_operator']) retrieved from /home/vscode/.local/lib/python3.10/site-packages/airflow/example_dags/example_branch_datetime_operator.py
[2025-08-12T15:48:23.329+0000] {logging_mixin.py:150} INFO - [2025-08-12T15:48:23.329+0000] {dag.py:2742} INFO - Sync 3 DAGs
[2025-08-12T15:48:23.344+0000] {logging_mixin.py:150} INFO - [2025-08-12T15:48:23.344+0000] {dag.py:3504} INFO - Setting next_dagrun for example_branch_datetime_operator to 2025-08-11T00:00:00+00:00, run_after=2025-08-12T00:00:00+00:00
[2025-08-12T15:48:23.348+0000] {logging_mixin.py:150} INFO - [2025-08-12T15:48:23.347+0000] {dag.py:3504} INFO - Setting next_dagrun for example_branch_datetime_operator_2 to 2025-08-11T00:00:00+00:00, run_after=2025-08-12T00:00:00+00:00
[2025-08-12T15:48:23.349+0000] {logging_mixin.py:150} INFO - [2025-08-12T15:48:23.349+0000] {dag.py:3504} INFO - Setting next_dagrun for example_branch_datetime_operator_3 to 2025-08-11T00:00:00+00:00, run_after=2025-08-12T00:00:00+00:00
[2025-08-12T15:48:23.364+0000] {processor.py:179} INFO - Processing /home/vscode/.local/lib/python3.10/site-packages/airflow/example_dags/example_branch_datetime_operator.py took 0.061 seconds
[2025-08-12T15:49:18.547+0000] {processor.py:157} INFO - Started process (PID=23072) to work on /home/vscode/.local/lib/python3.10/site-packages/airflow/example_dags/example_branch_datetime_operator.py
[2025-08-12T15:49:18.548+0000] {processor.py:826} INFO - Processing file /home/vscode/.local/lib/python3.10/site-packages/airflow/example_dags/example_branch_datetime_operator.py for tasks to queue
[2025-08-12T15:49:18.548+0000] {logging_mixin.py:150} INFO - [2025-08-12T15:49:18.548+0000] {dagbag.py:541} INFO - Filling up the DagBag from /home/vscode/.local/lib/python3.10/site-packages/airflow/example_dags/example_branch_datetime_operator.py
[2025-08-12T15:49:18.555+0000] {processor.py:836} INFO - DAG(s) dict_keys(['example_branch_datetime_operator_3', 'example_branch_datetime_operator_2', 'example_branch_datetime_operator']) retrieved from /home/vscode/.local/lib/python3.10/site-packages/airflow/example_dags/example_branch_datetime_operator.py
[2025-08-12T15:49:18.571+0000] {logging_mixin.py:150} INFO - [2025-08-12T15:49:18.571+0000] {dag.py:2742} INFO - Sync 3 DAGs
[2025-08-12T15:49:18.586+0000] {logging_mixin.py:150} INFO - [2025-08-12T15:49:18.586+0000] {dag.py:3504} INFO - Setting next_dagrun for example_branch_datetime_operator to 2025-08-11T00:00:00+00:00, run_after=2025-08-12T00:00:00+00:00
[2025-08-12T15:49:18.589+0000] {logging_mixin.py:150} INFO - [2025-08-12T15:49:18.589+0000] {dag.py:3504} INFO - Setting next_dagrun for example_branch_datetime_operator_2 to 2025-08-11T00:00:00+00:00, run_after=2025-08-12T00:00:00+00:00
[2025-08-12T15:49:18.591+0000] {logging_mixin.py:150} INFO - [2025-08-12T15:49:18.591+0000] {dag.py:3504} INFO - Setting next_dagrun for example_branch_datetime_operator_3 to 2025-08-11T00:00:00+00:00, run_after=2025-08-12T00:00:00+00:00
[2025-08-12T15:49:18.605+0000] {processor.py:179} INFO - Processing /home/vscode/.local/lib/python3.10/site-packages/airflow/example_dags/example_branch_datetime_operator.py took 0.060 seconds
[2025-08-12T15:50:17.981+0000] {processor.py:157} INFO - Started process (PID=23615) to work on /home/vscode/.local/lib/python3.10/site-packages/airflow/example_dags/example_branch_datetime_operator.py
[2025-08-12T15:50:17.982+0000] {processor.py:826} INFO - Processing file /home/vscode/.local/lib/python3.10/site-packages/airflow/example_dags/example_branch_datetime_operator.py for tasks to queue
[2025-08-12T15:50:17.982+0000] {logging_mixin.py:150} INFO - [2025-08-12T15:50:17.982+0000] {dagbag.py:541} INFO - Filling up the DagBag from /home/vscode/.local/lib/python3.10/site-packages/airflow/example_dags/example_branch_datetime_operator.py
[2025-08-12T15:50:17.989+0000] {processor.py:836} INFO - DAG(s) dict_keys(['example_branch_datetime_operator_2', 'example_branch_datetime_operator', 'example_branch_datetime_operator_3']) retrieved from /home/vscode/.local/lib/python3.10/site-packages/airflow/example_dags/example_branch_datetime_operator.py
[2025-08-12T15:50:18.006+0000] {logging_mixin.py:150} INFO - [2025-08-12T15:50:18.006+0000] {dag.py:2742} INFO - Sync 3 DAGs
[2025-08-12T15:50:18.022+0000] {logging_mixin.py:150} INFO - [2025-08-12T15:50:18.022+0000] {dag.py:3504} INFO - Setting next_dagrun for example_branch_datetime_operator to 2025-08-11T00:00:00+00:00, run_after=2025-08-12T00:00:00+00:00
[2025-08-12T15:50:18.025+0000] {logging_mixin.py:150} INFO - [2025-08-12T15:50:18.025+0000] {dag.py:3504} INFO - Setting next_dagrun for example_branch_datetime_operator_2 to 2025-08-11T00:00:00+00:00, run_after=2025-08-12T00:00:00+00:00
[2025-08-12T15:50:18.027+0000] {logging_mixin.py:150} INFO - [2025-08-12T15:50:18.026+0000] {dag.py:3504} INFO - Setting next_dagrun for example_branch_datetime_operator_3 to 2025-08-11T00:00:00+00:00, run_after=2025-08-12T00:00:00+00:00
[2025-08-12T15:50:18.042+0000] {processor.py:179} INFO - Processing /home/vscode/.local/lib/python3.10/site-packages/airflow/example_dags/example_branch_datetime_operator.py took 0.063 seconds
[2025-08-12T15:51:02.474+0000] {processor.py:157} INFO - Started process (PID=23983) to work on /home/vscode/.local/lib/python3.10/site-packages/airflow/example_dags/example_branch_datetime_operator.py
[2025-08-12T15:51:02.475+0000] {processor.py:826} INFO - Processing file /home/vscode/.local/lib/python3.10/site-packages/airflow/example_dags/example_branch_datetime_operator.py for tasks to queue
[2025-08-12T15:51:02.475+0000] {logging_mixin.py:150} INFO - [2025-08-12T15:51:02.475+0000] {dagbag.py:541} INFO - Filling up the DagBag from /home/vscode/.local/lib/python3.10/site-packages/airflow/example_dags/example_branch_datetime_operator.py
[2025-08-12T15:51:02.482+0000] {processor.py:836} INFO - DAG(s) dict_keys(['example_branch_datetime_operator', 'example_branch_datetime_operator_3', 'example_branch_datetime_operator_2']) retrieved from /home/vscode/.local/lib/python3.10/site-packages/airflow/example_dags/example_branch_datetime_operator.py
[2025-08-12T15:51:02.499+0000] {logging_mixin.py:150} INFO - [2025-08-12T15:51:02.499+0000] {dag.py:2742} INFO - Sync 3 DAGs
[2025-08-12T15:51:02.516+0000] {logging_mixin.py:150} INFO - [2025-08-12T15:51:02.516+0000] {dag.py:3504} INFO - Setting next_dagrun for example_branch_datetime_operator to 2025-08-11T00:00:00+00:00, run_after=2025-08-12T00:00:00+00:00
[2025-08-12T15:51:02.519+0000] {logging_mixin.py:150} INFO - [2025-08-12T15:51:02.519+0000] {dag.py:3504} INFO - Setting next_dagrun for example_branch_datetime_operator_2 to 2025-08-11T00:00:00+00:00, run_after=2025-08-12T00:00:00+00:00
[2025-08-12T15:51:02.521+0000] {logging_mixin.py:150} INFO - [2025-08-12T15:51:02.521+0000] {dag.py:3504} INFO - Setting next_dagrun for example_branch_datetime_operator_3 to 2025-08-11T00:00:00+00:00, run_after=2025-08-12T00:00:00+00:00
[2025-08-12T15:51:02.536+0000] {processor.py:179} INFO - Processing /home/vscode/.local/lib/python3.10/site-packages/airflow/example_dags/example_branch_datetime_operator.py took 0.064 seconds
[2025-08-12T15:51:46.575+0000] {processor.py:157} INFO - Started process (PID=24283) to work on /home/vscode/.local/lib/python3.10/site-packages/airflow/example_dags/example_branch_datetime_operator.py
[2025-08-12T15:51:46.576+0000] {processor.py:826} INFO - Processing file /home/vscode/.local/lib/python3.10/site-packages/airflow/example_dags/example_branch_datetime_operator.py for tasks to queue
[2025-08-12T15:51:46.576+0000] {logging_mixin.py:150} INFO - [2025-08-12T15:51:46.576+0000] {dagbag.py:541} INFO - Filling up the DagBag from /home/vscode/.local/lib/python3.10/site-packages/airflow/example_dags/example_branch_datetime_operator.py
[2025-08-12T15:51:46.583+0000] {processor.py:836} INFO - DAG(s) dict_keys(['example_branch_datetime_operator_3', 'example_branch_datetime_operator', 'example_branch_datetime_operator_2']) retrieved from /home/vscode/.local/lib/python3.10/site-packages/airflow/example_dags/example_branch_datetime_operator.py
[2025-08-12T15:51:46.600+0000] {logging_mixin.py:150} INFO - [2025-08-12T15:51:46.600+0000] {dag.py:2742} INFO - Sync 3 DAGs
[2025-08-12T15:51:46.616+0000] {logging_mixin.py:150} INFO - [2025-08-12T15:51:46.616+0000] {dag.py:3504} INFO - Setting next_dagrun for example_branch_datetime_operator to 2025-08-11T00:00:00+00:00, run_after=2025-08-12T00:00:00+00:00
[2025-08-12T15:51:46.620+0000] {logging_mixin.py:150} INFO - [2025-08-12T15:51:46.620+0000] {dag.py:3504} INFO - Setting next_dagrun for example_branch_datetime_operator_2 to 2025-08-11T00:00:00+00:00, run_after=2025-08-12T00:00:00+00:00
[2025-08-12T15:51:46.623+0000] {logging_mixin.py:150} INFO - [2025-08-12T15:51:46.623+0000] {dag.py:3504} INFO - Setting next_dagrun for example_branch_datetime_operator_3 to 2025-08-11T00:00:00+00:00, run_after=2025-08-12T00:00:00+00:00
[2025-08-12T15:51:46.637+0000] {processor.py:179} INFO - Processing /home/vscode/.local/lib/python3.10/site-packages/airflow/example_dags/example_branch_datetime_operator.py took 0.065 seconds
[2025-08-12T15:52:44.162+0000] {processor.py:157} INFO - Started process (PID=24686) to work on /home/vscode/.local/lib/python3.10/site-packages/airflow/example_dags/example_branch_datetime_operator.py
[2025-08-12T15:52:44.163+0000] {processor.py:826} INFO - Processing file /home/vscode/.local/lib/python3.10/site-packages/airflow/example_dags/example_branch_datetime_operator.py for tasks to queue
[2025-08-12T15:52:44.164+0000] {logging_mixin.py:150} INFO - [2025-08-12T15:52:44.163+0000] {dagbag.py:541} INFO - Filling up the DagBag from /home/vscode/.local/lib/python3.10/site-packages/airflow/example_dags/example_branch_datetime_operator.py
[2025-08-12T15:52:44.171+0000] {processor.py:836} INFO - DAG(s) dict_keys(['example_branch_datetime_operator', 'example_branch_datetime_operator_2', 'example_branch_datetime_operator_3']) retrieved from /home/vscode/.local/lib/python3.10/site-packages/airflow/example_dags/example_branch_datetime_operator.py
[2025-08-12T15:52:44.187+0000] {logging_mixin.py:150} INFO - [2025-08-12T15:52:44.187+0000] {dag.py:2742} INFO - Sync 3 DAGs
[2025-08-12T15:52:44.202+0000] {logging_mixin.py:150} INFO - [2025-08-12T15:52:44.202+0000] {dag.py:3504} INFO - Setting next_dagrun for example_branch_datetime_operator to 2025-08-11T00:00:00+00:00, run_after=2025-08-12T00:00:00+00:00
[2025-08-12T15:52:44.205+0000] {logging_mixin.py:150} INFO - [2025-08-12T15:52:44.205+0000] {dag.py:3504} INFO - Setting next_dagrun for example_branch_datetime_operator_2 to 2025-08-11T00:00:00+00:00, run_after=2025-08-12T00:00:00+00:00
[2025-08-12T15:52:44.207+0000] {logging_mixin.py:150} INFO - [2025-08-12T15:52:44.207+0000] {dag.py:3504} INFO - Setting next_dagrun for example_branch_datetime_operator_3 to 2025-08-11T00:00:00+00:00, run_after=2025-08-12T00:00:00+00:00
[2025-08-12T15:52:44.220+0000] {processor.py:179} INFO - Processing /home/vscode/.local/lib/python3.10/site-packages/airflow/example_dags/example_branch_datetime_operator.py took 0.060 seconds
[2025-08-12T15:53:27.545+0000] {processor.py:157} INFO - Started process (PID=25016) to work on /home/vscode/.local/lib/python3.10/site-packages/airflow/example_dags/example_branch_datetime_operator.py
[2025-08-12T15:53:27.546+0000] {processor.py:826} INFO - Processing file /home/vscode/.local/lib/python3.10/site-packages/airflow/example_dags/example_branch_datetime_operator.py for tasks to queue
[2025-08-12T15:53:27.547+0000] {logging_mixin.py:150} INFO - [2025-08-12T15:53:27.546+0000] {dagbag.py:541} INFO - Filling up the DagBag from /home/vscode/.local/lib/python3.10/site-packages/airflow/example_dags/example_branch_datetime_operator.py
[2025-08-12T15:53:27.554+0000] {processor.py:836} INFO - DAG(s) dict_keys(['example_branch_datetime_operator', 'example_branch_datetime_operator_3', 'example_branch_datetime_operator_2']) retrieved from /home/vscode/.local/lib/python3.10/site-packages/airflow/example_dags/example_branch_datetime_operator.py
[2025-08-12T15:53:27.571+0000] {logging_mixin.py:150} INFO - [2025-08-12T15:53:27.570+0000] {dag.py:2742} INFO - Sync 3 DAGs
[2025-08-12T15:53:27.587+0000] {logging_mixin.py:150} INFO - [2025-08-12T15:53:27.587+0000] {dag.py:3504} INFO - Setting next_dagrun for example_branch_datetime_operator to 2025-08-11T00:00:00+00:00, run_after=2025-08-12T00:00:00+00:00
[2025-08-12T15:53:27.590+0000] {logging_mixin.py:150} INFO - [2025-08-12T15:53:27.590+0000] {dag.py:3504} INFO - Setting next_dagrun for example_branch_datetime_operator_2 to 2025-08-11T00:00:00+00:00, run_after=2025-08-12T00:00:00+00:00
[2025-08-12T15:53:27.592+0000] {logging_mixin.py:150} INFO - [2025-08-12T15:53:27.592+0000] {dag.py:3504} INFO - Setting next_dagrun for example_branch_datetime_operator_3 to 2025-08-11T00:00:00+00:00, run_after=2025-08-12T00:00:00+00:00
[2025-08-12T15:53:27.607+0000] {processor.py:179} INFO - Processing /home/vscode/.local/lib/python3.10/site-packages/airflow/example_dags/example_branch_datetime_operator.py took 0.064 seconds
[2025-08-12T15:54:24.137+0000] {processor.py:157} INFO - Started process (PID=25456) to work on /home/vscode/.local/lib/python3.10/site-packages/airflow/example_dags/example_branch_datetime_operator.py
[2025-08-12T15:54:24.137+0000] {processor.py:826} INFO - Processing file /home/vscode/.local/lib/python3.10/site-packages/airflow/example_dags/example_branch_datetime_operator.py for tasks to queue
[2025-08-12T15:54:24.138+0000] {logging_mixin.py:150} INFO - [2025-08-12T15:54:24.138+0000] {dagbag.py:541} INFO - Filling up the DagBag from /home/vscode/.local/lib/python3.10/site-packages/airflow/example_dags/example_branch_datetime_operator.py
[2025-08-12T15:54:24.149+0000] {processor.py:836} INFO - DAG(s) dict_keys(['example_branch_datetime_operator_2', 'example_branch_datetime_operator', 'example_branch_datetime_operator_3']) retrieved from /home/vscode/.local/lib/python3.10/site-packages/airflow/example_dags/example_branch_datetime_operator.py
[2025-08-12T15:54:24.173+0000] {logging_mixin.py:150} INFO - [2025-08-12T15:54:24.173+0000] {dag.py:2742} INFO - Sync 3 DAGs
[2025-08-12T15:54:24.195+0000] {logging_mixin.py:150} INFO - [2025-08-12T15:54:24.195+0000] {dag.py:3504} INFO - Setting next_dagrun for example_branch_datetime_operator to 2025-08-11T00:00:00+00:00, run_after=2025-08-12T00:00:00+00:00
[2025-08-12T15:54:24.198+0000] {logging_mixin.py:150} INFO - [2025-08-12T15:54:24.198+0000] {dag.py:3504} INFO - Setting next_dagrun for example_branch_datetime_operator_2 to 2025-08-11T00:00:00+00:00, run_after=2025-08-12T00:00:00+00:00
[2025-08-12T15:54:24.200+0000] {logging_mixin.py:150} INFO - [2025-08-12T15:54:24.200+0000] {dag.py:3504} INFO - Setting next_dagrun for example_branch_datetime_operator_3 to 2025-08-11T00:00:00+00:00, run_after=2025-08-12T00:00:00+00:00
[2025-08-12T15:54:24.214+0000] {processor.py:179} INFO - Processing /home/vscode/.local/lib/python3.10/site-packages/airflow/example_dags/example_branch_datetime_operator.py took 0.081 seconds
[2025-08-12T15:55:08.064+0000] {processor.py:157} INFO - Started process (PID=25790) to work on /home/vscode/.local/lib/python3.10/site-packages/airflow/example_dags/example_branch_datetime_operator.py
[2025-08-12T15:55:08.064+0000] {processor.py:826} INFO - Processing file /home/vscode/.local/lib/python3.10/site-packages/airflow/example_dags/example_branch_datetime_operator.py for tasks to queue
[2025-08-12T15:55:08.065+0000] {logging_mixin.py:150} INFO - [2025-08-12T15:55:08.065+0000] {dagbag.py:541} INFO - Filling up the DagBag from /home/vscode/.local/lib/python3.10/site-packages/airflow/example_dags/example_branch_datetime_operator.py
[2025-08-12T15:55:08.073+0000] {processor.py:836} INFO - DAG(s) dict_keys(['example_branch_datetime_operator', 'example_branch_datetime_operator_3', 'example_branch_datetime_operator_2']) retrieved from /home/vscode/.local/lib/python3.10/site-packages/airflow/example_dags/example_branch_datetime_operator.py
[2025-08-12T15:55:08.090+0000] {logging_mixin.py:150} INFO - [2025-08-12T15:55:08.090+0000] {dag.py:2742} INFO - Sync 3 DAGs
[2025-08-12T15:55:08.107+0000] {logging_mixin.py:150} INFO - [2025-08-12T15:55:08.106+0000] {dag.py:3504} INFO - Setting next_dagrun for example_branch_datetime_operator to 2025-08-11T00:00:00+00:00, run_after=2025-08-12T00:00:00+00:00
[2025-08-12T15:55:08.110+0000] {logging_mixin.py:150} INFO - [2025-08-12T15:55:08.110+0000] {dag.py:3504} INFO - Setting next_dagrun for example_branch_datetime_operator_2 to 2025-08-11T00:00:00+00:00, run_after=2025-08-12T00:00:00+00:00
[2025-08-12T15:55:08.112+0000] {logging_mixin.py:150} INFO - [2025-08-12T15:55:08.112+0000] {dag.py:3504} INFO - Setting next_dagrun for example_branch_datetime_operator_3 to 2025-08-11T00:00:00+00:00, run_after=2025-08-12T00:00:00+00:00
[2025-08-12T15:55:08.128+0000] {processor.py:179} INFO - Processing /home/vscode/.local/lib/python3.10/site-packages/airflow/example_dags/example_branch_datetime_operator.py took 0.066 seconds
[2025-08-12T15:56:06.872+0000] {processor.py:157} INFO - Started process (PID=26245) to work on /home/vscode/.local/lib/python3.10/site-packages/airflow/example_dags/example_branch_datetime_operator.py
[2025-08-12T15:56:06.873+0000] {processor.py:826} INFO - Processing file /home/vscode/.local/lib/python3.10/site-packages/airflow/example_dags/example_branch_datetime_operator.py for tasks to queue
[2025-08-12T15:56:06.873+0000] {logging_mixin.py:150} INFO - [2025-08-12T15:56:06.873+0000] {dagbag.py:541} INFO - Filling up the DagBag from /home/vscode/.local/lib/python3.10/site-packages/airflow/example_dags/example_branch_datetime_operator.py
[2025-08-12T15:56:06.883+0000] {processor.py:836} INFO - DAG(s) dict_keys(['example_branch_datetime_operator_3', 'example_branch_datetime_operator', 'example_branch_datetime_operator_2']) retrieved from /home/vscode/.local/lib/python3.10/site-packages/airflow/example_dags/example_branch_datetime_operator.py
[2025-08-12T15:56:06.908+0000] {logging_mixin.py:150} INFO - [2025-08-12T15:56:06.908+0000] {dag.py:2742} INFO - Sync 3 DAGs
[2025-08-12T15:56:06.931+0000] {logging_mixin.py:150} INFO - [2025-08-12T15:56:06.931+0000] {dag.py:3504} INFO - Setting next_dagrun for example_branch_datetime_operator to 2025-08-11T00:00:00+00:00, run_after=2025-08-12T00:00:00+00:00
[2025-08-12T15:56:06.936+0000] {logging_mixin.py:150} INFO - [2025-08-12T15:56:06.936+0000] {dag.py:3504} INFO - Setting next_dagrun for example_branch_datetime_operator_2 to 2025-08-11T00:00:00+00:00, run_after=2025-08-12T00:00:00+00:00
[2025-08-12T15:56:06.938+0000] {logging_mixin.py:150} INFO - [2025-08-12T15:56:06.938+0000] {dag.py:3504} INFO - Setting next_dagrun for example_branch_datetime_operator_3 to 2025-08-11T00:00:00+00:00, run_after=2025-08-12T00:00:00+00:00
[2025-08-12T15:56:06.953+0000] {processor.py:179} INFO - Processing /home/vscode/.local/lib/python3.10/site-packages/airflow/example_dags/example_branch_datetime_operator.py took 0.083 seconds
[2025-08-12T15:56:49.666+0000] {processor.py:157} INFO - Started process (PID=26566) to work on /home/vscode/.local/lib/python3.10/site-packages/airflow/example_dags/example_branch_datetime_operator.py
[2025-08-12T15:56:49.667+0000] {processor.py:826} INFO - Processing file /home/vscode/.local/lib/python3.10/site-packages/airflow/example_dags/example_branch_datetime_operator.py for tasks to queue
[2025-08-12T15:56:49.667+0000] {logging_mixin.py:150} INFO - [2025-08-12T15:56:49.667+0000] {dagbag.py:541} INFO - Filling up the DagBag from /home/vscode/.local/lib/python3.10/site-packages/airflow/example_dags/example_branch_datetime_operator.py
[2025-08-12T15:56:49.674+0000] {processor.py:836} INFO - DAG(s) dict_keys(['example_branch_datetime_operator', 'example_branch_datetime_operator_2', 'example_branch_datetime_operator_3']) retrieved from /home/vscode/.local/lib/python3.10/site-packages/airflow/example_dags/example_branch_datetime_operator.py
[2025-08-12T15:56:49.691+0000] {logging_mixin.py:150} INFO - [2025-08-12T15:56:49.691+0000] {dag.py:2742} INFO - Sync 3 DAGs
[2025-08-12T15:56:49.707+0000] {logging_mixin.py:150} INFO - [2025-08-12T15:56:49.706+0000] {dag.py:3504} INFO - Setting next_dagrun for example_branch_datetime_operator to 2025-08-11T00:00:00+00:00, run_after=2025-08-12T00:00:00+00:00
[2025-08-12T15:56:49.710+0000] {logging_mixin.py:150} INFO - [2025-08-12T15:56:49.710+0000] {dag.py:3504} INFO - Setting next_dagrun for example_branch_datetime_operator_2 to 2025-08-11T00:00:00+00:00, run_after=2025-08-12T00:00:00+00:00
[2025-08-12T15:56:49.711+0000] {logging_mixin.py:150} INFO - [2025-08-12T15:56:49.711+0000] {dag.py:3504} INFO - Setting next_dagrun for example_branch_datetime_operator_3 to 2025-08-11T00:00:00+00:00, run_after=2025-08-12T00:00:00+00:00
[2025-08-12T15:56:49.726+0000] {processor.py:179} INFO - Processing /home/vscode/.local/lib/python3.10/site-packages/airflow/example_dags/example_branch_datetime_operator.py took 0.063 seconds
[2025-08-12T15:57:44.884+0000] {processor.py:157} INFO - Started process (PID=26996) to work on /home/vscode/.local/lib/python3.10/site-packages/airflow/example_dags/example_branch_datetime_operator.py
[2025-08-12T15:57:44.885+0000] {processor.py:826} INFO - Processing file /home/vscode/.local/lib/python3.10/site-packages/airflow/example_dags/example_branch_datetime_operator.py for tasks to queue
[2025-08-12T15:57:44.885+0000] {logging_mixin.py:150} INFO - [2025-08-12T15:57:44.885+0000] {dagbag.py:541} INFO - Filling up the DagBag from /home/vscode/.local/lib/python3.10/site-packages/airflow/example_dags/example_branch_datetime_operator.py
[2025-08-12T15:57:44.892+0000] {processor.py:836} INFO - DAG(s) dict_keys(['example_branch_datetime_operator', 'example_branch_datetime_operator_3', 'example_branch_datetime_operator_2']) retrieved from /home/vscode/.local/lib/python3.10/site-packages/airflow/example_dags/example_branch_datetime_operator.py
[2025-08-12T15:57:44.908+0000] {logging_mixin.py:150} INFO - [2025-08-12T15:57:44.908+0000] {dag.py:2742} INFO - Sync 3 DAGs
[2025-08-12T15:57:44.924+0000] {logging_mixin.py:150} INFO - [2025-08-12T15:57:44.924+0000] {dag.py:3504} INFO - Setting next_dagrun for example_branch_datetime_operator to 2025-08-11T00:00:00+00:00, run_after=2025-08-12T00:00:00+00:00
[2025-08-12T15:57:44.928+0000] {logging_mixin.py:150} INFO - [2025-08-12T15:57:44.927+0000] {dag.py:3504} INFO - Setting next_dagrun for example_branch_datetime_operator_2 to 2025-08-11T00:00:00+00:00, run_after=2025-08-12T00:00:00+00:00
[2025-08-12T15:57:44.929+0000] {logging_mixin.py:150} INFO - [2025-08-12T15:57:44.929+0000] {dag.py:3504} INFO - Setting next_dagrun for example_branch_datetime_operator_3 to 2025-08-11T00:00:00+00:00, run_after=2025-08-12T00:00:00+00:00
[2025-08-12T15:57:44.945+0000] {processor.py:179} INFO - Processing /home/vscode/.local/lib/python3.10/site-packages/airflow/example_dags/example_branch_datetime_operator.py took 0.063 seconds
[2025-08-12T15:58:32.057+0000] {processor.py:157} INFO - Started process (PID=27305) to work on /home/vscode/.local/lib/python3.10/site-packages/airflow/example_dags/example_branch_datetime_operator.py
[2025-08-12T15:58:32.057+0000] {processor.py:826} INFO - Processing file /home/vscode/.local/lib/python3.10/site-packages/airflow/example_dags/example_branch_datetime_operator.py for tasks to queue
[2025-08-12T15:58:32.058+0000] {logging_mixin.py:150} INFO - [2025-08-12T15:58:32.058+0000] {dagbag.py:541} INFO - Filling up the DagBag from /home/vscode/.local/lib/python3.10/site-packages/airflow/example_dags/example_branch_datetime_operator.py
[2025-08-12T15:58:32.065+0000] {processor.py:836} INFO - DAG(s) dict_keys(['example_branch_datetime_operator_3', 'example_branch_datetime_operator', 'example_branch_datetime_operator_2']) retrieved from /home/vscode/.local/lib/python3.10/site-packages/airflow/example_dags/example_branch_datetime_operator.py
[2025-08-12T15:58:32.082+0000] {logging_mixin.py:150} INFO - [2025-08-12T15:58:32.082+0000] {dag.py:2742} INFO - Sync 3 DAGs
[2025-08-12T15:58:32.100+0000] {logging_mixin.py:150} INFO - [2025-08-12T15:58:32.099+0000] {dag.py:3504} INFO - Setting next_dagrun for example_branch_datetime_operator to 2025-08-11T00:00:00+00:00, run_after=2025-08-12T00:00:00+00:00
[2025-08-12T15:58:32.103+0000] {logging_mixin.py:150} INFO - [2025-08-12T15:58:32.103+0000] {dag.py:3504} INFO - Setting next_dagrun for example_branch_datetime_operator_2 to 2025-08-11T00:00:00+00:00, run_after=2025-08-12T00:00:00+00:00
[2025-08-12T15:58:32.104+0000] {logging_mixin.py:150} INFO - [2025-08-12T15:58:32.104+0000] {dag.py:3504} INFO - Setting next_dagrun for example_branch_datetime_operator_3 to 2025-08-11T00:00:00+00:00, run_after=2025-08-12T00:00:00+00:00
[2025-08-12T15:58:32.118+0000] {processor.py:179} INFO - Processing /home/vscode/.local/lib/python3.10/site-packages/airflow/example_dags/example_branch_datetime_operator.py took 0.064 seconds
[2025-08-12T15:59:13.776+0000] {processor.py:157} INFO - Started process (PID=27586) to work on /home/vscode/.local/lib/python3.10/site-packages/airflow/example_dags/example_branch_datetime_operator.py
[2025-08-12T15:59:13.777+0000] {processor.py:826} INFO - Processing file /home/vscode/.local/lib/python3.10/site-packages/airflow/example_dags/example_branch_datetime_operator.py for tasks to queue
[2025-08-12T15:59:13.778+0000] {logging_mixin.py:150} INFO - [2025-08-12T15:59:13.777+0000] {dagbag.py:541} INFO - Filling up the DagBag from /home/vscode/.local/lib/python3.10/site-packages/airflow/example_dags/example_branch_datetime_operator.py
[2025-08-12T15:59:13.785+0000] {processor.py:836} INFO - DAG(s) dict_keys(['example_branch_datetime_operator_3', 'example_branch_datetime_operator', 'example_branch_datetime_operator_2']) retrieved from /home/vscode/.local/lib/python3.10/site-packages/airflow/example_dags/example_branch_datetime_operator.py
[2025-08-12T15:59:13.802+0000] {logging_mixin.py:150} INFO - [2025-08-12T15:59:13.802+0000] {dag.py:2742} INFO - Sync 3 DAGs
[2025-08-12T15:59:13.817+0000] {logging_mixin.py:150} INFO - [2025-08-12T15:59:13.816+0000] {dag.py:3504} INFO - Setting next_dagrun for example_branch_datetime_operator to 2025-08-11T00:00:00+00:00, run_after=2025-08-12T00:00:00+00:00
[2025-08-12T15:59:13.820+0000] {logging_mixin.py:150} INFO - [2025-08-12T15:59:13.820+0000] {dag.py:3504} INFO - Setting next_dagrun for example_branch_datetime_operator_2 to 2025-08-11T00:00:00+00:00, run_after=2025-08-12T00:00:00+00:00
[2025-08-12T15:59:13.821+0000] {logging_mixin.py:150} INFO - [2025-08-12T15:59:13.821+0000] {dag.py:3504} INFO - Setting next_dagrun for example_branch_datetime_operator_3 to 2025-08-11T00:00:00+00:00, run_after=2025-08-12T00:00:00+00:00
[2025-08-12T15:59:13.835+0000] {processor.py:179} INFO - Processing /home/vscode/.local/lib/python3.10/site-packages/airflow/example_dags/example_branch_datetime_operator.py took 0.061 seconds
[2025-08-12T16:00:07.422+0000] {processor.py:157} INFO - Started process (PID=27941) to work on /home/vscode/.local/lib/python3.10/site-packages/airflow/example_dags/example_branch_datetime_operator.py
[2025-08-12T16:00:07.423+0000] {processor.py:826} INFO - Processing file /home/vscode/.local/lib/python3.10/site-packages/airflow/example_dags/example_branch_datetime_operator.py for tasks to queue
[2025-08-12T16:00:07.424+0000] {logging_mixin.py:150} INFO - [2025-08-12T16:00:07.424+0000] {dagbag.py:541} INFO - Filling up the DagBag from /home/vscode/.local/lib/python3.10/site-packages/airflow/example_dags/example_branch_datetime_operator.py
[2025-08-12T16:00:07.431+0000] {processor.py:836} INFO - DAG(s) dict_keys(['example_branch_datetime_operator_2', 'example_branch_datetime_operator', 'example_branch_datetime_operator_3']) retrieved from /home/vscode/.local/lib/python3.10/site-packages/airflow/example_dags/example_branch_datetime_operator.py
[2025-08-12T16:00:07.448+0000] {logging_mixin.py:150} INFO - [2025-08-12T16:00:07.448+0000] {dag.py:2742} INFO - Sync 3 DAGs
[2025-08-12T16:00:07.464+0000] {logging_mixin.py:150} INFO - [2025-08-12T16:00:07.464+0000] {dag.py:3504} INFO - Setting next_dagrun for example_branch_datetime_operator to 2025-08-11T00:00:00+00:00, run_after=2025-08-12T00:00:00+00:00
[2025-08-12T16:00:07.467+0000] {logging_mixin.py:150} INFO - [2025-08-12T16:00:07.467+0000] {dag.py:3504} INFO - Setting next_dagrun for example_branch_datetime_operator_2 to 2025-08-11T00:00:00+00:00, run_after=2025-08-12T00:00:00+00:00
[2025-08-12T16:00:07.469+0000] {logging_mixin.py:150} INFO - [2025-08-12T16:00:07.468+0000] {dag.py:3504} INFO - Setting next_dagrun for example_branch_datetime_operator_3 to 2025-08-11T00:00:00+00:00, run_after=2025-08-12T00:00:00+00:00
[2025-08-12T16:00:07.483+0000] {processor.py:179} INFO - Processing /home/vscode/.local/lib/python3.10/site-packages/airflow/example_dags/example_branch_datetime_operator.py took 0.063 seconds
[2025-08-12T16:00:51.389+0000] {processor.py:157} INFO - Started process (PID=28348) to work on /home/vscode/.local/lib/python3.10/site-packages/airflow/example_dags/example_branch_datetime_operator.py
[2025-08-12T16:00:51.389+0000] {processor.py:826} INFO - Processing file /home/vscode/.local/lib/python3.10/site-packages/airflow/example_dags/example_branch_datetime_operator.py for tasks to queue
[2025-08-12T16:00:51.390+0000] {logging_mixin.py:150} INFO - [2025-08-12T16:00:51.389+0000] {dagbag.py:541} INFO - Filling up the DagBag from /home/vscode/.local/lib/python3.10/site-packages/airflow/example_dags/example_branch_datetime_operator.py
[2025-08-12T16:00:51.397+0000] {processor.py:836} INFO - DAG(s) dict_keys(['example_branch_datetime_operator_3', 'example_branch_datetime_operator', 'example_branch_datetime_operator_2']) retrieved from /home/vscode/.local/lib/python3.10/site-packages/airflow/example_dags/example_branch_datetime_operator.py
[2025-08-12T16:00:51.414+0000] {logging_mixin.py:150} INFO - [2025-08-12T16:00:51.414+0000] {dag.py:2742} INFO - Sync 3 DAGs
[2025-08-12T16:00:51.431+0000] {logging_mixin.py:150} INFO - [2025-08-12T16:00:51.430+0000] {dag.py:3504} INFO - Setting next_dagrun for example_branch_datetime_operator to 2025-08-11T00:00:00+00:00, run_after=2025-08-12T00:00:00+00:00
[2025-08-12T16:00:51.434+0000] {logging_mixin.py:150} INFO - [2025-08-12T16:00:51.434+0000] {dag.py:3504} INFO - Setting next_dagrun for example_branch_datetime_operator_2 to 2025-08-11T00:00:00+00:00, run_after=2025-08-12T00:00:00+00:00
[2025-08-12T16:00:51.436+0000] {logging_mixin.py:150} INFO - [2025-08-12T16:00:51.435+0000] {dag.py:3504} INFO - Setting next_dagrun for example_branch_datetime_operator_3 to 2025-08-11T00:00:00+00:00, run_after=2025-08-12T00:00:00+00:00
[2025-08-12T16:00:51.451+0000] {processor.py:179} INFO - Processing /home/vscode/.local/lib/python3.10/site-packages/airflow/example_dags/example_branch_datetime_operator.py took 0.065 seconds
[2025-08-12T16:01:37.084+0000] {processor.py:157} INFO - Started process (PID=28694) to work on /home/vscode/.local/lib/python3.10/site-packages/airflow/example_dags/example_branch_datetime_operator.py
[2025-08-12T16:01:37.085+0000] {processor.py:826} INFO - Processing file /home/vscode/.local/lib/python3.10/site-packages/airflow/example_dags/example_branch_datetime_operator.py for tasks to queue
[2025-08-12T16:01:37.085+0000] {logging_mixin.py:150} INFO - [2025-08-12T16:01:37.085+0000] {dagbag.py:541} INFO - Filling up the DagBag from /home/vscode/.local/lib/python3.10/site-packages/airflow/example_dags/example_branch_datetime_operator.py
[2025-08-12T16:01:37.092+0000] {processor.py:836} INFO - DAG(s) dict_keys(['example_branch_datetime_operator_3', 'example_branch_datetime_operator_2', 'example_branch_datetime_operator']) retrieved from /home/vscode/.local/lib/python3.10/site-packages/airflow/example_dags/example_branch_datetime_operator.py
[2025-08-12T16:01:37.108+0000] {logging_mixin.py:150} INFO - [2025-08-12T16:01:37.108+0000] {dag.py:2742} INFO - Sync 3 DAGs
[2025-08-12T16:01:37.124+0000] {logging_mixin.py:150} INFO - [2025-08-12T16:01:37.124+0000] {dag.py:3504} INFO - Setting next_dagrun for example_branch_datetime_operator to 2025-08-11T00:00:00+00:00, run_after=2025-08-12T00:00:00+00:00
[2025-08-12T16:01:37.127+0000] {logging_mixin.py:150} INFO - [2025-08-12T16:01:37.127+0000] {dag.py:3504} INFO - Setting next_dagrun for example_branch_datetime_operator_2 to 2025-08-11T00:00:00+00:00, run_after=2025-08-12T00:00:00+00:00
[2025-08-12T16:01:37.129+0000] {logging_mixin.py:150} INFO - [2025-08-12T16:01:37.129+0000] {dag.py:3504} INFO - Setting next_dagrun for example_branch_datetime_operator_3 to 2025-08-11T00:00:00+00:00, run_after=2025-08-12T00:00:00+00:00
[2025-08-12T16:01:37.143+0000] {processor.py:179} INFO - Processing /home/vscode/.local/lib/python3.10/site-packages/airflow/example_dags/example_branch_datetime_operator.py took 0.061 seconds
[2025-08-12T16:02:23.424+0000] {processor.py:157} INFO - Started process (PID=29020) to work on /home/vscode/.local/lib/python3.10/site-packages/airflow/example_dags/example_branch_datetime_operator.py
[2025-08-12T16:02:23.425+0000] {processor.py:826} INFO - Processing file /home/vscode/.local/lib/python3.10/site-packages/airflow/example_dags/example_branch_datetime_operator.py for tasks to queue
[2025-08-12T16:02:23.425+0000] {logging_mixin.py:150} INFO - [2025-08-12T16:02:23.425+0000] {dagbag.py:541} INFO - Filling up the DagBag from /home/vscode/.local/lib/python3.10/site-packages/airflow/example_dags/example_branch_datetime_operator.py
[2025-08-12T16:02:23.433+0000] {processor.py:836} INFO - DAG(s) dict_keys(['example_branch_datetime_operator', 'example_branch_datetime_operator_3', 'example_branch_datetime_operator_2']) retrieved from /home/vscode/.local/lib/python3.10/site-packages/airflow/example_dags/example_branch_datetime_operator.py
[2025-08-12T16:02:23.449+0000] {logging_mixin.py:150} INFO - [2025-08-12T16:02:23.449+0000] {dag.py:2742} INFO - Sync 3 DAGs
[2025-08-12T16:02:23.464+0000] {logging_mixin.py:150} INFO - [2025-08-12T16:02:23.464+0000] {dag.py:3504} INFO - Setting next_dagrun for example_branch_datetime_operator to 2025-08-11T00:00:00+00:00, run_after=2025-08-12T00:00:00+00:00
[2025-08-12T16:02:23.467+0000] {logging_mixin.py:150} INFO - [2025-08-12T16:02:23.467+0000] {dag.py:3504} INFO - Setting next_dagrun for example_branch_datetime_operator_2 to 2025-08-11T00:00:00+00:00, run_after=2025-08-12T00:00:00+00:00
[2025-08-12T16:02:23.469+0000] {logging_mixin.py:150} INFO - [2025-08-12T16:02:23.468+0000] {dag.py:3504} INFO - Setting next_dagrun for example_branch_datetime_operator_3 to 2025-08-11T00:00:00+00:00, run_after=2025-08-12T00:00:00+00:00
[2025-08-12T16:02:23.482+0000] {processor.py:179} INFO - Processing /home/vscode/.local/lib/python3.10/site-packages/airflow/example_dags/example_branch_datetime_operator.py took 0.061 seconds
[2025-08-12T16:03:15.147+0000] {processor.py:157} INFO - Started process (PID=29359) to work on /home/vscode/.local/lib/python3.10/site-packages/airflow/example_dags/example_branch_datetime_operator.py
[2025-08-12T16:03:15.147+0000] {processor.py:826} INFO - Processing file /home/vscode/.local/lib/python3.10/site-packages/airflow/example_dags/example_branch_datetime_operator.py for tasks to queue
[2025-08-12T16:03:15.148+0000] {logging_mixin.py:150} INFO - [2025-08-12T16:03:15.148+0000] {dagbag.py:541} INFO - Filling up the DagBag from /home/vscode/.local/lib/python3.10/site-packages/airflow/example_dags/example_branch_datetime_operator.py
[2025-08-12T16:03:15.155+0000] {processor.py:836} INFO - DAG(s) dict_keys(['example_branch_datetime_operator', 'example_branch_datetime_operator_2', 'example_branch_datetime_operator_3']) retrieved from /home/vscode/.local/lib/python3.10/site-packages/airflow/example_dags/example_branch_datetime_operator.py
[2025-08-12T16:03:15.172+0000] {logging_mixin.py:150} INFO - [2025-08-12T16:03:15.172+0000] {dag.py:2742} INFO - Sync 3 DAGs
[2025-08-12T16:03:15.195+0000] {logging_mixin.py:150} INFO - [2025-08-12T16:03:15.195+0000] {dag.py:3504} INFO - Setting next_dagrun for example_branch_datetime_operator to 2025-08-11T00:00:00+00:00, run_after=2025-08-12T00:00:00+00:00
[2025-08-12T16:03:15.200+0000] {logging_mixin.py:150} INFO - [2025-08-12T16:03:15.200+0000] {dag.py:3504} INFO - Setting next_dagrun for example_branch_datetime_operator_2 to 2025-08-11T00:00:00+00:00, run_after=2025-08-12T00:00:00+00:00
[2025-08-12T16:03:15.203+0000] {logging_mixin.py:150} INFO - [2025-08-12T16:03:15.203+0000] {dag.py:3504} INFO - Setting next_dagrun for example_branch_datetime_operator_3 to 2025-08-11T00:00:00+00:00, run_after=2025-08-12T00:00:00+00:00
[2025-08-12T16:03:15.222+0000] {processor.py:179} INFO - Processing /home/vscode/.local/lib/python3.10/site-packages/airflow/example_dags/example_branch_datetime_operator.py took 0.078 seconds
[2025-08-12T16:04:00.816+0000] {processor.py:157} INFO - Started process (PID=29660) to work on /home/vscode/.local/lib/python3.10/site-packages/airflow/example_dags/example_branch_datetime_operator.py
[2025-08-12T16:04:00.817+0000] {processor.py:826} INFO - Processing file /home/vscode/.local/lib/python3.10/site-packages/airflow/example_dags/example_branch_datetime_operator.py for tasks to queue
[2025-08-12T16:04:00.818+0000] {logging_mixin.py:150} INFO - [2025-08-12T16:04:00.818+0000] {dagbag.py:541} INFO - Filling up the DagBag from /home/vscode/.local/lib/python3.10/site-packages/airflow/example_dags/example_branch_datetime_operator.py
[2025-08-12T16:04:00.830+0000] {processor.py:836} INFO - DAG(s) dict_keys(['example_branch_datetime_operator_3', 'example_branch_datetime_operator_2', 'example_branch_datetime_operator']) retrieved from /home/vscode/.local/lib/python3.10/site-packages/airflow/example_dags/example_branch_datetime_operator.py
[2025-08-12T16:04:00.855+0000] {logging_mixin.py:150} INFO - [2025-08-12T16:04:00.855+0000] {dag.py:2742} INFO - Sync 3 DAGs
[2025-08-12T16:04:00.875+0000] {logging_mixin.py:150} INFO - [2025-08-12T16:04:00.875+0000] {dag.py:3504} INFO - Setting next_dagrun for example_branch_datetime_operator to 2025-08-11T00:00:00+00:00, run_after=2025-08-12T00:00:00+00:00
[2025-08-12T16:04:00.878+0000] {logging_mixin.py:150} INFO - [2025-08-12T16:04:00.878+0000] {dag.py:3504} INFO - Setting next_dagrun for example_branch_datetime_operator_2 to 2025-08-11T00:00:00+00:00, run_after=2025-08-12T00:00:00+00:00
[2025-08-12T16:04:00.880+0000] {logging_mixin.py:150} INFO - [2025-08-12T16:04:00.880+0000] {dag.py:3504} INFO - Setting next_dagrun for example_branch_datetime_operator_3 to 2025-08-11T00:00:00+00:00, run_after=2025-08-12T00:00:00+00:00
[2025-08-12T16:04:00.895+0000] {processor.py:179} INFO - Processing /home/vscode/.local/lib/python3.10/site-packages/airflow/example_dags/example_branch_datetime_operator.py took 0.082 seconds
[2025-08-12T16:04:49.146+0000] {processor.py:157} INFO - Started process (PID=29987) to work on /home/vscode/.local/lib/python3.10/site-packages/airflow/example_dags/example_branch_datetime_operator.py
[2025-08-12T16:04:49.147+0000] {processor.py:826} INFO - Processing file /home/vscode/.local/lib/python3.10/site-packages/airflow/example_dags/example_branch_datetime_operator.py for tasks to queue
[2025-08-12T16:04:49.148+0000] {logging_mixin.py:150} INFO - [2025-08-12T16:04:49.147+0000] {dagbag.py:541} INFO - Filling up the DagBag from /home/vscode/.local/lib/python3.10/site-packages/airflow/example_dags/example_branch_datetime_operator.py
[2025-08-12T16:04:49.155+0000] {processor.py:836} INFO - DAG(s) dict_keys(['example_branch_datetime_operator_3', 'example_branch_datetime_operator', 'example_branch_datetime_operator_2']) retrieved from /home/vscode/.local/lib/python3.10/site-packages/airflow/example_dags/example_branch_datetime_operator.py
[2025-08-12T16:04:49.171+0000] {logging_mixin.py:150} INFO - [2025-08-12T16:04:49.171+0000] {dag.py:2742} INFO - Sync 3 DAGs
[2025-08-12T16:04:49.186+0000] {logging_mixin.py:150} INFO - [2025-08-12T16:04:49.186+0000] {dag.py:3504} INFO - Setting next_dagrun for example_branch_datetime_operator to 2025-08-11T00:00:00+00:00, run_after=2025-08-12T00:00:00+00:00
[2025-08-12T16:04:49.189+0000] {logging_mixin.py:150} INFO - [2025-08-12T16:04:49.189+0000] {dag.py:3504} INFO - Setting next_dagrun for example_branch_datetime_operator_2 to 2025-08-11T00:00:00+00:00, run_after=2025-08-12T00:00:00+00:00
[2025-08-12T16:04:49.191+0000] {logging_mixin.py:150} INFO - [2025-08-12T16:04:49.191+0000] {dag.py:3504} INFO - Setting next_dagrun for example_branch_datetime_operator_3 to 2025-08-11T00:00:00+00:00, run_after=2025-08-12T00:00:00+00:00
[2025-08-12T16:04:49.205+0000] {processor.py:179} INFO - Processing /home/vscode/.local/lib/python3.10/site-packages/airflow/example_dags/example_branch_datetime_operator.py took 0.060 seconds
[2025-08-12T16:05:46.521+0000] {processor.py:157} INFO - Started process (PID=30369) to work on /home/vscode/.local/lib/python3.10/site-packages/airflow/example_dags/example_branch_datetime_operator.py
[2025-08-12T16:05:46.522+0000] {processor.py:826} INFO - Processing file /home/vscode/.local/lib/python3.10/site-packages/airflow/example_dags/example_branch_datetime_operator.py for tasks to queue
[2025-08-12T16:05:46.522+0000] {logging_mixin.py:150} INFO - [2025-08-12T16:05:46.522+0000] {dagbag.py:541} INFO - Filling up the DagBag from /home/vscode/.local/lib/python3.10/site-packages/airflow/example_dags/example_branch_datetime_operator.py
[2025-08-12T16:05:46.529+0000] {processor.py:836} INFO - DAG(s) dict_keys(['example_branch_datetime_operator', 'example_branch_datetime_operator_3', 'example_branch_datetime_operator_2']) retrieved from /home/vscode/.local/lib/python3.10/site-packages/airflow/example_dags/example_branch_datetime_operator.py
[2025-08-12T16:05:46.546+0000] {logging_mixin.py:150} INFO - [2025-08-12T16:05:46.546+0000] {dag.py:2742} INFO - Sync 3 DAGs
[2025-08-12T16:05:46.561+0000] {logging_mixin.py:150} INFO - [2025-08-12T16:05:46.561+0000] {dag.py:3504} INFO - Setting next_dagrun for example_branch_datetime_operator to 2025-08-11T00:00:00+00:00, run_after=2025-08-12T00:00:00+00:00
[2025-08-12T16:05:46.564+0000] {logging_mixin.py:150} INFO - [2025-08-12T16:05:46.564+0000] {dag.py:3504} INFO - Setting next_dagrun for example_branch_datetime_operator_2 to 2025-08-11T00:00:00+00:00, run_after=2025-08-12T00:00:00+00:00
[2025-08-12T16:05:46.566+0000] {logging_mixin.py:150} INFO - [2025-08-12T16:05:46.566+0000] {dag.py:3504} INFO - Setting next_dagrun for example_branch_datetime_operator_3 to 2025-08-11T00:00:00+00:00, run_after=2025-08-12T00:00:00+00:00
[2025-08-12T16:05:46.579+0000] {processor.py:179} INFO - Processing /home/vscode/.local/lib/python3.10/site-packages/airflow/example_dags/example_branch_datetime_operator.py took 0.060 seconds
[2025-08-12T16:06:34.985+0000] {processor.py:157} INFO - Started process (PID=30692) to work on /home/vscode/.local/lib/python3.10/site-packages/airflow/example_dags/example_branch_datetime_operator.py
[2025-08-12T16:06:34.986+0000] {processor.py:826} INFO - Processing file /home/vscode/.local/lib/python3.10/site-packages/airflow/example_dags/example_branch_datetime_operator.py for tasks to queue
[2025-08-12T16:06:34.986+0000] {logging_mixin.py:150} INFO - [2025-08-12T16:06:34.986+0000] {dagbag.py:541} INFO - Filling up the DagBag from /home/vscode/.local/lib/python3.10/site-packages/airflow/example_dags/example_branch_datetime_operator.py
[2025-08-12T16:06:34.994+0000] {processor.py:836} INFO - DAG(s) dict_keys(['example_branch_datetime_operator_2', 'example_branch_datetime_operator', 'example_branch_datetime_operator_3']) retrieved from /home/vscode/.local/lib/python3.10/site-packages/airflow/example_dags/example_branch_datetime_operator.py
[2025-08-12T16:06:35.011+0000] {logging_mixin.py:150} INFO - [2025-08-12T16:06:35.011+0000] {dag.py:2742} INFO - Sync 3 DAGs
[2025-08-12T16:06:35.027+0000] {logging_mixin.py:150} INFO - [2025-08-12T16:06:35.027+0000] {dag.py:3504} INFO - Setting next_dagrun for example_branch_datetime_operator to 2025-08-11T00:00:00+00:00, run_after=2025-08-12T00:00:00+00:00
[2025-08-12T16:06:35.030+0000] {logging_mixin.py:150} INFO - [2025-08-12T16:06:35.030+0000] {dag.py:3504} INFO - Setting next_dagrun for example_branch_datetime_operator_2 to 2025-08-11T00:00:00+00:00, run_after=2025-08-12T00:00:00+00:00
[2025-08-12T16:06:35.032+0000] {logging_mixin.py:150} INFO - [2025-08-12T16:06:35.031+0000] {dag.py:3504} INFO - Setting next_dagrun for example_branch_datetime_operator_3 to 2025-08-11T00:00:00+00:00, run_after=2025-08-12T00:00:00+00:00
[2025-08-12T16:06:35.047+0000] {processor.py:179} INFO - Processing /home/vscode/.local/lib/python3.10/site-packages/airflow/example_dags/example_branch_datetime_operator.py took 0.064 seconds
[2025-08-12T16:07:30.110+0000] {processor.py:157} INFO - Started process (PID=31052) to work on /home/vscode/.local/lib/python3.10/site-packages/airflow/example_dags/example_branch_datetime_operator.py
[2025-08-12T16:07:30.110+0000] {processor.py:826} INFO - Processing file /home/vscode/.local/lib/python3.10/site-packages/airflow/example_dags/example_branch_datetime_operator.py for tasks to queue
[2025-08-12T16:07:30.111+0000] {logging_mixin.py:150} INFO - [2025-08-12T16:07:30.110+0000] {dagbag.py:541} INFO - Filling up the DagBag from /home/vscode/.local/lib/python3.10/site-packages/airflow/example_dags/example_branch_datetime_operator.py
[2025-08-12T16:07:30.118+0000] {processor.py:836} INFO - DAG(s) dict_keys(['example_branch_datetime_operator_3', 'example_branch_datetime_operator_2', 'example_branch_datetime_operator']) retrieved from /home/vscode/.local/lib/python3.10/site-packages/airflow/example_dags/example_branch_datetime_operator.py
[2025-08-12T16:07:30.134+0000] {logging_mixin.py:150} INFO - [2025-08-12T16:07:30.134+0000] {dag.py:2742} INFO - Sync 3 DAGs
[2025-08-12T16:07:30.151+0000] {logging_mixin.py:150} INFO - [2025-08-12T16:07:30.150+0000] {dag.py:3504} INFO - Setting next_dagrun for example_branch_datetime_operator to 2025-08-11T00:00:00+00:00, run_after=2025-08-12T00:00:00+00:00
[2025-08-12T16:07:30.154+0000] {logging_mixin.py:150} INFO - [2025-08-12T16:07:30.154+0000] {dag.py:3504} INFO - Setting next_dagrun for example_branch_datetime_operator_2 to 2025-08-11T00:00:00+00:00, run_after=2025-08-12T00:00:00+00:00
[2025-08-12T16:07:30.156+0000] {logging_mixin.py:150} INFO - [2025-08-12T16:07:30.156+0000] {dag.py:3504} INFO - Setting next_dagrun for example_branch_datetime_operator_3 to 2025-08-11T00:00:00+00:00, run_after=2025-08-12T00:00:00+00:00
[2025-08-12T16:07:30.172+0000] {processor.py:179} INFO - Processing /home/vscode/.local/lib/python3.10/site-packages/airflow/example_dags/example_branch_datetime_operator.py took 0.065 seconds
[2025-08-12T16:08:12.936+0000] {processor.py:157} INFO - Started process (PID=31338) to work on /home/vscode/.local/lib/python3.10/site-packages/airflow/example_dags/example_branch_datetime_operator.py
[2025-08-12T16:08:12.937+0000] {processor.py:826} INFO - Processing file /home/vscode/.local/lib/python3.10/site-packages/airflow/example_dags/example_branch_datetime_operator.py for tasks to queue
[2025-08-12T16:08:12.937+0000] {logging_mixin.py:150} INFO - [2025-08-12T16:08:12.937+0000] {dagbag.py:541} INFO - Filling up the DagBag from /home/vscode/.local/lib/python3.10/site-packages/airflow/example_dags/example_branch_datetime_operator.py
[2025-08-12T16:08:12.944+0000] {processor.py:836} INFO - DAG(s) dict_keys(['example_branch_datetime_operator', 'example_branch_datetime_operator_3', 'example_branch_datetime_operator_2']) retrieved from /home/vscode/.local/lib/python3.10/site-packages/airflow/example_dags/example_branch_datetime_operator.py
[2025-08-12T16:08:12.960+0000] {logging_mixin.py:150} INFO - [2025-08-12T16:08:12.960+0000] {dag.py:2742} INFO - Sync 3 DAGs
[2025-08-12T16:08:12.976+0000] {logging_mixin.py:150} INFO - [2025-08-12T16:08:12.975+0000] {dag.py:3504} INFO - Setting next_dagrun for example_branch_datetime_operator to 2025-08-11T00:00:00+00:00, run_after=2025-08-12T00:00:00+00:00
[2025-08-12T16:08:12.979+0000] {logging_mixin.py:150} INFO - [2025-08-12T16:08:12.979+0000] {dag.py:3504} INFO - Setting next_dagrun for example_branch_datetime_operator_2 to 2025-08-11T00:00:00+00:00, run_after=2025-08-12T00:00:00+00:00
[2025-08-12T16:08:12.980+0000] {logging_mixin.py:150} INFO - [2025-08-12T16:08:12.980+0000] {dag.py:3504} INFO - Setting next_dagrun for example_branch_datetime_operator_3 to 2025-08-11T00:00:00+00:00, run_after=2025-08-12T00:00:00+00:00
[2025-08-12T16:08:12.995+0000] {processor.py:179} INFO - Processing /home/vscode/.local/lib/python3.10/site-packages/airflow/example_dags/example_branch_datetime_operator.py took 0.061 seconds
[2025-08-12T16:09:09.593+0000] {processor.py:157} INFO - Started process (PID=31722) to work on /home/vscode/.local/lib/python3.10/site-packages/airflow/example_dags/example_branch_datetime_operator.py
[2025-08-12T16:09:09.593+0000] {processor.py:826} INFO - Processing file /home/vscode/.local/lib/python3.10/site-packages/airflow/example_dags/example_branch_datetime_operator.py for tasks to queue
[2025-08-12T16:09:09.594+0000] {logging_mixin.py:150} INFO - [2025-08-12T16:09:09.594+0000] {dagbag.py:541} INFO - Filling up the DagBag from /home/vscode/.local/lib/python3.10/site-packages/airflow/example_dags/example_branch_datetime_operator.py
[2025-08-12T16:09:09.601+0000] {processor.py:836} INFO - DAG(s) dict_keys(['example_branch_datetime_operator', 'example_branch_datetime_operator_3', 'example_branch_datetime_operator_2']) retrieved from /home/vscode/.local/lib/python3.10/site-packages/airflow/example_dags/example_branch_datetime_operator.py
[2025-08-12T16:09:09.617+0000] {logging_mixin.py:150} INFO - [2025-08-12T16:09:09.617+0000] {dag.py:2742} INFO - Sync 3 DAGs
[2025-08-12T16:09:09.632+0000] {logging_mixin.py:150} INFO - [2025-08-12T16:09:09.632+0000] {dag.py:3504} INFO - Setting next_dagrun for example_branch_datetime_operator to 2025-08-11T00:00:00+00:00, run_after=2025-08-12T00:00:00+00:00
[2025-08-12T16:09:09.635+0000] {logging_mixin.py:150} INFO - [2025-08-12T16:09:09.635+0000] {dag.py:3504} INFO - Setting next_dagrun for example_branch_datetime_operator_2 to 2025-08-11T00:00:00+00:00, run_after=2025-08-12T00:00:00+00:00
[2025-08-12T16:09:09.637+0000] {logging_mixin.py:150} INFO - [2025-08-12T16:09:09.637+0000] {dag.py:3504} INFO - Setting next_dagrun for example_branch_datetime_operator_3 to 2025-08-11T00:00:00+00:00, run_after=2025-08-12T00:00:00+00:00
[2025-08-12T16:09:09.651+0000] {processor.py:179} INFO - Processing /home/vscode/.local/lib/python3.10/site-packages/airflow/example_dags/example_branch_datetime_operator.py took 0.061 seconds
[2025-08-12T16:09:53.973+0000] {processor.py:157} INFO - Started process (PID=32017) to work on /home/vscode/.local/lib/python3.10/site-packages/airflow/example_dags/example_branch_datetime_operator.py
[2025-08-12T16:09:53.974+0000] {processor.py:826} INFO - Processing file /home/vscode/.local/lib/python3.10/site-packages/airflow/example_dags/example_branch_datetime_operator.py for tasks to queue
[2025-08-12T16:09:53.974+0000] {logging_mixin.py:150} INFO - [2025-08-12T16:09:53.974+0000] {dagbag.py:541} INFO - Filling up the DagBag from /home/vscode/.local/lib/python3.10/site-packages/airflow/example_dags/example_branch_datetime_operator.py
[2025-08-12T16:09:53.982+0000] {processor.py:836} INFO - DAG(s) dict_keys(['example_branch_datetime_operator_2', 'example_branch_datetime_operator', 'example_branch_datetime_operator_3']) retrieved from /home/vscode/.local/lib/python3.10/site-packages/airflow/example_dags/example_branch_datetime_operator.py
[2025-08-12T16:09:53.999+0000] {logging_mixin.py:150} INFO - [2025-08-12T16:09:53.998+0000] {dag.py:2742} INFO - Sync 3 DAGs
[2025-08-12T16:09:54.014+0000] {logging_mixin.py:150} INFO - [2025-08-12T16:09:54.014+0000] {dag.py:3504} INFO - Setting next_dagrun for example_branch_datetime_operator to 2025-08-11T00:00:00+00:00, run_after=2025-08-12T00:00:00+00:00
[2025-08-12T16:09:54.017+0000] {logging_mixin.py:150} INFO - [2025-08-12T16:09:54.017+0000] {dag.py:3504} INFO - Setting next_dagrun for example_branch_datetime_operator_2 to 2025-08-11T00:00:00+00:00, run_after=2025-08-12T00:00:00+00:00
[2025-08-12T16:09:54.019+0000] {logging_mixin.py:150} INFO - [2025-08-12T16:09:54.019+0000] {dag.py:3504} INFO - Setting next_dagrun for example_branch_datetime_operator_3 to 2025-08-11T00:00:00+00:00, run_after=2025-08-12T00:00:00+00:00
[2025-08-12T16:09:54.036+0000] {processor.py:179} INFO - Processing /home/vscode/.local/lib/python3.10/site-packages/airflow/example_dags/example_branch_datetime_operator.py took 0.065 seconds
[2025-08-12T16:10:41.869+0000] {processor.py:157} INFO - Started process (PID=32334) to work on /home/vscode/.local/lib/python3.10/site-packages/airflow/example_dags/example_branch_datetime_operator.py
[2025-08-12T16:10:41.869+0000] {processor.py:826} INFO - Processing file /home/vscode/.local/lib/python3.10/site-packages/airflow/example_dags/example_branch_datetime_operator.py for tasks to queue
[2025-08-12T16:10:41.870+0000] {logging_mixin.py:150} INFO - [2025-08-12T16:10:41.870+0000] {dagbag.py:541} INFO - Filling up the DagBag from /home/vscode/.local/lib/python3.10/site-packages/airflow/example_dags/example_branch_datetime_operator.py
[2025-08-12T16:10:41.877+0000] {processor.py:836} INFO - DAG(s) dict_keys(['example_branch_datetime_operator_2', 'example_branch_datetime_operator_3', 'example_branch_datetime_operator']) retrieved from /home/vscode/.local/lib/python3.10/site-packages/airflow/example_dags/example_branch_datetime_operator.py
[2025-08-12T16:10:41.899+0000] {logging_mixin.py:150} INFO - [2025-08-12T16:10:41.899+0000] {dag.py:2742} INFO - Sync 3 DAGs
[2025-08-12T16:10:41.915+0000] {logging_mixin.py:150} INFO - [2025-08-12T16:10:41.915+0000] {dag.py:3504} INFO - Setting next_dagrun for example_branch_datetime_operator to 2025-08-11T00:00:00+00:00, run_after=2025-08-12T00:00:00+00:00
[2025-08-12T16:10:41.918+0000] {logging_mixin.py:150} INFO - [2025-08-12T16:10:41.918+0000] {dag.py:3504} INFO - Setting next_dagrun for example_branch_datetime_operator_2 to 2025-08-11T00:00:00+00:00, run_after=2025-08-12T00:00:00+00:00
[2025-08-12T16:10:41.920+0000] {logging_mixin.py:150} INFO - [2025-08-12T16:10:41.920+0000] {dag.py:3504} INFO - Setting next_dagrun for example_branch_datetime_operator_3 to 2025-08-11T00:00:00+00:00, run_after=2025-08-12T00:00:00+00:00
[2025-08-12T16:10:41.934+0000] {processor.py:179} INFO - Processing /home/vscode/.local/lib/python3.10/site-packages/airflow/example_dags/example_branch_datetime_operator.py took 0.068 seconds
[2025-08-12T16:11:39.590+0000] {processor.py:157} INFO - Started process (PID=32715) to work on /home/vscode/.local/lib/python3.10/site-packages/airflow/example_dags/example_branch_datetime_operator.py
[2025-08-12T16:11:39.591+0000] {processor.py:826} INFO - Processing file /home/vscode/.local/lib/python3.10/site-packages/airflow/example_dags/example_branch_datetime_operator.py for tasks to queue
[2025-08-12T16:11:39.591+0000] {logging_mixin.py:150} INFO - [2025-08-12T16:11:39.591+0000] {dagbag.py:541} INFO - Filling up the DagBag from /home/vscode/.local/lib/python3.10/site-packages/airflow/example_dags/example_branch_datetime_operator.py
[2025-08-12T16:11:39.598+0000] {processor.py:836} INFO - DAG(s) dict_keys(['example_branch_datetime_operator', 'example_branch_datetime_operator_2', 'example_branch_datetime_operator_3']) retrieved from /home/vscode/.local/lib/python3.10/site-packages/airflow/example_dags/example_branch_datetime_operator.py
[2025-08-12T16:11:39.615+0000] {logging_mixin.py:150} INFO - [2025-08-12T16:11:39.615+0000] {dag.py:2742} INFO - Sync 3 DAGs
[2025-08-12T16:11:39.631+0000] {logging_mixin.py:150} INFO - [2025-08-12T16:11:39.631+0000] {dag.py:3504} INFO - Setting next_dagrun for example_branch_datetime_operator to 2025-08-11T00:00:00+00:00, run_after=2025-08-12T00:00:00+00:00
[2025-08-12T16:11:39.634+0000] {logging_mixin.py:150} INFO - [2025-08-12T16:11:39.634+0000] {dag.py:3504} INFO - Setting next_dagrun for example_branch_datetime_operator_2 to 2025-08-11T00:00:00+00:00, run_after=2025-08-12T00:00:00+00:00
[2025-08-12T16:11:39.636+0000] {logging_mixin.py:150} INFO - [2025-08-12T16:11:39.636+0000] {dag.py:3504} INFO - Setting next_dagrun for example_branch_datetime_operator_3 to 2025-08-11T00:00:00+00:00, run_after=2025-08-12T00:00:00+00:00
[2025-08-12T16:11:39.650+0000] {processor.py:179} INFO - Processing /home/vscode/.local/lib/python3.10/site-packages/airflow/example_dags/example_branch_datetime_operator.py took 0.062 seconds
[2025-08-12T16:12:24.040+0000] {processor.py:157} INFO - Started process (PID=33016) to work on /home/vscode/.local/lib/python3.10/site-packages/airflow/example_dags/example_branch_datetime_operator.py
[2025-08-12T16:12:24.041+0000] {processor.py:826} INFO - Processing file /home/vscode/.local/lib/python3.10/site-packages/airflow/example_dags/example_branch_datetime_operator.py for tasks to queue
[2025-08-12T16:12:24.042+0000] {logging_mixin.py:150} INFO - [2025-08-12T16:12:24.041+0000] {dagbag.py:541} INFO - Filling up the DagBag from /home/vscode/.local/lib/python3.10/site-packages/airflow/example_dags/example_branch_datetime_operator.py
[2025-08-12T16:12:24.049+0000] {processor.py:836} INFO - DAG(s) dict_keys(['example_branch_datetime_operator', 'example_branch_datetime_operator_2', 'example_branch_datetime_operator_3']) retrieved from /home/vscode/.local/lib/python3.10/site-packages/airflow/example_dags/example_branch_datetime_operator.py
[2025-08-12T16:12:24.067+0000] {logging_mixin.py:150} INFO - [2025-08-12T16:12:24.067+0000] {dag.py:2742} INFO - Sync 3 DAGs
[2025-08-12T16:12:24.083+0000] {logging_mixin.py:150} INFO - [2025-08-12T16:12:24.083+0000] {dag.py:3504} INFO - Setting next_dagrun for example_branch_datetime_operator to 2025-08-11T00:00:00+00:00, run_after=2025-08-12T00:00:00+00:00
[2025-08-12T16:12:24.086+0000] {logging_mixin.py:150} INFO - [2025-08-12T16:12:24.086+0000] {dag.py:3504} INFO - Setting next_dagrun for example_branch_datetime_operator_2 to 2025-08-11T00:00:00+00:00, run_after=2025-08-12T00:00:00+00:00
[2025-08-12T16:12:24.087+0000] {logging_mixin.py:150} INFO - [2025-08-12T16:12:24.087+0000] {dag.py:3504} INFO - Setting next_dagrun for example_branch_datetime_operator_3 to 2025-08-11T00:00:00+00:00, run_after=2025-08-12T00:00:00+00:00
[2025-08-12T16:12:24.102+0000] {processor.py:179} INFO - Processing /home/vscode/.local/lib/python3.10/site-packages/airflow/example_dags/example_branch_datetime_operator.py took 0.064 seconds
[2025-08-12T16:13:10.851+0000] {processor.py:157} INFO - Started process (PID=33327) to work on /home/vscode/.local/lib/python3.10/site-packages/airflow/example_dags/example_branch_datetime_operator.py
[2025-08-12T16:13:10.852+0000] {processor.py:826} INFO - Processing file /home/vscode/.local/lib/python3.10/site-packages/airflow/example_dags/example_branch_datetime_operator.py for tasks to queue
[2025-08-12T16:13:10.852+0000] {logging_mixin.py:150} INFO - [2025-08-12T16:13:10.852+0000] {dagbag.py:541} INFO - Filling up the DagBag from /home/vscode/.local/lib/python3.10/site-packages/airflow/example_dags/example_branch_datetime_operator.py
[2025-08-12T16:13:10.860+0000] {processor.py:836} INFO - DAG(s) dict_keys(['example_branch_datetime_operator_3', 'example_branch_datetime_operator_2', 'example_branch_datetime_operator']) retrieved from /home/vscode/.local/lib/python3.10/site-packages/airflow/example_dags/example_branch_datetime_operator.py
[2025-08-12T16:13:10.879+0000] {logging_mixin.py:150} INFO - [2025-08-12T16:13:10.879+0000] {dag.py:2742} INFO - Sync 3 DAGs
[2025-08-12T16:13:10.895+0000] {logging_mixin.py:150} INFO - [2025-08-12T16:13:10.895+0000] {dag.py:3504} INFO - Setting next_dagrun for example_branch_datetime_operator to 2025-08-11T00:00:00+00:00, run_after=2025-08-12T00:00:00+00:00
[2025-08-12T16:13:10.898+0000] {logging_mixin.py:150} INFO - [2025-08-12T16:13:10.898+0000] {dag.py:3504} INFO - Setting next_dagrun for example_branch_datetime_operator_2 to 2025-08-11T00:00:00+00:00, run_after=2025-08-12T00:00:00+00:00
[2025-08-12T16:13:10.900+0000] {logging_mixin.py:150} INFO - [2025-08-12T16:13:10.900+0000] {dag.py:3504} INFO - Setting next_dagrun for example_branch_datetime_operator_3 to 2025-08-11T00:00:00+00:00, run_after=2025-08-12T00:00:00+00:00
[2025-08-12T16:13:10.914+0000] {processor.py:179} INFO - Processing /home/vscode/.local/lib/python3.10/site-packages/airflow/example_dags/example_branch_datetime_operator.py took 0.065 seconds
[2025-08-12T16:14:07.390+0000] {processor.py:157} INFO - Started process (PID=33698) to work on /home/vscode/.local/lib/python3.10/site-packages/airflow/example_dags/example_branch_datetime_operator.py
[2025-08-12T16:14:07.390+0000] {processor.py:826} INFO - Processing file /home/vscode/.local/lib/python3.10/site-packages/airflow/example_dags/example_branch_datetime_operator.py for tasks to queue
[2025-08-12T16:14:07.391+0000] {logging_mixin.py:150} INFO - [2025-08-12T16:14:07.390+0000] {dagbag.py:541} INFO - Filling up the DagBag from /home/vscode/.local/lib/python3.10/site-packages/airflow/example_dags/example_branch_datetime_operator.py
[2025-08-12T16:14:07.398+0000] {processor.py:836} INFO - DAG(s) dict_keys(['example_branch_datetime_operator_3', 'example_branch_datetime_operator', 'example_branch_datetime_operator_2']) retrieved from /home/vscode/.local/lib/python3.10/site-packages/airflow/example_dags/example_branch_datetime_operator.py
[2025-08-12T16:14:07.414+0000] {logging_mixin.py:150} INFO - [2025-08-12T16:14:07.414+0000] {dag.py:2742} INFO - Sync 3 DAGs
[2025-08-12T16:14:07.431+0000] {logging_mixin.py:150} INFO - [2025-08-12T16:14:07.430+0000] {dag.py:3504} INFO - Setting next_dagrun for example_branch_datetime_operator to 2025-08-11T00:00:00+00:00, run_after=2025-08-12T00:00:00+00:00
[2025-08-12T16:14:07.434+0000] {logging_mixin.py:150} INFO - [2025-08-12T16:14:07.433+0000] {dag.py:3504} INFO - Setting next_dagrun for example_branch_datetime_operator_2 to 2025-08-11T00:00:00+00:00, run_after=2025-08-12T00:00:00+00:00
[2025-08-12T16:14:07.435+0000] {logging_mixin.py:150} INFO - [2025-08-12T16:14:07.435+0000] {dag.py:3504} INFO - Setting next_dagrun for example_branch_datetime_operator_3 to 2025-08-11T00:00:00+00:00, run_after=2025-08-12T00:00:00+00:00
[2025-08-12T16:14:07.450+0000] {processor.py:179} INFO - Processing /home/vscode/.local/lib/python3.10/site-packages/airflow/example_dags/example_branch_datetime_operator.py took 0.062 seconds
[2025-08-12T16:14:52.018+0000] {processor.py:157} INFO - Started process (PID=33998) to work on /home/vscode/.local/lib/python3.10/site-packages/airflow/example_dags/example_branch_datetime_operator.py
[2025-08-12T16:14:52.018+0000] {processor.py:826} INFO - Processing file /home/vscode/.local/lib/python3.10/site-packages/airflow/example_dags/example_branch_datetime_operator.py for tasks to queue
[2025-08-12T16:14:52.019+0000] {logging_mixin.py:150} INFO - [2025-08-12T16:14:52.019+0000] {dagbag.py:541} INFO - Filling up the DagBag from /home/vscode/.local/lib/python3.10/site-packages/airflow/example_dags/example_branch_datetime_operator.py
[2025-08-12T16:14:52.026+0000] {processor.py:836} INFO - DAG(s) dict_keys(['example_branch_datetime_operator_3', 'example_branch_datetime_operator_2', 'example_branch_datetime_operator']) retrieved from /home/vscode/.local/lib/python3.10/site-packages/airflow/example_dags/example_branch_datetime_operator.py
[2025-08-12T16:14:52.043+0000] {logging_mixin.py:150} INFO - [2025-08-12T16:14:52.043+0000] {dag.py:2742} INFO - Sync 3 DAGs
[2025-08-12T16:14:52.058+0000] {logging_mixin.py:150} INFO - [2025-08-12T16:14:52.058+0000] {dag.py:3504} INFO - Setting next_dagrun for example_branch_datetime_operator to 2025-08-11T00:00:00+00:00, run_after=2025-08-12T00:00:00+00:00
[2025-08-12T16:14:52.062+0000] {logging_mixin.py:150} INFO - [2025-08-12T16:14:52.062+0000] {dag.py:3504} INFO - Setting next_dagrun for example_branch_datetime_operator_2 to 2025-08-11T00:00:00+00:00, run_after=2025-08-12T00:00:00+00:00
[2025-08-12T16:14:52.065+0000] {logging_mixin.py:150} INFO - [2025-08-12T16:14:52.065+0000] {dag.py:3504} INFO - Setting next_dagrun for example_branch_datetime_operator_3 to 2025-08-11T00:00:00+00:00, run_after=2025-08-12T00:00:00+00:00
[2025-08-12T16:14:52.082+0000] {processor.py:179} INFO - Processing /home/vscode/.local/lib/python3.10/site-packages/airflow/example_dags/example_branch_datetime_operator.py took 0.066 seconds
[2025-08-12T16:15:47.835+0000] {processor.py:157} INFO - Started process (PID=34363) to work on /home/vscode/.local/lib/python3.10/site-packages/airflow/example_dags/example_branch_datetime_operator.py
[2025-08-12T16:15:47.836+0000] {processor.py:826} INFO - Processing file /home/vscode/.local/lib/python3.10/site-packages/airflow/example_dags/example_branch_datetime_operator.py for tasks to queue
[2025-08-12T16:15:47.836+0000] {logging_mixin.py:150} INFO - [2025-08-12T16:15:47.836+0000] {dagbag.py:541} INFO - Filling up the DagBag from /home/vscode/.local/lib/python3.10/site-packages/airflow/example_dags/example_branch_datetime_operator.py
[2025-08-12T16:15:47.843+0000] {processor.py:836} INFO - DAG(s) dict_keys(['example_branch_datetime_operator_3', 'example_branch_datetime_operator', 'example_branch_datetime_operator_2']) retrieved from /home/vscode/.local/lib/python3.10/site-packages/airflow/example_dags/example_branch_datetime_operator.py
[2025-08-12T16:15:47.860+0000] {logging_mixin.py:150} INFO - [2025-08-12T16:15:47.859+0000] {dag.py:2742} INFO - Sync 3 DAGs
[2025-08-12T16:15:47.875+0000] {logging_mixin.py:150} INFO - [2025-08-12T16:15:47.875+0000] {dag.py:3504} INFO - Setting next_dagrun for example_branch_datetime_operator to 2025-08-11T00:00:00+00:00, run_after=2025-08-12T00:00:00+00:00
[2025-08-12T16:15:47.879+0000] {logging_mixin.py:150} INFO - [2025-08-12T16:15:47.878+0000] {dag.py:3504} INFO - Setting next_dagrun for example_branch_datetime_operator_2 to 2025-08-11T00:00:00+00:00, run_after=2025-08-12T00:00:00+00:00
[2025-08-12T16:15:47.880+0000] {logging_mixin.py:150} INFO - [2025-08-12T16:15:47.880+0000] {dag.py:3504} INFO - Setting next_dagrun for example_branch_datetime_operator_3 to 2025-08-11T00:00:00+00:00, run_after=2025-08-12T00:00:00+00:00
[2025-08-12T16:15:47.894+0000] {processor.py:179} INFO - Processing /home/vscode/.local/lib/python3.10/site-packages/airflow/example_dags/example_branch_datetime_operator.py took 0.061 seconds
[2025-08-12T16:16:41.675+0000] {processor.py:157} INFO - Started process (PID=34733) to work on /home/vscode/.local/lib/python3.10/site-packages/airflow/example_dags/example_branch_datetime_operator.py
[2025-08-12T16:16:41.675+0000] {processor.py:826} INFO - Processing file /home/vscode/.local/lib/python3.10/site-packages/airflow/example_dags/example_branch_datetime_operator.py for tasks to queue
[2025-08-12T16:16:41.676+0000] {logging_mixin.py:150} INFO - [2025-08-12T16:16:41.676+0000] {dagbag.py:541} INFO - Filling up the DagBag from /home/vscode/.local/lib/python3.10/site-packages/airflow/example_dags/example_branch_datetime_operator.py
[2025-08-12T16:16:41.683+0000] {processor.py:836} INFO - DAG(s) dict_keys(['example_branch_datetime_operator_3', 'example_branch_datetime_operator', 'example_branch_datetime_operator_2']) retrieved from /home/vscode/.local/lib/python3.10/site-packages/airflow/example_dags/example_branch_datetime_operator.py
[2025-08-12T16:16:41.700+0000] {logging_mixin.py:150} INFO - [2025-08-12T16:16:41.700+0000] {dag.py:2742} INFO - Sync 3 DAGs
[2025-08-12T16:16:41.715+0000] {logging_mixin.py:150} INFO - [2025-08-12T16:16:41.715+0000] {dag.py:3504} INFO - Setting next_dagrun for example_branch_datetime_operator to 2025-08-11T00:00:00+00:00, run_after=2025-08-12T00:00:00+00:00
[2025-08-12T16:16:41.718+0000] {logging_mixin.py:150} INFO - [2025-08-12T16:16:41.718+0000] {dag.py:3504} INFO - Setting next_dagrun for example_branch_datetime_operator_2 to 2025-08-11T00:00:00+00:00, run_after=2025-08-12T00:00:00+00:00
[2025-08-12T16:16:41.720+0000] {logging_mixin.py:150} INFO - [2025-08-12T16:16:41.720+0000] {dag.py:3504} INFO - Setting next_dagrun for example_branch_datetime_operator_3 to 2025-08-11T00:00:00+00:00, run_after=2025-08-12T00:00:00+00:00
[2025-08-12T16:16:41.734+0000] {processor.py:179} INFO - Processing /home/vscode/.local/lib/python3.10/site-packages/airflow/example_dags/example_branch_datetime_operator.py took 0.062 seconds
[2025-08-12T16:17:25.169+0000] {processor.py:157} INFO - Started process (PID=35020) to work on /home/vscode/.local/lib/python3.10/site-packages/airflow/example_dags/example_branch_datetime_operator.py
[2025-08-12T16:17:25.169+0000] {processor.py:826} INFO - Processing file /home/vscode/.local/lib/python3.10/site-packages/airflow/example_dags/example_branch_datetime_operator.py for tasks to queue
[2025-08-12T16:17:25.170+0000] {logging_mixin.py:150} INFO - [2025-08-12T16:17:25.170+0000] {dagbag.py:541} INFO - Filling up the DagBag from /home/vscode/.local/lib/python3.10/site-packages/airflow/example_dags/example_branch_datetime_operator.py
[2025-08-12T16:17:25.177+0000] {processor.py:836} INFO - DAG(s) dict_keys(['example_branch_datetime_operator', 'example_branch_datetime_operator_2', 'example_branch_datetime_operator_3']) retrieved from /home/vscode/.local/lib/python3.10/site-packages/airflow/example_dags/example_branch_datetime_operator.py
[2025-08-12T16:17:25.193+0000] {logging_mixin.py:150} INFO - [2025-08-12T16:17:25.193+0000] {dag.py:2742} INFO - Sync 3 DAGs
[2025-08-12T16:17:25.208+0000] {logging_mixin.py:150} INFO - [2025-08-12T16:17:25.208+0000] {dag.py:3504} INFO - Setting next_dagrun for example_branch_datetime_operator to 2025-08-11T00:00:00+00:00, run_after=2025-08-12T00:00:00+00:00
[2025-08-12T16:17:25.212+0000] {logging_mixin.py:150} INFO - [2025-08-12T16:17:25.211+0000] {dag.py:3504} INFO - Setting next_dagrun for example_branch_datetime_operator_2 to 2025-08-11T00:00:00+00:00, run_after=2025-08-12T00:00:00+00:00
[2025-08-12T16:17:25.213+0000] {logging_mixin.py:150} INFO - [2025-08-12T16:17:25.213+0000] {dag.py:3504} INFO - Setting next_dagrun for example_branch_datetime_operator_3 to 2025-08-11T00:00:00+00:00, run_after=2025-08-12T00:00:00+00:00
[2025-08-12T16:17:25.227+0000] {processor.py:179} INFO - Processing /home/vscode/.local/lib/python3.10/site-packages/airflow/example_dags/example_branch_datetime_operator.py took 0.060 seconds
[2025-08-12T16:18:16.595+0000] {processor.py:157} INFO - Started process (PID=35364) to work on /home/vscode/.local/lib/python3.10/site-packages/airflow/example_dags/example_branch_datetime_operator.py
[2025-08-12T16:18:16.596+0000] {processor.py:826} INFO - Processing file /home/vscode/.local/lib/python3.10/site-packages/airflow/example_dags/example_branch_datetime_operator.py for tasks to queue
[2025-08-12T16:18:16.597+0000] {logging_mixin.py:150} INFO - [2025-08-12T16:18:16.596+0000] {dagbag.py:541} INFO - Filling up the DagBag from /home/vscode/.local/lib/python3.10/site-packages/airflow/example_dags/example_branch_datetime_operator.py
[2025-08-12T16:18:16.604+0000] {processor.py:836} INFO - DAG(s) dict_keys(['example_branch_datetime_operator_2', 'example_branch_datetime_operator', 'example_branch_datetime_operator_3']) retrieved from /home/vscode/.local/lib/python3.10/site-packages/airflow/example_dags/example_branch_datetime_operator.py
[2025-08-12T16:18:16.620+0000] {logging_mixin.py:150} INFO - [2025-08-12T16:18:16.620+0000] {dag.py:2742} INFO - Sync 3 DAGs
[2025-08-12T16:18:16.635+0000] {logging_mixin.py:150} INFO - [2025-08-12T16:18:16.635+0000] {dag.py:3504} INFO - Setting next_dagrun for example_branch_datetime_operator to 2025-08-11T00:00:00+00:00, run_after=2025-08-12T00:00:00+00:00
[2025-08-12T16:18:16.639+0000] {logging_mixin.py:150} INFO - [2025-08-12T16:18:16.639+0000] {dag.py:3504} INFO - Setting next_dagrun for example_branch_datetime_operator_2 to 2025-08-11T00:00:00+00:00, run_after=2025-08-12T00:00:00+00:00
[2025-08-12T16:18:16.641+0000] {logging_mixin.py:150} INFO - [2025-08-12T16:18:16.640+0000] {dag.py:3504} INFO - Setting next_dagrun for example_branch_datetime_operator_3 to 2025-08-11T00:00:00+00:00, run_after=2025-08-12T00:00:00+00:00
[2025-08-12T16:18:16.655+0000] {processor.py:179} INFO - Processing /home/vscode/.local/lib/python3.10/site-packages/airflow/example_dags/example_branch_datetime_operator.py took 0.062 seconds
[2025-08-12T16:19:12.140+0000] {processor.py:157} INFO - Started process (PID=35735) to work on /home/vscode/.local/lib/python3.10/site-packages/airflow/example_dags/example_branch_datetime_operator.py
[2025-08-12T16:19:12.141+0000] {processor.py:826} INFO - Processing file /home/vscode/.local/lib/python3.10/site-packages/airflow/example_dags/example_branch_datetime_operator.py for tasks to queue
[2025-08-12T16:19:12.141+0000] {logging_mixin.py:150} INFO - [2025-08-12T16:19:12.141+0000] {dagbag.py:541} INFO - Filling up the DagBag from /home/vscode/.local/lib/python3.10/site-packages/airflow/example_dags/example_branch_datetime_operator.py
[2025-08-12T16:19:12.148+0000] {processor.py:836} INFO - DAG(s) dict_keys(['example_branch_datetime_operator_3', 'example_branch_datetime_operator_2', 'example_branch_datetime_operator']) retrieved from /home/vscode/.local/lib/python3.10/site-packages/airflow/example_dags/example_branch_datetime_operator.py
[2025-08-12T16:19:12.164+0000] {logging_mixin.py:150} INFO - [2025-08-12T16:19:12.164+0000] {dag.py:2742} INFO - Sync 3 DAGs
[2025-08-12T16:19:12.179+0000] {logging_mixin.py:150} INFO - [2025-08-12T16:19:12.179+0000] {dag.py:3504} INFO - Setting next_dagrun for example_branch_datetime_operator to 2025-08-11T00:00:00+00:00, run_after=2025-08-12T00:00:00+00:00
[2025-08-12T16:19:12.183+0000] {logging_mixin.py:150} INFO - [2025-08-12T16:19:12.182+0000] {dag.py:3504} INFO - Setting next_dagrun for example_branch_datetime_operator_2 to 2025-08-11T00:00:00+00:00, run_after=2025-08-12T00:00:00+00:00
[2025-08-12T16:19:12.184+0000] {logging_mixin.py:150} INFO - [2025-08-12T16:19:12.184+0000] {dag.py:3504} INFO - Setting next_dagrun for example_branch_datetime_operator_3 to 2025-08-11T00:00:00+00:00, run_after=2025-08-12T00:00:00+00:00
[2025-08-12T16:19:12.198+0000] {processor.py:179} INFO - Processing /home/vscode/.local/lib/python3.10/site-packages/airflow/example_dags/example_branch_datetime_operator.py took 0.060 seconds
[2025-08-12T16:20:00.065+0000] {processor.py:157} INFO - Started process (PID=36053) to work on /home/vscode/.local/lib/python3.10/site-packages/airflow/example_dags/example_branch_datetime_operator.py
[2025-08-12T16:20:00.065+0000] {processor.py:826} INFO - Processing file /home/vscode/.local/lib/python3.10/site-packages/airflow/example_dags/example_branch_datetime_operator.py for tasks to queue
[2025-08-12T16:20:00.066+0000] {logging_mixin.py:150} INFO - [2025-08-12T16:20:00.066+0000] {dagbag.py:541} INFO - Filling up the DagBag from /home/vscode/.local/lib/python3.10/site-packages/airflow/example_dags/example_branch_datetime_operator.py
[2025-08-12T16:20:00.073+0000] {processor.py:836} INFO - DAG(s) dict_keys(['example_branch_datetime_operator_2', 'example_branch_datetime_operator', 'example_branch_datetime_operator_3']) retrieved from /home/vscode/.local/lib/python3.10/site-packages/airflow/example_dags/example_branch_datetime_operator.py
[2025-08-12T16:20:00.090+0000] {logging_mixin.py:150} INFO - [2025-08-12T16:20:00.090+0000] {dag.py:2742} INFO - Sync 3 DAGs
[2025-08-12T16:20:00.105+0000] {logging_mixin.py:150} INFO - [2025-08-12T16:20:00.105+0000] {dag.py:3504} INFO - Setting next_dagrun for example_branch_datetime_operator to 2025-08-11T00:00:00+00:00, run_after=2025-08-12T00:00:00+00:00
[2025-08-12T16:20:00.109+0000] {logging_mixin.py:150} INFO - [2025-08-12T16:20:00.109+0000] {dag.py:3504} INFO - Setting next_dagrun for example_branch_datetime_operator_2 to 2025-08-11T00:00:00+00:00, run_after=2025-08-12T00:00:00+00:00
[2025-08-12T16:20:00.111+0000] {logging_mixin.py:150} INFO - [2025-08-12T16:20:00.111+0000] {dag.py:3504} INFO - Setting next_dagrun for example_branch_datetime_operator_3 to 2025-08-11T00:00:00+00:00, run_after=2025-08-12T00:00:00+00:00
[2025-08-12T16:20:00.129+0000] {processor.py:179} INFO - Processing /home/vscode/.local/lib/python3.10/site-packages/airflow/example_dags/example_branch_datetime_operator.py took 0.066 seconds
[2025-08-12T16:20:44.592+0000] {processor.py:157} INFO - Started process (PID=36349) to work on /home/vscode/.local/lib/python3.10/site-packages/airflow/example_dags/example_branch_datetime_operator.py
[2025-08-12T16:20:44.593+0000] {processor.py:826} INFO - Processing file /home/vscode/.local/lib/python3.10/site-packages/airflow/example_dags/example_branch_datetime_operator.py for tasks to queue
[2025-08-12T16:20:44.594+0000] {logging_mixin.py:150} INFO - [2025-08-12T16:20:44.593+0000] {dagbag.py:541} INFO - Filling up the DagBag from /home/vscode/.local/lib/python3.10/site-packages/airflow/example_dags/example_branch_datetime_operator.py
[2025-08-12T16:20:44.601+0000] {processor.py:836} INFO - DAG(s) dict_keys(['example_branch_datetime_operator', 'example_branch_datetime_operator_3', 'example_branch_datetime_operator_2']) retrieved from /home/vscode/.local/lib/python3.10/site-packages/airflow/example_dags/example_branch_datetime_operator.py
[2025-08-12T16:20:44.618+0000] {logging_mixin.py:150} INFO - [2025-08-12T16:20:44.618+0000] {dag.py:2742} INFO - Sync 3 DAGs
[2025-08-12T16:20:44.633+0000] {logging_mixin.py:150} INFO - [2025-08-12T16:20:44.633+0000] {dag.py:3504} INFO - Setting next_dagrun for example_branch_datetime_operator to 2025-08-11T00:00:00+00:00, run_after=2025-08-12T00:00:00+00:00
[2025-08-12T16:20:44.636+0000] {logging_mixin.py:150} INFO - [2025-08-12T16:20:44.636+0000] {dag.py:3504} INFO - Setting next_dagrun for example_branch_datetime_operator_2 to 2025-08-11T00:00:00+00:00, run_after=2025-08-12T00:00:00+00:00
[2025-08-12T16:20:44.638+0000] {logging_mixin.py:150} INFO - [2025-08-12T16:20:44.638+0000] {dag.py:3504} INFO - Setting next_dagrun for example_branch_datetime_operator_3 to 2025-08-11T00:00:00+00:00, run_after=2025-08-12T00:00:00+00:00
[2025-08-12T16:20:44.653+0000] {processor.py:179} INFO - Processing /home/vscode/.local/lib/python3.10/site-packages/airflow/example_dags/example_branch_datetime_operator.py took 0.062 seconds
[2025-08-12T16:21:44.394+0000] {processor.py:157} INFO - Started process (PID=36745) to work on /home/vscode/.local/lib/python3.10/site-packages/airflow/example_dags/example_branch_datetime_operator.py
[2025-08-12T16:21:44.395+0000] {processor.py:826} INFO - Processing file /home/vscode/.local/lib/python3.10/site-packages/airflow/example_dags/example_branch_datetime_operator.py for tasks to queue
[2025-08-12T16:21:44.395+0000] {logging_mixin.py:150} INFO - [2025-08-12T16:21:44.395+0000] {dagbag.py:541} INFO - Filling up the DagBag from /home/vscode/.local/lib/python3.10/site-packages/airflow/example_dags/example_branch_datetime_operator.py
[2025-08-12T16:21:44.403+0000] {processor.py:836} INFO - DAG(s) dict_keys(['example_branch_datetime_operator_3', 'example_branch_datetime_operator_2', 'example_branch_datetime_operator']) retrieved from /home/vscode/.local/lib/python3.10/site-packages/airflow/example_dags/example_branch_datetime_operator.py
[2025-08-12T16:21:44.419+0000] {logging_mixin.py:150} INFO - [2025-08-12T16:21:44.419+0000] {dag.py:2742} INFO - Sync 3 DAGs
[2025-08-12T16:21:44.434+0000] {logging_mixin.py:150} INFO - [2025-08-12T16:21:44.434+0000] {dag.py:3504} INFO - Setting next_dagrun for example_branch_datetime_operator to 2025-08-11T00:00:00+00:00, run_after=2025-08-12T00:00:00+00:00
[2025-08-12T16:21:44.438+0000] {logging_mixin.py:150} INFO - [2025-08-12T16:21:44.438+0000] {dag.py:3504} INFO - Setting next_dagrun for example_branch_datetime_operator_2 to 2025-08-11T00:00:00+00:00, run_after=2025-08-12T00:00:00+00:00
[2025-08-12T16:21:44.439+0000] {logging_mixin.py:150} INFO - [2025-08-12T16:21:44.439+0000] {dag.py:3504} INFO - Setting next_dagrun for example_branch_datetime_operator_3 to 2025-08-11T00:00:00+00:00, run_after=2025-08-12T00:00:00+00:00
[2025-08-12T16:21:44.454+0000] {processor.py:179} INFO - Processing /home/vscode/.local/lib/python3.10/site-packages/airflow/example_dags/example_branch_datetime_operator.py took 0.062 seconds
[2025-08-12T16:22:37.545+0000] {processor.py:157} INFO - Started process (PID=37098) to work on /home/vscode/.local/lib/python3.10/site-packages/airflow/example_dags/example_branch_datetime_operator.py
[2025-08-12T16:22:37.546+0000] {processor.py:826} INFO - Processing file /home/vscode/.local/lib/python3.10/site-packages/airflow/example_dags/example_branch_datetime_operator.py for tasks to queue
[2025-08-12T16:22:37.546+0000] {logging_mixin.py:150} INFO - [2025-08-12T16:22:37.546+0000] {dagbag.py:541} INFO - Filling up the DagBag from /home/vscode/.local/lib/python3.10/site-packages/airflow/example_dags/example_branch_datetime_operator.py
[2025-08-12T16:22:37.554+0000] {processor.py:836} INFO - DAG(s) dict_keys(['example_branch_datetime_operator_2', 'example_branch_datetime_operator_3', 'example_branch_datetime_operator']) retrieved from /home/vscode/.local/lib/python3.10/site-packages/airflow/example_dags/example_branch_datetime_operator.py
[2025-08-12T16:22:37.571+0000] {logging_mixin.py:150} INFO - [2025-08-12T16:22:37.570+0000] {dag.py:2742} INFO - Sync 3 DAGs
[2025-08-12T16:22:37.585+0000] {logging_mixin.py:150} INFO - [2025-08-12T16:22:37.585+0000] {dag.py:3504} INFO - Setting next_dagrun for example_branch_datetime_operator to 2025-08-11T00:00:00+00:00, run_after=2025-08-12T00:00:00+00:00
[2025-08-12T16:22:37.588+0000] {logging_mixin.py:150} INFO - [2025-08-12T16:22:37.588+0000] {dag.py:3504} INFO - Setting next_dagrun for example_branch_datetime_operator_2 to 2025-08-11T00:00:00+00:00, run_after=2025-08-12T00:00:00+00:00
[2025-08-12T16:22:37.590+0000] {logging_mixin.py:150} INFO - [2025-08-12T16:22:37.590+0000] {dag.py:3504} INFO - Setting next_dagrun for example_branch_datetime_operator_3 to 2025-08-11T00:00:00+00:00, run_after=2025-08-12T00:00:00+00:00
[2025-08-12T16:22:37.603+0000] {processor.py:179} INFO - Processing /home/vscode/.local/lib/python3.10/site-packages/airflow/example_dags/example_branch_datetime_operator.py took 0.060 seconds
[2025-08-12T16:23:22.069+0000] {processor.py:157} INFO - Started process (PID=37398) to work on /home/vscode/.local/lib/python3.10/site-packages/airflow/example_dags/example_branch_datetime_operator.py
[2025-08-12T16:23:22.070+0000] {processor.py:826} INFO - Processing file /home/vscode/.local/lib/python3.10/site-packages/airflow/example_dags/example_branch_datetime_operator.py for tasks to queue
[2025-08-12T16:23:22.070+0000] {logging_mixin.py:150} INFO - [2025-08-12T16:23:22.070+0000] {dagbag.py:541} INFO - Filling up the DagBag from /home/vscode/.local/lib/python3.10/site-packages/airflow/example_dags/example_branch_datetime_operator.py
[2025-08-12T16:23:22.077+0000] {processor.py:836} INFO - DAG(s) dict_keys(['example_branch_datetime_operator', 'example_branch_datetime_operator_3', 'example_branch_datetime_operator_2']) retrieved from /home/vscode/.local/lib/python3.10/site-packages/airflow/example_dags/example_branch_datetime_operator.py
[2025-08-12T16:23:22.093+0000] {logging_mixin.py:150} INFO - [2025-08-12T16:23:22.093+0000] {dag.py:2742} INFO - Sync 3 DAGs
[2025-08-12T16:23:22.108+0000] {logging_mixin.py:150} INFO - [2025-08-12T16:23:22.108+0000] {dag.py:3504} INFO - Setting next_dagrun for example_branch_datetime_operator to 2025-08-11T00:00:00+00:00, run_after=2025-08-12T00:00:00+00:00
[2025-08-12T16:23:22.111+0000] {logging_mixin.py:150} INFO - [2025-08-12T16:23:22.111+0000] {dag.py:3504} INFO - Setting next_dagrun for example_branch_datetime_operator_2 to 2025-08-11T00:00:00+00:00, run_after=2025-08-12T00:00:00+00:00
[2025-08-12T16:23:22.113+0000] {logging_mixin.py:150} INFO - [2025-08-12T16:23:22.113+0000] {dag.py:3504} INFO - Setting next_dagrun for example_branch_datetime_operator_3 to 2025-08-11T00:00:00+00:00, run_after=2025-08-12T00:00:00+00:00
[2025-08-12T16:23:22.127+0000] {processor.py:179} INFO - Processing /home/vscode/.local/lib/python3.10/site-packages/airflow/example_dags/example_branch_datetime_operator.py took 0.060 seconds
[2025-08-12T16:24:08.299+0000] {processor.py:157} INFO - Started process (PID=37701) to work on /home/vscode/.local/lib/python3.10/site-packages/airflow/example_dags/example_branch_datetime_operator.py
[2025-08-12T16:24:08.299+0000] {processor.py:826} INFO - Processing file /home/vscode/.local/lib/python3.10/site-packages/airflow/example_dags/example_branch_datetime_operator.py for tasks to queue
[2025-08-12T16:24:08.300+0000] {logging_mixin.py:150} INFO - [2025-08-12T16:24:08.300+0000] {dagbag.py:541} INFO - Filling up the DagBag from /home/vscode/.local/lib/python3.10/site-packages/airflow/example_dags/example_branch_datetime_operator.py
[2025-08-12T16:24:08.307+0000] {processor.py:836} INFO - DAG(s) dict_keys(['example_branch_datetime_operator', 'example_branch_datetime_operator_3', 'example_branch_datetime_operator_2']) retrieved from /home/vscode/.local/lib/python3.10/site-packages/airflow/example_dags/example_branch_datetime_operator.py
[2025-08-12T16:24:08.324+0000] {logging_mixin.py:150} INFO - [2025-08-12T16:24:08.324+0000] {dag.py:2742} INFO - Sync 3 DAGs
[2025-08-12T16:24:08.339+0000] {logging_mixin.py:150} INFO - [2025-08-12T16:24:08.339+0000] {dag.py:3504} INFO - Setting next_dagrun for example_branch_datetime_operator to 2025-08-11T00:00:00+00:00, run_after=2025-08-12T00:00:00+00:00
[2025-08-12T16:24:08.342+0000] {logging_mixin.py:150} INFO - [2025-08-12T16:24:08.342+0000] {dag.py:3504} INFO - Setting next_dagrun for example_branch_datetime_operator_2 to 2025-08-11T00:00:00+00:00, run_after=2025-08-12T00:00:00+00:00
[2025-08-12T16:24:08.344+0000] {logging_mixin.py:150} INFO - [2025-08-12T16:24:08.344+0000] {dag.py:3504} INFO - Setting next_dagrun for example_branch_datetime_operator_3 to 2025-08-11T00:00:00+00:00, run_after=2025-08-12T00:00:00+00:00
[2025-08-12T16:24:08.358+0000] {processor.py:179} INFO - Processing /home/vscode/.local/lib/python3.10/site-packages/airflow/example_dags/example_branch_datetime_operator.py took 0.062 seconds
[2025-08-12T16:25:07.715+0000] {processor.py:157} INFO - Started process (PID=38096) to work on /home/vscode/.local/lib/python3.10/site-packages/airflow/example_dags/example_branch_datetime_operator.py
[2025-08-12T16:25:07.716+0000] {processor.py:826} INFO - Processing file /home/vscode/.local/lib/python3.10/site-packages/airflow/example_dags/example_branch_datetime_operator.py for tasks to queue
[2025-08-12T16:25:07.716+0000] {logging_mixin.py:150} INFO - [2025-08-12T16:25:07.716+0000] {dagbag.py:541} INFO - Filling up the DagBag from /home/vscode/.local/lib/python3.10/site-packages/airflow/example_dags/example_branch_datetime_operator.py
[2025-08-12T16:25:07.723+0000] {processor.py:836} INFO - DAG(s) dict_keys(['example_branch_datetime_operator_3', 'example_branch_datetime_operator_2', 'example_branch_datetime_operator']) retrieved from /home/vscode/.local/lib/python3.10/site-packages/airflow/example_dags/example_branch_datetime_operator.py
[2025-08-12T16:25:07.740+0000] {logging_mixin.py:150} INFO - [2025-08-12T16:25:07.739+0000] {dag.py:2742} INFO - Sync 3 DAGs
[2025-08-12T16:25:07.755+0000] {logging_mixin.py:150} INFO - [2025-08-12T16:25:07.755+0000] {dag.py:3504} INFO - Setting next_dagrun for example_branch_datetime_operator to 2025-08-11T00:00:00+00:00, run_after=2025-08-12T00:00:00+00:00
[2025-08-12T16:25:07.759+0000] {logging_mixin.py:150} INFO - [2025-08-12T16:25:07.759+0000] {dag.py:3504} INFO - Setting next_dagrun for example_branch_datetime_operator_2 to 2025-08-11T00:00:00+00:00, run_after=2025-08-12T00:00:00+00:00
[2025-08-12T16:25:07.761+0000] {logging_mixin.py:150} INFO - [2025-08-12T16:25:07.761+0000] {dag.py:3504} INFO - Setting next_dagrun for example_branch_datetime_operator_3 to 2025-08-11T00:00:00+00:00, run_after=2025-08-12T00:00:00+00:00
[2025-08-12T16:25:07.775+0000] {processor.py:179} INFO - Processing /home/vscode/.local/lib/python3.10/site-packages/airflow/example_dags/example_branch_datetime_operator.py took 0.062 seconds
[2025-08-12T16:26:08.372+0000] {processor.py:157} INFO - Started process (PID=38500) to work on /home/vscode/.local/lib/python3.10/site-packages/airflow/example_dags/example_branch_datetime_operator.py
[2025-08-12T16:26:08.373+0000] {processor.py:826} INFO - Processing file /home/vscode/.local/lib/python3.10/site-packages/airflow/example_dags/example_branch_datetime_operator.py for tasks to queue
[2025-08-12T16:26:08.373+0000] {logging_mixin.py:150} INFO - [2025-08-12T16:26:08.373+0000] {dagbag.py:541} INFO - Filling up the DagBag from /home/vscode/.local/lib/python3.10/site-packages/airflow/example_dags/example_branch_datetime_operator.py
[2025-08-12T16:26:08.380+0000] {processor.py:836} INFO - DAG(s) dict_keys(['example_branch_datetime_operator', 'example_branch_datetime_operator_2', 'example_branch_datetime_operator_3']) retrieved from /home/vscode/.local/lib/python3.10/site-packages/airflow/example_dags/example_branch_datetime_operator.py
[2025-08-12T16:26:08.396+0000] {logging_mixin.py:150} INFO - [2025-08-12T16:26:08.396+0000] {dag.py:2742} INFO - Sync 3 DAGs
[2025-08-12T16:26:08.411+0000] {logging_mixin.py:150} INFO - [2025-08-12T16:26:08.411+0000] {dag.py:3504} INFO - Setting next_dagrun for example_branch_datetime_operator to 2025-08-11T00:00:00+00:00, run_after=2025-08-12T00:00:00+00:00
[2025-08-12T16:26:08.414+0000] {logging_mixin.py:150} INFO - [2025-08-12T16:26:08.414+0000] {dag.py:3504} INFO - Setting next_dagrun for example_branch_datetime_operator_2 to 2025-08-11T00:00:00+00:00, run_after=2025-08-12T00:00:00+00:00
[2025-08-12T16:26:08.416+0000] {logging_mixin.py:150} INFO - [2025-08-12T16:26:08.416+0000] {dag.py:3504} INFO - Setting next_dagrun for example_branch_datetime_operator_3 to 2025-08-11T00:00:00+00:00, run_after=2025-08-12T00:00:00+00:00
[2025-08-12T16:26:08.432+0000] {processor.py:179} INFO - Processing /home/vscode/.local/lib/python3.10/site-packages/airflow/example_dags/example_branch_datetime_operator.py took 0.062 seconds
[2025-08-12T16:27:01.955+0000] {processor.py:157} INFO - Started process (PID=38854) to work on /home/vscode/.local/lib/python3.10/site-packages/airflow/example_dags/example_branch_datetime_operator.py
[2025-08-12T16:27:01.956+0000] {processor.py:826} INFO - Processing file /home/vscode/.local/lib/python3.10/site-packages/airflow/example_dags/example_branch_datetime_operator.py for tasks to queue
[2025-08-12T16:27:01.956+0000] {logging_mixin.py:150} INFO - [2025-08-12T16:27:01.956+0000] {dagbag.py:541} INFO - Filling up the DagBag from /home/vscode/.local/lib/python3.10/site-packages/airflow/example_dags/example_branch_datetime_operator.py
[2025-08-12T16:27:01.968+0000] {processor.py:836} INFO - DAG(s) dict_keys(['example_branch_datetime_operator', 'example_branch_datetime_operator_2', 'example_branch_datetime_operator_3']) retrieved from /home/vscode/.local/lib/python3.10/site-packages/airflow/example_dags/example_branch_datetime_operator.py
[2025-08-12T16:27:01.993+0000] {logging_mixin.py:150} INFO - [2025-08-12T16:27:01.992+0000] {dag.py:2742} INFO - Sync 3 DAGs
[2025-08-12T16:27:02.014+0000] {logging_mixin.py:150} INFO - [2025-08-12T16:27:02.014+0000] {dag.py:3504} INFO - Setting next_dagrun for example_branch_datetime_operator to 2025-08-11T00:00:00+00:00, run_after=2025-08-12T00:00:00+00:00
[2025-08-12T16:27:02.017+0000] {logging_mixin.py:150} INFO - [2025-08-12T16:27:02.017+0000] {dag.py:3504} INFO - Setting next_dagrun for example_branch_datetime_operator_2 to 2025-08-11T00:00:00+00:00, run_after=2025-08-12T00:00:00+00:00
[2025-08-12T16:27:02.018+0000] {logging_mixin.py:150} INFO - [2025-08-12T16:27:02.018+0000] {dag.py:3504} INFO - Setting next_dagrun for example_branch_datetime_operator_3 to 2025-08-11T00:00:00+00:00, run_after=2025-08-12T00:00:00+00:00
[2025-08-12T16:27:02.032+0000] {processor.py:179} INFO - Processing /home/vscode/.local/lib/python3.10/site-packages/airflow/example_dags/example_branch_datetime_operator.py took 0.080 seconds
[2025-08-12T16:27:45.927+0000] {processor.py:157} INFO - Started process (PID=39155) to work on /home/vscode/.local/lib/python3.10/site-packages/airflow/example_dags/example_branch_datetime_operator.py
[2025-08-12T16:27:45.927+0000] {processor.py:826} INFO - Processing file /home/vscode/.local/lib/python3.10/site-packages/airflow/example_dags/example_branch_datetime_operator.py for tasks to queue
[2025-08-12T16:27:45.928+0000] {logging_mixin.py:150} INFO - [2025-08-12T16:27:45.927+0000] {dagbag.py:541} INFO - Filling up the DagBag from /home/vscode/.local/lib/python3.10/site-packages/airflow/example_dags/example_branch_datetime_operator.py
[2025-08-12T16:27:45.935+0000] {processor.py:836} INFO - DAG(s) dict_keys(['example_branch_datetime_operator_2', 'example_branch_datetime_operator', 'example_branch_datetime_operator_3']) retrieved from /home/vscode/.local/lib/python3.10/site-packages/airflow/example_dags/example_branch_datetime_operator.py
[2025-08-12T16:27:45.952+0000] {logging_mixin.py:150} INFO - [2025-08-12T16:27:45.951+0000] {dag.py:2742} INFO - Sync 3 DAGs
[2025-08-12T16:27:45.968+0000] {logging_mixin.py:150} INFO - [2025-08-12T16:27:45.968+0000] {dag.py:3504} INFO - Setting next_dagrun for example_branch_datetime_operator to 2025-08-11T00:00:00+00:00, run_after=2025-08-12T00:00:00+00:00
[2025-08-12T16:27:45.971+0000] {logging_mixin.py:150} INFO - [2025-08-12T16:27:45.971+0000] {dag.py:3504} INFO - Setting next_dagrun for example_branch_datetime_operator_2 to 2025-08-11T00:00:00+00:00, run_after=2025-08-12T00:00:00+00:00
[2025-08-12T16:27:45.973+0000] {logging_mixin.py:150} INFO - [2025-08-12T16:27:45.972+0000] {dag.py:3504} INFO - Setting next_dagrun for example_branch_datetime_operator_3 to 2025-08-11T00:00:00+00:00, run_after=2025-08-12T00:00:00+00:00
[2025-08-12T16:27:45.988+0000] {processor.py:179} INFO - Processing /home/vscode/.local/lib/python3.10/site-packages/airflow/example_dags/example_branch_datetime_operator.py took 0.064 seconds
[2025-08-12T16:28:31.010+0000] {processor.py:157} INFO - Started process (PID=39451) to work on /home/vscode/.local/lib/python3.10/site-packages/airflow/example_dags/example_branch_datetime_operator.py
[2025-08-12T16:28:31.010+0000] {processor.py:826} INFO - Processing file /home/vscode/.local/lib/python3.10/site-packages/airflow/example_dags/example_branch_datetime_operator.py for tasks to queue
[2025-08-12T16:28:31.011+0000] {logging_mixin.py:150} INFO - [2025-08-12T16:28:31.011+0000] {dagbag.py:541} INFO - Filling up the DagBag from /home/vscode/.local/lib/python3.10/site-packages/airflow/example_dags/example_branch_datetime_operator.py
[2025-08-12T16:28:31.018+0000] {processor.py:836} INFO - DAG(s) dict_keys(['example_branch_datetime_operator_3', 'example_branch_datetime_operator_2', 'example_branch_datetime_operator']) retrieved from /home/vscode/.local/lib/python3.10/site-packages/airflow/example_dags/example_branch_datetime_operator.py
[2025-08-12T16:28:31.038+0000] {logging_mixin.py:150} INFO - [2025-08-12T16:28:31.038+0000] {dag.py:2742} INFO - Sync 3 DAGs
[2025-08-12T16:28:31.055+0000] {logging_mixin.py:150} INFO - [2025-08-12T16:28:31.055+0000] {dag.py:3504} INFO - Setting next_dagrun for example_branch_datetime_operator to 2025-08-11T00:00:00+00:00, run_after=2025-08-12T00:00:00+00:00
[2025-08-12T16:28:31.058+0000] {logging_mixin.py:150} INFO - [2025-08-12T16:28:31.058+0000] {dag.py:3504} INFO - Setting next_dagrun for example_branch_datetime_operator_2 to 2025-08-11T00:00:00+00:00, run_after=2025-08-12T00:00:00+00:00
[2025-08-12T16:28:31.060+0000] {logging_mixin.py:150} INFO - [2025-08-12T16:28:31.059+0000] {dag.py:3504} INFO - Setting next_dagrun for example_branch_datetime_operator_3 to 2025-08-11T00:00:00+00:00, run_after=2025-08-12T00:00:00+00:00
[2025-08-12T16:28:31.074+0000] {processor.py:179} INFO - Processing /home/vscode/.local/lib/python3.10/site-packages/airflow/example_dags/example_branch_datetime_operator.py took 0.066 seconds
[2025-08-12T16:29:16.640+0000] {processor.py:157} INFO - Started process (PID=39753) to work on /home/vscode/.local/lib/python3.10/site-packages/airflow/example_dags/example_branch_datetime_operator.py
[2025-08-12T16:29:16.641+0000] {processor.py:826} INFO - Processing file /home/vscode/.local/lib/python3.10/site-packages/airflow/example_dags/example_branch_datetime_operator.py for tasks to queue
[2025-08-12T16:29:16.641+0000] {logging_mixin.py:150} INFO - [2025-08-12T16:29:16.641+0000] {dagbag.py:541} INFO - Filling up the DagBag from /home/vscode/.local/lib/python3.10/site-packages/airflow/example_dags/example_branch_datetime_operator.py
[2025-08-12T16:29:16.649+0000] {processor.py:836} INFO - DAG(s) dict_keys(['example_branch_datetime_operator', 'example_branch_datetime_operator_2', 'example_branch_datetime_operator_3']) retrieved from /home/vscode/.local/lib/python3.10/site-packages/airflow/example_dags/example_branch_datetime_operator.py
[2025-08-12T16:29:16.665+0000] {logging_mixin.py:150} INFO - [2025-08-12T16:29:16.665+0000] {dag.py:2742} INFO - Sync 3 DAGs
[2025-08-12T16:29:16.680+0000] {logging_mixin.py:150} INFO - [2025-08-12T16:29:16.680+0000] {dag.py:3504} INFO - Setting next_dagrun for example_branch_datetime_operator to 2025-08-11T00:00:00+00:00, run_after=2025-08-12T00:00:00+00:00
[2025-08-12T16:29:16.683+0000] {logging_mixin.py:150} INFO - [2025-08-12T16:29:16.683+0000] {dag.py:3504} INFO - Setting next_dagrun for example_branch_datetime_operator_2 to 2025-08-11T00:00:00+00:00, run_after=2025-08-12T00:00:00+00:00
[2025-08-12T16:29:16.685+0000] {logging_mixin.py:150} INFO - [2025-08-12T16:29:16.685+0000] {dag.py:3504} INFO - Setting next_dagrun for example_branch_datetime_operator_3 to 2025-08-11T00:00:00+00:00, run_after=2025-08-12T00:00:00+00:00
[2025-08-12T16:29:16.698+0000] {processor.py:179} INFO - Processing /home/vscode/.local/lib/python3.10/site-packages/airflow/example_dags/example_branch_datetime_operator.py took 0.060 seconds
[2025-08-12T16:30:03.238+0000] {processor.py:157} INFO - Started process (PID=40062) to work on /home/vscode/.local/lib/python3.10/site-packages/airflow/example_dags/example_branch_datetime_operator.py
[2025-08-12T16:30:03.239+0000] {processor.py:826} INFO - Processing file /home/vscode/.local/lib/python3.10/site-packages/airflow/example_dags/example_branch_datetime_operator.py for tasks to queue
[2025-08-12T16:30:03.239+0000] {logging_mixin.py:150} INFO - [2025-08-12T16:30:03.239+0000] {dagbag.py:541} INFO - Filling up the DagBag from /home/vscode/.local/lib/python3.10/site-packages/airflow/example_dags/example_branch_datetime_operator.py
[2025-08-12T16:30:03.247+0000] {processor.py:836} INFO - DAG(s) dict_keys(['example_branch_datetime_operator', 'example_branch_datetime_operator_2', 'example_branch_datetime_operator_3']) retrieved from /home/vscode/.local/lib/python3.10/site-packages/airflow/example_dags/example_branch_datetime_operator.py
[2025-08-12T16:30:03.262+0000] {logging_mixin.py:150} INFO - [2025-08-12T16:30:03.262+0000] {dag.py:2742} INFO - Sync 3 DAGs
[2025-08-12T16:30:03.278+0000] {logging_mixin.py:150} INFO - [2025-08-12T16:30:03.278+0000] {dag.py:3504} INFO - Setting next_dagrun for example_branch_datetime_operator to 2025-08-11T00:00:00+00:00, run_after=2025-08-12T00:00:00+00:00
[2025-08-12T16:30:03.281+0000] {logging_mixin.py:150} INFO - [2025-08-12T16:30:03.281+0000] {dag.py:3504} INFO - Setting next_dagrun for example_branch_datetime_operator_2 to 2025-08-11T00:00:00+00:00, run_after=2025-08-12T00:00:00+00:00
[2025-08-12T16:30:03.282+0000] {logging_mixin.py:150} INFO - [2025-08-12T16:30:03.282+0000] {dag.py:3504} INFO - Setting next_dagrun for example_branch_datetime_operator_3 to 2025-08-11T00:00:00+00:00, run_after=2025-08-12T00:00:00+00:00
[2025-08-12T16:30:03.296+0000] {processor.py:179} INFO - Processing /home/vscode/.local/lib/python3.10/site-packages/airflow/example_dags/example_branch_datetime_operator.py took 0.060 seconds
