[2025-08-12T15:36:46.557+0000] {processor.py:157} INFO - Started process (PID=17860) to work on /home/vscode/.local/lib/python3.10/site-packages/airflow/example_dags/example_trigger_target_dag.py
[2025-08-12T15:36:46.558+0000] {processor.py:826} INFO - Processing file /home/vscode/.local/lib/python3.10/site-packages/airflow/example_dags/example_trigger_target_dag.py for tasks to queue
[2025-08-12T15:36:46.559+0000] {logging_mixin.py:150} INFO - [2025-08-12T15:36:46.559+0000] {dagbag.py:541} INFO - Filling up the DagBag from /home/vscode/.local/lib/python3.10/site-packages/airflow/example_dags/example_trigger_target_dag.py
[2025-08-12T15:36:46.565+0000] {processor.py:836} INFO - DAG(s) dict_keys(['example_trigger_target_dag']) retrieved from /home/vscode/.local/lib/python3.10/site-packages/airflow/example_dags/example_trigger_target_dag.py
[2025-08-12T15:36:46.644+0000] {logging_mixin.py:150} INFO - [2025-08-12T15:36:46.644+0000] {manager.py:504} INFO - Created Permission View: can edit on DAG:example_trigger_target_dag
[2025-08-12T15:36:46.653+0000] {logging_mixin.py:150} INFO - [2025-08-12T15:36:46.653+0000] {manager.py:504} INFO - Created Permission View: can read on DAG:example_trigger_target_dag
[2025-08-12T15:36:46.659+0000] {logging_mixin.py:150} INFO - [2025-08-12T15:36:46.659+0000] {manager.py:504} INFO - Created Permission View: can delete on DAG:example_trigger_target_dag
[2025-08-12T15:36:46.667+0000] {logging_mixin.py:150} INFO - [2025-08-12T15:36:46.667+0000] {dag.py:2742} INFO - Sync 1 DAGs
[2025-08-12T15:36:46.676+0000] {logging_mixin.py:150} INFO - [2025-08-12T15:36:46.676+0000] {dag.py:2763} INFO - Creating ORM DAG for example_trigger_target_dag
[2025-08-12T15:36:46.682+0000] {logging_mixin.py:150} INFO - [2025-08-12T15:36:46.682+0000] {dag.py:3504} INFO - Setting next_dagrun for example_trigger_target_dag to None, run_after=None
[2025-08-12T15:36:46.698+0000] {processor.py:179} INFO - Processing /home/vscode/.local/lib/python3.10/site-packages/airflow/example_dags/example_trigger_target_dag.py took 0.143 seconds
[2025-08-12T15:37:35.007+0000] {processor.py:157} INFO - Started process (PID=18220) to work on /home/vscode/.local/lib/python3.10/site-packages/airflow/example_dags/example_trigger_target_dag.py
[2025-08-12T15:37:35.008+0000] {processor.py:826} INFO - Processing file /home/vscode/.local/lib/python3.10/site-packages/airflow/example_dags/example_trigger_target_dag.py for tasks to queue
[2025-08-12T15:37:35.009+0000] {logging_mixin.py:150} INFO - [2025-08-12T15:37:35.008+0000] {dagbag.py:541} INFO - Filling up the DagBag from /home/vscode/.local/lib/python3.10/site-packages/airflow/example_dags/example_trigger_target_dag.py
[2025-08-12T15:37:35.013+0000] {processor.py:836} INFO - DAG(s) dict_keys(['example_trigger_target_dag']) retrieved from /home/vscode/.local/lib/python3.10/site-packages/airflow/example_dags/example_trigger_target_dag.py
[2025-08-12T15:37:35.024+0000] {logging_mixin.py:150} INFO - [2025-08-12T15:37:35.024+0000] {dag.py:2742} INFO - Sync 1 DAGs
[2025-08-12T15:37:35.039+0000] {logging_mixin.py:150} INFO - [2025-08-12T15:37:35.039+0000] {dag.py:3504} INFO - Setting next_dagrun for example_trigger_target_dag to None, run_after=None
[2025-08-12T15:37:35.056+0000] {processor.py:179} INFO - Processing /home/vscode/.local/lib/python3.10/site-packages/airflow/example_dags/example_trigger_target_dag.py took 0.051 seconds
[2025-08-12T15:38:20.233+0000] {processor.py:157} INFO - Started process (PID=18571) to work on /home/vscode/.local/lib/python3.10/site-packages/airflow/example_dags/example_trigger_target_dag.py
[2025-08-12T15:38:20.233+0000] {processor.py:826} INFO - Processing file /home/vscode/.local/lib/python3.10/site-packages/airflow/example_dags/example_trigger_target_dag.py for tasks to queue
[2025-08-12T15:38:20.234+0000] {logging_mixin.py:150} INFO - [2025-08-12T15:38:20.234+0000] {dagbag.py:541} INFO - Filling up the DagBag from /home/vscode/.local/lib/python3.10/site-packages/airflow/example_dags/example_trigger_target_dag.py
[2025-08-12T15:38:20.239+0000] {processor.py:836} INFO - DAG(s) dict_keys(['example_trigger_target_dag']) retrieved from /home/vscode/.local/lib/python3.10/site-packages/airflow/example_dags/example_trigger_target_dag.py
[2025-08-12T15:38:20.250+0000] {logging_mixin.py:150} INFO - [2025-08-12T15:38:20.250+0000] {dag.py:2742} INFO - Sync 1 DAGs
[2025-08-12T15:38:20.265+0000] {logging_mixin.py:150} INFO - [2025-08-12T15:38:20.265+0000] {dag.py:3504} INFO - Setting next_dagrun for example_trigger_target_dag to None, run_after=None
[2025-08-12T15:38:20.281+0000] {processor.py:179} INFO - Processing /home/vscode/.local/lib/python3.10/site-packages/airflow/example_dags/example_trigger_target_dag.py took 0.051 seconds
[2025-08-12T15:39:07.978+0000] {processor.py:157} INFO - Started process (PID=18971) to work on /home/vscode/.local/lib/python3.10/site-packages/airflow/example_dags/example_trigger_target_dag.py
[2025-08-12T15:39:07.979+0000] {processor.py:826} INFO - Processing file /home/vscode/.local/lib/python3.10/site-packages/airflow/example_dags/example_trigger_target_dag.py for tasks to queue
[2025-08-12T15:39:07.979+0000] {logging_mixin.py:150} INFO - [2025-08-12T15:39:07.979+0000] {dagbag.py:541} INFO - Filling up the DagBag from /home/vscode/.local/lib/python3.10/site-packages/airflow/example_dags/example_trigger_target_dag.py
[2025-08-12T15:39:07.983+0000] {processor.py:836} INFO - DAG(s) dict_keys(['example_trigger_target_dag']) retrieved from /home/vscode/.local/lib/python3.10/site-packages/airflow/example_dags/example_trigger_target_dag.py
[2025-08-12T15:39:07.995+0000] {logging_mixin.py:150} INFO - [2025-08-12T15:39:07.995+0000] {dag.py:2742} INFO - Sync 1 DAGs
[2025-08-12T15:39:08.009+0000] {logging_mixin.py:150} INFO - [2025-08-12T15:39:08.009+0000] {dag.py:3504} INFO - Setting next_dagrun for example_trigger_target_dag to None, run_after=None
[2025-08-12T15:39:08.025+0000] {processor.py:179} INFO - Processing /home/vscode/.local/lib/python3.10/site-packages/airflow/example_dags/example_trigger_target_dag.py took 0.049 seconds
[2025-08-12T15:39:50.806+0000] {processor.py:157} INFO - Started process (PID=19258) to work on /home/vscode/.local/lib/python3.10/site-packages/airflow/example_dags/example_trigger_target_dag.py
[2025-08-12T15:39:50.808+0000] {processor.py:826} INFO - Processing file /home/vscode/.local/lib/python3.10/site-packages/airflow/example_dags/example_trigger_target_dag.py for tasks to queue
[2025-08-12T15:39:50.809+0000] {logging_mixin.py:150} INFO - [2025-08-12T15:39:50.808+0000] {dagbag.py:541} INFO - Filling up the DagBag from /home/vscode/.local/lib/python3.10/site-packages/airflow/example_dags/example_trigger_target_dag.py
[2025-08-12T15:39:50.815+0000] {processor.py:836} INFO - DAG(s) dict_keys(['example_trigger_target_dag']) retrieved from /home/vscode/.local/lib/python3.10/site-packages/airflow/example_dags/example_trigger_target_dag.py
[2025-08-12T15:39:50.828+0000] {logging_mixin.py:150} INFO - [2025-08-12T15:39:50.828+0000] {dag.py:2742} INFO - Sync 1 DAGs
[2025-08-12T15:39:50.847+0000] {logging_mixin.py:150} INFO - [2025-08-12T15:39:50.846+0000] {dag.py:3504} INFO - Setting next_dagrun for example_trigger_target_dag to None, run_after=None
[2025-08-12T15:39:50.862+0000] {processor.py:179} INFO - Processing /home/vscode/.local/lib/python3.10/site-packages/airflow/example_dags/example_trigger_target_dag.py took 0.059 seconds
[2025-08-12T15:40:38.608+0000] {processor.py:157} INFO - Started process (PID=19579) to work on /home/vscode/.local/lib/python3.10/site-packages/airflow/example_dags/example_trigger_target_dag.py
[2025-08-12T15:40:38.609+0000] {processor.py:826} INFO - Processing file /home/vscode/.local/lib/python3.10/site-packages/airflow/example_dags/example_trigger_target_dag.py for tasks to queue
[2025-08-12T15:40:38.610+0000] {logging_mixin.py:150} INFO - [2025-08-12T15:40:38.609+0000] {dagbag.py:541} INFO - Filling up the DagBag from /home/vscode/.local/lib/python3.10/site-packages/airflow/example_dags/example_trigger_target_dag.py
[2025-08-12T15:40:38.614+0000] {processor.py:836} INFO - DAG(s) dict_keys(['example_trigger_target_dag']) retrieved from /home/vscode/.local/lib/python3.10/site-packages/airflow/example_dags/example_trigger_target_dag.py
[2025-08-12T15:40:38.625+0000] {logging_mixin.py:150} INFO - [2025-08-12T15:40:38.625+0000] {dag.py:2742} INFO - Sync 1 DAGs
[2025-08-12T15:40:38.639+0000] {logging_mixin.py:150} INFO - [2025-08-12T15:40:38.639+0000] {dag.py:3504} INFO - Setting next_dagrun for example_trigger_target_dag to None, run_after=None
[2025-08-12T15:40:38.654+0000] {processor.py:179} INFO - Processing /home/vscode/.local/lib/python3.10/site-packages/airflow/example_dags/example_trigger_target_dag.py took 0.048 seconds
[2025-08-12T15:41:21.319+0000] {processor.py:157} INFO - Started process (PID=19857) to work on /home/vscode/.local/lib/python3.10/site-packages/airflow/example_dags/example_trigger_target_dag.py
[2025-08-12T15:41:21.320+0000] {processor.py:826} INFO - Processing file /home/vscode/.local/lib/python3.10/site-packages/airflow/example_dags/example_trigger_target_dag.py for tasks to queue
[2025-08-12T15:41:21.320+0000] {logging_mixin.py:150} INFO - [2025-08-12T15:41:21.320+0000] {dagbag.py:541} INFO - Filling up the DagBag from /home/vscode/.local/lib/python3.10/site-packages/airflow/example_dags/example_trigger_target_dag.py
[2025-08-12T15:41:21.325+0000] {processor.py:836} INFO - DAG(s) dict_keys(['example_trigger_target_dag']) retrieved from /home/vscode/.local/lib/python3.10/site-packages/airflow/example_dags/example_trigger_target_dag.py
[2025-08-12T15:41:21.336+0000] {logging_mixin.py:150} INFO - [2025-08-12T15:41:21.336+0000] {dag.py:2742} INFO - Sync 1 DAGs
[2025-08-12T15:41:21.350+0000] {logging_mixin.py:150} INFO - [2025-08-12T15:41:21.350+0000] {dag.py:3504} INFO - Setting next_dagrun for example_trigger_target_dag to None, run_after=None
[2025-08-12T15:41:21.365+0000] {processor.py:179} INFO - Processing /home/vscode/.local/lib/python3.10/site-packages/airflow/example_dags/example_trigger_target_dag.py took 0.049 seconds
[2025-08-12T15:42:07.604+0000] {processor.py:157} INFO - Started process (PID=20166) to work on /home/vscode/.local/lib/python3.10/site-packages/airflow/example_dags/example_trigger_target_dag.py
[2025-08-12T15:42:07.605+0000] {processor.py:826} INFO - Processing file /home/vscode/.local/lib/python3.10/site-packages/airflow/example_dags/example_trigger_target_dag.py for tasks to queue
[2025-08-12T15:42:07.606+0000] {logging_mixin.py:150} INFO - [2025-08-12T15:42:07.605+0000] {dagbag.py:541} INFO - Filling up the DagBag from /home/vscode/.local/lib/python3.10/site-packages/airflow/example_dags/example_trigger_target_dag.py
[2025-08-12T15:42:07.610+0000] {processor.py:836} INFO - DAG(s) dict_keys(['example_trigger_target_dag']) retrieved from /home/vscode/.local/lib/python3.10/site-packages/airflow/example_dags/example_trigger_target_dag.py
[2025-08-12T15:42:07.621+0000] {logging_mixin.py:150} INFO - [2025-08-12T15:42:07.621+0000] {dag.py:2742} INFO - Sync 1 DAGs
[2025-08-12T15:42:07.635+0000] {logging_mixin.py:150} INFO - [2025-08-12T15:42:07.635+0000] {dag.py:3504} INFO - Setting next_dagrun for example_trigger_target_dag to None, run_after=None
[2025-08-12T15:42:07.649+0000] {processor.py:179} INFO - Processing /home/vscode/.local/lib/python3.10/site-packages/airflow/example_dags/example_trigger_target_dag.py took 0.047 seconds
[2025-08-12T15:42:50.656+0000] {processor.py:157} INFO - Started process (PID=20454) to work on /home/vscode/.local/lib/python3.10/site-packages/airflow/example_dags/example_trigger_target_dag.py
[2025-08-12T15:42:50.657+0000] {processor.py:826} INFO - Processing file /home/vscode/.local/lib/python3.10/site-packages/airflow/example_dags/example_trigger_target_dag.py for tasks to queue
[2025-08-12T15:42:50.658+0000] {logging_mixin.py:150} INFO - [2025-08-12T15:42:50.657+0000] {dagbag.py:541} INFO - Filling up the DagBag from /home/vscode/.local/lib/python3.10/site-packages/airflow/example_dags/example_trigger_target_dag.py
[2025-08-12T15:42:50.662+0000] {processor.py:836} INFO - DAG(s) dict_keys(['example_trigger_target_dag']) retrieved from /home/vscode/.local/lib/python3.10/site-packages/airflow/example_dags/example_trigger_target_dag.py
[2025-08-12T15:42:50.673+0000] {logging_mixin.py:150} INFO - [2025-08-12T15:42:50.673+0000] {dag.py:2742} INFO - Sync 1 DAGs
[2025-08-12T15:42:50.686+0000] {logging_mixin.py:150} INFO - [2025-08-12T15:42:50.686+0000] {dag.py:3504} INFO - Setting next_dagrun for example_trigger_target_dag to None, run_after=None
[2025-08-12T15:42:50.701+0000] {processor.py:179} INFO - Processing /home/vscode/.local/lib/python3.10/site-packages/airflow/example_dags/example_trigger_target_dag.py took 0.047 seconds
[2025-08-12T15:43:30.646+0000] {processor.py:157} INFO - Started process (PID=20720) to work on /home/vscode/.local/lib/python3.10/site-packages/airflow/example_dags/example_trigger_target_dag.py
[2025-08-12T15:43:30.647+0000] {processor.py:826} INFO - Processing file /home/vscode/.local/lib/python3.10/site-packages/airflow/example_dags/example_trigger_target_dag.py for tasks to queue
[2025-08-12T15:43:30.647+0000] {logging_mixin.py:150} INFO - [2025-08-12T15:43:30.647+0000] {dagbag.py:541} INFO - Filling up the DagBag from /home/vscode/.local/lib/python3.10/site-packages/airflow/example_dags/example_trigger_target_dag.py
[2025-08-12T15:43:30.652+0000] {processor.py:836} INFO - DAG(s) dict_keys(['example_trigger_target_dag']) retrieved from /home/vscode/.local/lib/python3.10/site-packages/airflow/example_dags/example_trigger_target_dag.py
[2025-08-12T15:43:30.662+0000] {logging_mixin.py:150} INFO - [2025-08-12T15:43:30.662+0000] {dag.py:2742} INFO - Sync 1 DAGs
[2025-08-12T15:43:30.676+0000] {logging_mixin.py:150} INFO - [2025-08-12T15:43:30.676+0000] {dag.py:3504} INFO - Setting next_dagrun for example_trigger_target_dag to None, run_after=None
[2025-08-12T15:43:30.692+0000] {processor.py:179} INFO - Processing /home/vscode/.local/lib/python3.10/site-packages/airflow/example_dags/example_trigger_target_dag.py took 0.048 seconds
[2025-08-12T15:44:14.435+0000] {processor.py:157} INFO - Started process (PID=21006) to work on /home/vscode/.local/lib/python3.10/site-packages/airflow/example_dags/example_trigger_target_dag.py
[2025-08-12T15:44:14.436+0000] {processor.py:826} INFO - Processing file /home/vscode/.local/lib/python3.10/site-packages/airflow/example_dags/example_trigger_target_dag.py for tasks to queue
[2025-08-12T15:44:14.436+0000] {logging_mixin.py:150} INFO - [2025-08-12T15:44:14.436+0000] {dagbag.py:541} INFO - Filling up the DagBag from /home/vscode/.local/lib/python3.10/site-packages/airflow/example_dags/example_trigger_target_dag.py
[2025-08-12T15:44:14.441+0000] {processor.py:836} INFO - DAG(s) dict_keys(['example_trigger_target_dag']) retrieved from /home/vscode/.local/lib/python3.10/site-packages/airflow/example_dags/example_trigger_target_dag.py
[2025-08-12T15:44:14.452+0000] {logging_mixin.py:150} INFO - [2025-08-12T15:44:14.452+0000] {dag.py:2742} INFO - Sync 1 DAGs
[2025-08-12T15:44:14.466+0000] {logging_mixin.py:150} INFO - [2025-08-12T15:44:14.466+0000] {dag.py:3504} INFO - Setting next_dagrun for example_trigger_target_dag to None, run_after=None
[2025-08-12T15:44:14.481+0000] {processor.py:179} INFO - Processing /home/vscode/.local/lib/python3.10/site-packages/airflow/example_dags/example_trigger_target_dag.py took 0.048 seconds
[2025-08-12T15:44:55.559+0000] {processor.py:157} INFO - Started process (PID=21288) to work on /home/vscode/.local/lib/python3.10/site-packages/airflow/example_dags/example_trigger_target_dag.py
[2025-08-12T15:44:55.560+0000] {processor.py:826} INFO - Processing file /home/vscode/.local/lib/python3.10/site-packages/airflow/example_dags/example_trigger_target_dag.py for tasks to queue
[2025-08-12T15:44:55.561+0000] {logging_mixin.py:150} INFO - [2025-08-12T15:44:55.561+0000] {dagbag.py:541} INFO - Filling up the DagBag from /home/vscode/.local/lib/python3.10/site-packages/airflow/example_dags/example_trigger_target_dag.py
[2025-08-12T15:44:55.568+0000] {processor.py:836} INFO - DAG(s) dict_keys(['example_trigger_target_dag']) retrieved from /home/vscode/.local/lib/python3.10/site-packages/airflow/example_dags/example_trigger_target_dag.py
[2025-08-12T15:44:55.584+0000] {logging_mixin.py:150} INFO - [2025-08-12T15:44:55.583+0000] {dag.py:2742} INFO - Sync 1 DAGs
[2025-08-12T15:44:55.598+0000] {logging_mixin.py:150} INFO - [2025-08-12T15:44:55.598+0000] {dag.py:3504} INFO - Setting next_dagrun for example_trigger_target_dag to None, run_after=None
[2025-08-12T15:44:55.614+0000] {processor.py:179} INFO - Processing /home/vscode/.local/lib/python3.10/site-packages/airflow/example_dags/example_trigger_target_dag.py took 0.059 seconds
[2025-08-12T15:45:39.755+0000] {processor.py:157} INFO - Started process (PID=21581) to work on /home/vscode/.local/lib/python3.10/site-packages/airflow/example_dags/example_trigger_target_dag.py
[2025-08-12T15:45:39.755+0000] {processor.py:826} INFO - Processing file /home/vscode/.local/lib/python3.10/site-packages/airflow/example_dags/example_trigger_target_dag.py for tasks to queue
[2025-08-12T15:45:39.756+0000] {logging_mixin.py:150} INFO - [2025-08-12T15:45:39.756+0000] {dagbag.py:541} INFO - Filling up the DagBag from /home/vscode/.local/lib/python3.10/site-packages/airflow/example_dags/example_trigger_target_dag.py
[2025-08-12T15:45:39.761+0000] {processor.py:836} INFO - DAG(s) dict_keys(['example_trigger_target_dag']) retrieved from /home/vscode/.local/lib/python3.10/site-packages/airflow/example_dags/example_trigger_target_dag.py
[2025-08-12T15:45:39.773+0000] {logging_mixin.py:150} INFO - [2025-08-12T15:45:39.773+0000] {dag.py:2742} INFO - Sync 1 DAGs
[2025-08-12T15:45:39.788+0000] {logging_mixin.py:150} INFO - [2025-08-12T15:45:39.788+0000] {dag.py:3504} INFO - Setting next_dagrun for example_trigger_target_dag to None, run_after=None
[2025-08-12T15:45:39.805+0000] {processor.py:179} INFO - Processing /home/vscode/.local/lib/python3.10/site-packages/airflow/example_dags/example_trigger_target_dag.py took 0.052 seconds
[2025-08-12T15:46:22.948+0000] {processor.py:157} INFO - Started process (PID=21866) to work on /home/vscode/.local/lib/python3.10/site-packages/airflow/example_dags/example_trigger_target_dag.py
[2025-08-12T15:46:22.949+0000] {processor.py:826} INFO - Processing file /home/vscode/.local/lib/python3.10/site-packages/airflow/example_dags/example_trigger_target_dag.py for tasks to queue
[2025-08-12T15:46:22.950+0000] {logging_mixin.py:150} INFO - [2025-08-12T15:46:22.949+0000] {dagbag.py:541} INFO - Filling up the DagBag from /home/vscode/.local/lib/python3.10/site-packages/airflow/example_dags/example_trigger_target_dag.py
[2025-08-12T15:46:22.954+0000] {processor.py:836} INFO - DAG(s) dict_keys(['example_trigger_target_dag']) retrieved from /home/vscode/.local/lib/python3.10/site-packages/airflow/example_dags/example_trigger_target_dag.py
[2025-08-12T15:46:22.965+0000] {logging_mixin.py:150} INFO - [2025-08-12T15:46:22.965+0000] {dag.py:2742} INFO - Sync 1 DAGs
[2025-08-12T15:46:22.980+0000] {logging_mixin.py:150} INFO - [2025-08-12T15:46:22.979+0000] {dag.py:3504} INFO - Setting next_dagrun for example_trigger_target_dag to None, run_after=None
[2025-08-12T15:46:22.998+0000] {processor.py:179} INFO - Processing /home/vscode/.local/lib/python3.10/site-packages/airflow/example_dags/example_trigger_target_dag.py took 0.052 seconds
[2025-08-12T15:47:05.446+0000] {processor.py:157} INFO - Started process (PID=22153) to work on /home/vscode/.local/lib/python3.10/site-packages/airflow/example_dags/example_trigger_target_dag.py
[2025-08-12T15:47:05.447+0000] {processor.py:826} INFO - Processing file /home/vscode/.local/lib/python3.10/site-packages/airflow/example_dags/example_trigger_target_dag.py for tasks to queue
[2025-08-12T15:47:05.448+0000] {logging_mixin.py:150} INFO - [2025-08-12T15:47:05.447+0000] {dagbag.py:541} INFO - Filling up the DagBag from /home/vscode/.local/lib/python3.10/site-packages/airflow/example_dags/example_trigger_target_dag.py
[2025-08-12T15:47:05.452+0000] {processor.py:836} INFO - DAG(s) dict_keys(['example_trigger_target_dag']) retrieved from /home/vscode/.local/lib/python3.10/site-packages/airflow/example_dags/example_trigger_target_dag.py
[2025-08-12T15:47:05.465+0000] {logging_mixin.py:150} INFO - [2025-08-12T15:47:05.464+0000] {dag.py:2742} INFO - Sync 1 DAGs
[2025-08-12T15:47:05.479+0000] {logging_mixin.py:150} INFO - [2025-08-12T15:47:05.478+0000] {dag.py:3504} INFO - Setting next_dagrun for example_trigger_target_dag to None, run_after=None
[2025-08-12T15:47:05.495+0000] {processor.py:179} INFO - Processing /home/vscode/.local/lib/python3.10/site-packages/airflow/example_dags/example_trigger_target_dag.py took 0.051 seconds
[2025-08-12T15:47:47.325+0000] {processor.py:157} INFO - Started process (PID=22436) to work on /home/vscode/.local/lib/python3.10/site-packages/airflow/example_dags/example_trigger_target_dag.py
[2025-08-12T15:47:47.326+0000] {processor.py:826} INFO - Processing file /home/vscode/.local/lib/python3.10/site-packages/airflow/example_dags/example_trigger_target_dag.py for tasks to queue
[2025-08-12T15:47:47.326+0000] {logging_mixin.py:150} INFO - [2025-08-12T15:47:47.326+0000] {dagbag.py:541} INFO - Filling up the DagBag from /home/vscode/.local/lib/python3.10/site-packages/airflow/example_dags/example_trigger_target_dag.py
[2025-08-12T15:47:47.331+0000] {processor.py:836} INFO - DAG(s) dict_keys(['example_trigger_target_dag']) retrieved from /home/vscode/.local/lib/python3.10/site-packages/airflow/example_dags/example_trigger_target_dag.py
[2025-08-12T15:47:47.342+0000] {logging_mixin.py:150} INFO - [2025-08-12T15:47:47.342+0000] {dag.py:2742} INFO - Sync 1 DAGs
[2025-08-12T15:47:47.357+0000] {logging_mixin.py:150} INFO - [2025-08-12T15:47:47.357+0000] {dag.py:3504} INFO - Setting next_dagrun for example_trigger_target_dag to None, run_after=None
[2025-08-12T15:47:47.372+0000] {processor.py:179} INFO - Processing /home/vscode/.local/lib/python3.10/site-packages/airflow/example_dags/example_trigger_target_dag.py took 0.049 seconds
[2025-08-12T15:48:26.169+0000] {processor.py:157} INFO - Started process (PID=22689) to work on /home/vscode/.local/lib/python3.10/site-packages/airflow/example_dags/example_trigger_target_dag.py
[2025-08-12T15:48:26.169+0000] {processor.py:826} INFO - Processing file /home/vscode/.local/lib/python3.10/site-packages/airflow/example_dags/example_trigger_target_dag.py for tasks to queue
[2025-08-12T15:48:26.170+0000] {logging_mixin.py:150} INFO - [2025-08-12T15:48:26.170+0000] {dagbag.py:541} INFO - Filling up the DagBag from /home/vscode/.local/lib/python3.10/site-packages/airflow/example_dags/example_trigger_target_dag.py
[2025-08-12T15:48:26.174+0000] {processor.py:836} INFO - DAG(s) dict_keys(['example_trigger_target_dag']) retrieved from /home/vscode/.local/lib/python3.10/site-packages/airflow/example_dags/example_trigger_target_dag.py
[2025-08-12T15:48:26.186+0000] {logging_mixin.py:150} INFO - [2025-08-12T15:48:26.185+0000] {dag.py:2742} INFO - Sync 1 DAGs
[2025-08-12T15:48:26.199+0000] {logging_mixin.py:150} INFO - [2025-08-12T15:48:26.199+0000] {dag.py:3504} INFO - Setting next_dagrun for example_trigger_target_dag to None, run_after=None
[2025-08-12T15:48:26.216+0000] {processor.py:179} INFO - Processing /home/vscode/.local/lib/python3.10/site-packages/airflow/example_dags/example_trigger_target_dag.py took 0.049 seconds
[2025-08-12T15:49:07.122+0000] {processor.py:157} INFO - Started process (PID=22984) to work on /home/vscode/.local/lib/python3.10/site-packages/airflow/example_dags/example_trigger_target_dag.py
[2025-08-12T15:49:07.122+0000] {processor.py:826} INFO - Processing file /home/vscode/.local/lib/python3.10/site-packages/airflow/example_dags/example_trigger_target_dag.py for tasks to queue
[2025-08-12T15:49:07.123+0000] {logging_mixin.py:150} INFO - [2025-08-12T15:49:07.123+0000] {dagbag.py:541} INFO - Filling up the DagBag from /home/vscode/.local/lib/python3.10/site-packages/airflow/example_dags/example_trigger_target_dag.py
[2025-08-12T15:49:07.128+0000] {processor.py:836} INFO - DAG(s) dict_keys(['example_trigger_target_dag']) retrieved from /home/vscode/.local/lib/python3.10/site-packages/airflow/example_dags/example_trigger_target_dag.py
[2025-08-12T15:49:07.139+0000] {logging_mixin.py:150} INFO - [2025-08-12T15:49:07.139+0000] {dag.py:2742} INFO - Sync 1 DAGs
[2025-08-12T15:49:07.153+0000] {logging_mixin.py:150} INFO - [2025-08-12T15:49:07.153+0000] {dag.py:3504} INFO - Setting next_dagrun for example_trigger_target_dag to None, run_after=None
[2025-08-12T15:49:07.169+0000] {processor.py:179} INFO - Processing /home/vscode/.local/lib/python3.10/site-packages/airflow/example_dags/example_trigger_target_dag.py took 0.050 seconds
[2025-08-12T15:49:49.363+0000] {processor.py:157} INFO - Started process (PID=23310) to work on /home/vscode/.local/lib/python3.10/site-packages/airflow/example_dags/example_trigger_target_dag.py
[2025-08-12T15:49:49.363+0000] {processor.py:826} INFO - Processing file /home/vscode/.local/lib/python3.10/site-packages/airflow/example_dags/example_trigger_target_dag.py for tasks to queue
[2025-08-12T15:49:49.364+0000] {logging_mixin.py:150} INFO - [2025-08-12T15:49:49.364+0000] {dagbag.py:541} INFO - Filling up the DagBag from /home/vscode/.local/lib/python3.10/site-packages/airflow/example_dags/example_trigger_target_dag.py
[2025-08-12T15:49:49.368+0000] {processor.py:836} INFO - DAG(s) dict_keys(['example_trigger_target_dag']) retrieved from /home/vscode/.local/lib/python3.10/site-packages/airflow/example_dags/example_trigger_target_dag.py
[2025-08-12T15:49:49.380+0000] {logging_mixin.py:150} INFO - [2025-08-12T15:49:49.380+0000] {dag.py:2742} INFO - Sync 1 DAGs
[2025-08-12T15:49:49.394+0000] {logging_mixin.py:150} INFO - [2025-08-12T15:49:49.394+0000] {dag.py:3504} INFO - Setting next_dagrun for example_trigger_target_dag to None, run_after=None
[2025-08-12T15:49:49.412+0000] {processor.py:179} INFO - Processing /home/vscode/.local/lib/python3.10/site-packages/airflow/example_dags/example_trigger_target_dag.py took 0.051 seconds
[2025-08-12T15:50:35.644+0000] {processor.py:157} INFO - Started process (PID=23809) to work on /home/vscode/.local/lib/python3.10/site-packages/airflow/example_dags/example_trigger_target_dag.py
[2025-08-12T15:50:35.644+0000] {processor.py:826} INFO - Processing file /home/vscode/.local/lib/python3.10/site-packages/airflow/example_dags/example_trigger_target_dag.py for tasks to queue
[2025-08-12T15:50:35.645+0000] {logging_mixin.py:150} INFO - [2025-08-12T15:50:35.644+0000] {dagbag.py:541} INFO - Filling up the DagBag from /home/vscode/.local/lib/python3.10/site-packages/airflow/example_dags/example_trigger_target_dag.py
[2025-08-12T15:50:35.649+0000] {processor.py:836} INFO - DAG(s) dict_keys(['example_trigger_target_dag']) retrieved from /home/vscode/.local/lib/python3.10/site-packages/airflow/example_dags/example_trigger_target_dag.py
[2025-08-12T15:50:35.665+0000] {logging_mixin.py:150} INFO - [2025-08-12T15:50:35.664+0000] {dag.py:2742} INFO - Sync 1 DAGs
[2025-08-12T15:50:35.685+0000] {logging_mixin.py:150} INFO - [2025-08-12T15:50:35.685+0000] {dag.py:3504} INFO - Setting next_dagrun for example_trigger_target_dag to None, run_after=None
[2025-08-12T15:50:35.702+0000] {processor.py:179} INFO - Processing /home/vscode/.local/lib/python3.10/site-packages/airflow/example_dags/example_trigger_target_dag.py took 0.060 seconds
[2025-08-12T15:51:18.744+0000] {processor.py:157} INFO - Started process (PID=24095) to work on /home/vscode/.local/lib/python3.10/site-packages/airflow/example_dags/example_trigger_target_dag.py
[2025-08-12T15:51:18.744+0000] {processor.py:826} INFO - Processing file /home/vscode/.local/lib/python3.10/site-packages/airflow/example_dags/example_trigger_target_dag.py for tasks to queue
[2025-08-12T15:51:18.745+0000] {logging_mixin.py:150} INFO - [2025-08-12T15:51:18.745+0000] {dagbag.py:541} INFO - Filling up the DagBag from /home/vscode/.local/lib/python3.10/site-packages/airflow/example_dags/example_trigger_target_dag.py
[2025-08-12T15:51:18.749+0000] {processor.py:836} INFO - DAG(s) dict_keys(['example_trigger_target_dag']) retrieved from /home/vscode/.local/lib/python3.10/site-packages/airflow/example_dags/example_trigger_target_dag.py
[2025-08-12T15:51:18.761+0000] {logging_mixin.py:150} INFO - [2025-08-12T15:51:18.761+0000] {dag.py:2742} INFO - Sync 1 DAGs
[2025-08-12T15:51:18.775+0000] {logging_mixin.py:150} INFO - [2025-08-12T15:51:18.775+0000] {dag.py:3504} INFO - Setting next_dagrun for example_trigger_target_dag to None, run_after=None
[2025-08-12T15:51:18.791+0000] {processor.py:179} INFO - Processing /home/vscode/.local/lib/python3.10/site-packages/airflow/example_dags/example_trigger_target_dag.py took 0.050 seconds
[2025-08-12T15:52:01.891+0000] {processor.py:157} INFO - Started process (PID=24383) to work on /home/vscode/.local/lib/python3.10/site-packages/airflow/example_dags/example_trigger_target_dag.py
[2025-08-12T15:52:01.892+0000] {processor.py:826} INFO - Processing file /home/vscode/.local/lib/python3.10/site-packages/airflow/example_dags/example_trigger_target_dag.py for tasks to queue
[2025-08-12T15:52:01.892+0000] {logging_mixin.py:150} INFO - [2025-08-12T15:52:01.892+0000] {dagbag.py:541} INFO - Filling up the DagBag from /home/vscode/.local/lib/python3.10/site-packages/airflow/example_dags/example_trigger_target_dag.py
[2025-08-12T15:52:01.896+0000] {processor.py:836} INFO - DAG(s) dict_keys(['example_trigger_target_dag']) retrieved from /home/vscode/.local/lib/python3.10/site-packages/airflow/example_dags/example_trigger_target_dag.py
[2025-08-12T15:52:01.908+0000] {logging_mixin.py:150} INFO - [2025-08-12T15:52:01.908+0000] {dag.py:2742} INFO - Sync 1 DAGs
[2025-08-12T15:52:01.922+0000] {logging_mixin.py:150} INFO - [2025-08-12T15:52:01.921+0000] {dag.py:3504} INFO - Setting next_dagrun for example_trigger_target_dag to None, run_after=None
[2025-08-12T15:52:01.937+0000] {processor.py:179} INFO - Processing /home/vscode/.local/lib/python3.10/site-packages/airflow/example_dags/example_trigger_target_dag.py took 0.049 seconds
[2025-08-12T15:52:45.130+0000] {processor.py:157} INFO - Started process (PID=24688) to work on /home/vscode/.local/lib/python3.10/site-packages/airflow/example_dags/example_trigger_target_dag.py
[2025-08-12T15:52:45.131+0000] {processor.py:826} INFO - Processing file /home/vscode/.local/lib/python3.10/site-packages/airflow/example_dags/example_trigger_target_dag.py for tasks to queue
[2025-08-12T15:52:45.132+0000] {logging_mixin.py:150} INFO - [2025-08-12T15:52:45.131+0000] {dagbag.py:541} INFO - Filling up the DagBag from /home/vscode/.local/lib/python3.10/site-packages/airflow/example_dags/example_trigger_target_dag.py
[2025-08-12T15:52:45.136+0000] {processor.py:836} INFO - DAG(s) dict_keys(['example_trigger_target_dag']) retrieved from /home/vscode/.local/lib/python3.10/site-packages/airflow/example_dags/example_trigger_target_dag.py
[2025-08-12T15:52:45.147+0000] {logging_mixin.py:150} INFO - [2025-08-12T15:52:45.147+0000] {dag.py:2742} INFO - Sync 1 DAGs
[2025-08-12T15:52:45.161+0000] {logging_mixin.py:150} INFO - [2025-08-12T15:52:45.161+0000] {dag.py:3504} INFO - Setting next_dagrun for example_trigger_target_dag to None, run_after=None
[2025-08-12T15:52:45.177+0000] {processor.py:179} INFO - Processing /home/vscode/.local/lib/python3.10/site-packages/airflow/example_dags/example_trigger_target_dag.py took 0.048 seconds
[2025-08-12T15:53:28.679+0000] {processor.py:157} INFO - Started process (PID=25024) to work on /home/vscode/.local/lib/python3.10/site-packages/airflow/example_dags/example_trigger_target_dag.py
[2025-08-12T15:53:28.680+0000] {processor.py:826} INFO - Processing file /home/vscode/.local/lib/python3.10/site-packages/airflow/example_dags/example_trigger_target_dag.py for tasks to queue
[2025-08-12T15:53:28.680+0000] {logging_mixin.py:150} INFO - [2025-08-12T15:53:28.680+0000] {dagbag.py:541} INFO - Filling up the DagBag from /home/vscode/.local/lib/python3.10/site-packages/airflow/example_dags/example_trigger_target_dag.py
[2025-08-12T15:53:28.685+0000] {processor.py:836} INFO - DAG(s) dict_keys(['example_trigger_target_dag']) retrieved from /home/vscode/.local/lib/python3.10/site-packages/airflow/example_dags/example_trigger_target_dag.py
[2025-08-12T15:53:28.696+0000] {logging_mixin.py:150} INFO - [2025-08-12T15:53:28.696+0000] {dag.py:2742} INFO - Sync 1 DAGs
[2025-08-12T15:53:28.709+0000] {logging_mixin.py:150} INFO - [2025-08-12T15:53:28.709+0000] {dag.py:3504} INFO - Setting next_dagrun for example_trigger_target_dag to None, run_after=None
[2025-08-12T15:53:28.725+0000] {processor.py:179} INFO - Processing /home/vscode/.local/lib/python3.10/site-packages/airflow/example_dags/example_trigger_target_dag.py took 0.047 seconds
[2025-08-12T15:54:09.806+0000] {processor.py:157} INFO - Started process (PID=25341) to work on /home/vscode/.local/lib/python3.10/site-packages/airflow/example_dags/example_trigger_target_dag.py
[2025-08-12T15:54:09.806+0000] {processor.py:826} INFO - Processing file /home/vscode/.local/lib/python3.10/site-packages/airflow/example_dags/example_trigger_target_dag.py for tasks to queue
[2025-08-12T15:54:09.807+0000] {logging_mixin.py:150} INFO - [2025-08-12T15:54:09.807+0000] {dagbag.py:541} INFO - Filling up the DagBag from /home/vscode/.local/lib/python3.10/site-packages/airflow/example_dags/example_trigger_target_dag.py
[2025-08-12T15:54:09.811+0000] {processor.py:836} INFO - DAG(s) dict_keys(['example_trigger_target_dag']) retrieved from /home/vscode/.local/lib/python3.10/site-packages/airflow/example_dags/example_trigger_target_dag.py
[2025-08-12T15:54:09.823+0000] {logging_mixin.py:150} INFO - [2025-08-12T15:54:09.822+0000] {dag.py:2742} INFO - Sync 1 DAGs
[2025-08-12T15:54:09.837+0000] {logging_mixin.py:150} INFO - [2025-08-12T15:54:09.837+0000] {dag.py:3504} INFO - Setting next_dagrun for example_trigger_target_dag to None, run_after=None
[2025-08-12T15:54:09.852+0000] {processor.py:179} INFO - Processing /home/vscode/.local/lib/python3.10/site-packages/airflow/example_dags/example_trigger_target_dag.py took 0.048 seconds
[2025-08-12T15:54:43.532+0000] {processor.py:157} INFO - Started process (PID=25599) to work on /home/vscode/.local/lib/python3.10/site-packages/airflow/example_dags/example_trigger_target_dag.py
[2025-08-12T15:54:43.532+0000] {processor.py:826} INFO - Processing file /home/vscode/.local/lib/python3.10/site-packages/airflow/example_dags/example_trigger_target_dag.py for tasks to queue
[2025-08-12T15:54:43.533+0000] {logging_mixin.py:150} INFO - [2025-08-12T15:54:43.533+0000] {dagbag.py:541} INFO - Filling up the DagBag from /home/vscode/.local/lib/python3.10/site-packages/airflow/example_dags/example_trigger_target_dag.py
[2025-08-12T15:54:43.537+0000] {processor.py:836} INFO - DAG(s) dict_keys(['example_trigger_target_dag']) retrieved from /home/vscode/.local/lib/python3.10/site-packages/airflow/example_dags/example_trigger_target_dag.py
[2025-08-12T15:54:43.548+0000] {logging_mixin.py:150} INFO - [2025-08-12T15:54:43.548+0000] {dag.py:2742} INFO - Sync 1 DAGs
[2025-08-12T15:54:43.562+0000] {logging_mixin.py:150} INFO - [2025-08-12T15:54:43.562+0000] {dag.py:3504} INFO - Setting next_dagrun for example_trigger_target_dag to None, run_after=None
[2025-08-12T15:54:43.577+0000] {processor.py:179} INFO - Processing /home/vscode/.local/lib/python3.10/site-packages/airflow/example_dags/example_trigger_target_dag.py took 0.048 seconds
[2025-08-12T15:55:25.747+0000] {processor.py:157} INFO - Started process (PID=25925) to work on /home/vscode/.local/lib/python3.10/site-packages/airflow/example_dags/example_trigger_target_dag.py
[2025-08-12T15:55:25.748+0000] {processor.py:826} INFO - Processing file /home/vscode/.local/lib/python3.10/site-packages/airflow/example_dags/example_trigger_target_dag.py for tasks to queue
[2025-08-12T15:55:25.749+0000] {logging_mixin.py:150} INFO - [2025-08-12T15:55:25.748+0000] {dagbag.py:541} INFO - Filling up the DagBag from /home/vscode/.local/lib/python3.10/site-packages/airflow/example_dags/example_trigger_target_dag.py
[2025-08-12T15:55:25.753+0000] {processor.py:836} INFO - DAG(s) dict_keys(['example_trigger_target_dag']) retrieved from /home/vscode/.local/lib/python3.10/site-packages/airflow/example_dags/example_trigger_target_dag.py
[2025-08-12T15:55:25.764+0000] {logging_mixin.py:150} INFO - [2025-08-12T15:55:25.764+0000] {dag.py:2742} INFO - Sync 1 DAGs
[2025-08-12T15:55:25.778+0000] {logging_mixin.py:150} INFO - [2025-08-12T15:55:25.778+0000] {dag.py:3504} INFO - Setting next_dagrun for example_trigger_target_dag to None, run_after=None
[2025-08-12T15:55:25.795+0000] {processor.py:179} INFO - Processing /home/vscode/.local/lib/python3.10/site-packages/airflow/example_dags/example_trigger_target_dag.py took 0.050 seconds
[2025-08-12T15:56:10.877+0000] {processor.py:157} INFO - Started process (PID=26271) to work on /home/vscode/.local/lib/python3.10/site-packages/airflow/example_dags/example_trigger_target_dag.py
[2025-08-12T15:56:10.878+0000] {processor.py:826} INFO - Processing file /home/vscode/.local/lib/python3.10/site-packages/airflow/example_dags/example_trigger_target_dag.py for tasks to queue
[2025-08-12T15:56:10.878+0000] {logging_mixin.py:150} INFO - [2025-08-12T15:56:10.878+0000] {dagbag.py:541} INFO - Filling up the DagBag from /home/vscode/.local/lib/python3.10/site-packages/airflow/example_dags/example_trigger_target_dag.py
[2025-08-12T15:56:10.883+0000] {processor.py:836} INFO - DAG(s) dict_keys(['example_trigger_target_dag']) retrieved from /home/vscode/.local/lib/python3.10/site-packages/airflow/example_dags/example_trigger_target_dag.py
[2025-08-12T15:56:10.895+0000] {logging_mixin.py:150} INFO - [2025-08-12T15:56:10.895+0000] {dag.py:2742} INFO - Sync 1 DAGs
[2025-08-12T15:56:10.910+0000] {logging_mixin.py:150} INFO - [2025-08-12T15:56:10.910+0000] {dag.py:3504} INFO - Setting next_dagrun for example_trigger_target_dag to None, run_after=None
[2025-08-12T15:56:10.927+0000] {processor.py:179} INFO - Processing /home/vscode/.local/lib/python3.10/site-packages/airflow/example_dags/example_trigger_target_dag.py took 0.052 seconds
[2025-08-12T15:56:53.075+0000] {processor.py:157} INFO - Started process (PID=26595) to work on /home/vscode/.local/lib/python3.10/site-packages/airflow/example_dags/example_trigger_target_dag.py
[2025-08-12T15:56:53.075+0000] {processor.py:826} INFO - Processing file /home/vscode/.local/lib/python3.10/site-packages/airflow/example_dags/example_trigger_target_dag.py for tasks to queue
[2025-08-12T15:56:53.076+0000] {logging_mixin.py:150} INFO - [2025-08-12T15:56:53.076+0000] {dagbag.py:541} INFO - Filling up the DagBag from /home/vscode/.local/lib/python3.10/site-packages/airflow/example_dags/example_trigger_target_dag.py
[2025-08-12T15:56:53.080+0000] {processor.py:836} INFO - DAG(s) dict_keys(['example_trigger_target_dag']) retrieved from /home/vscode/.local/lib/python3.10/site-packages/airflow/example_dags/example_trigger_target_dag.py
[2025-08-12T15:56:53.092+0000] {logging_mixin.py:150} INFO - [2025-08-12T15:56:53.092+0000] {dag.py:2742} INFO - Sync 1 DAGs
[2025-08-12T15:56:53.111+0000] {logging_mixin.py:150} INFO - [2025-08-12T15:56:53.111+0000] {dag.py:3504} INFO - Setting next_dagrun for example_trigger_target_dag to None, run_after=None
[2025-08-12T15:56:53.133+0000] {processor.py:179} INFO - Processing /home/vscode/.local/lib/python3.10/site-packages/airflow/example_dags/example_trigger_target_dag.py took 0.060 seconds
[2025-08-12T15:57:32.482+0000] {processor.py:157} INFO - Started process (PID=26901) to work on /home/vscode/.local/lib/python3.10/site-packages/airflow/example_dags/example_trigger_target_dag.py
[2025-08-12T15:57:32.483+0000] {processor.py:826} INFO - Processing file /home/vscode/.local/lib/python3.10/site-packages/airflow/example_dags/example_trigger_target_dag.py for tasks to queue
[2025-08-12T15:57:32.483+0000] {logging_mixin.py:150} INFO - [2025-08-12T15:57:32.483+0000] {dagbag.py:541} INFO - Filling up the DagBag from /home/vscode/.local/lib/python3.10/site-packages/airflow/example_dags/example_trigger_target_dag.py
[2025-08-12T15:57:32.488+0000] {processor.py:836} INFO - DAG(s) dict_keys(['example_trigger_target_dag']) retrieved from /home/vscode/.local/lib/python3.10/site-packages/airflow/example_dags/example_trigger_target_dag.py
[2025-08-12T15:57:32.500+0000] {logging_mixin.py:150} INFO - [2025-08-12T15:57:32.500+0000] {dag.py:2742} INFO - Sync 1 DAGs
[2025-08-12T15:57:32.514+0000] {logging_mixin.py:150} INFO - [2025-08-12T15:57:32.514+0000] {dag.py:3504} INFO - Setting next_dagrun for example_trigger_target_dag to None, run_after=None
[2025-08-12T15:57:32.530+0000] {processor.py:179} INFO - Processing /home/vscode/.local/lib/python3.10/site-packages/airflow/example_dags/example_trigger_target_dag.py took 0.051 seconds
[2025-08-12T15:58:17.933+0000] {processor.py:157} INFO - Started process (PID=27213) to work on /home/vscode/.local/lib/python3.10/site-packages/airflow/example_dags/example_trigger_target_dag.py
[2025-08-12T15:58:17.933+0000] {processor.py:826} INFO - Processing file /home/vscode/.local/lib/python3.10/site-packages/airflow/example_dags/example_trigger_target_dag.py for tasks to queue
[2025-08-12T15:58:17.934+0000] {logging_mixin.py:150} INFO - [2025-08-12T15:58:17.934+0000] {dagbag.py:541} INFO - Filling up the DagBag from /home/vscode/.local/lib/python3.10/site-packages/airflow/example_dags/example_trigger_target_dag.py
[2025-08-12T15:58:17.939+0000] {processor.py:836} INFO - DAG(s) dict_keys(['example_trigger_target_dag']) retrieved from /home/vscode/.local/lib/python3.10/site-packages/airflow/example_dags/example_trigger_target_dag.py
[2025-08-12T15:58:17.950+0000] {logging_mixin.py:150} INFO - [2025-08-12T15:58:17.950+0000] {dag.py:2742} INFO - Sync 1 DAGs
[2025-08-12T15:58:17.965+0000] {logging_mixin.py:150} INFO - [2025-08-12T15:58:17.964+0000] {dag.py:3504} INFO - Setting next_dagrun for example_trigger_target_dag to None, run_after=None
[2025-08-12T15:58:17.980+0000] {processor.py:179} INFO - Processing /home/vscode/.local/lib/python3.10/site-packages/airflow/example_dags/example_trigger_target_dag.py took 0.050 seconds
[2025-08-12T15:59:03.222+0000] {processor.py:157} INFO - Started process (PID=27514) to work on /home/vscode/.local/lib/python3.10/site-packages/airflow/example_dags/example_trigger_target_dag.py
[2025-08-12T15:59:03.222+0000] {processor.py:826} INFO - Processing file /home/vscode/.local/lib/python3.10/site-packages/airflow/example_dags/example_trigger_target_dag.py for tasks to queue
[2025-08-12T15:59:03.223+0000] {logging_mixin.py:150} INFO - [2025-08-12T15:59:03.223+0000] {dagbag.py:541} INFO - Filling up the DagBag from /home/vscode/.local/lib/python3.10/site-packages/airflow/example_dags/example_trigger_target_dag.py
[2025-08-12T15:59:03.227+0000] {processor.py:836} INFO - DAG(s) dict_keys(['example_trigger_target_dag']) retrieved from /home/vscode/.local/lib/python3.10/site-packages/airflow/example_dags/example_trigger_target_dag.py
[2025-08-12T15:59:03.238+0000] {logging_mixin.py:150} INFO - [2025-08-12T15:59:03.238+0000] {dag.py:2742} INFO - Sync 1 DAGs
[2025-08-12T15:59:03.252+0000] {logging_mixin.py:150} INFO - [2025-08-12T15:59:03.252+0000] {dag.py:3504} INFO - Setting next_dagrun for example_trigger_target_dag to None, run_after=None
[2025-08-12T15:59:03.268+0000] {processor.py:179} INFO - Processing /home/vscode/.local/lib/python3.10/site-packages/airflow/example_dags/example_trigger_target_dag.py took 0.048 seconds
[2025-08-12T15:59:41.846+0000] {processor.py:157} INFO - Started process (PID=27776) to work on /home/vscode/.local/lib/python3.10/site-packages/airflow/example_dags/example_trigger_target_dag.py
[2025-08-12T15:59:41.846+0000] {processor.py:826} INFO - Processing file /home/vscode/.local/lib/python3.10/site-packages/airflow/example_dags/example_trigger_target_dag.py for tasks to queue
[2025-08-12T15:59:41.847+0000] {logging_mixin.py:150} INFO - [2025-08-12T15:59:41.847+0000] {dagbag.py:541} INFO - Filling up the DagBag from /home/vscode/.local/lib/python3.10/site-packages/airflow/example_dags/example_trigger_target_dag.py
[2025-08-12T15:59:41.851+0000] {processor.py:836} INFO - DAG(s) dict_keys(['example_trigger_target_dag']) retrieved from /home/vscode/.local/lib/python3.10/site-packages/airflow/example_dags/example_trigger_target_dag.py
[2025-08-12T15:59:41.863+0000] {logging_mixin.py:150} INFO - [2025-08-12T15:59:41.863+0000] {dag.py:2742} INFO - Sync 1 DAGs
[2025-08-12T15:59:41.878+0000] {logging_mixin.py:150} INFO - [2025-08-12T15:59:41.877+0000] {dag.py:3504} INFO - Setting next_dagrun for example_trigger_target_dag to None, run_after=None
[2025-08-12T15:59:41.895+0000] {processor.py:179} INFO - Processing /home/vscode/.local/lib/python3.10/site-packages/airflow/example_dags/example_trigger_target_dag.py took 0.052 seconds
[2025-08-12T16:00:24.433+0000] {processor.py:157} INFO - Started process (PID=28058) to work on /home/vscode/.local/lib/python3.10/site-packages/airflow/example_dags/example_trigger_target_dag.py
[2025-08-12T16:00:24.434+0000] {processor.py:826} INFO - Processing file /home/vscode/.local/lib/python3.10/site-packages/airflow/example_dags/example_trigger_target_dag.py for tasks to queue
[2025-08-12T16:00:24.434+0000] {logging_mixin.py:150} INFO - [2025-08-12T16:00:24.434+0000] {dagbag.py:541} INFO - Filling up the DagBag from /home/vscode/.local/lib/python3.10/site-packages/airflow/example_dags/example_trigger_target_dag.py
[2025-08-12T16:00:24.439+0000] {processor.py:836} INFO - DAG(s) dict_keys(['example_trigger_target_dag']) retrieved from /home/vscode/.local/lib/python3.10/site-packages/airflow/example_dags/example_trigger_target_dag.py
[2025-08-12T16:00:24.450+0000] {logging_mixin.py:150} INFO - [2025-08-12T16:00:24.450+0000] {dag.py:2742} INFO - Sync 1 DAGs
[2025-08-12T16:00:24.464+0000] {logging_mixin.py:150} INFO - [2025-08-12T16:00:24.464+0000] {dag.py:3504} INFO - Setting next_dagrun for example_trigger_target_dag to None, run_after=None
[2025-08-12T16:00:24.480+0000] {processor.py:179} INFO - Processing /home/vscode/.local/lib/python3.10/site-packages/airflow/example_dags/example_trigger_target_dag.py took 0.049 seconds
[2025-08-12T16:01:06.812+0000] {processor.py:157} INFO - Started process (PID=28467) to work on /home/vscode/.local/lib/python3.10/site-packages/airflow/example_dags/example_trigger_target_dag.py
[2025-08-12T16:01:06.813+0000] {processor.py:826} INFO - Processing file /home/vscode/.local/lib/python3.10/site-packages/airflow/example_dags/example_trigger_target_dag.py for tasks to queue
[2025-08-12T16:01:06.813+0000] {logging_mixin.py:150} INFO - [2025-08-12T16:01:06.813+0000] {dagbag.py:541} INFO - Filling up the DagBag from /home/vscode/.local/lib/python3.10/site-packages/airflow/example_dags/example_trigger_target_dag.py
[2025-08-12T16:01:06.818+0000] {processor.py:836} INFO - DAG(s) dict_keys(['example_trigger_target_dag']) retrieved from /home/vscode/.local/lib/python3.10/site-packages/airflow/example_dags/example_trigger_target_dag.py
[2025-08-12T16:01:06.830+0000] {logging_mixin.py:150} INFO - [2025-08-12T16:01:06.829+0000] {dag.py:2742} INFO - Sync 1 DAGs
[2025-08-12T16:01:06.848+0000] {logging_mixin.py:150} INFO - [2025-08-12T16:01:06.847+0000] {dag.py:3504} INFO - Setting next_dagrun for example_trigger_target_dag to None, run_after=None
[2025-08-12T16:01:06.866+0000] {processor.py:179} INFO - Processing /home/vscode/.local/lib/python3.10/site-packages/airflow/example_dags/example_trigger_target_dag.py took 0.056 seconds
[2025-08-12T16:01:43.965+0000] {processor.py:157} INFO - Started process (PID=28754) to work on /home/vscode/.local/lib/python3.10/site-packages/airflow/example_dags/example_trigger_target_dag.py
[2025-08-12T16:01:43.965+0000] {processor.py:826} INFO - Processing file /home/vscode/.local/lib/python3.10/site-packages/airflow/example_dags/example_trigger_target_dag.py for tasks to queue
[2025-08-12T16:01:43.966+0000] {logging_mixin.py:150} INFO - [2025-08-12T16:01:43.966+0000] {dagbag.py:541} INFO - Filling up the DagBag from /home/vscode/.local/lib/python3.10/site-packages/airflow/example_dags/example_trigger_target_dag.py
[2025-08-12T16:01:43.971+0000] {processor.py:836} INFO - DAG(s) dict_keys(['example_trigger_target_dag']) retrieved from /home/vscode/.local/lib/python3.10/site-packages/airflow/example_dags/example_trigger_target_dag.py
[2025-08-12T16:01:43.987+0000] {logging_mixin.py:150} INFO - [2025-08-12T16:01:43.987+0000] {dag.py:2742} INFO - Sync 1 DAGs
[2025-08-12T16:01:44.008+0000] {logging_mixin.py:150} INFO - [2025-08-12T16:01:44.008+0000] {dag.py:3504} INFO - Setting next_dagrun for example_trigger_target_dag to None, run_after=None
[2025-08-12T16:01:44.031+0000] {processor.py:179} INFO - Processing /home/vscode/.local/lib/python3.10/site-packages/airflow/example_dags/example_trigger_target_dag.py took 0.069 seconds
[2025-08-12T16:02:27.326+0000] {processor.py:157} INFO - Started process (PID=29047) to work on /home/vscode/.local/lib/python3.10/site-packages/airflow/example_dags/example_trigger_target_dag.py
[2025-08-12T16:02:27.327+0000] {processor.py:826} INFO - Processing file /home/vscode/.local/lib/python3.10/site-packages/airflow/example_dags/example_trigger_target_dag.py for tasks to queue
[2025-08-12T16:02:27.328+0000] {logging_mixin.py:150} INFO - [2025-08-12T16:02:27.327+0000] {dagbag.py:541} INFO - Filling up the DagBag from /home/vscode/.local/lib/python3.10/site-packages/airflow/example_dags/example_trigger_target_dag.py
[2025-08-12T16:02:27.332+0000] {processor.py:836} INFO - DAG(s) dict_keys(['example_trigger_target_dag']) retrieved from /home/vscode/.local/lib/python3.10/site-packages/airflow/example_dags/example_trigger_target_dag.py
[2025-08-12T16:02:27.343+0000] {logging_mixin.py:150} INFO - [2025-08-12T16:02:27.343+0000] {dag.py:2742} INFO - Sync 1 DAGs
[2025-08-12T16:02:27.357+0000] {logging_mixin.py:150} INFO - [2025-08-12T16:02:27.357+0000] {dag.py:3504} INFO - Setting next_dagrun for example_trigger_target_dag to None, run_after=None
[2025-08-12T16:02:27.374+0000] {processor.py:179} INFO - Processing /home/vscode/.local/lib/python3.10/site-packages/airflow/example_dags/example_trigger_target_dag.py took 0.049 seconds
[2025-08-12T16:03:05.328+0000] {processor.py:157} INFO - Started process (PID=29297) to work on /home/vscode/.local/lib/python3.10/site-packages/airflow/example_dags/example_trigger_target_dag.py
[2025-08-12T16:03:05.328+0000] {processor.py:826} INFO - Processing file /home/vscode/.local/lib/python3.10/site-packages/airflow/example_dags/example_trigger_target_dag.py for tasks to queue
[2025-08-12T16:03:05.329+0000] {logging_mixin.py:150} INFO - [2025-08-12T16:03:05.329+0000] {dagbag.py:541} INFO - Filling up the DagBag from /home/vscode/.local/lib/python3.10/site-packages/airflow/example_dags/example_trigger_target_dag.py
[2025-08-12T16:03:05.333+0000] {processor.py:836} INFO - DAG(s) dict_keys(['example_trigger_target_dag']) retrieved from /home/vscode/.local/lib/python3.10/site-packages/airflow/example_dags/example_trigger_target_dag.py
[2025-08-12T16:03:05.345+0000] {logging_mixin.py:150} INFO - [2025-08-12T16:03:05.345+0000] {dag.py:2742} INFO - Sync 1 DAGs
[2025-08-12T16:03:05.359+0000] {logging_mixin.py:150} INFO - [2025-08-12T16:03:05.359+0000] {dag.py:3504} INFO - Setting next_dagrun for example_trigger_target_dag to None, run_after=None
[2025-08-12T16:03:05.375+0000] {processor.py:179} INFO - Processing /home/vscode/.local/lib/python3.10/site-packages/airflow/example_dags/example_trigger_target_dag.py took 0.050 seconds
[2025-08-12T16:03:50.573+0000] {processor.py:157} INFO - Started process (PID=29592) to work on /home/vscode/.local/lib/python3.10/site-packages/airflow/example_dags/example_trigger_target_dag.py
[2025-08-12T16:03:50.573+0000] {processor.py:826} INFO - Processing file /home/vscode/.local/lib/python3.10/site-packages/airflow/example_dags/example_trigger_target_dag.py for tasks to queue
[2025-08-12T16:03:50.574+0000] {logging_mixin.py:150} INFO - [2025-08-12T16:03:50.574+0000] {dagbag.py:541} INFO - Filling up the DagBag from /home/vscode/.local/lib/python3.10/site-packages/airflow/example_dags/example_trigger_target_dag.py
[2025-08-12T16:03:50.578+0000] {processor.py:836} INFO - DAG(s) dict_keys(['example_trigger_target_dag']) retrieved from /home/vscode/.local/lib/python3.10/site-packages/airflow/example_dags/example_trigger_target_dag.py
[2025-08-12T16:03:50.589+0000] {logging_mixin.py:150} INFO - [2025-08-12T16:03:50.589+0000] {dag.py:2742} INFO - Sync 1 DAGs
[2025-08-12T16:03:50.604+0000] {logging_mixin.py:150} INFO - [2025-08-12T16:03:50.604+0000] {dag.py:3504} INFO - Setting next_dagrun for example_trigger_target_dag to None, run_after=None
[2025-08-12T16:03:50.620+0000] {processor.py:179} INFO - Processing /home/vscode/.local/lib/python3.10/site-packages/airflow/example_dags/example_trigger_target_dag.py took 0.049 seconds
[2025-08-12T16:04:39.014+0000] {processor.py:157} INFO - Started process (PID=29918) to work on /home/vscode/.local/lib/python3.10/site-packages/airflow/example_dags/example_trigger_target_dag.py
[2025-08-12T16:04:39.014+0000] {processor.py:826} INFO - Processing file /home/vscode/.local/lib/python3.10/site-packages/airflow/example_dags/example_trigger_target_dag.py for tasks to queue
[2025-08-12T16:04:39.015+0000] {logging_mixin.py:150} INFO - [2025-08-12T16:04:39.015+0000] {dagbag.py:541} INFO - Filling up the DagBag from /home/vscode/.local/lib/python3.10/site-packages/airflow/example_dags/example_trigger_target_dag.py
[2025-08-12T16:04:39.019+0000] {processor.py:836} INFO - DAG(s) dict_keys(['example_trigger_target_dag']) retrieved from /home/vscode/.local/lib/python3.10/site-packages/airflow/example_dags/example_trigger_target_dag.py
[2025-08-12T16:04:39.030+0000] {logging_mixin.py:150} INFO - [2025-08-12T16:04:39.030+0000] {dag.py:2742} INFO - Sync 1 DAGs
[2025-08-12T16:04:39.043+0000] {logging_mixin.py:150} INFO - [2025-08-12T16:04:39.043+0000] {dag.py:3504} INFO - Setting next_dagrun for example_trigger_target_dag to None, run_after=None
[2025-08-12T16:04:39.058+0000] {processor.py:179} INFO - Processing /home/vscode/.local/lib/python3.10/site-packages/airflow/example_dags/example_trigger_target_dag.py took 0.047 seconds
[2025-08-12T16:05:22.545+0000] {processor.py:157} INFO - Started process (PID=30205) to work on /home/vscode/.local/lib/python3.10/site-packages/airflow/example_dags/example_trigger_target_dag.py
[2025-08-12T16:05:22.546+0000] {processor.py:826} INFO - Processing file /home/vscode/.local/lib/python3.10/site-packages/airflow/example_dags/example_trigger_target_dag.py for tasks to queue
[2025-08-12T16:05:22.547+0000] {logging_mixin.py:150} INFO - [2025-08-12T16:05:22.546+0000] {dagbag.py:541} INFO - Filling up the DagBag from /home/vscode/.local/lib/python3.10/site-packages/airflow/example_dags/example_trigger_target_dag.py
[2025-08-12T16:05:22.551+0000] {processor.py:836} INFO - DAG(s) dict_keys(['example_trigger_target_dag']) retrieved from /home/vscode/.local/lib/python3.10/site-packages/airflow/example_dags/example_trigger_target_dag.py
[2025-08-12T16:05:22.562+0000] {logging_mixin.py:150} INFO - [2025-08-12T16:05:22.562+0000] {dag.py:2742} INFO - Sync 1 DAGs
[2025-08-12T16:05:22.576+0000] {logging_mixin.py:150} INFO - [2025-08-12T16:05:22.576+0000] {dag.py:3504} INFO - Setting next_dagrun for example_trigger_target_dag to None, run_after=None
[2025-08-12T16:05:22.591+0000] {processor.py:179} INFO - Processing /home/vscode/.local/lib/python3.10/site-packages/airflow/example_dags/example_trigger_target_dag.py took 0.048 seconds
[2025-08-12T16:06:06.804+0000] {processor.py:157} INFO - Started process (PID=30505) to work on /home/vscode/.local/lib/python3.10/site-packages/airflow/example_dags/example_trigger_target_dag.py
[2025-08-12T16:06:06.805+0000] {processor.py:826} INFO - Processing file /home/vscode/.local/lib/python3.10/site-packages/airflow/example_dags/example_trigger_target_dag.py for tasks to queue
[2025-08-12T16:06:06.805+0000] {logging_mixin.py:150} INFO - [2025-08-12T16:06:06.805+0000] {dagbag.py:541} INFO - Filling up the DagBag from /home/vscode/.local/lib/python3.10/site-packages/airflow/example_dags/example_trigger_target_dag.py
[2025-08-12T16:06:06.810+0000] {processor.py:836} INFO - DAG(s) dict_keys(['example_trigger_target_dag']) retrieved from /home/vscode/.local/lib/python3.10/site-packages/airflow/example_dags/example_trigger_target_dag.py
[2025-08-12T16:06:06.821+0000] {logging_mixin.py:150} INFO - [2025-08-12T16:06:06.821+0000] {dag.py:2742} INFO - Sync 1 DAGs
[2025-08-12T16:06:06.835+0000] {logging_mixin.py:150} INFO - [2025-08-12T16:06:06.834+0000] {dag.py:3504} INFO - Setting next_dagrun for example_trigger_target_dag to None, run_after=None
[2025-08-12T16:06:06.850+0000] {processor.py:179} INFO - Processing /home/vscode/.local/lib/python3.10/site-packages/airflow/example_dags/example_trigger_target_dag.py took 0.048 seconds
[2025-08-12T16:06:54.419+0000] {processor.py:157} INFO - Started process (PID=30818) to work on /home/vscode/.local/lib/python3.10/site-packages/airflow/example_dags/example_trigger_target_dag.py
[2025-08-12T16:06:54.420+0000] {processor.py:826} INFO - Processing file /home/vscode/.local/lib/python3.10/site-packages/airflow/example_dags/example_trigger_target_dag.py for tasks to queue
[2025-08-12T16:06:54.420+0000] {logging_mixin.py:150} INFO - [2025-08-12T16:06:54.420+0000] {dagbag.py:541} INFO - Filling up the DagBag from /home/vscode/.local/lib/python3.10/site-packages/airflow/example_dags/example_trigger_target_dag.py
[2025-08-12T16:06:54.424+0000] {processor.py:836} INFO - DAG(s) dict_keys(['example_trigger_target_dag']) retrieved from /home/vscode/.local/lib/python3.10/site-packages/airflow/example_dags/example_trigger_target_dag.py
[2025-08-12T16:06:54.435+0000] {logging_mixin.py:150} INFO - [2025-08-12T16:06:54.435+0000] {dag.py:2742} INFO - Sync 1 DAGs
[2025-08-12T16:06:54.449+0000] {logging_mixin.py:150} INFO - [2025-08-12T16:06:54.449+0000] {dag.py:3504} INFO - Setting next_dagrun for example_trigger_target_dag to None, run_after=None
[2025-08-12T16:06:54.464+0000] {processor.py:179} INFO - Processing /home/vscode/.local/lib/python3.10/site-packages/airflow/example_dags/example_trigger_target_dag.py took 0.047 seconds
[2025-08-12T16:07:35.561+0000] {processor.py:157} INFO - Started process (PID=31093) to work on /home/vscode/.local/lib/python3.10/site-packages/airflow/example_dags/example_trigger_target_dag.py
[2025-08-12T16:07:35.561+0000] {processor.py:826} INFO - Processing file /home/vscode/.local/lib/python3.10/site-packages/airflow/example_dags/example_trigger_target_dag.py for tasks to queue
[2025-08-12T16:07:35.562+0000] {logging_mixin.py:150} INFO - [2025-08-12T16:07:35.562+0000] {dagbag.py:541} INFO - Filling up the DagBag from /home/vscode/.local/lib/python3.10/site-packages/airflow/example_dags/example_trigger_target_dag.py
[2025-08-12T16:07:35.566+0000] {processor.py:836} INFO - DAG(s) dict_keys(['example_trigger_target_dag']) retrieved from /home/vscode/.local/lib/python3.10/site-packages/airflow/example_dags/example_trigger_target_dag.py
[2025-08-12T16:07:35.578+0000] {logging_mixin.py:150} INFO - [2025-08-12T16:07:35.578+0000] {dag.py:2742} INFO - Sync 1 DAGs
[2025-08-12T16:07:35.592+0000] {logging_mixin.py:150} INFO - [2025-08-12T16:07:35.592+0000] {dag.py:3504} INFO - Setting next_dagrun for example_trigger_target_dag to None, run_after=None
[2025-08-12T16:07:35.608+0000] {processor.py:179} INFO - Processing /home/vscode/.local/lib/python3.10/site-packages/airflow/example_dags/example_trigger_target_dag.py took 0.049 seconds
[2025-08-12T16:08:17.775+0000] {processor.py:157} INFO - Started process (PID=31378) to work on /home/vscode/.local/lib/python3.10/site-packages/airflow/example_dags/example_trigger_target_dag.py
[2025-08-12T16:08:17.775+0000] {processor.py:826} INFO - Processing file /home/vscode/.local/lib/python3.10/site-packages/airflow/example_dags/example_trigger_target_dag.py for tasks to queue
[2025-08-12T16:08:17.776+0000] {logging_mixin.py:150} INFO - [2025-08-12T16:08:17.776+0000] {dagbag.py:541} INFO - Filling up the DagBag from /home/vscode/.local/lib/python3.10/site-packages/airflow/example_dags/example_trigger_target_dag.py
[2025-08-12T16:08:17.780+0000] {processor.py:836} INFO - DAG(s) dict_keys(['example_trigger_target_dag']) retrieved from /home/vscode/.local/lib/python3.10/site-packages/airflow/example_dags/example_trigger_target_dag.py
[2025-08-12T16:08:17.791+0000] {logging_mixin.py:150} INFO - [2025-08-12T16:08:17.791+0000] {dag.py:2742} INFO - Sync 1 DAGs
[2025-08-12T16:08:17.804+0000] {logging_mixin.py:150} INFO - [2025-08-12T16:08:17.804+0000] {dag.py:3504} INFO - Setting next_dagrun for example_trigger_target_dag to None, run_after=None
[2025-08-12T16:08:17.819+0000] {processor.py:179} INFO - Processing /home/vscode/.local/lib/python3.10/site-packages/airflow/example_dags/example_trigger_target_dag.py took 0.047 seconds
[2025-08-12T16:08:58.912+0000] {processor.py:157} INFO - Started process (PID=31652) to work on /home/vscode/.local/lib/python3.10/site-packages/airflow/example_dags/example_trigger_target_dag.py
[2025-08-12T16:08:58.913+0000] {processor.py:826} INFO - Processing file /home/vscode/.local/lib/python3.10/site-packages/airflow/example_dags/example_trigger_target_dag.py for tasks to queue
[2025-08-12T16:08:58.913+0000] {logging_mixin.py:150} INFO - [2025-08-12T16:08:58.913+0000] {dagbag.py:541} INFO - Filling up the DagBag from /home/vscode/.local/lib/python3.10/site-packages/airflow/example_dags/example_trigger_target_dag.py
[2025-08-12T16:08:58.918+0000] {processor.py:836} INFO - DAG(s) dict_keys(['example_trigger_target_dag']) retrieved from /home/vscode/.local/lib/python3.10/site-packages/airflow/example_dags/example_trigger_target_dag.py
[2025-08-12T16:08:58.930+0000] {logging_mixin.py:150} INFO - [2025-08-12T16:08:58.929+0000] {dag.py:2742} INFO - Sync 1 DAGs
[2025-08-12T16:08:58.944+0000] {logging_mixin.py:150} INFO - [2025-08-12T16:08:58.944+0000] {dag.py:3504} INFO - Setting next_dagrun for example_trigger_target_dag to None, run_after=None
[2025-08-12T16:08:58.961+0000] {processor.py:179} INFO - Processing /home/vscode/.local/lib/python3.10/site-packages/airflow/example_dags/example_trigger_target_dag.py took 0.051 seconds
[2025-08-12T16:09:43.021+0000] {processor.py:157} INFO - Started process (PID=31941) to work on /home/vscode/.local/lib/python3.10/site-packages/airflow/example_dags/example_trigger_target_dag.py
[2025-08-12T16:09:43.021+0000] {processor.py:826} INFO - Processing file /home/vscode/.local/lib/python3.10/site-packages/airflow/example_dags/example_trigger_target_dag.py for tasks to queue
[2025-08-12T16:09:43.022+0000] {logging_mixin.py:150} INFO - [2025-08-12T16:09:43.022+0000] {dagbag.py:541} INFO - Filling up the DagBag from /home/vscode/.local/lib/python3.10/site-packages/airflow/example_dags/example_trigger_target_dag.py
[2025-08-12T16:09:43.026+0000] {processor.py:836} INFO - DAG(s) dict_keys(['example_trigger_target_dag']) retrieved from /home/vscode/.local/lib/python3.10/site-packages/airflow/example_dags/example_trigger_target_dag.py
[2025-08-12T16:09:43.038+0000] {logging_mixin.py:150} INFO - [2025-08-12T16:09:43.037+0000] {dag.py:2742} INFO - Sync 1 DAGs
[2025-08-12T16:09:43.052+0000] {logging_mixin.py:150} INFO - [2025-08-12T16:09:43.052+0000] {dag.py:3504} INFO - Setting next_dagrun for example_trigger_target_dag to None, run_after=None
[2025-08-12T16:09:43.068+0000] {processor.py:179} INFO - Processing /home/vscode/.local/lib/python3.10/site-packages/airflow/example_dags/example_trigger_target_dag.py took 0.049 seconds
[2025-08-12T16:10:30.207+0000] {processor.py:157} INFO - Started process (PID=32256) to work on /home/vscode/.local/lib/python3.10/site-packages/airflow/example_dags/example_trigger_target_dag.py
[2025-08-12T16:10:30.207+0000] {processor.py:826} INFO - Processing file /home/vscode/.local/lib/python3.10/site-packages/airflow/example_dags/example_trigger_target_dag.py for tasks to queue
[2025-08-12T16:10:30.208+0000] {logging_mixin.py:150} INFO - [2025-08-12T16:10:30.208+0000] {dagbag.py:541} INFO - Filling up the DagBag from /home/vscode/.local/lib/python3.10/site-packages/airflow/example_dags/example_trigger_target_dag.py
[2025-08-12T16:10:30.212+0000] {processor.py:836} INFO - DAG(s) dict_keys(['example_trigger_target_dag']) retrieved from /home/vscode/.local/lib/python3.10/site-packages/airflow/example_dags/example_trigger_target_dag.py
[2025-08-12T16:10:30.224+0000] {logging_mixin.py:150} INFO - [2025-08-12T16:10:30.224+0000] {dag.py:2742} INFO - Sync 1 DAGs
[2025-08-12T16:10:30.239+0000] {logging_mixin.py:150} INFO - [2025-08-12T16:10:30.238+0000] {dag.py:3504} INFO - Setting next_dagrun for example_trigger_target_dag to None, run_after=None
[2025-08-12T16:10:30.254+0000] {processor.py:179} INFO - Processing /home/vscode/.local/lib/python3.10/site-packages/airflow/example_dags/example_trigger_target_dag.py took 0.050 seconds
[2025-08-12T16:11:13.098+0000] {processor.py:157} INFO - Started process (PID=32543) to work on /home/vscode/.local/lib/python3.10/site-packages/airflow/example_dags/example_trigger_target_dag.py
[2025-08-12T16:11:13.098+0000] {processor.py:826} INFO - Processing file /home/vscode/.local/lib/python3.10/site-packages/airflow/example_dags/example_trigger_target_dag.py for tasks to queue
[2025-08-12T16:11:13.099+0000] {logging_mixin.py:150} INFO - [2025-08-12T16:11:13.099+0000] {dagbag.py:541} INFO - Filling up the DagBag from /home/vscode/.local/lib/python3.10/site-packages/airflow/example_dags/example_trigger_target_dag.py
[2025-08-12T16:11:13.103+0000] {processor.py:836} INFO - DAG(s) dict_keys(['example_trigger_target_dag']) retrieved from /home/vscode/.local/lib/python3.10/site-packages/airflow/example_dags/example_trigger_target_dag.py
[2025-08-12T16:11:13.115+0000] {logging_mixin.py:150} INFO - [2025-08-12T16:11:13.115+0000] {dag.py:2742} INFO - Sync 1 DAGs
[2025-08-12T16:11:13.130+0000] {logging_mixin.py:150} INFO - [2025-08-12T16:11:13.130+0000] {dag.py:3504} INFO - Setting next_dagrun for example_trigger_target_dag to None, run_after=None
[2025-08-12T16:11:13.146+0000] {processor.py:179} INFO - Processing /home/vscode/.local/lib/python3.10/site-packages/airflow/example_dags/example_trigger_target_dag.py took 0.051 seconds
[2025-08-12T16:11:59.020+0000] {processor.py:157} INFO - Started process (PID=32852) to work on /home/vscode/.local/lib/python3.10/site-packages/airflow/example_dags/example_trigger_target_dag.py
[2025-08-12T16:11:59.020+0000] {processor.py:826} INFO - Processing file /home/vscode/.local/lib/python3.10/site-packages/airflow/example_dags/example_trigger_target_dag.py for tasks to queue
[2025-08-12T16:11:59.021+0000] {logging_mixin.py:150} INFO - [2025-08-12T16:11:59.021+0000] {dagbag.py:541} INFO - Filling up the DagBag from /home/vscode/.local/lib/python3.10/site-packages/airflow/example_dags/example_trigger_target_dag.py
[2025-08-12T16:11:59.025+0000] {processor.py:836} INFO - DAG(s) dict_keys(['example_trigger_target_dag']) retrieved from /home/vscode/.local/lib/python3.10/site-packages/airflow/example_dags/example_trigger_target_dag.py
[2025-08-12T16:11:59.037+0000] {logging_mixin.py:150} INFO - [2025-08-12T16:11:59.037+0000] {dag.py:2742} INFO - Sync 1 DAGs
[2025-08-12T16:11:59.050+0000] {logging_mixin.py:150} INFO - [2025-08-12T16:11:59.050+0000] {dag.py:3504} INFO - Setting next_dagrun for example_trigger_target_dag to None, run_after=None
[2025-08-12T16:11:59.065+0000] {processor.py:179} INFO - Processing /home/vscode/.local/lib/python3.10/site-packages/airflow/example_dags/example_trigger_target_dag.py took 0.048 seconds
[2025-08-12T16:12:43.283+0000] {processor.py:157} INFO - Started process (PID=33139) to work on /home/vscode/.local/lib/python3.10/site-packages/airflow/example_dags/example_trigger_target_dag.py
[2025-08-12T16:12:43.284+0000] {processor.py:826} INFO - Processing file /home/vscode/.local/lib/python3.10/site-packages/airflow/example_dags/example_trigger_target_dag.py for tasks to queue
[2025-08-12T16:12:43.284+0000] {logging_mixin.py:150} INFO - [2025-08-12T16:12:43.284+0000] {dagbag.py:541} INFO - Filling up the DagBag from /home/vscode/.local/lib/python3.10/site-packages/airflow/example_dags/example_trigger_target_dag.py
[2025-08-12T16:12:43.289+0000] {processor.py:836} INFO - DAG(s) dict_keys(['example_trigger_target_dag']) retrieved from /home/vscode/.local/lib/python3.10/site-packages/airflow/example_dags/example_trigger_target_dag.py
[2025-08-12T16:12:43.300+0000] {logging_mixin.py:150} INFO - [2025-08-12T16:12:43.300+0000] {dag.py:2742} INFO - Sync 1 DAGs
[2025-08-12T16:12:43.314+0000] {logging_mixin.py:150} INFO - [2025-08-12T16:12:43.314+0000] {dag.py:3504} INFO - Setting next_dagrun for example_trigger_target_dag to None, run_after=None
[2025-08-12T16:12:43.330+0000] {processor.py:179} INFO - Processing /home/vscode/.local/lib/python3.10/site-packages/airflow/example_dags/example_trigger_target_dag.py took 0.049 seconds
[2025-08-12T16:13:28.548+0000] {processor.py:157} INFO - Started process (PID=33447) to work on /home/vscode/.local/lib/python3.10/site-packages/airflow/example_dags/example_trigger_target_dag.py
[2025-08-12T16:13:28.548+0000] {processor.py:826} INFO - Processing file /home/vscode/.local/lib/python3.10/site-packages/airflow/example_dags/example_trigger_target_dag.py for tasks to queue
[2025-08-12T16:13:28.549+0000] {logging_mixin.py:150} INFO - [2025-08-12T16:13:28.549+0000] {dagbag.py:541} INFO - Filling up the DagBag from /home/vscode/.local/lib/python3.10/site-packages/airflow/example_dags/example_trigger_target_dag.py
[2025-08-12T16:13:28.554+0000] {processor.py:836} INFO - DAG(s) dict_keys(['example_trigger_target_dag']) retrieved from /home/vscode/.local/lib/python3.10/site-packages/airflow/example_dags/example_trigger_target_dag.py
[2025-08-12T16:13:28.566+0000] {logging_mixin.py:150} INFO - [2025-08-12T16:13:28.566+0000] {dag.py:2742} INFO - Sync 1 DAGs
[2025-08-12T16:13:28.582+0000] {logging_mixin.py:150} INFO - [2025-08-12T16:13:28.582+0000] {dag.py:3504} INFO - Setting next_dagrun for example_trigger_target_dag to None, run_after=None
[2025-08-12T16:13:28.627+0000] {processor.py:179} INFO - Processing /home/vscode/.local/lib/python3.10/site-packages/airflow/example_dags/example_trigger_target_dag.py took 0.082 seconds
[2025-08-12T16:14:10.835+0000] {processor.py:157} INFO - Started process (PID=33721) to work on /home/vscode/.local/lib/python3.10/site-packages/airflow/example_dags/example_trigger_target_dag.py
[2025-08-12T16:14:10.835+0000] {processor.py:826} INFO - Processing file /home/vscode/.local/lib/python3.10/site-packages/airflow/example_dags/example_trigger_target_dag.py for tasks to queue
[2025-08-12T16:14:10.836+0000] {logging_mixin.py:150} INFO - [2025-08-12T16:14:10.836+0000] {dagbag.py:541} INFO - Filling up the DagBag from /home/vscode/.local/lib/python3.10/site-packages/airflow/example_dags/example_trigger_target_dag.py
[2025-08-12T16:14:10.840+0000] {processor.py:836} INFO - DAG(s) dict_keys(['example_trigger_target_dag']) retrieved from /home/vscode/.local/lib/python3.10/site-packages/airflow/example_dags/example_trigger_target_dag.py
[2025-08-12T16:14:10.852+0000] {logging_mixin.py:150} INFO - [2025-08-12T16:14:10.852+0000] {dag.py:2742} INFO - Sync 1 DAGs
[2025-08-12T16:14:10.867+0000] {logging_mixin.py:150} INFO - [2025-08-12T16:14:10.867+0000] {dag.py:3504} INFO - Setting next_dagrun for example_trigger_target_dag to None, run_after=None
[2025-08-12T16:14:10.882+0000] {processor.py:179} INFO - Processing /home/vscode/.local/lib/python3.10/site-packages/airflow/example_dags/example_trigger_target_dag.py took 0.050 seconds
[2025-08-12T16:14:53.152+0000] {processor.py:157} INFO - Started process (PID=34006) to work on /home/vscode/.local/lib/python3.10/site-packages/airflow/example_dags/example_trigger_target_dag.py
[2025-08-12T16:14:53.152+0000] {processor.py:826} INFO - Processing file /home/vscode/.local/lib/python3.10/site-packages/airflow/example_dags/example_trigger_target_dag.py for tasks to queue
[2025-08-12T16:14:53.153+0000] {logging_mixin.py:150} INFO - [2025-08-12T16:14:53.153+0000] {dagbag.py:541} INFO - Filling up the DagBag from /home/vscode/.local/lib/python3.10/site-packages/airflow/example_dags/example_trigger_target_dag.py
[2025-08-12T16:14:53.157+0000] {processor.py:836} INFO - DAG(s) dict_keys(['example_trigger_target_dag']) retrieved from /home/vscode/.local/lib/python3.10/site-packages/airflow/example_dags/example_trigger_target_dag.py
[2025-08-12T16:14:53.169+0000] {logging_mixin.py:150} INFO - [2025-08-12T16:14:53.169+0000] {dag.py:2742} INFO - Sync 1 DAGs
[2025-08-12T16:14:53.183+0000] {logging_mixin.py:150} INFO - [2025-08-12T16:14:53.183+0000] {dag.py:3504} INFO - Setting next_dagrun for example_trigger_target_dag to None, run_after=None
[2025-08-12T16:14:53.199+0000] {processor.py:179} INFO - Processing /home/vscode/.local/lib/python3.10/site-packages/airflow/example_dags/example_trigger_target_dag.py took 0.050 seconds
[2025-08-12T16:15:34.877+0000] {processor.py:157} INFO - Started process (PID=34282) to work on /home/vscode/.local/lib/python3.10/site-packages/airflow/example_dags/example_trigger_target_dag.py
[2025-08-12T16:15:34.878+0000] {processor.py:826} INFO - Processing file /home/vscode/.local/lib/python3.10/site-packages/airflow/example_dags/example_trigger_target_dag.py for tasks to queue
[2025-08-12T16:15:34.878+0000] {logging_mixin.py:150} INFO - [2025-08-12T16:15:34.878+0000] {dagbag.py:541} INFO - Filling up the DagBag from /home/vscode/.local/lib/python3.10/site-packages/airflow/example_dags/example_trigger_target_dag.py
[2025-08-12T16:15:34.883+0000] {processor.py:836} INFO - DAG(s) dict_keys(['example_trigger_target_dag']) retrieved from /home/vscode/.local/lib/python3.10/site-packages/airflow/example_dags/example_trigger_target_dag.py
[2025-08-12T16:15:34.894+0000] {logging_mixin.py:150} INFO - [2025-08-12T16:15:34.894+0000] {dag.py:2742} INFO - Sync 1 DAGs
[2025-08-12T16:15:34.908+0000] {logging_mixin.py:150} INFO - [2025-08-12T16:15:34.907+0000] {dag.py:3504} INFO - Setting next_dagrun for example_trigger_target_dag to None, run_after=None
[2025-08-12T16:15:34.923+0000] {processor.py:179} INFO - Processing /home/vscode/.local/lib/python3.10/site-packages/airflow/example_dags/example_trigger_target_dag.py took 0.048 seconds
[2025-08-12T16:16:15.831+0000] {processor.py:157} INFO - Started process (PID=34553) to work on /home/vscode/.local/lib/python3.10/site-packages/airflow/example_dags/example_trigger_target_dag.py
[2025-08-12T16:16:15.832+0000] {processor.py:826} INFO - Processing file /home/vscode/.local/lib/python3.10/site-packages/airflow/example_dags/example_trigger_target_dag.py for tasks to queue
[2025-08-12T16:16:15.832+0000] {logging_mixin.py:150} INFO - [2025-08-12T16:16:15.832+0000] {dagbag.py:541} INFO - Filling up the DagBag from /home/vscode/.local/lib/python3.10/site-packages/airflow/example_dags/example_trigger_target_dag.py
[2025-08-12T16:16:15.837+0000] {processor.py:836} INFO - DAG(s) dict_keys(['example_trigger_target_dag']) retrieved from /home/vscode/.local/lib/python3.10/site-packages/airflow/example_dags/example_trigger_target_dag.py
[2025-08-12T16:16:15.848+0000] {logging_mixin.py:150} INFO - [2025-08-12T16:16:15.848+0000] {dag.py:2742} INFO - Sync 1 DAGs
[2025-08-12T16:16:15.863+0000] {logging_mixin.py:150} INFO - [2025-08-12T16:16:15.862+0000] {dag.py:3504} INFO - Setting next_dagrun for example_trigger_target_dag to None, run_after=None
[2025-08-12T16:16:15.883+0000] {processor.py:179} INFO - Processing /home/vscode/.local/lib/python3.10/site-packages/airflow/example_dags/example_trigger_target_dag.py took 0.054 seconds
[2025-08-12T16:16:57.683+0000] {processor.py:157} INFO - Started process (PID=34831) to work on /home/vscode/.local/lib/python3.10/site-packages/airflow/example_dags/example_trigger_target_dag.py
[2025-08-12T16:16:57.683+0000] {processor.py:826} INFO - Processing file /home/vscode/.local/lib/python3.10/site-packages/airflow/example_dags/example_trigger_target_dag.py for tasks to queue
[2025-08-12T16:16:57.684+0000] {logging_mixin.py:150} INFO - [2025-08-12T16:16:57.684+0000] {dagbag.py:541} INFO - Filling up the DagBag from /home/vscode/.local/lib/python3.10/site-packages/airflow/example_dags/example_trigger_target_dag.py
[2025-08-12T16:16:57.688+0000] {processor.py:836} INFO - DAG(s) dict_keys(['example_trigger_target_dag']) retrieved from /home/vscode/.local/lib/python3.10/site-packages/airflow/example_dags/example_trigger_target_dag.py
[2025-08-12T16:16:57.699+0000] {logging_mixin.py:150} INFO - [2025-08-12T16:16:57.699+0000] {dag.py:2742} INFO - Sync 1 DAGs
[2025-08-12T16:16:57.713+0000] {logging_mixin.py:150} INFO - [2025-08-12T16:16:57.713+0000] {dag.py:3504} INFO - Setting next_dagrun for example_trigger_target_dag to None, run_after=None
[2025-08-12T16:16:57.728+0000] {processor.py:179} INFO - Processing /home/vscode/.local/lib/python3.10/site-packages/airflow/example_dags/example_trigger_target_dag.py took 0.047 seconds
[2025-08-12T16:17:38.316+0000] {processor.py:157} INFO - Started process (PID=35107) to work on /home/vscode/.local/lib/python3.10/site-packages/airflow/example_dags/example_trigger_target_dag.py
[2025-08-12T16:17:38.317+0000] {processor.py:826} INFO - Processing file /home/vscode/.local/lib/python3.10/site-packages/airflow/example_dags/example_trigger_target_dag.py for tasks to queue
[2025-08-12T16:17:38.318+0000] {logging_mixin.py:150} INFO - [2025-08-12T16:17:38.317+0000] {dagbag.py:541} INFO - Filling up the DagBag from /home/vscode/.local/lib/python3.10/site-packages/airflow/example_dags/example_trigger_target_dag.py
[2025-08-12T16:17:38.322+0000] {processor.py:836} INFO - DAG(s) dict_keys(['example_trigger_target_dag']) retrieved from /home/vscode/.local/lib/python3.10/site-packages/airflow/example_dags/example_trigger_target_dag.py
[2025-08-12T16:17:38.334+0000] {logging_mixin.py:150} INFO - [2025-08-12T16:17:38.334+0000] {dag.py:2742} INFO - Sync 1 DAGs
[2025-08-12T16:17:38.350+0000] {logging_mixin.py:150} INFO - [2025-08-12T16:17:38.349+0000] {dag.py:3504} INFO - Setting next_dagrun for example_trigger_target_dag to None, run_after=None
[2025-08-12T16:17:38.366+0000] {processor.py:179} INFO - Processing /home/vscode/.local/lib/python3.10/site-packages/airflow/example_dags/example_trigger_target_dag.py took 0.052 seconds
[2025-08-12T16:18:17.728+0000] {processor.py:157} INFO - Started process (PID=35372) to work on /home/vscode/.local/lib/python3.10/site-packages/airflow/example_dags/example_trigger_target_dag.py
[2025-08-12T16:18:17.728+0000] {processor.py:826} INFO - Processing file /home/vscode/.local/lib/python3.10/site-packages/airflow/example_dags/example_trigger_target_dag.py for tasks to queue
[2025-08-12T16:18:17.729+0000] {logging_mixin.py:150} INFO - [2025-08-12T16:18:17.729+0000] {dagbag.py:541} INFO - Filling up the DagBag from /home/vscode/.local/lib/python3.10/site-packages/airflow/example_dags/example_trigger_target_dag.py
[2025-08-12T16:18:17.733+0000] {processor.py:836} INFO - DAG(s) dict_keys(['example_trigger_target_dag']) retrieved from /home/vscode/.local/lib/python3.10/site-packages/airflow/example_dags/example_trigger_target_dag.py
[2025-08-12T16:18:17.745+0000] {logging_mixin.py:150} INFO - [2025-08-12T16:18:17.745+0000] {dag.py:2742} INFO - Sync 1 DAGs
[2025-08-12T16:18:17.759+0000] {logging_mixin.py:150} INFO - [2025-08-12T16:18:17.759+0000] {dag.py:3504} INFO - Setting next_dagrun for example_trigger_target_dag to None, run_after=None
[2025-08-12T16:18:17.776+0000] {processor.py:179} INFO - Processing /home/vscode/.local/lib/python3.10/site-packages/airflow/example_dags/example_trigger_target_dag.py took 0.050 seconds
[2025-08-12T16:18:59.253+0000] {processor.py:157} INFO - Started process (PID=35649) to work on /home/vscode/.local/lib/python3.10/site-packages/airflow/example_dags/example_trigger_target_dag.py
[2025-08-12T16:18:59.254+0000] {processor.py:826} INFO - Processing file /home/vscode/.local/lib/python3.10/site-packages/airflow/example_dags/example_trigger_target_dag.py for tasks to queue
[2025-08-12T16:18:59.255+0000] {logging_mixin.py:150} INFO - [2025-08-12T16:18:59.254+0000] {dagbag.py:541} INFO - Filling up the DagBag from /home/vscode/.local/lib/python3.10/site-packages/airflow/example_dags/example_trigger_target_dag.py
[2025-08-12T16:18:59.259+0000] {processor.py:836} INFO - DAG(s) dict_keys(['example_trigger_target_dag']) retrieved from /home/vscode/.local/lib/python3.10/site-packages/airflow/example_dags/example_trigger_target_dag.py
[2025-08-12T16:18:59.270+0000] {logging_mixin.py:150} INFO - [2025-08-12T16:18:59.270+0000] {dag.py:2742} INFO - Sync 1 DAGs
[2025-08-12T16:18:59.289+0000] {logging_mixin.py:150} INFO - [2025-08-12T16:18:59.288+0000] {dag.py:3504} INFO - Setting next_dagrun for example_trigger_target_dag to None, run_after=None
[2025-08-12T16:18:59.304+0000] {processor.py:179} INFO - Processing /home/vscode/.local/lib/python3.10/site-packages/airflow/example_dags/example_trigger_target_dag.py took 0.053 seconds
[2025-08-12T16:19:46.492+0000] {processor.py:157} INFO - Started process (PID=35960) to work on /home/vscode/.local/lib/python3.10/site-packages/airflow/example_dags/example_trigger_target_dag.py
[2025-08-12T16:19:46.492+0000] {processor.py:826} INFO - Processing file /home/vscode/.local/lib/python3.10/site-packages/airflow/example_dags/example_trigger_target_dag.py for tasks to queue
[2025-08-12T16:19:46.493+0000] {logging_mixin.py:150} INFO - [2025-08-12T16:19:46.493+0000] {dagbag.py:541} INFO - Filling up the DagBag from /home/vscode/.local/lib/python3.10/site-packages/airflow/example_dags/example_trigger_target_dag.py
[2025-08-12T16:19:46.497+0000] {processor.py:836} INFO - DAG(s) dict_keys(['example_trigger_target_dag']) retrieved from /home/vscode/.local/lib/python3.10/site-packages/airflow/example_dags/example_trigger_target_dag.py
[2025-08-12T16:19:46.509+0000] {logging_mixin.py:150} INFO - [2025-08-12T16:19:46.509+0000] {dag.py:2742} INFO - Sync 1 DAGs
[2025-08-12T16:19:46.524+0000] {logging_mixin.py:150} INFO - [2025-08-12T16:19:46.524+0000] {dag.py:3504} INFO - Setting next_dagrun for example_trigger_target_dag to None, run_after=None
[2025-08-12T16:19:46.540+0000] {processor.py:179} INFO - Processing /home/vscode/.local/lib/python3.10/site-packages/airflow/example_dags/example_trigger_target_dag.py took 0.051 seconds
[2025-08-12T16:20:20.027+0000] {processor.py:157} INFO - Started process (PID=36176) to work on /home/vscode/.local/lib/python3.10/site-packages/airflow/example_dags/example_trigger_target_dag.py
[2025-08-12T16:20:20.028+0000] {processor.py:826} INFO - Processing file /home/vscode/.local/lib/python3.10/site-packages/airflow/example_dags/example_trigger_target_dag.py for tasks to queue
[2025-08-12T16:20:20.029+0000] {logging_mixin.py:150} INFO - [2025-08-12T16:20:20.028+0000] {dagbag.py:541} INFO - Filling up the DagBag from /home/vscode/.local/lib/python3.10/site-packages/airflow/example_dags/example_trigger_target_dag.py
[2025-08-12T16:20:20.034+0000] {processor.py:836} INFO - DAG(s) dict_keys(['example_trigger_target_dag']) retrieved from /home/vscode/.local/lib/python3.10/site-packages/airflow/example_dags/example_trigger_target_dag.py
[2025-08-12T16:20:20.053+0000] {logging_mixin.py:150} INFO - [2025-08-12T16:20:20.053+0000] {dag.py:2742} INFO - Sync 1 DAGs
[2025-08-12T16:20:20.074+0000] {logging_mixin.py:150} INFO - [2025-08-12T16:20:20.074+0000] {dag.py:3504} INFO - Setting next_dagrun for example_trigger_target_dag to None, run_after=None
[2025-08-12T16:20:20.101+0000] {processor.py:179} INFO - Processing /home/vscode/.local/lib/python3.10/site-packages/airflow/example_dags/example_trigger_target_dag.py took 0.076 seconds
[2025-08-12T16:20:59.902+0000] {processor.py:157} INFO - Started process (PID=36452) to work on /home/vscode/.local/lib/python3.10/site-packages/airflow/example_dags/example_trigger_target_dag.py
[2025-08-12T16:20:59.902+0000] {processor.py:826} INFO - Processing file /home/vscode/.local/lib/python3.10/site-packages/airflow/example_dags/example_trigger_target_dag.py for tasks to queue
[2025-08-12T16:20:59.903+0000] {logging_mixin.py:150} INFO - [2025-08-12T16:20:59.903+0000] {dagbag.py:541} INFO - Filling up the DagBag from /home/vscode/.local/lib/python3.10/site-packages/airflow/example_dags/example_trigger_target_dag.py
[2025-08-12T16:20:59.907+0000] {processor.py:836} INFO - DAG(s) dict_keys(['example_trigger_target_dag']) retrieved from /home/vscode/.local/lib/python3.10/site-packages/airflow/example_dags/example_trigger_target_dag.py
[2025-08-12T16:20:59.919+0000] {logging_mixin.py:150} INFO - [2025-08-12T16:20:59.919+0000] {dag.py:2742} INFO - Sync 1 DAGs
[2025-08-12T16:20:59.933+0000] {logging_mixin.py:150} INFO - [2025-08-12T16:20:59.933+0000] {dag.py:3504} INFO - Setting next_dagrun for example_trigger_target_dag to None, run_after=None
[2025-08-12T16:20:59.948+0000] {processor.py:179} INFO - Processing /home/vscode/.local/lib/python3.10/site-packages/airflow/example_dags/example_trigger_target_dag.py took 0.048 seconds
[2025-08-12T16:21:46.451+0000] {processor.py:157} INFO - Started process (PID=36756) to work on /home/vscode/.local/lib/python3.10/site-packages/airflow/example_dags/example_trigger_target_dag.py
[2025-08-12T16:21:46.451+0000] {processor.py:826} INFO - Processing file /home/vscode/.local/lib/python3.10/site-packages/airflow/example_dags/example_trigger_target_dag.py for tasks to queue
[2025-08-12T16:21:46.452+0000] {logging_mixin.py:150} INFO - [2025-08-12T16:21:46.451+0000] {dagbag.py:541} INFO - Filling up the DagBag from /home/vscode/.local/lib/python3.10/site-packages/airflow/example_dags/example_trigger_target_dag.py
[2025-08-12T16:21:46.456+0000] {processor.py:836} INFO - DAG(s) dict_keys(['example_trigger_target_dag']) retrieved from /home/vscode/.local/lib/python3.10/site-packages/airflow/example_dags/example_trigger_target_dag.py
[2025-08-12T16:21:46.467+0000] {logging_mixin.py:150} INFO - [2025-08-12T16:21:46.467+0000] {dag.py:2742} INFO - Sync 1 DAGs
[2025-08-12T16:21:46.481+0000] {logging_mixin.py:150} INFO - [2025-08-12T16:21:46.480+0000] {dag.py:3504} INFO - Setting next_dagrun for example_trigger_target_dag to None, run_after=None
[2025-08-12T16:21:46.496+0000] {processor.py:179} INFO - Processing /home/vscode/.local/lib/python3.10/site-packages/airflow/example_dags/example_trigger_target_dag.py took 0.048 seconds
[2025-08-12T16:22:25.361+0000] {processor.py:157} INFO - Started process (PID=37020) to work on /home/vscode/.local/lib/python3.10/site-packages/airflow/example_dags/example_trigger_target_dag.py
[2025-08-12T16:22:25.363+0000] {processor.py:826} INFO - Processing file /home/vscode/.local/lib/python3.10/site-packages/airflow/example_dags/example_trigger_target_dag.py for tasks to queue
[2025-08-12T16:22:25.363+0000] {logging_mixin.py:150} INFO - [2025-08-12T16:22:25.363+0000] {dagbag.py:541} INFO - Filling up the DagBag from /home/vscode/.local/lib/python3.10/site-packages/airflow/example_dags/example_trigger_target_dag.py
[2025-08-12T16:22:25.372+0000] {processor.py:836} INFO - DAG(s) dict_keys(['example_trigger_target_dag']) retrieved from /home/vscode/.local/lib/python3.10/site-packages/airflow/example_dags/example_trigger_target_dag.py
[2025-08-12T16:22:25.385+0000] {logging_mixin.py:150} INFO - [2025-08-12T16:22:25.385+0000] {dag.py:2742} INFO - Sync 1 DAGs
[2025-08-12T16:22:25.400+0000] {logging_mixin.py:150} INFO - [2025-08-12T16:22:25.399+0000] {dag.py:3504} INFO - Setting next_dagrun for example_trigger_target_dag to None, run_after=None
[2025-08-12T16:22:25.416+0000] {processor.py:179} INFO - Processing /home/vscode/.local/lib/python3.10/site-packages/airflow/example_dags/example_trigger_target_dag.py took 0.058 seconds
[2025-08-12T16:23:10.654+0000] {processor.py:157} INFO - Started process (PID=37320) to work on /home/vscode/.local/lib/python3.10/site-packages/airflow/example_dags/example_trigger_target_dag.py
[2025-08-12T16:23:10.654+0000] {processor.py:826} INFO - Processing file /home/vscode/.local/lib/python3.10/site-packages/airflow/example_dags/example_trigger_target_dag.py for tasks to queue
[2025-08-12T16:23:10.655+0000] {logging_mixin.py:150} INFO - [2025-08-12T16:23:10.655+0000] {dagbag.py:541} INFO - Filling up the DagBag from /home/vscode/.local/lib/python3.10/site-packages/airflow/example_dags/example_trigger_target_dag.py
[2025-08-12T16:23:10.659+0000] {processor.py:836} INFO - DAG(s) dict_keys(['example_trigger_target_dag']) retrieved from /home/vscode/.local/lib/python3.10/site-packages/airflow/example_dags/example_trigger_target_dag.py
[2025-08-12T16:23:10.670+0000] {logging_mixin.py:150} INFO - [2025-08-12T16:23:10.670+0000] {dag.py:2742} INFO - Sync 1 DAGs
[2025-08-12T16:23:10.684+0000] {logging_mixin.py:150} INFO - [2025-08-12T16:23:10.684+0000] {dag.py:3504} INFO - Setting next_dagrun for example_trigger_target_dag to None, run_after=None
[2025-08-12T16:23:10.700+0000] {processor.py:179} INFO - Processing /home/vscode/.local/lib/python3.10/site-packages/airflow/example_dags/example_trigger_target_dag.py took 0.049 seconds
[2025-08-12T16:23:55.753+0000] {processor.py:157} INFO - Started process (PID=37621) to work on /home/vscode/.local/lib/python3.10/site-packages/airflow/example_dags/example_trigger_target_dag.py
[2025-08-12T16:23:55.753+0000] {processor.py:826} INFO - Processing file /home/vscode/.local/lib/python3.10/site-packages/airflow/example_dags/example_trigger_target_dag.py for tasks to queue
[2025-08-12T16:23:55.754+0000] {logging_mixin.py:150} INFO - [2025-08-12T16:23:55.753+0000] {dagbag.py:541} INFO - Filling up the DagBag from /home/vscode/.local/lib/python3.10/site-packages/airflow/example_dags/example_trigger_target_dag.py
[2025-08-12T16:23:55.758+0000] {processor.py:836} INFO - DAG(s) dict_keys(['example_trigger_target_dag']) retrieved from /home/vscode/.local/lib/python3.10/site-packages/airflow/example_dags/example_trigger_target_dag.py
[2025-08-12T16:23:55.769+0000] {logging_mixin.py:150} INFO - [2025-08-12T16:23:55.769+0000] {dag.py:2742} INFO - Sync 1 DAGs
[2025-08-12T16:23:55.784+0000] {logging_mixin.py:150} INFO - [2025-08-12T16:23:55.784+0000] {dag.py:3504} INFO - Setting next_dagrun for example_trigger_target_dag to None, run_after=None
[2025-08-12T16:23:55.800+0000] {processor.py:179} INFO - Processing /home/vscode/.local/lib/python3.10/site-packages/airflow/example_dags/example_trigger_target_dag.py took 0.049 seconds
[2025-08-12T16:24:38.034+0000] {processor.py:157} INFO - Started process (PID=37899) to work on /home/vscode/.local/lib/python3.10/site-packages/airflow/example_dags/example_trigger_target_dag.py
[2025-08-12T16:24:38.034+0000] {processor.py:826} INFO - Processing file /home/vscode/.local/lib/python3.10/site-packages/airflow/example_dags/example_trigger_target_dag.py for tasks to queue
[2025-08-12T16:24:38.035+0000] {logging_mixin.py:150} INFO - [2025-08-12T16:24:38.034+0000] {dagbag.py:541} INFO - Filling up the DagBag from /home/vscode/.local/lib/python3.10/site-packages/airflow/example_dags/example_trigger_target_dag.py
[2025-08-12T16:24:38.039+0000] {processor.py:836} INFO - DAG(s) dict_keys(['example_trigger_target_dag']) retrieved from /home/vscode/.local/lib/python3.10/site-packages/airflow/example_dags/example_trigger_target_dag.py
[2025-08-12T16:24:38.050+0000] {logging_mixin.py:150} INFO - [2025-08-12T16:24:38.050+0000] {dag.py:2742} INFO - Sync 1 DAGs
[2025-08-12T16:24:38.064+0000] {logging_mixin.py:150} INFO - [2025-08-12T16:24:38.063+0000] {dag.py:3504} INFO - Setting next_dagrun for example_trigger_target_dag to None, run_after=None
[2025-08-12T16:24:38.079+0000] {processor.py:179} INFO - Processing /home/vscode/.local/lib/python3.10/site-packages/airflow/example_dags/example_trigger_target_dag.py took 0.047 seconds
[2025-08-12T16:25:16.861+0000] {processor.py:157} INFO - Started process (PID=38156) to work on /home/vscode/.local/lib/python3.10/site-packages/airflow/example_dags/example_trigger_target_dag.py
[2025-08-12T16:25:16.862+0000] {processor.py:826} INFO - Processing file /home/vscode/.local/lib/python3.10/site-packages/airflow/example_dags/example_trigger_target_dag.py for tasks to queue
[2025-08-12T16:25:16.862+0000] {logging_mixin.py:150} INFO - [2025-08-12T16:25:16.862+0000] {dagbag.py:541} INFO - Filling up the DagBag from /home/vscode/.local/lib/python3.10/site-packages/airflow/example_dags/example_trigger_target_dag.py
[2025-08-12T16:25:16.867+0000] {processor.py:836} INFO - DAG(s) dict_keys(['example_trigger_target_dag']) retrieved from /home/vscode/.local/lib/python3.10/site-packages/airflow/example_dags/example_trigger_target_dag.py
[2025-08-12T16:25:16.877+0000] {logging_mixin.py:150} INFO - [2025-08-12T16:25:16.877+0000] {dag.py:2742} INFO - Sync 1 DAGs
[2025-08-12T16:25:16.891+0000] {logging_mixin.py:150} INFO - [2025-08-12T16:25:16.891+0000] {dag.py:3504} INFO - Setting next_dagrun for example_trigger_target_dag to None, run_after=None
[2025-08-12T16:25:16.906+0000] {processor.py:179} INFO - Processing /home/vscode/.local/lib/python3.10/site-packages/airflow/example_dags/example_trigger_target_dag.py took 0.046 seconds
[2025-08-12T16:26:01.499+0000] {processor.py:157} INFO - Started process (PID=38450) to work on /home/vscode/.local/lib/python3.10/site-packages/airflow/example_dags/example_trigger_target_dag.py
[2025-08-12T16:26:01.500+0000] {processor.py:826} INFO - Processing file /home/vscode/.local/lib/python3.10/site-packages/airflow/example_dags/example_trigger_target_dag.py for tasks to queue
[2025-08-12T16:26:01.500+0000] {logging_mixin.py:150} INFO - [2025-08-12T16:26:01.500+0000] {dagbag.py:541} INFO - Filling up the DagBag from /home/vscode/.local/lib/python3.10/site-packages/airflow/example_dags/example_trigger_target_dag.py
[2025-08-12T16:26:01.505+0000] {processor.py:836} INFO - DAG(s) dict_keys(['example_trigger_target_dag']) retrieved from /home/vscode/.local/lib/python3.10/site-packages/airflow/example_dags/example_trigger_target_dag.py
[2025-08-12T16:26:01.517+0000] {logging_mixin.py:150} INFO - [2025-08-12T16:26:01.516+0000] {dag.py:2742} INFO - Sync 1 DAGs
[2025-08-12T16:26:01.531+0000] {logging_mixin.py:150} INFO - [2025-08-12T16:26:01.531+0000] {dag.py:3504} INFO - Setting next_dagrun for example_trigger_target_dag to None, run_after=None
[2025-08-12T16:26:01.547+0000] {processor.py:179} INFO - Processing /home/vscode/.local/lib/python3.10/site-packages/airflow/example_dags/example_trigger_target_dag.py took 0.050 seconds
[2025-08-12T16:26:42.777+0000] {processor.py:157} INFO - Started process (PID=38732) to work on /home/vscode/.local/lib/python3.10/site-packages/airflow/example_dags/example_trigger_target_dag.py
[2025-08-12T16:26:42.778+0000] {processor.py:826} INFO - Processing file /home/vscode/.local/lib/python3.10/site-packages/airflow/example_dags/example_trigger_target_dag.py for tasks to queue
[2025-08-12T16:26:42.779+0000] {logging_mixin.py:150} INFO - [2025-08-12T16:26:42.778+0000] {dagbag.py:541} INFO - Filling up the DagBag from /home/vscode/.local/lib/python3.10/site-packages/airflow/example_dags/example_trigger_target_dag.py
[2025-08-12T16:26:42.783+0000] {processor.py:836} INFO - DAG(s) dict_keys(['example_trigger_target_dag']) retrieved from /home/vscode/.local/lib/python3.10/site-packages/airflow/example_dags/example_trigger_target_dag.py
[2025-08-12T16:26:42.795+0000] {logging_mixin.py:150} INFO - [2025-08-12T16:26:42.795+0000] {dag.py:2742} INFO - Sync 1 DAGs
[2025-08-12T16:26:42.809+0000] {logging_mixin.py:150} INFO - [2025-08-12T16:26:42.809+0000] {dag.py:3504} INFO - Setting next_dagrun for example_trigger_target_dag to None, run_after=None
[2025-08-12T16:26:42.825+0000] {processor.py:179} INFO - Processing /home/vscode/.local/lib/python3.10/site-packages/airflow/example_dags/example_trigger_target_dag.py took 0.050 seconds
[2025-08-12T16:27:25.380+0000] {processor.py:157} INFO - Started process (PID=39017) to work on /home/vscode/.local/lib/python3.10/site-packages/airflow/example_dags/example_trigger_target_dag.py
[2025-08-12T16:27:25.381+0000] {processor.py:826} INFO - Processing file /home/vscode/.local/lib/python3.10/site-packages/airflow/example_dags/example_trigger_target_dag.py for tasks to queue
[2025-08-12T16:27:25.382+0000] {logging_mixin.py:150} INFO - [2025-08-12T16:27:25.381+0000] {dagbag.py:541} INFO - Filling up the DagBag from /home/vscode/.local/lib/python3.10/site-packages/airflow/example_dags/example_trigger_target_dag.py
[2025-08-12T16:27:25.386+0000] {processor.py:836} INFO - DAG(s) dict_keys(['example_trigger_target_dag']) retrieved from /home/vscode/.local/lib/python3.10/site-packages/airflow/example_dags/example_trigger_target_dag.py
[2025-08-12T16:27:25.397+0000] {logging_mixin.py:150} INFO - [2025-08-12T16:27:25.397+0000] {dag.py:2742} INFO - Sync 1 DAGs
[2025-08-12T16:27:25.411+0000] {logging_mixin.py:150} INFO - [2025-08-12T16:27:25.411+0000] {dag.py:3504} INFO - Setting next_dagrun for example_trigger_target_dag to None, run_after=None
[2025-08-12T16:27:25.427+0000] {processor.py:179} INFO - Processing /home/vscode/.local/lib/python3.10/site-packages/airflow/example_dags/example_trigger_target_dag.py took 0.049 seconds
[2025-08-12T16:28:09.607+0000] {processor.py:157} INFO - Started process (PID=39311) to work on /home/vscode/.local/lib/python3.10/site-packages/airflow/example_dags/example_trigger_target_dag.py
[2025-08-12T16:28:09.608+0000] {processor.py:826} INFO - Processing file /home/vscode/.local/lib/python3.10/site-packages/airflow/example_dags/example_trigger_target_dag.py for tasks to queue
[2025-08-12T16:28:09.608+0000] {logging_mixin.py:150} INFO - [2025-08-12T16:28:09.608+0000] {dagbag.py:541} INFO - Filling up the DagBag from /home/vscode/.local/lib/python3.10/site-packages/airflow/example_dags/example_trigger_target_dag.py
[2025-08-12T16:28:09.613+0000] {processor.py:836} INFO - DAG(s) dict_keys(['example_trigger_target_dag']) retrieved from /home/vscode/.local/lib/python3.10/site-packages/airflow/example_dags/example_trigger_target_dag.py
[2025-08-12T16:28:09.624+0000] {logging_mixin.py:150} INFO - [2025-08-12T16:28:09.624+0000] {dag.py:2742} INFO - Sync 1 DAGs
[2025-08-12T16:28:09.638+0000] {logging_mixin.py:150} INFO - [2025-08-12T16:28:09.638+0000] {dag.py:3504} INFO - Setting next_dagrun for example_trigger_target_dag to None, run_after=None
[2025-08-12T16:28:09.653+0000] {processor.py:179} INFO - Processing /home/vscode/.local/lib/python3.10/site-packages/airflow/example_dags/example_trigger_target_dag.py took 0.048 seconds
[2025-08-12T16:28:55.077+0000] {processor.py:157} INFO - Started process (PID=39614) to work on /home/vscode/.local/lib/python3.10/site-packages/airflow/example_dags/example_trigger_target_dag.py
[2025-08-12T16:28:55.078+0000] {processor.py:826} INFO - Processing file /home/vscode/.local/lib/python3.10/site-packages/airflow/example_dags/example_trigger_target_dag.py for tasks to queue
[2025-08-12T16:28:55.079+0000] {logging_mixin.py:150} INFO - [2025-08-12T16:28:55.078+0000] {dagbag.py:541} INFO - Filling up the DagBag from /home/vscode/.local/lib/python3.10/site-packages/airflow/example_dags/example_trigger_target_dag.py
[2025-08-12T16:28:55.083+0000] {processor.py:836} INFO - DAG(s) dict_keys(['example_trigger_target_dag']) retrieved from /home/vscode/.local/lib/python3.10/site-packages/airflow/example_dags/example_trigger_target_dag.py
[2025-08-12T16:28:55.094+0000] {logging_mixin.py:150} INFO - [2025-08-12T16:28:55.094+0000] {dag.py:2742} INFO - Sync 1 DAGs
[2025-08-12T16:28:55.108+0000] {logging_mixin.py:150} INFO - [2025-08-12T16:28:55.107+0000] {dag.py:3504} INFO - Setting next_dagrun for example_trigger_target_dag to None, run_after=None
[2025-08-12T16:28:55.123+0000] {processor.py:179} INFO - Processing /home/vscode/.local/lib/python3.10/site-packages/airflow/example_dags/example_trigger_target_dag.py took 0.047 seconds
[2025-08-12T16:29:40.941+0000] {processor.py:157} INFO - Started process (PID=39914) to work on /home/vscode/.local/lib/python3.10/site-packages/airflow/example_dags/example_trigger_target_dag.py
[2025-08-12T16:29:40.942+0000] {processor.py:826} INFO - Processing file /home/vscode/.local/lib/python3.10/site-packages/airflow/example_dags/example_trigger_target_dag.py for tasks to queue
[2025-08-12T16:29:40.942+0000] {logging_mixin.py:150} INFO - [2025-08-12T16:29:40.942+0000] {dagbag.py:541} INFO - Filling up the DagBag from /home/vscode/.local/lib/python3.10/site-packages/airflow/example_dags/example_trigger_target_dag.py
[2025-08-12T16:29:40.947+0000] {processor.py:836} INFO - DAG(s) dict_keys(['example_trigger_target_dag']) retrieved from /home/vscode/.local/lib/python3.10/site-packages/airflow/example_dags/example_trigger_target_dag.py
[2025-08-12T16:29:40.958+0000] {logging_mixin.py:150} INFO - [2025-08-12T16:29:40.958+0000] {dag.py:2742} INFO - Sync 1 DAGs
[2025-08-12T16:29:40.973+0000] {logging_mixin.py:150} INFO - [2025-08-12T16:29:40.973+0000] {dag.py:3504} INFO - Setting next_dagrun for example_trigger_target_dag to None, run_after=None
[2025-08-12T16:29:40.989+0000] {processor.py:179} INFO - Processing /home/vscode/.local/lib/python3.10/site-packages/airflow/example_dags/example_trigger_target_dag.py took 0.050 seconds
[2025-08-12T16:30:24.964+0000] {processor.py:157} INFO - Started process (PID=40214) to work on /home/vscode/.local/lib/python3.10/site-packages/airflow/example_dags/example_trigger_target_dag.py
[2025-08-12T16:30:24.965+0000] {processor.py:826} INFO - Processing file /home/vscode/.local/lib/python3.10/site-packages/airflow/example_dags/example_trigger_target_dag.py for tasks to queue
[2025-08-12T16:30:24.965+0000] {logging_mixin.py:150} INFO - [2025-08-12T16:30:24.965+0000] {dagbag.py:541} INFO - Filling up the DagBag from /home/vscode/.local/lib/python3.10/site-packages/airflow/example_dags/example_trigger_target_dag.py
[2025-08-12T16:30:24.969+0000] {processor.py:836} INFO - DAG(s) dict_keys(['example_trigger_target_dag']) retrieved from /home/vscode/.local/lib/python3.10/site-packages/airflow/example_dags/example_trigger_target_dag.py
[2025-08-12T16:30:24.980+0000] {logging_mixin.py:150} INFO - [2025-08-12T16:30:24.980+0000] {dag.py:2742} INFO - Sync 1 DAGs
[2025-08-12T16:30:24.994+0000] {logging_mixin.py:150} INFO - [2025-08-12T16:30:24.994+0000] {dag.py:3504} INFO - Setting next_dagrun for example_trigger_target_dag to None, run_after=None
[2025-08-12T16:30:25.009+0000] {processor.py:179} INFO - Processing /home/vscode/.local/lib/python3.10/site-packages/airflow/example_dags/example_trigger_target_dag.py took 0.047 seconds
