[2025-08-12T15:37:14.224+0000] {processor.py:157} INFO - Started process (PID=18051) to work on /home/vscode/.local/lib/python3.10/site-packages/airflow/example_dags/example_dynamic_task_mapping.py
[2025-08-12T15:37:14.224+0000] {processor.py:826} INFO - Processing file /home/vscode/.local/lib/python3.10/site-packages/airflow/example_dags/example_dynamic_task_mapping.py for tasks to queue
[2025-08-12T15:37:14.225+0000] {logging_mixin.py:150} INFO - [2025-08-12T15:37:14.225+0000] {dagbag.py:541} INFO - Filling up the DagBag from /home/vscode/.local/lib/python3.10/site-packages/airflow/example_dags/example_dynamic_task_mapping.py
[2025-08-12T15:37:14.231+0000] {processor.py:836} INFO - DAG(s) dict_keys(['example_dynamic_task_mapping']) retrieved from /home/vscode/.local/lib/python3.10/site-packages/airflow/example_dags/example_dynamic_task_mapping.py
[2025-08-12T15:37:14.317+0000] {logging_mixin.py:150} INFO - [2025-08-12T15:37:14.317+0000] {manager.py:504} INFO - Created Permission View: can edit on DAG:example_dynamic_task_mapping
[2025-08-12T15:37:14.326+0000] {logging_mixin.py:150} INFO - [2025-08-12T15:37:14.326+0000] {manager.py:504} INFO - Created Permission View: can read on DAG:example_dynamic_task_mapping
[2025-08-12T15:37:14.333+0000] {logging_mixin.py:150} INFO - [2025-08-12T15:37:14.333+0000] {manager.py:504} INFO - Created Permission View: can delete on DAG:example_dynamic_task_mapping
[2025-08-12T15:37:14.340+0000] {logging_mixin.py:150} INFO - [2025-08-12T15:37:14.340+0000] {dag.py:2742} INFO - Sync 1 DAGs
[2025-08-12T15:37:14.347+0000] {logging_mixin.py:150} INFO - [2025-08-12T15:37:14.347+0000] {dag.py:2763} INFO - Creating ORM DAG for example_dynamic_task_mapping
[2025-08-12T15:37:14.353+0000] {logging_mixin.py:150} INFO - [2025-08-12T15:37:14.353+0000] {dag.py:3504} INFO - Setting next_dagrun for example_dynamic_task_mapping to 2022-03-04T00:00:00+00:00, run_after=2022-03-05T00:00:00+00:00
[2025-08-12T15:37:14.369+0000] {processor.py:179} INFO - Processing /home/vscode/.local/lib/python3.10/site-packages/airflow/example_dags/example_dynamic_task_mapping.py took 0.147 seconds
[2025-08-12T15:38:05.849+0000] {processor.py:157} INFO - Started process (PID=18452) to work on /home/vscode/.local/lib/python3.10/site-packages/airflow/example_dags/example_dynamic_task_mapping.py
[2025-08-12T15:38:05.850+0000] {processor.py:826} INFO - Processing file /home/vscode/.local/lib/python3.10/site-packages/airflow/example_dags/example_dynamic_task_mapping.py for tasks to queue
[2025-08-12T15:38:05.850+0000] {logging_mixin.py:150} INFO - [2025-08-12T15:38:05.850+0000] {dagbag.py:541} INFO - Filling up the DagBag from /home/vscode/.local/lib/python3.10/site-packages/airflow/example_dags/example_dynamic_task_mapping.py
[2025-08-12T15:38:05.856+0000] {processor.py:836} INFO - DAG(s) dict_keys(['example_dynamic_task_mapping']) retrieved from /home/vscode/.local/lib/python3.10/site-packages/airflow/example_dags/example_dynamic_task_mapping.py
[2025-08-12T15:38:05.866+0000] {logging_mixin.py:150} INFO - [2025-08-12T15:38:05.866+0000] {dag.py:2742} INFO - Sync 1 DAGs
[2025-08-12T15:38:05.880+0000] {logging_mixin.py:150} INFO - [2025-08-12T15:38:05.880+0000] {dag.py:3504} INFO - Setting next_dagrun for example_dynamic_task_mapping to 2022-03-04T00:00:00+00:00, run_after=2022-03-05T00:00:00+00:00
[2025-08-12T15:38:05.896+0000] {processor.py:179} INFO - Processing /home/vscode/.local/lib/python3.10/site-packages/airflow/example_dags/example_dynamic_task_mapping.py took 0.049 seconds
[2025-08-12T15:38:54.976+0000] {processor.py:157} INFO - Started process (PID=18842) to work on /home/vscode/.local/lib/python3.10/site-packages/airflow/example_dags/example_dynamic_task_mapping.py
[2025-08-12T15:38:54.976+0000] {processor.py:826} INFO - Processing file /home/vscode/.local/lib/python3.10/site-packages/airflow/example_dags/example_dynamic_task_mapping.py for tasks to queue
[2025-08-12T15:38:54.977+0000] {logging_mixin.py:150} INFO - [2025-08-12T15:38:54.977+0000] {dagbag.py:541} INFO - Filling up the DagBag from /home/vscode/.local/lib/python3.10/site-packages/airflow/example_dags/example_dynamic_task_mapping.py
[2025-08-12T15:38:54.982+0000] {processor.py:836} INFO - DAG(s) dict_keys(['example_dynamic_task_mapping']) retrieved from /home/vscode/.local/lib/python3.10/site-packages/airflow/example_dags/example_dynamic_task_mapping.py
[2025-08-12T15:38:54.993+0000] {logging_mixin.py:150} INFO - [2025-08-12T15:38:54.993+0000] {dag.py:2742} INFO - Sync 1 DAGs
[2025-08-12T15:38:55.008+0000] {logging_mixin.py:150} INFO - [2025-08-12T15:38:55.008+0000] {dag.py:3504} INFO - Setting next_dagrun for example_dynamic_task_mapping to 2022-03-04T00:00:00+00:00, run_after=2022-03-05T00:00:00+00:00
[2025-08-12T15:38:55.026+0000] {processor.py:179} INFO - Processing /home/vscode/.local/lib/python3.10/site-packages/airflow/example_dags/example_dynamic_task_mapping.py took 0.053 seconds
[2025-08-12T15:39:38.084+0000] {processor.py:157} INFO - Started process (PID=19165) to work on /home/vscode/.local/lib/python3.10/site-packages/airflow/example_dags/example_dynamic_task_mapping.py
[2025-08-12T15:39:38.085+0000] {processor.py:826} INFO - Processing file /home/vscode/.local/lib/python3.10/site-packages/airflow/example_dags/example_dynamic_task_mapping.py for tasks to queue
[2025-08-12T15:39:38.085+0000] {logging_mixin.py:150} INFO - [2025-08-12T15:39:38.085+0000] {dagbag.py:541} INFO - Filling up the DagBag from /home/vscode/.local/lib/python3.10/site-packages/airflow/example_dags/example_dynamic_task_mapping.py
[2025-08-12T15:39:38.091+0000] {processor.py:836} INFO - DAG(s) dict_keys(['example_dynamic_task_mapping']) retrieved from /home/vscode/.local/lib/python3.10/site-packages/airflow/example_dags/example_dynamic_task_mapping.py
[2025-08-12T15:39:38.102+0000] {logging_mixin.py:150} INFO - [2025-08-12T15:39:38.102+0000] {dag.py:2742} INFO - Sync 1 DAGs
[2025-08-12T15:39:38.117+0000] {logging_mixin.py:150} INFO - [2025-08-12T15:39:38.116+0000] {dag.py:3504} INFO - Setting next_dagrun for example_dynamic_task_mapping to 2022-03-04T00:00:00+00:00, run_after=2022-03-05T00:00:00+00:00
[2025-08-12T15:39:38.133+0000] {processor.py:179} INFO - Processing /home/vscode/.local/lib/python3.10/site-packages/airflow/example_dags/example_dynamic_task_mapping.py took 0.051 seconds
[2025-08-12T15:40:24.600+0000] {processor.py:157} INFO - Started process (PID=19484) to work on /home/vscode/.local/lib/python3.10/site-packages/airflow/example_dags/example_dynamic_task_mapping.py
[2025-08-12T15:40:24.600+0000] {processor.py:826} INFO - Processing file /home/vscode/.local/lib/python3.10/site-packages/airflow/example_dags/example_dynamic_task_mapping.py for tasks to queue
[2025-08-12T15:40:24.601+0000] {logging_mixin.py:150} INFO - [2025-08-12T15:40:24.601+0000] {dagbag.py:541} INFO - Filling up the DagBag from /home/vscode/.local/lib/python3.10/site-packages/airflow/example_dags/example_dynamic_task_mapping.py
[2025-08-12T15:40:24.607+0000] {processor.py:836} INFO - DAG(s) dict_keys(['example_dynamic_task_mapping']) retrieved from /home/vscode/.local/lib/python3.10/site-packages/airflow/example_dags/example_dynamic_task_mapping.py
[2025-08-12T15:40:24.617+0000] {logging_mixin.py:150} INFO - [2025-08-12T15:40:24.617+0000] {dag.py:2742} INFO - Sync 1 DAGs
[2025-08-12T15:40:24.632+0000] {logging_mixin.py:150} INFO - [2025-08-12T15:40:24.632+0000] {dag.py:3504} INFO - Setting next_dagrun for example_dynamic_task_mapping to 2022-03-04T00:00:00+00:00, run_after=2022-03-05T00:00:00+00:00
[2025-08-12T15:40:24.661+0000] {processor.py:179} INFO - Processing /home/vscode/.local/lib/python3.10/site-packages/airflow/example_dags/example_dynamic_task_mapping.py took 0.063 seconds
[2025-08-12T15:41:08.068+0000] {processor.py:157} INFO - Started process (PID=19770) to work on /home/vscode/.local/lib/python3.10/site-packages/airflow/example_dags/example_dynamic_task_mapping.py
[2025-08-12T15:41:08.068+0000] {processor.py:826} INFO - Processing file /home/vscode/.local/lib/python3.10/site-packages/airflow/example_dags/example_dynamic_task_mapping.py for tasks to queue
[2025-08-12T15:41:08.069+0000] {logging_mixin.py:150} INFO - [2025-08-12T15:41:08.069+0000] {dagbag.py:541} INFO - Filling up the DagBag from /home/vscode/.local/lib/python3.10/site-packages/airflow/example_dags/example_dynamic_task_mapping.py
[2025-08-12T15:41:08.074+0000] {processor.py:836} INFO - DAG(s) dict_keys(['example_dynamic_task_mapping']) retrieved from /home/vscode/.local/lib/python3.10/site-packages/airflow/example_dags/example_dynamic_task_mapping.py
[2025-08-12T15:41:08.085+0000] {logging_mixin.py:150} INFO - [2025-08-12T15:41:08.085+0000] {dag.py:2742} INFO - Sync 1 DAGs
[2025-08-12T15:41:08.099+0000] {logging_mixin.py:150} INFO - [2025-08-12T15:41:08.099+0000] {dag.py:3504} INFO - Setting next_dagrun for example_dynamic_task_mapping to 2022-03-04T00:00:00+00:00, run_after=2022-03-05T00:00:00+00:00
[2025-08-12T15:41:08.115+0000] {processor.py:179} INFO - Processing /home/vscode/.local/lib/python3.10/site-packages/airflow/example_dags/example_dynamic_task_mapping.py took 0.049 seconds
[2025-08-12T15:41:52.164+0000] {processor.py:157} INFO - Started process (PID=20064) to work on /home/vscode/.local/lib/python3.10/site-packages/airflow/example_dags/example_dynamic_task_mapping.py
[2025-08-12T15:41:52.165+0000] {processor.py:826} INFO - Processing file /home/vscode/.local/lib/python3.10/site-packages/airflow/example_dags/example_dynamic_task_mapping.py for tasks to queue
[2025-08-12T15:41:52.165+0000] {logging_mixin.py:150} INFO - [2025-08-12T15:41:52.165+0000] {dagbag.py:541} INFO - Filling up the DagBag from /home/vscode/.local/lib/python3.10/site-packages/airflow/example_dags/example_dynamic_task_mapping.py
[2025-08-12T15:41:52.171+0000] {processor.py:836} INFO - DAG(s) dict_keys(['example_dynamic_task_mapping']) retrieved from /home/vscode/.local/lib/python3.10/site-packages/airflow/example_dags/example_dynamic_task_mapping.py
[2025-08-12T15:41:52.182+0000] {logging_mixin.py:150} INFO - [2025-08-12T15:41:52.182+0000] {dag.py:2742} INFO - Sync 1 DAGs
[2025-08-12T15:41:52.197+0000] {logging_mixin.py:150} INFO - [2025-08-12T15:41:52.197+0000] {dag.py:3504} INFO - Setting next_dagrun for example_dynamic_task_mapping to 2022-03-04T00:00:00+00:00, run_after=2022-03-05T00:00:00+00:00
[2025-08-12T15:41:52.214+0000] {processor.py:179} INFO - Processing /home/vscode/.local/lib/python3.10/site-packages/airflow/example_dags/example_dynamic_task_mapping.py took 0.052 seconds
[2025-08-12T15:42:38.112+0000] {processor.py:157} INFO - Started process (PID=20375) to work on /home/vscode/.local/lib/python3.10/site-packages/airflow/example_dags/example_dynamic_task_mapping.py
[2025-08-12T15:42:38.112+0000] {processor.py:826} INFO - Processing file /home/vscode/.local/lib/python3.10/site-packages/airflow/example_dags/example_dynamic_task_mapping.py for tasks to queue
[2025-08-12T15:42:38.113+0000] {logging_mixin.py:150} INFO - [2025-08-12T15:42:38.113+0000] {dagbag.py:541} INFO - Filling up the DagBag from /home/vscode/.local/lib/python3.10/site-packages/airflow/example_dags/example_dynamic_task_mapping.py
[2025-08-12T15:42:38.118+0000] {processor.py:836} INFO - DAG(s) dict_keys(['example_dynamic_task_mapping']) retrieved from /home/vscode/.local/lib/python3.10/site-packages/airflow/example_dags/example_dynamic_task_mapping.py
[2025-08-12T15:42:38.129+0000] {logging_mixin.py:150} INFO - [2025-08-12T15:42:38.129+0000] {dag.py:2742} INFO - Sync 1 DAGs
[2025-08-12T15:42:38.143+0000] {logging_mixin.py:150} INFO - [2025-08-12T15:42:38.143+0000] {dag.py:3504} INFO - Setting next_dagrun for example_dynamic_task_mapping to 2022-03-04T00:00:00+00:00, run_after=2022-03-05T00:00:00+00:00
[2025-08-12T15:42:38.159+0000] {processor.py:179} INFO - Processing /home/vscode/.local/lib/python3.10/site-packages/airflow/example_dags/example_dynamic_task_mapping.py took 0.049 seconds
[2025-08-12T15:43:21.207+0000] {processor.py:157} INFO - Started process (PID=20654) to work on /home/vscode/.local/lib/python3.10/site-packages/airflow/example_dags/example_dynamic_task_mapping.py
[2025-08-12T15:43:21.207+0000] {processor.py:826} INFO - Processing file /home/vscode/.local/lib/python3.10/site-packages/airflow/example_dags/example_dynamic_task_mapping.py for tasks to queue
[2025-08-12T15:43:21.208+0000] {logging_mixin.py:150} INFO - [2025-08-12T15:43:21.208+0000] {dagbag.py:541} INFO - Filling up the DagBag from /home/vscode/.local/lib/python3.10/site-packages/airflow/example_dags/example_dynamic_task_mapping.py
[2025-08-12T15:43:21.214+0000] {processor.py:836} INFO - DAG(s) dict_keys(['example_dynamic_task_mapping']) retrieved from /home/vscode/.local/lib/python3.10/site-packages/airflow/example_dags/example_dynamic_task_mapping.py
[2025-08-12T15:43:21.225+0000] {logging_mixin.py:150} INFO - [2025-08-12T15:43:21.225+0000] {dag.py:2742} INFO - Sync 1 DAGs
[2025-08-12T15:43:21.240+0000] {logging_mixin.py:150} INFO - [2025-08-12T15:43:21.239+0000] {dag.py:3504} INFO - Setting next_dagrun for example_dynamic_task_mapping to 2022-03-04T00:00:00+00:00, run_after=2022-03-05T00:00:00+00:00
[2025-08-12T15:43:21.255+0000] {processor.py:179} INFO - Processing /home/vscode/.local/lib/python3.10/site-packages/airflow/example_dags/example_dynamic_task_mapping.py took 0.050 seconds
[2025-08-12T15:44:08.694+0000] {processor.py:157} INFO - Started process (PID=20969) to work on /home/vscode/.local/lib/python3.10/site-packages/airflow/example_dags/example_dynamic_task_mapping.py
[2025-08-12T15:44:08.695+0000] {processor.py:826} INFO - Processing file /home/vscode/.local/lib/python3.10/site-packages/airflow/example_dags/example_dynamic_task_mapping.py for tasks to queue
[2025-08-12T15:44:08.695+0000] {logging_mixin.py:150} INFO - [2025-08-12T15:44:08.695+0000] {dagbag.py:541} INFO - Filling up the DagBag from /home/vscode/.local/lib/python3.10/site-packages/airflow/example_dags/example_dynamic_task_mapping.py
[2025-08-12T15:44:08.701+0000] {processor.py:836} INFO - DAG(s) dict_keys(['example_dynamic_task_mapping']) retrieved from /home/vscode/.local/lib/python3.10/site-packages/airflow/example_dags/example_dynamic_task_mapping.py
[2025-08-12T15:44:08.711+0000] {logging_mixin.py:150} INFO - [2025-08-12T15:44:08.711+0000] {dag.py:2742} INFO - Sync 1 DAGs
[2025-08-12T15:44:08.725+0000] {logging_mixin.py:150} INFO - [2025-08-12T15:44:08.725+0000] {dag.py:3504} INFO - Setting next_dagrun for example_dynamic_task_mapping to 2022-03-04T00:00:00+00:00, run_after=2022-03-05T00:00:00+00:00
[2025-08-12T15:44:08.741+0000] {processor.py:179} INFO - Processing /home/vscode/.local/lib/python3.10/site-packages/airflow/example_dags/example_dynamic_task_mapping.py took 0.048 seconds
[2025-08-12T15:44:50.414+0000] {processor.py:157} INFO - Started process (PID=21254) to work on /home/vscode/.local/lib/python3.10/site-packages/airflow/example_dags/example_dynamic_task_mapping.py
[2025-08-12T15:44:50.414+0000] {processor.py:826} INFO - Processing file /home/vscode/.local/lib/python3.10/site-packages/airflow/example_dags/example_dynamic_task_mapping.py for tasks to queue
[2025-08-12T15:44:50.415+0000] {logging_mixin.py:150} INFO - [2025-08-12T15:44:50.415+0000] {dagbag.py:541} INFO - Filling up the DagBag from /home/vscode/.local/lib/python3.10/site-packages/airflow/example_dags/example_dynamic_task_mapping.py
[2025-08-12T15:44:50.420+0000] {processor.py:836} INFO - DAG(s) dict_keys(['example_dynamic_task_mapping']) retrieved from /home/vscode/.local/lib/python3.10/site-packages/airflow/example_dags/example_dynamic_task_mapping.py
[2025-08-12T15:44:50.430+0000] {logging_mixin.py:150} INFO - [2025-08-12T15:44:50.430+0000] {dag.py:2742} INFO - Sync 1 DAGs
[2025-08-12T15:44:50.444+0000] {logging_mixin.py:150} INFO - [2025-08-12T15:44:50.444+0000] {dag.py:3504} INFO - Setting next_dagrun for example_dynamic_task_mapping to 2022-03-04T00:00:00+00:00, run_after=2022-03-05T00:00:00+00:00
[2025-08-12T15:44:50.459+0000] {processor.py:179} INFO - Processing /home/vscode/.local/lib/python3.10/site-packages/airflow/example_dags/example_dynamic_task_mapping.py took 0.048 seconds
[2025-08-12T15:45:35.255+0000] {processor.py:157} INFO - Started process (PID=21548) to work on /home/vscode/.local/lib/python3.10/site-packages/airflow/example_dags/example_dynamic_task_mapping.py
[2025-08-12T15:45:35.255+0000] {processor.py:826} INFO - Processing file /home/vscode/.local/lib/python3.10/site-packages/airflow/example_dags/example_dynamic_task_mapping.py for tasks to queue
[2025-08-12T15:45:35.256+0000] {logging_mixin.py:150} INFO - [2025-08-12T15:45:35.256+0000] {dagbag.py:541} INFO - Filling up the DagBag from /home/vscode/.local/lib/python3.10/site-packages/airflow/example_dags/example_dynamic_task_mapping.py
[2025-08-12T15:45:35.261+0000] {processor.py:836} INFO - DAG(s) dict_keys(['example_dynamic_task_mapping']) retrieved from /home/vscode/.local/lib/python3.10/site-packages/airflow/example_dags/example_dynamic_task_mapping.py
[2025-08-12T15:45:35.272+0000] {logging_mixin.py:150} INFO - [2025-08-12T15:45:35.272+0000] {dag.py:2742} INFO - Sync 1 DAGs
[2025-08-12T15:45:35.288+0000] {logging_mixin.py:150} INFO - [2025-08-12T15:45:35.287+0000] {dag.py:3504} INFO - Setting next_dagrun for example_dynamic_task_mapping to 2022-03-04T00:00:00+00:00, run_after=2022-03-05T00:00:00+00:00
[2025-08-12T15:45:35.306+0000] {processor.py:179} INFO - Processing /home/vscode/.local/lib/python3.10/site-packages/airflow/example_dags/example_dynamic_task_mapping.py took 0.054 seconds
[2025-08-12T15:46:18.948+0000] {processor.py:157} INFO - Started process (PID=21840) to work on /home/vscode/.local/lib/python3.10/site-packages/airflow/example_dags/example_dynamic_task_mapping.py
[2025-08-12T15:46:18.949+0000] {processor.py:826} INFO - Processing file /home/vscode/.local/lib/python3.10/site-packages/airflow/example_dags/example_dynamic_task_mapping.py for tasks to queue
[2025-08-12T15:46:18.949+0000] {logging_mixin.py:150} INFO - [2025-08-12T15:46:18.949+0000] {dagbag.py:541} INFO - Filling up the DagBag from /home/vscode/.local/lib/python3.10/site-packages/airflow/example_dags/example_dynamic_task_mapping.py
[2025-08-12T15:46:18.955+0000] {processor.py:836} INFO - DAG(s) dict_keys(['example_dynamic_task_mapping']) retrieved from /home/vscode/.local/lib/python3.10/site-packages/airflow/example_dags/example_dynamic_task_mapping.py
[2025-08-12T15:46:18.966+0000] {logging_mixin.py:150} INFO - [2025-08-12T15:46:18.966+0000] {dag.py:2742} INFO - Sync 1 DAGs
[2025-08-12T15:46:18.980+0000] {logging_mixin.py:150} INFO - [2025-08-12T15:46:18.980+0000] {dag.py:3504} INFO - Setting next_dagrun for example_dynamic_task_mapping to 2022-03-04T00:00:00+00:00, run_after=2022-03-05T00:00:00+00:00
[2025-08-12T15:46:18.995+0000] {processor.py:179} INFO - Processing /home/vscode/.local/lib/python3.10/site-packages/airflow/example_dags/example_dynamic_task_mapping.py took 0.048 seconds
[2025-08-12T15:47:02.274+0000] {processor.py:157} INFO - Started process (PID=22127) to work on /home/vscode/.local/lib/python3.10/site-packages/airflow/example_dags/example_dynamic_task_mapping.py
[2025-08-12T15:47:02.275+0000] {processor.py:826} INFO - Processing file /home/vscode/.local/lib/python3.10/site-packages/airflow/example_dags/example_dynamic_task_mapping.py for tasks to queue
[2025-08-12T15:47:02.276+0000] {logging_mixin.py:150} INFO - [2025-08-12T15:47:02.275+0000] {dagbag.py:541} INFO - Filling up the DagBag from /home/vscode/.local/lib/python3.10/site-packages/airflow/example_dags/example_dynamic_task_mapping.py
[2025-08-12T15:47:02.281+0000] {processor.py:836} INFO - DAG(s) dict_keys(['example_dynamic_task_mapping']) retrieved from /home/vscode/.local/lib/python3.10/site-packages/airflow/example_dags/example_dynamic_task_mapping.py
[2025-08-12T15:47:02.291+0000] {logging_mixin.py:150} INFO - [2025-08-12T15:47:02.291+0000] {dag.py:2742} INFO - Sync 1 DAGs
[2025-08-12T15:47:02.306+0000] {logging_mixin.py:150} INFO - [2025-08-12T15:47:02.306+0000] {dag.py:3504} INFO - Setting next_dagrun for example_dynamic_task_mapping to 2022-03-04T00:00:00+00:00, run_after=2022-03-05T00:00:00+00:00
[2025-08-12T15:47:02.321+0000] {processor.py:179} INFO - Processing /home/vscode/.local/lib/python3.10/site-packages/airflow/example_dags/example_dynamic_task_mapping.py took 0.049 seconds
[2025-08-12T15:47:43.468+0000] {processor.py:157} INFO - Started process (PID=22404) to work on /home/vscode/.local/lib/python3.10/site-packages/airflow/example_dags/example_dynamic_task_mapping.py
[2025-08-12T15:47:43.468+0000] {processor.py:826} INFO - Processing file /home/vscode/.local/lib/python3.10/site-packages/airflow/example_dags/example_dynamic_task_mapping.py for tasks to queue
[2025-08-12T15:47:43.469+0000] {logging_mixin.py:150} INFO - [2025-08-12T15:47:43.469+0000] {dagbag.py:541} INFO - Filling up the DagBag from /home/vscode/.local/lib/python3.10/site-packages/airflow/example_dags/example_dynamic_task_mapping.py
[2025-08-12T15:47:43.475+0000] {processor.py:836} INFO - DAG(s) dict_keys(['example_dynamic_task_mapping']) retrieved from /home/vscode/.local/lib/python3.10/site-packages/airflow/example_dags/example_dynamic_task_mapping.py
[2025-08-12T15:47:43.485+0000] {logging_mixin.py:150} INFO - [2025-08-12T15:47:43.485+0000] {dag.py:2742} INFO - Sync 1 DAGs
[2025-08-12T15:47:43.507+0000] {logging_mixin.py:150} INFO - [2025-08-12T15:47:43.507+0000] {dag.py:3504} INFO - Setting next_dagrun for example_dynamic_task_mapping to 2022-03-04T00:00:00+00:00, run_after=2022-03-05T00:00:00+00:00
[2025-08-12T15:47:43.529+0000] {processor.py:179} INFO - Processing /home/vscode/.local/lib/python3.10/site-packages/airflow/example_dags/example_dynamic_task_mapping.py took 0.064 seconds
[2025-08-12T15:48:35.413+0000] {processor.py:157} INFO - Started process (PID=22750) to work on /home/vscode/.local/lib/python3.10/site-packages/airflow/example_dags/example_dynamic_task_mapping.py
[2025-08-12T15:48:35.413+0000] {processor.py:826} INFO - Processing file /home/vscode/.local/lib/python3.10/site-packages/airflow/example_dags/example_dynamic_task_mapping.py for tasks to queue
[2025-08-12T15:48:35.414+0000] {logging_mixin.py:150} INFO - [2025-08-12T15:48:35.414+0000] {dagbag.py:541} INFO - Filling up the DagBag from /home/vscode/.local/lib/python3.10/site-packages/airflow/example_dags/example_dynamic_task_mapping.py
[2025-08-12T15:48:35.419+0000] {processor.py:836} INFO - DAG(s) dict_keys(['example_dynamic_task_mapping']) retrieved from /home/vscode/.local/lib/python3.10/site-packages/airflow/example_dags/example_dynamic_task_mapping.py
[2025-08-12T15:48:35.430+0000] {logging_mixin.py:150} INFO - [2025-08-12T15:48:35.430+0000] {dag.py:2742} INFO - Sync 1 DAGs
[2025-08-12T15:48:35.445+0000] {logging_mixin.py:150} INFO - [2025-08-12T15:48:35.445+0000] {dag.py:3504} INFO - Setting next_dagrun for example_dynamic_task_mapping to 2022-03-04T00:00:00+00:00, run_after=2022-03-05T00:00:00+00:00
[2025-08-12T15:48:35.460+0000] {processor.py:179} INFO - Processing /home/vscode/.local/lib/python3.10/site-packages/airflow/example_dags/example_dynamic_task_mapping.py took 0.050 seconds
[2025-08-12T15:49:17.116+0000] {processor.py:157} INFO - Started process (PID=23056) to work on /home/vscode/.local/lib/python3.10/site-packages/airflow/example_dags/example_dynamic_task_mapping.py
[2025-08-12T15:49:17.117+0000] {processor.py:826} INFO - Processing file /home/vscode/.local/lib/python3.10/site-packages/airflow/example_dags/example_dynamic_task_mapping.py for tasks to queue
[2025-08-12T15:49:17.117+0000] {logging_mixin.py:150} INFO - [2025-08-12T15:49:17.117+0000] {dagbag.py:541} INFO - Filling up the DagBag from /home/vscode/.local/lib/python3.10/site-packages/airflow/example_dags/example_dynamic_task_mapping.py
[2025-08-12T15:49:17.123+0000] {processor.py:836} INFO - DAG(s) dict_keys(['example_dynamic_task_mapping']) retrieved from /home/vscode/.local/lib/python3.10/site-packages/airflow/example_dags/example_dynamic_task_mapping.py
[2025-08-12T15:49:17.134+0000] {logging_mixin.py:150} INFO - [2025-08-12T15:49:17.134+0000] {dag.py:2742} INFO - Sync 1 DAGs
[2025-08-12T15:49:17.148+0000] {logging_mixin.py:150} INFO - [2025-08-12T15:49:17.148+0000] {dag.py:3504} INFO - Setting next_dagrun for example_dynamic_task_mapping to 2022-03-04T00:00:00+00:00, run_after=2022-03-05T00:00:00+00:00
[2025-08-12T15:49:17.164+0000] {processor.py:179} INFO - Processing /home/vscode/.local/lib/python3.10/site-packages/airflow/example_dags/example_dynamic_task_mapping.py took 0.050 seconds
[2025-08-12T15:49:59.645+0000] {processor.py:157} INFO - Started process (PID=23416) to work on /home/vscode/.local/lib/python3.10/site-packages/airflow/example_dags/example_dynamic_task_mapping.py
[2025-08-12T15:49:59.646+0000] {processor.py:826} INFO - Processing file /home/vscode/.local/lib/python3.10/site-packages/airflow/example_dags/example_dynamic_task_mapping.py for tasks to queue
[2025-08-12T15:49:59.646+0000] {logging_mixin.py:150} INFO - [2025-08-12T15:49:59.646+0000] {dagbag.py:541} INFO - Filling up the DagBag from /home/vscode/.local/lib/python3.10/site-packages/airflow/example_dags/example_dynamic_task_mapping.py
[2025-08-12T15:49:59.652+0000] {processor.py:836} INFO - DAG(s) dict_keys(['example_dynamic_task_mapping']) retrieved from /home/vscode/.local/lib/python3.10/site-packages/airflow/example_dags/example_dynamic_task_mapping.py
[2025-08-12T15:49:59.663+0000] {logging_mixin.py:150} INFO - [2025-08-12T15:49:59.663+0000] {dag.py:2742} INFO - Sync 1 DAGs
[2025-08-12T15:49:59.683+0000] {logging_mixin.py:150} INFO - [2025-08-12T15:49:59.683+0000] {dag.py:3504} INFO - Setting next_dagrun for example_dynamic_task_mapping to 2022-03-04T00:00:00+00:00, run_after=2022-03-05T00:00:00+00:00
[2025-08-12T15:49:59.700+0000] {processor.py:179} INFO - Processing /home/vscode/.local/lib/python3.10/site-packages/airflow/example_dags/example_dynamic_task_mapping.py took 0.056 seconds
[2025-08-12T15:50:44.783+0000] {processor.py:157} INFO - Started process (PID=23870) to work on /home/vscode/.local/lib/python3.10/site-packages/airflow/example_dags/example_dynamic_task_mapping.py
[2025-08-12T15:50:44.784+0000] {processor.py:826} INFO - Processing file /home/vscode/.local/lib/python3.10/site-packages/airflow/example_dags/example_dynamic_task_mapping.py for tasks to queue
[2025-08-12T15:50:44.784+0000] {logging_mixin.py:150} INFO - [2025-08-12T15:50:44.784+0000] {dagbag.py:541} INFO - Filling up the DagBag from /home/vscode/.local/lib/python3.10/site-packages/airflow/example_dags/example_dynamic_task_mapping.py
[2025-08-12T15:50:44.789+0000] {processor.py:836} INFO - DAG(s) dict_keys(['example_dynamic_task_mapping']) retrieved from /home/vscode/.local/lib/python3.10/site-packages/airflow/example_dags/example_dynamic_task_mapping.py
[2025-08-12T15:50:44.800+0000] {logging_mixin.py:150} INFO - [2025-08-12T15:50:44.800+0000] {dag.py:2742} INFO - Sync 1 DAGs
[2025-08-12T15:50:44.814+0000] {logging_mixin.py:150} INFO - [2025-08-12T15:50:44.814+0000] {dag.py:3504} INFO - Setting next_dagrun for example_dynamic_task_mapping to 2022-03-04T00:00:00+00:00, run_after=2022-03-05T00:00:00+00:00
[2025-08-12T15:50:44.831+0000] {processor.py:179} INFO - Processing /home/vscode/.local/lib/python3.10/site-packages/airflow/example_dags/example_dynamic_task_mapping.py took 0.050 seconds
[2025-08-12T15:51:28.878+0000] {processor.py:157} INFO - Started process (PID=24163) to work on /home/vscode/.local/lib/python3.10/site-packages/airflow/example_dags/example_dynamic_task_mapping.py
[2025-08-12T15:51:28.879+0000] {processor.py:826} INFO - Processing file /home/vscode/.local/lib/python3.10/site-packages/airflow/example_dags/example_dynamic_task_mapping.py for tasks to queue
[2025-08-12T15:51:28.880+0000] {logging_mixin.py:150} INFO - [2025-08-12T15:51:28.879+0000] {dagbag.py:541} INFO - Filling up the DagBag from /home/vscode/.local/lib/python3.10/site-packages/airflow/example_dags/example_dynamic_task_mapping.py
[2025-08-12T15:51:28.885+0000] {processor.py:836} INFO - DAG(s) dict_keys(['example_dynamic_task_mapping']) retrieved from /home/vscode/.local/lib/python3.10/site-packages/airflow/example_dags/example_dynamic_task_mapping.py
[2025-08-12T15:51:28.896+0000] {logging_mixin.py:150} INFO - [2025-08-12T15:51:28.896+0000] {dag.py:2742} INFO - Sync 1 DAGs
[2025-08-12T15:51:28.911+0000] {logging_mixin.py:150} INFO - [2025-08-12T15:51:28.911+0000] {dag.py:3504} INFO - Setting next_dagrun for example_dynamic_task_mapping to 2022-03-04T00:00:00+00:00, run_after=2022-03-05T00:00:00+00:00
[2025-08-12T15:51:28.928+0000] {processor.py:179} INFO - Processing /home/vscode/.local/lib/python3.10/site-packages/airflow/example_dags/example_dynamic_task_mapping.py took 0.051 seconds
[2025-08-12T15:52:12.172+0000] {processor.py:157} INFO - Started process (PID=24451) to work on /home/vscode/.local/lib/python3.10/site-packages/airflow/example_dags/example_dynamic_task_mapping.py
[2025-08-12T15:52:12.173+0000] {processor.py:826} INFO - Processing file /home/vscode/.local/lib/python3.10/site-packages/airflow/example_dags/example_dynamic_task_mapping.py for tasks to queue
[2025-08-12T15:52:12.174+0000] {logging_mixin.py:150} INFO - [2025-08-12T15:52:12.173+0000] {dagbag.py:541} INFO - Filling up the DagBag from /home/vscode/.local/lib/python3.10/site-packages/airflow/example_dags/example_dynamic_task_mapping.py
[2025-08-12T15:52:12.179+0000] {processor.py:836} INFO - DAG(s) dict_keys(['example_dynamic_task_mapping']) retrieved from /home/vscode/.local/lib/python3.10/site-packages/airflow/example_dags/example_dynamic_task_mapping.py
[2025-08-12T15:52:12.190+0000] {logging_mixin.py:150} INFO - [2025-08-12T15:52:12.189+0000] {dag.py:2742} INFO - Sync 1 DAGs
[2025-08-12T15:52:12.204+0000] {logging_mixin.py:150} INFO - [2025-08-12T15:52:12.203+0000] {dag.py:3504} INFO - Setting next_dagrun for example_dynamic_task_mapping to 2022-03-04T00:00:00+00:00, run_after=2022-03-05T00:00:00+00:00
[2025-08-12T15:52:12.219+0000] {processor.py:179} INFO - Processing /home/vscode/.local/lib/python3.10/site-packages/airflow/example_dags/example_dynamic_task_mapping.py took 0.048 seconds
[2025-08-12T15:52:55.539+0000] {processor.py:157} INFO - Started process (PID=24771) to work on /home/vscode/.local/lib/python3.10/site-packages/airflow/example_dags/example_dynamic_task_mapping.py
[2025-08-12T15:52:55.539+0000] {processor.py:826} INFO - Processing file /home/vscode/.local/lib/python3.10/site-packages/airflow/example_dags/example_dynamic_task_mapping.py for tasks to queue
[2025-08-12T15:52:55.540+0000] {logging_mixin.py:150} INFO - [2025-08-12T15:52:55.540+0000] {dagbag.py:541} INFO - Filling up the DagBag from /home/vscode/.local/lib/python3.10/site-packages/airflow/example_dags/example_dynamic_task_mapping.py
[2025-08-12T15:52:55.547+0000] {processor.py:836} INFO - DAG(s) dict_keys(['example_dynamic_task_mapping']) retrieved from /home/vscode/.local/lib/python3.10/site-packages/airflow/example_dags/example_dynamic_task_mapping.py
[2025-08-12T15:52:55.559+0000] {logging_mixin.py:150} INFO - [2025-08-12T15:52:55.558+0000] {dag.py:2742} INFO - Sync 1 DAGs
[2025-08-12T15:52:55.573+0000] {logging_mixin.py:150} INFO - [2025-08-12T15:52:55.573+0000] {dag.py:3504} INFO - Setting next_dagrun for example_dynamic_task_mapping to 2022-03-04T00:00:00+00:00, run_after=2022-03-05T00:00:00+00:00
[2025-08-12T15:52:55.589+0000] {processor.py:179} INFO - Processing /home/vscode/.local/lib/python3.10/site-packages/airflow/example_dags/example_dynamic_task_mapping.py took 0.053 seconds
[2025-08-12T15:53:38.490+0000] {processor.py:157} INFO - Started process (PID=25096) to work on /home/vscode/.local/lib/python3.10/site-packages/airflow/example_dags/example_dynamic_task_mapping.py
[2025-08-12T15:53:38.490+0000] {processor.py:826} INFO - Processing file /home/vscode/.local/lib/python3.10/site-packages/airflow/example_dags/example_dynamic_task_mapping.py for tasks to queue
[2025-08-12T15:53:38.491+0000] {logging_mixin.py:150} INFO - [2025-08-12T15:53:38.490+0000] {dagbag.py:541} INFO - Filling up the DagBag from /home/vscode/.local/lib/python3.10/site-packages/airflow/example_dags/example_dynamic_task_mapping.py
[2025-08-12T15:53:38.496+0000] {processor.py:836} INFO - DAG(s) dict_keys(['example_dynamic_task_mapping']) retrieved from /home/vscode/.local/lib/python3.10/site-packages/airflow/example_dags/example_dynamic_task_mapping.py
[2025-08-12T15:53:38.507+0000] {logging_mixin.py:150} INFO - [2025-08-12T15:53:38.507+0000] {dag.py:2742} INFO - Sync 1 DAGs
[2025-08-12T15:53:38.522+0000] {logging_mixin.py:150} INFO - [2025-08-12T15:53:38.522+0000] {dag.py:3504} INFO - Setting next_dagrun for example_dynamic_task_mapping to 2022-03-04T00:00:00+00:00, run_after=2022-03-05T00:00:00+00:00
[2025-08-12T15:53:38.538+0000] {processor.py:179} INFO - Processing /home/vscode/.local/lib/python3.10/site-packages/airflow/example_dags/example_dynamic_task_mapping.py took 0.051 seconds
[2025-08-12T15:54:20.719+0000] {processor.py:157} INFO - Started process (PID=25429) to work on /home/vscode/.local/lib/python3.10/site-packages/airflow/example_dags/example_dynamic_task_mapping.py
[2025-08-12T15:54:20.720+0000] {processor.py:826} INFO - Processing file /home/vscode/.local/lib/python3.10/site-packages/airflow/example_dags/example_dynamic_task_mapping.py for tasks to queue
[2025-08-12T15:54:20.721+0000] {logging_mixin.py:150} INFO - [2025-08-12T15:54:20.721+0000] {dagbag.py:541} INFO - Filling up the DagBag from /home/vscode/.local/lib/python3.10/site-packages/airflow/example_dags/example_dynamic_task_mapping.py
[2025-08-12T15:54:20.730+0000] {processor.py:836} INFO - DAG(s) dict_keys(['example_dynamic_task_mapping']) retrieved from /home/vscode/.local/lib/python3.10/site-packages/airflow/example_dags/example_dynamic_task_mapping.py
[2025-08-12T15:54:20.742+0000] {logging_mixin.py:150} INFO - [2025-08-12T15:54:20.742+0000] {dag.py:2742} INFO - Sync 1 DAGs
[2025-08-12T15:54:20.758+0000] {logging_mixin.py:150} INFO - [2025-08-12T15:54:20.758+0000] {dag.py:3504} INFO - Setting next_dagrun for example_dynamic_task_mapping to 2022-03-04T00:00:00+00:00, run_after=2022-03-05T00:00:00+00:00
[2025-08-12T15:54:20.773+0000] {processor.py:179} INFO - Processing /home/vscode/.local/lib/python3.10/site-packages/airflow/example_dags/example_dynamic_task_mapping.py took 0.057 seconds
[2025-08-12T15:55:05.182+0000] {processor.py:157} INFO - Started process (PID=25767) to work on /home/vscode/.local/lib/python3.10/site-packages/airflow/example_dags/example_dynamic_task_mapping.py
[2025-08-12T15:55:05.182+0000] {processor.py:826} INFO - Processing file /home/vscode/.local/lib/python3.10/site-packages/airflow/example_dags/example_dynamic_task_mapping.py for tasks to queue
[2025-08-12T15:55:05.183+0000] {logging_mixin.py:150} INFO - [2025-08-12T15:55:05.183+0000] {dagbag.py:541} INFO - Filling up the DagBag from /home/vscode/.local/lib/python3.10/site-packages/airflow/example_dags/example_dynamic_task_mapping.py
[2025-08-12T15:55:05.188+0000] {processor.py:836} INFO - DAG(s) dict_keys(['example_dynamic_task_mapping']) retrieved from /home/vscode/.local/lib/python3.10/site-packages/airflow/example_dags/example_dynamic_task_mapping.py
[2025-08-12T15:55:05.199+0000] {logging_mixin.py:150} INFO - [2025-08-12T15:55:05.198+0000] {dag.py:2742} INFO - Sync 1 DAGs
[2025-08-12T15:55:05.213+0000] {logging_mixin.py:150} INFO - [2025-08-12T15:55:05.213+0000] {dag.py:3504} INFO - Setting next_dagrun for example_dynamic_task_mapping to 2022-03-04T00:00:00+00:00, run_after=2022-03-05T00:00:00+00:00
[2025-08-12T15:55:05.228+0000] {processor.py:179} INFO - Processing /home/vscode/.local/lib/python3.10/site-packages/airflow/example_dags/example_dynamic_task_mapping.py took 0.049 seconds
[2025-08-12T15:55:47.808+0000] {processor.py:157} INFO - Started process (PID=26096) to work on /home/vscode/.local/lib/python3.10/site-packages/airflow/example_dags/example_dynamic_task_mapping.py
[2025-08-12T15:55:47.809+0000] {processor.py:826} INFO - Processing file /home/vscode/.local/lib/python3.10/site-packages/airflow/example_dags/example_dynamic_task_mapping.py for tasks to queue
[2025-08-12T15:55:47.809+0000] {logging_mixin.py:150} INFO - [2025-08-12T15:55:47.809+0000] {dagbag.py:541} INFO - Filling up the DagBag from /home/vscode/.local/lib/python3.10/site-packages/airflow/example_dags/example_dynamic_task_mapping.py
[2025-08-12T15:55:47.815+0000] {processor.py:836} INFO - DAG(s) dict_keys(['example_dynamic_task_mapping']) retrieved from /home/vscode/.local/lib/python3.10/site-packages/airflow/example_dags/example_dynamic_task_mapping.py
[2025-08-12T15:55:47.827+0000] {logging_mixin.py:150} INFO - [2025-08-12T15:55:47.826+0000] {dag.py:2742} INFO - Sync 1 DAGs
[2025-08-12T15:55:47.842+0000] {logging_mixin.py:150} INFO - [2025-08-12T15:55:47.842+0000] {dag.py:3504} INFO - Setting next_dagrun for example_dynamic_task_mapping to 2022-03-04T00:00:00+00:00, run_after=2022-03-05T00:00:00+00:00
[2025-08-12T15:55:47.857+0000] {processor.py:179} INFO - Processing /home/vscode/.local/lib/python3.10/site-packages/airflow/example_dags/example_dynamic_task_mapping.py took 0.051 seconds
[2025-08-12T15:56:34.240+0000] {processor.py:157} INFO - Started process (PID=26451) to work on /home/vscode/.local/lib/python3.10/site-packages/airflow/example_dags/example_dynamic_task_mapping.py
[2025-08-12T15:56:34.241+0000] {processor.py:826} INFO - Processing file /home/vscode/.local/lib/python3.10/site-packages/airflow/example_dags/example_dynamic_task_mapping.py for tasks to queue
[2025-08-12T15:56:34.242+0000] {logging_mixin.py:150} INFO - [2025-08-12T15:56:34.241+0000] {dagbag.py:541} INFO - Filling up the DagBag from /home/vscode/.local/lib/python3.10/site-packages/airflow/example_dags/example_dynamic_task_mapping.py
[2025-08-12T15:56:34.247+0000] {processor.py:836} INFO - DAG(s) dict_keys(['example_dynamic_task_mapping']) retrieved from /home/vscode/.local/lib/python3.10/site-packages/airflow/example_dags/example_dynamic_task_mapping.py
[2025-08-12T15:56:34.258+0000] {logging_mixin.py:150} INFO - [2025-08-12T15:56:34.258+0000] {dag.py:2742} INFO - Sync 1 DAGs
[2025-08-12T15:56:34.273+0000] {logging_mixin.py:150} INFO - [2025-08-12T15:56:34.273+0000] {dag.py:3504} INFO - Setting next_dagrun for example_dynamic_task_mapping to 2022-03-04T00:00:00+00:00, run_after=2022-03-05T00:00:00+00:00
[2025-08-12T15:56:34.288+0000] {processor.py:179} INFO - Processing /home/vscode/.local/lib/python3.10/site-packages/airflow/example_dags/example_dynamic_task_mapping.py took 0.050 seconds
[2025-08-12T15:57:25.649+0000] {processor.py:157} INFO - Started process (PID=26840) to work on /home/vscode/.local/lib/python3.10/site-packages/airflow/example_dags/example_dynamic_task_mapping.py
[2025-08-12T15:57:25.650+0000] {processor.py:826} INFO - Processing file /home/vscode/.local/lib/python3.10/site-packages/airflow/example_dags/example_dynamic_task_mapping.py for tasks to queue
[2025-08-12T15:57:25.650+0000] {logging_mixin.py:150} INFO - [2025-08-12T15:57:25.650+0000] {dagbag.py:541} INFO - Filling up the DagBag from /home/vscode/.local/lib/python3.10/site-packages/airflow/example_dags/example_dynamic_task_mapping.py
[2025-08-12T15:57:25.656+0000] {processor.py:836} INFO - DAG(s) dict_keys(['example_dynamic_task_mapping']) retrieved from /home/vscode/.local/lib/python3.10/site-packages/airflow/example_dags/example_dynamic_task_mapping.py
[2025-08-12T15:57:25.667+0000] {logging_mixin.py:150} INFO - [2025-08-12T15:57:25.667+0000] {dag.py:2742} INFO - Sync 1 DAGs
[2025-08-12T15:57:25.681+0000] {logging_mixin.py:150} INFO - [2025-08-12T15:57:25.681+0000] {dag.py:3504} INFO - Setting next_dagrun for example_dynamic_task_mapping to 2022-03-04T00:00:00+00:00, run_after=2022-03-05T00:00:00+00:00
[2025-08-12T15:57:25.696+0000] {processor.py:179} INFO - Processing /home/vscode/.local/lib/python3.10/site-packages/airflow/example_dags/example_dynamic_task_mapping.py took 0.049 seconds
[2025-08-12T15:58:11.484+0000] {processor.py:157} INFO - Started process (PID=27176) to work on /home/vscode/.local/lib/python3.10/site-packages/airflow/example_dags/example_dynamic_task_mapping.py
[2025-08-12T15:58:11.485+0000] {processor.py:826} INFO - Processing file /home/vscode/.local/lib/python3.10/site-packages/airflow/example_dags/example_dynamic_task_mapping.py for tasks to queue
[2025-08-12T15:58:11.485+0000] {logging_mixin.py:150} INFO - [2025-08-12T15:58:11.485+0000] {dagbag.py:541} INFO - Filling up the DagBag from /home/vscode/.local/lib/python3.10/site-packages/airflow/example_dags/example_dynamic_task_mapping.py
[2025-08-12T15:58:11.491+0000] {processor.py:836} INFO - DAG(s) dict_keys(['example_dynamic_task_mapping']) retrieved from /home/vscode/.local/lib/python3.10/site-packages/airflow/example_dags/example_dynamic_task_mapping.py
[2025-08-12T15:58:11.502+0000] {logging_mixin.py:150} INFO - [2025-08-12T15:58:11.502+0000] {dag.py:2742} INFO - Sync 1 DAGs
[2025-08-12T15:58:11.526+0000] {logging_mixin.py:150} INFO - [2025-08-12T15:58:11.526+0000] {dag.py:3504} INFO - Setting next_dagrun for example_dynamic_task_mapping to 2022-03-04T00:00:00+00:00, run_after=2022-03-05T00:00:00+00:00
[2025-08-12T15:58:11.543+0000] {processor.py:179} INFO - Processing /home/vscode/.local/lib/python3.10/site-packages/airflow/example_dags/example_dynamic_task_mapping.py took 0.061 seconds
[2025-08-12T15:58:57.759+0000] {processor.py:157} INFO - Started process (PID=27473) to work on /home/vscode/.local/lib/python3.10/site-packages/airflow/example_dags/example_dynamic_task_mapping.py
[2025-08-12T15:58:57.759+0000] {processor.py:826} INFO - Processing file /home/vscode/.local/lib/python3.10/site-packages/airflow/example_dags/example_dynamic_task_mapping.py for tasks to queue
[2025-08-12T15:58:57.760+0000] {logging_mixin.py:150} INFO - [2025-08-12T15:58:57.760+0000] {dagbag.py:541} INFO - Filling up the DagBag from /home/vscode/.local/lib/python3.10/site-packages/airflow/example_dags/example_dynamic_task_mapping.py
[2025-08-12T15:58:57.765+0000] {processor.py:836} INFO - DAG(s) dict_keys(['example_dynamic_task_mapping']) retrieved from /home/vscode/.local/lib/python3.10/site-packages/airflow/example_dags/example_dynamic_task_mapping.py
[2025-08-12T15:58:57.776+0000] {logging_mixin.py:150} INFO - [2025-08-12T15:58:57.776+0000] {dag.py:2742} INFO - Sync 1 DAGs
[2025-08-12T15:58:57.789+0000] {logging_mixin.py:150} INFO - [2025-08-12T15:58:57.789+0000] {dag.py:3504} INFO - Setting next_dagrun for example_dynamic_task_mapping to 2022-03-04T00:00:00+00:00, run_after=2022-03-05T00:00:00+00:00
[2025-08-12T15:58:57.804+0000] {processor.py:179} INFO - Processing /home/vscode/.local/lib/python3.10/site-packages/airflow/example_dags/example_dynamic_task_mapping.py took 0.047 seconds
[2025-08-12T15:59:37.744+0000] {processor.py:157} INFO - Started process (PID=27743) to work on /home/vscode/.local/lib/python3.10/site-packages/airflow/example_dags/example_dynamic_task_mapping.py
[2025-08-12T15:59:37.745+0000] {processor.py:826} INFO - Processing file /home/vscode/.local/lib/python3.10/site-packages/airflow/example_dags/example_dynamic_task_mapping.py for tasks to queue
[2025-08-12T15:59:37.746+0000] {logging_mixin.py:150} INFO - [2025-08-12T15:59:37.746+0000] {dagbag.py:541} INFO - Filling up the DagBag from /home/vscode/.local/lib/python3.10/site-packages/airflow/example_dags/example_dynamic_task_mapping.py
[2025-08-12T15:59:37.754+0000] {processor.py:836} INFO - DAG(s) dict_keys(['example_dynamic_task_mapping']) retrieved from /home/vscode/.local/lib/python3.10/site-packages/airflow/example_dags/example_dynamic_task_mapping.py
[2025-08-12T15:59:37.776+0000] {logging_mixin.py:150} INFO - [2025-08-12T15:59:37.776+0000] {dag.py:2742} INFO - Sync 1 DAGs
[2025-08-12T15:59:37.801+0000] {logging_mixin.py:150} INFO - [2025-08-12T15:59:37.801+0000] {dag.py:3504} INFO - Setting next_dagrun for example_dynamic_task_mapping to 2022-03-04T00:00:00+00:00, run_after=2022-03-05T00:00:00+00:00
[2025-08-12T15:59:37.818+0000] {processor.py:179} INFO - Processing /home/vscode/.local/lib/python3.10/site-packages/airflow/example_dags/example_dynamic_task_mapping.py took 0.077 seconds
[2025-08-12T16:00:22.848+0000] {processor.py:157} INFO - Started process (PID=28049) to work on /home/vscode/.local/lib/python3.10/site-packages/airflow/example_dags/example_dynamic_task_mapping.py
[2025-08-12T16:00:22.849+0000] {processor.py:826} INFO - Processing file /home/vscode/.local/lib/python3.10/site-packages/airflow/example_dags/example_dynamic_task_mapping.py for tasks to queue
[2025-08-12T16:00:22.849+0000] {logging_mixin.py:150} INFO - [2025-08-12T16:00:22.849+0000] {dagbag.py:541} INFO - Filling up the DagBag from /home/vscode/.local/lib/python3.10/site-packages/airflow/example_dags/example_dynamic_task_mapping.py
[2025-08-12T16:00:22.855+0000] {processor.py:836} INFO - DAG(s) dict_keys(['example_dynamic_task_mapping']) retrieved from /home/vscode/.local/lib/python3.10/site-packages/airflow/example_dags/example_dynamic_task_mapping.py
[2025-08-12T16:00:22.865+0000] {logging_mixin.py:150} INFO - [2025-08-12T16:00:22.865+0000] {dag.py:2742} INFO - Sync 1 DAGs
[2025-08-12T16:00:22.879+0000] {logging_mixin.py:150} INFO - [2025-08-12T16:00:22.879+0000] {dag.py:3504} INFO - Setting next_dagrun for example_dynamic_task_mapping to 2022-03-04T00:00:00+00:00, run_after=2022-03-05T00:00:00+00:00
[2025-08-12T16:00:22.894+0000] {processor.py:179} INFO - Processing /home/vscode/.local/lib/python3.10/site-packages/airflow/example_dags/example_dynamic_task_mapping.py took 0.048 seconds
[2025-08-12T16:01:16.300+0000] {processor.py:157} INFO - Started process (PID=28542) to work on /home/vscode/.local/lib/python3.10/site-packages/airflow/example_dags/example_dynamic_task_mapping.py
[2025-08-12T16:01:16.301+0000] {processor.py:826} INFO - Processing file /home/vscode/.local/lib/python3.10/site-packages/airflow/example_dags/example_dynamic_task_mapping.py for tasks to queue
[2025-08-12T16:01:16.302+0000] {logging_mixin.py:150} INFO - [2025-08-12T16:01:16.301+0000] {dagbag.py:541} INFO - Filling up the DagBag from /home/vscode/.local/lib/python3.10/site-packages/airflow/example_dags/example_dynamic_task_mapping.py
[2025-08-12T16:01:16.307+0000] {processor.py:836} INFO - DAG(s) dict_keys(['example_dynamic_task_mapping']) retrieved from /home/vscode/.local/lib/python3.10/site-packages/airflow/example_dags/example_dynamic_task_mapping.py
[2025-08-12T16:01:16.318+0000] {logging_mixin.py:150} INFO - [2025-08-12T16:01:16.317+0000] {dag.py:2742} INFO - Sync 1 DAGs
[2025-08-12T16:01:16.331+0000] {logging_mixin.py:150} INFO - [2025-08-12T16:01:16.331+0000] {dag.py:3504} INFO - Setting next_dagrun for example_dynamic_task_mapping to 2022-03-04T00:00:00+00:00, run_after=2022-03-05T00:00:00+00:00
[2025-08-12T16:01:16.346+0000] {processor.py:179} INFO - Processing /home/vscode/.local/lib/python3.10/site-packages/airflow/example_dags/example_dynamic_task_mapping.py took 0.048 seconds
[2025-08-12T16:02:04.789+0000] {processor.py:157} INFO - Started process (PID=28898) to work on /home/vscode/.local/lib/python3.10/site-packages/airflow/example_dags/example_dynamic_task_mapping.py
[2025-08-12T16:02:04.789+0000] {processor.py:826} INFO - Processing file /home/vscode/.local/lib/python3.10/site-packages/airflow/example_dags/example_dynamic_task_mapping.py for tasks to queue
[2025-08-12T16:02:04.790+0000] {logging_mixin.py:150} INFO - [2025-08-12T16:02:04.790+0000] {dagbag.py:541} INFO - Filling up the DagBag from /home/vscode/.local/lib/python3.10/site-packages/airflow/example_dags/example_dynamic_task_mapping.py
[2025-08-12T16:02:04.795+0000] {processor.py:836} INFO - DAG(s) dict_keys(['example_dynamic_task_mapping']) retrieved from /home/vscode/.local/lib/python3.10/site-packages/airflow/example_dags/example_dynamic_task_mapping.py
[2025-08-12T16:02:04.806+0000] {logging_mixin.py:150} INFO - [2025-08-12T16:02:04.806+0000] {dag.py:2742} INFO - Sync 1 DAGs
[2025-08-12T16:02:04.820+0000] {logging_mixin.py:150} INFO - [2025-08-12T16:02:04.820+0000] {dag.py:3504} INFO - Setting next_dagrun for example_dynamic_task_mapping to 2022-03-04T00:00:00+00:00, run_after=2022-03-05T00:00:00+00:00
[2025-08-12T16:02:04.836+0000] {processor.py:179} INFO - Processing /home/vscode/.local/lib/python3.10/site-packages/airflow/example_dags/example_dynamic_task_mapping.py took 0.049 seconds
[2025-08-12T16:02:46.460+0000] {processor.py:157} INFO - Started process (PID=29170) to work on /home/vscode/.local/lib/python3.10/site-packages/airflow/example_dags/example_dynamic_task_mapping.py
[2025-08-12T16:02:46.461+0000] {processor.py:826} INFO - Processing file /home/vscode/.local/lib/python3.10/site-packages/airflow/example_dags/example_dynamic_task_mapping.py for tasks to queue
[2025-08-12T16:02:46.462+0000] {logging_mixin.py:150} INFO - [2025-08-12T16:02:46.461+0000] {dagbag.py:541} INFO - Filling up the DagBag from /home/vscode/.local/lib/python3.10/site-packages/airflow/example_dags/example_dynamic_task_mapping.py
[2025-08-12T16:02:46.467+0000] {processor.py:836} INFO - DAG(s) dict_keys(['example_dynamic_task_mapping']) retrieved from /home/vscode/.local/lib/python3.10/site-packages/airflow/example_dags/example_dynamic_task_mapping.py
[2025-08-12T16:02:46.477+0000] {logging_mixin.py:150} INFO - [2025-08-12T16:02:46.477+0000] {dag.py:2742} INFO - Sync 1 DAGs
[2025-08-12T16:02:46.491+0000] {logging_mixin.py:150} INFO - [2025-08-12T16:02:46.491+0000] {dag.py:3504} INFO - Setting next_dagrun for example_dynamic_task_mapping to 2022-03-04T00:00:00+00:00, run_after=2022-03-05T00:00:00+00:00
[2025-08-12T16:02:46.506+0000] {processor.py:179} INFO - Processing /home/vscode/.local/lib/python3.10/site-packages/airflow/example_dags/example_dynamic_task_mapping.py took 0.048 seconds
[2025-08-12T16:03:40.935+0000] {processor.py:157} INFO - Started process (PID=29532) to work on /home/vscode/.local/lib/python3.10/site-packages/airflow/example_dags/example_dynamic_task_mapping.py
[2025-08-12T16:03:40.936+0000] {processor.py:826} INFO - Processing file /home/vscode/.local/lib/python3.10/site-packages/airflow/example_dags/example_dynamic_task_mapping.py for tasks to queue
[2025-08-12T16:03:40.936+0000] {logging_mixin.py:150} INFO - [2025-08-12T16:03:40.936+0000] {dagbag.py:541} INFO - Filling up the DagBag from /home/vscode/.local/lib/python3.10/site-packages/airflow/example_dags/example_dynamic_task_mapping.py
[2025-08-12T16:03:40.942+0000] {processor.py:836} INFO - DAG(s) dict_keys(['example_dynamic_task_mapping']) retrieved from /home/vscode/.local/lib/python3.10/site-packages/airflow/example_dags/example_dynamic_task_mapping.py
[2025-08-12T16:03:40.952+0000] {logging_mixin.py:150} INFO - [2025-08-12T16:03:40.952+0000] {dag.py:2742} INFO - Sync 1 DAGs
[2025-08-12T16:03:40.967+0000] {logging_mixin.py:150} INFO - [2025-08-12T16:03:40.966+0000] {dag.py:3504} INFO - Setting next_dagrun for example_dynamic_task_mapping to 2022-03-04T00:00:00+00:00, run_after=2022-03-05T00:00:00+00:00
[2025-08-12T16:03:40.982+0000] {processor.py:179} INFO - Processing /home/vscode/.local/lib/python3.10/site-packages/airflow/example_dags/example_dynamic_task_mapping.py took 0.049 seconds
[2025-08-12T16:04:30.011+0000] {processor.py:157} INFO - Started process (PID=29857) to work on /home/vscode/.local/lib/python3.10/site-packages/airflow/example_dags/example_dynamic_task_mapping.py
[2025-08-12T16:04:30.012+0000] {processor.py:826} INFO - Processing file /home/vscode/.local/lib/python3.10/site-packages/airflow/example_dags/example_dynamic_task_mapping.py for tasks to queue
[2025-08-12T16:04:30.012+0000] {logging_mixin.py:150} INFO - [2025-08-12T16:04:30.012+0000] {dagbag.py:541} INFO - Filling up the DagBag from /home/vscode/.local/lib/python3.10/site-packages/airflow/example_dags/example_dynamic_task_mapping.py
[2025-08-12T16:04:30.017+0000] {processor.py:836} INFO - DAG(s) dict_keys(['example_dynamic_task_mapping']) retrieved from /home/vscode/.local/lib/python3.10/site-packages/airflow/example_dags/example_dynamic_task_mapping.py
[2025-08-12T16:04:30.028+0000] {logging_mixin.py:150} INFO - [2025-08-12T16:04:30.028+0000] {dag.py:2742} INFO - Sync 1 DAGs
[2025-08-12T16:04:30.042+0000] {logging_mixin.py:150} INFO - [2025-08-12T16:04:30.042+0000] {dag.py:3504} INFO - Setting next_dagrun for example_dynamic_task_mapping to 2022-03-04T00:00:00+00:00, run_after=2022-03-05T00:00:00+00:00
[2025-08-12T16:04:30.056+0000] {processor.py:179} INFO - Processing /home/vscode/.local/lib/python3.10/site-packages/airflow/example_dags/example_dynamic_task_mapping.py took 0.047 seconds
[2025-08-12T16:05:13.501+0000] {processor.py:157} INFO - Started process (PID=30144) to work on /home/vscode/.local/lib/python3.10/site-packages/airflow/example_dags/example_dynamic_task_mapping.py
[2025-08-12T16:05:13.502+0000] {processor.py:826} INFO - Processing file /home/vscode/.local/lib/python3.10/site-packages/airflow/example_dags/example_dynamic_task_mapping.py for tasks to queue
[2025-08-12T16:05:13.502+0000] {logging_mixin.py:150} INFO - [2025-08-12T16:05:13.502+0000] {dagbag.py:541} INFO - Filling up the DagBag from /home/vscode/.local/lib/python3.10/site-packages/airflow/example_dags/example_dynamic_task_mapping.py
[2025-08-12T16:05:13.509+0000] {processor.py:836} INFO - DAG(s) dict_keys(['example_dynamic_task_mapping']) retrieved from /home/vscode/.local/lib/python3.10/site-packages/airflow/example_dags/example_dynamic_task_mapping.py
[2025-08-12T16:05:13.521+0000] {logging_mixin.py:150} INFO - [2025-08-12T16:05:13.521+0000] {dag.py:2742} INFO - Sync 1 DAGs
[2025-08-12T16:05:13.537+0000] {logging_mixin.py:150} INFO - [2025-08-12T16:05:13.537+0000] {dag.py:3504} INFO - Setting next_dagrun for example_dynamic_task_mapping to 2022-03-04T00:00:00+00:00, run_after=2022-03-05T00:00:00+00:00
[2025-08-12T16:05:13.553+0000] {processor.py:179} INFO - Processing /home/vscode/.local/lib/python3.10/site-packages/airflow/example_dags/example_dynamic_task_mapping.py took 0.054 seconds
[2025-08-12T16:05:57.941+0000] {processor.py:157} INFO - Started process (PID=30439) to work on /home/vscode/.local/lib/python3.10/site-packages/airflow/example_dags/example_dynamic_task_mapping.py
[2025-08-12T16:05:57.942+0000] {processor.py:826} INFO - Processing file /home/vscode/.local/lib/python3.10/site-packages/airflow/example_dags/example_dynamic_task_mapping.py for tasks to queue
[2025-08-12T16:05:57.942+0000] {logging_mixin.py:150} INFO - [2025-08-12T16:05:57.942+0000] {dagbag.py:541} INFO - Filling up the DagBag from /home/vscode/.local/lib/python3.10/site-packages/airflow/example_dags/example_dynamic_task_mapping.py
[2025-08-12T16:05:57.947+0000] {processor.py:836} INFO - DAG(s) dict_keys(['example_dynamic_task_mapping']) retrieved from /home/vscode/.local/lib/python3.10/site-packages/airflow/example_dags/example_dynamic_task_mapping.py
[2025-08-12T16:05:57.958+0000] {logging_mixin.py:150} INFO - [2025-08-12T16:05:57.958+0000] {dag.py:2742} INFO - Sync 1 DAGs
[2025-08-12T16:05:57.972+0000] {logging_mixin.py:150} INFO - [2025-08-12T16:05:57.972+0000] {dag.py:3504} INFO - Setting next_dagrun for example_dynamic_task_mapping to 2022-03-04T00:00:00+00:00, run_after=2022-03-05T00:00:00+00:00
[2025-08-12T16:05:57.989+0000] {processor.py:179} INFO - Processing /home/vscode/.local/lib/python3.10/site-packages/airflow/example_dags/example_dynamic_task_mapping.py took 0.051 seconds
[2025-08-12T16:06:47.003+0000] {processor.py:157} INFO - Started process (PID=30772) to work on /home/vscode/.local/lib/python3.10/site-packages/airflow/example_dags/example_dynamic_task_mapping.py
[2025-08-12T16:06:47.004+0000] {processor.py:826} INFO - Processing file /home/vscode/.local/lib/python3.10/site-packages/airflow/example_dags/example_dynamic_task_mapping.py for tasks to queue
[2025-08-12T16:06:47.005+0000] {logging_mixin.py:150} INFO - [2025-08-12T16:06:47.004+0000] {dagbag.py:541} INFO - Filling up the DagBag from /home/vscode/.local/lib/python3.10/site-packages/airflow/example_dags/example_dynamic_task_mapping.py
[2025-08-12T16:06:47.010+0000] {processor.py:836} INFO - DAG(s) dict_keys(['example_dynamic_task_mapping']) retrieved from /home/vscode/.local/lib/python3.10/site-packages/airflow/example_dags/example_dynamic_task_mapping.py
[2025-08-12T16:06:47.021+0000] {logging_mixin.py:150} INFO - [2025-08-12T16:06:47.021+0000] {dag.py:2742} INFO - Sync 1 DAGs
[2025-08-12T16:06:47.035+0000] {logging_mixin.py:150} INFO - [2025-08-12T16:06:47.035+0000] {dag.py:3504} INFO - Setting next_dagrun for example_dynamic_task_mapping to 2022-03-04T00:00:00+00:00, run_after=2022-03-05T00:00:00+00:00
[2025-08-12T16:06:47.051+0000] {processor.py:179} INFO - Processing /home/vscode/.local/lib/python3.10/site-packages/airflow/example_dags/example_dynamic_task_mapping.py took 0.050 seconds
[2025-08-12T16:07:40.255+0000] {processor.py:157} INFO - Started process (PID=31122) to work on /home/vscode/.local/lib/python3.10/site-packages/airflow/example_dags/example_dynamic_task_mapping.py
[2025-08-12T16:07:40.256+0000] {processor.py:826} INFO - Processing file /home/vscode/.local/lib/python3.10/site-packages/airflow/example_dags/example_dynamic_task_mapping.py for tasks to queue
[2025-08-12T16:07:40.256+0000] {logging_mixin.py:150} INFO - [2025-08-12T16:07:40.256+0000] {dagbag.py:541} INFO - Filling up the DagBag from /home/vscode/.local/lib/python3.10/site-packages/airflow/example_dags/example_dynamic_task_mapping.py
[2025-08-12T16:07:40.262+0000] {processor.py:836} INFO - DAG(s) dict_keys(['example_dynamic_task_mapping']) retrieved from /home/vscode/.local/lib/python3.10/site-packages/airflow/example_dags/example_dynamic_task_mapping.py
[2025-08-12T16:07:40.273+0000] {logging_mixin.py:150} INFO - [2025-08-12T16:07:40.273+0000] {dag.py:2742} INFO - Sync 1 DAGs
[2025-08-12T16:07:40.287+0000] {logging_mixin.py:150} INFO - [2025-08-12T16:07:40.287+0000] {dag.py:3504} INFO - Setting next_dagrun for example_dynamic_task_mapping to 2022-03-04T00:00:00+00:00, run_after=2022-03-05T00:00:00+00:00
[2025-08-12T16:07:40.302+0000] {processor.py:179} INFO - Processing /home/vscode/.local/lib/python3.10/site-packages/airflow/example_dags/example_dynamic_task_mapping.py took 0.049 seconds
[2025-08-12T16:08:22.943+0000] {processor.py:157} INFO - Started process (PID=31407) to work on /home/vscode/.local/lib/python3.10/site-packages/airflow/example_dags/example_dynamic_task_mapping.py
[2025-08-12T16:08:22.943+0000] {processor.py:826} INFO - Processing file /home/vscode/.local/lib/python3.10/site-packages/airflow/example_dags/example_dynamic_task_mapping.py for tasks to queue
[2025-08-12T16:08:22.944+0000] {logging_mixin.py:150} INFO - [2025-08-12T16:08:22.944+0000] {dagbag.py:541} INFO - Filling up the DagBag from /home/vscode/.local/lib/python3.10/site-packages/airflow/example_dags/example_dynamic_task_mapping.py
[2025-08-12T16:08:22.949+0000] {processor.py:836} INFO - DAG(s) dict_keys(['example_dynamic_task_mapping']) retrieved from /home/vscode/.local/lib/python3.10/site-packages/airflow/example_dags/example_dynamic_task_mapping.py
[2025-08-12T16:08:22.960+0000] {logging_mixin.py:150} INFO - [2025-08-12T16:08:22.960+0000] {dag.py:2742} INFO - Sync 1 DAGs
[2025-08-12T16:08:22.974+0000] {logging_mixin.py:150} INFO - [2025-08-12T16:08:22.974+0000] {dag.py:3504} INFO - Setting next_dagrun for example_dynamic_task_mapping to 2022-03-04T00:00:00+00:00, run_after=2022-03-05T00:00:00+00:00
[2025-08-12T16:08:22.991+0000] {processor.py:179} INFO - Processing /home/vscode/.local/lib/python3.10/site-packages/airflow/example_dags/example_dynamic_task_mapping.py took 0.051 seconds
[2025-08-12T16:09:06.924+0000] {processor.py:157} INFO - Started process (PID=31704) to work on /home/vscode/.local/lib/python3.10/site-packages/airflow/example_dags/example_dynamic_task_mapping.py
[2025-08-12T16:09:06.925+0000] {processor.py:826} INFO - Processing file /home/vscode/.local/lib/python3.10/site-packages/airflow/example_dags/example_dynamic_task_mapping.py for tasks to queue
[2025-08-12T16:09:06.925+0000] {logging_mixin.py:150} INFO - [2025-08-12T16:09:06.925+0000] {dagbag.py:541} INFO - Filling up the DagBag from /home/vscode/.local/lib/python3.10/site-packages/airflow/example_dags/example_dynamic_task_mapping.py
[2025-08-12T16:09:06.931+0000] {processor.py:836} INFO - DAG(s) dict_keys(['example_dynamic_task_mapping']) retrieved from /home/vscode/.local/lib/python3.10/site-packages/airflow/example_dags/example_dynamic_task_mapping.py
[2025-08-12T16:09:06.942+0000] {logging_mixin.py:150} INFO - [2025-08-12T16:09:06.941+0000] {dag.py:2742} INFO - Sync 1 DAGs
[2025-08-12T16:09:06.956+0000] {logging_mixin.py:150} INFO - [2025-08-12T16:09:06.956+0000] {dag.py:3504} INFO - Setting next_dagrun for example_dynamic_task_mapping to 2022-03-04T00:00:00+00:00, run_after=2022-03-05T00:00:00+00:00
[2025-08-12T16:09:06.971+0000] {processor.py:179} INFO - Processing /home/vscode/.local/lib/python3.10/site-packages/airflow/example_dags/example_dynamic_task_mapping.py took 0.049 seconds
[2025-08-12T16:09:50.876+0000] {processor.py:157} INFO - Started process (PID=31993) to work on /home/vscode/.local/lib/python3.10/site-packages/airflow/example_dags/example_dynamic_task_mapping.py
[2025-08-12T16:09:50.877+0000] {processor.py:826} INFO - Processing file /home/vscode/.local/lib/python3.10/site-packages/airflow/example_dags/example_dynamic_task_mapping.py for tasks to queue
[2025-08-12T16:09:50.877+0000] {logging_mixin.py:150} INFO - [2025-08-12T16:09:50.877+0000] {dagbag.py:541} INFO - Filling up the DagBag from /home/vscode/.local/lib/python3.10/site-packages/airflow/example_dags/example_dynamic_task_mapping.py
[2025-08-12T16:09:50.883+0000] {processor.py:836} INFO - DAG(s) dict_keys(['example_dynamic_task_mapping']) retrieved from /home/vscode/.local/lib/python3.10/site-packages/airflow/example_dags/example_dynamic_task_mapping.py
[2025-08-12T16:09:50.894+0000] {logging_mixin.py:150} INFO - [2025-08-12T16:09:50.893+0000] {dag.py:2742} INFO - Sync 1 DAGs
[2025-08-12T16:09:50.908+0000] {logging_mixin.py:150} INFO - [2025-08-12T16:09:50.908+0000] {dag.py:3504} INFO - Setting next_dagrun for example_dynamic_task_mapping to 2022-03-04T00:00:00+00:00, run_after=2022-03-05T00:00:00+00:00
[2025-08-12T16:09:50.924+0000] {processor.py:179} INFO - Processing /home/vscode/.local/lib/python3.10/site-packages/airflow/example_dags/example_dynamic_task_mapping.py took 0.050 seconds
[2025-08-12T16:10:39.352+0000] {processor.py:157} INFO - Started process (PID=32316) to work on /home/vscode/.local/lib/python3.10/site-packages/airflow/example_dags/example_dynamic_task_mapping.py
[2025-08-12T16:10:39.353+0000] {processor.py:826} INFO - Processing file /home/vscode/.local/lib/python3.10/site-packages/airflow/example_dags/example_dynamic_task_mapping.py for tasks to queue
[2025-08-12T16:10:39.354+0000] {logging_mixin.py:150} INFO - [2025-08-12T16:10:39.353+0000] {dagbag.py:541} INFO - Filling up the DagBag from /home/vscode/.local/lib/python3.10/site-packages/airflow/example_dags/example_dynamic_task_mapping.py
[2025-08-12T16:10:39.359+0000] {processor.py:836} INFO - DAG(s) dict_keys(['example_dynamic_task_mapping']) retrieved from /home/vscode/.local/lib/python3.10/site-packages/airflow/example_dags/example_dynamic_task_mapping.py
[2025-08-12T16:10:39.371+0000] {logging_mixin.py:150} INFO - [2025-08-12T16:10:39.370+0000] {dag.py:2742} INFO - Sync 1 DAGs
[2025-08-12T16:10:39.385+0000] {logging_mixin.py:150} INFO - [2025-08-12T16:10:39.385+0000] {dag.py:3504} INFO - Setting next_dagrun for example_dynamic_task_mapping to 2022-03-04T00:00:00+00:00, run_after=2022-03-05T00:00:00+00:00
[2025-08-12T16:10:39.400+0000] {processor.py:179} INFO - Processing /home/vscode/.local/lib/python3.10/site-packages/airflow/example_dags/example_dynamic_task_mapping.py took 0.050 seconds
[2025-08-12T16:11:22.620+0000] {processor.py:157} INFO - Started process (PID=32604) to work on /home/vscode/.local/lib/python3.10/site-packages/airflow/example_dags/example_dynamic_task_mapping.py
[2025-08-12T16:11:22.621+0000] {processor.py:826} INFO - Processing file /home/vscode/.local/lib/python3.10/site-packages/airflow/example_dags/example_dynamic_task_mapping.py for tasks to queue
[2025-08-12T16:11:22.621+0000] {logging_mixin.py:150} INFO - [2025-08-12T16:11:22.621+0000] {dagbag.py:541} INFO - Filling up the DagBag from /home/vscode/.local/lib/python3.10/site-packages/airflow/example_dags/example_dynamic_task_mapping.py
[2025-08-12T16:11:22.627+0000] {processor.py:836} INFO - DAG(s) dict_keys(['example_dynamic_task_mapping']) retrieved from /home/vscode/.local/lib/python3.10/site-packages/airflow/example_dags/example_dynamic_task_mapping.py
[2025-08-12T16:11:22.638+0000] {logging_mixin.py:150} INFO - [2025-08-12T16:11:22.638+0000] {dag.py:2742} INFO - Sync 1 DAGs
[2025-08-12T16:11:22.652+0000] {logging_mixin.py:150} INFO - [2025-08-12T16:11:22.652+0000] {dag.py:3504} INFO - Setting next_dagrun for example_dynamic_task_mapping to 2022-03-04T00:00:00+00:00, run_after=2022-03-05T00:00:00+00:00
[2025-08-12T16:11:22.668+0000] {processor.py:179} INFO - Processing /home/vscode/.local/lib/python3.10/site-packages/airflow/example_dags/example_dynamic_task_mapping.py took 0.050 seconds
[2025-08-12T16:12:07.567+0000] {processor.py:157} INFO - Started process (PID=32910) to work on /home/vscode/.local/lib/python3.10/site-packages/airflow/example_dags/example_dynamic_task_mapping.py
[2025-08-12T16:12:07.568+0000] {processor.py:826} INFO - Processing file /home/vscode/.local/lib/python3.10/site-packages/airflow/example_dags/example_dynamic_task_mapping.py for tasks to queue
[2025-08-12T16:12:07.568+0000] {logging_mixin.py:150} INFO - [2025-08-12T16:12:07.568+0000] {dagbag.py:541} INFO - Filling up the DagBag from /home/vscode/.local/lib/python3.10/site-packages/airflow/example_dags/example_dynamic_task_mapping.py
[2025-08-12T16:12:07.573+0000] {processor.py:836} INFO - DAG(s) dict_keys(['example_dynamic_task_mapping']) retrieved from /home/vscode/.local/lib/python3.10/site-packages/airflow/example_dags/example_dynamic_task_mapping.py
[2025-08-12T16:12:07.584+0000] {logging_mixin.py:150} INFO - [2025-08-12T16:12:07.584+0000] {dag.py:2742} INFO - Sync 1 DAGs
[2025-08-12T16:12:07.599+0000] {logging_mixin.py:150} INFO - [2025-08-12T16:12:07.598+0000] {dag.py:3504} INFO - Setting next_dagrun for example_dynamic_task_mapping to 2022-03-04T00:00:00+00:00, run_after=2022-03-05T00:00:00+00:00
[2025-08-12T16:12:07.614+0000] {processor.py:179} INFO - Processing /home/vscode/.local/lib/python3.10/site-packages/airflow/example_dags/example_dynamic_task_mapping.py took 0.049 seconds
[2025-08-12T16:12:52.681+0000] {processor.py:157} INFO - Started process (PID=33205) to work on /home/vscode/.local/lib/python3.10/site-packages/airflow/example_dags/example_dynamic_task_mapping.py
[2025-08-12T16:12:52.682+0000] {processor.py:826} INFO - Processing file /home/vscode/.local/lib/python3.10/site-packages/airflow/example_dags/example_dynamic_task_mapping.py for tasks to queue
[2025-08-12T16:12:52.683+0000] {logging_mixin.py:150} INFO - [2025-08-12T16:12:52.683+0000] {dagbag.py:541} INFO - Filling up the DagBag from /home/vscode/.local/lib/python3.10/site-packages/airflow/example_dags/example_dynamic_task_mapping.py
[2025-08-12T16:12:52.691+0000] {processor.py:836} INFO - DAG(s) dict_keys(['example_dynamic_task_mapping']) retrieved from /home/vscode/.local/lib/python3.10/site-packages/airflow/example_dags/example_dynamic_task_mapping.py
[2025-08-12T16:12:52.708+0000] {logging_mixin.py:150} INFO - [2025-08-12T16:12:52.708+0000] {dag.py:2742} INFO - Sync 1 DAGs
[2025-08-12T16:12:52.727+0000] {logging_mixin.py:150} INFO - [2025-08-12T16:12:52.727+0000] {dag.py:3504} INFO - Setting next_dagrun for example_dynamic_task_mapping to 2022-03-04T00:00:00+00:00, run_after=2022-03-05T00:00:00+00:00
[2025-08-12T16:12:52.742+0000] {processor.py:179} INFO - Processing /home/vscode/.local/lib/python3.10/site-packages/airflow/example_dags/example_dynamic_task_mapping.py took 0.064 seconds
[2025-08-12T16:13:36.551+0000] {processor.py:157} INFO - Started process (PID=33494) to work on /home/vscode/.local/lib/python3.10/site-packages/airflow/example_dags/example_dynamic_task_mapping.py
[2025-08-12T16:13:36.551+0000] {processor.py:826} INFO - Processing file /home/vscode/.local/lib/python3.10/site-packages/airflow/example_dags/example_dynamic_task_mapping.py for tasks to queue
[2025-08-12T16:13:36.552+0000] {logging_mixin.py:150} INFO - [2025-08-12T16:13:36.552+0000] {dagbag.py:541} INFO - Filling up the DagBag from /home/vscode/.local/lib/python3.10/site-packages/airflow/example_dags/example_dynamic_task_mapping.py
[2025-08-12T16:13:36.557+0000] {processor.py:836} INFO - DAG(s) dict_keys(['example_dynamic_task_mapping']) retrieved from /home/vscode/.local/lib/python3.10/site-packages/airflow/example_dags/example_dynamic_task_mapping.py
[2025-08-12T16:13:36.568+0000] {logging_mixin.py:150} INFO - [2025-08-12T16:13:36.568+0000] {dag.py:2742} INFO - Sync 1 DAGs
[2025-08-12T16:13:36.582+0000] {logging_mixin.py:150} INFO - [2025-08-12T16:13:36.582+0000] {dag.py:3504} INFO - Setting next_dagrun for example_dynamic_task_mapping to 2022-03-04T00:00:00+00:00, run_after=2022-03-05T00:00:00+00:00
[2025-08-12T16:13:36.597+0000] {processor.py:179} INFO - Processing /home/vscode/.local/lib/python3.10/site-packages/airflow/example_dags/example_dynamic_task_mapping.py took 0.049 seconds
[2025-08-12T16:14:20.017+0000] {processor.py:157} INFO - Started process (PID=33787) to work on /home/vscode/.local/lib/python3.10/site-packages/airflow/example_dags/example_dynamic_task_mapping.py
[2025-08-12T16:14:20.017+0000] {processor.py:826} INFO - Processing file /home/vscode/.local/lib/python3.10/site-packages/airflow/example_dags/example_dynamic_task_mapping.py for tasks to queue
[2025-08-12T16:14:20.018+0000] {logging_mixin.py:150} INFO - [2025-08-12T16:14:20.018+0000] {dagbag.py:541} INFO - Filling up the DagBag from /home/vscode/.local/lib/python3.10/site-packages/airflow/example_dags/example_dynamic_task_mapping.py
[2025-08-12T16:14:20.023+0000] {processor.py:836} INFO - DAG(s) dict_keys(['example_dynamic_task_mapping']) retrieved from /home/vscode/.local/lib/python3.10/site-packages/airflow/example_dags/example_dynamic_task_mapping.py
[2025-08-12T16:14:20.035+0000] {logging_mixin.py:150} INFO - [2025-08-12T16:14:20.035+0000] {dag.py:2742} INFO - Sync 1 DAGs
[2025-08-12T16:14:20.050+0000] {logging_mixin.py:150} INFO - [2025-08-12T16:14:20.050+0000] {dag.py:3504} INFO - Setting next_dagrun for example_dynamic_task_mapping to 2022-03-04T00:00:00+00:00, run_after=2022-03-05T00:00:00+00:00
[2025-08-12T16:14:20.065+0000] {processor.py:179} INFO - Processing /home/vscode/.local/lib/python3.10/site-packages/airflow/example_dags/example_dynamic_task_mapping.py took 0.050 seconds
[2025-08-12T16:15:02.300+0000] {processor.py:157} INFO - Started process (PID=34066) to work on /home/vscode/.local/lib/python3.10/site-packages/airflow/example_dags/example_dynamic_task_mapping.py
[2025-08-12T16:15:02.301+0000] {processor.py:826} INFO - Processing file /home/vscode/.local/lib/python3.10/site-packages/airflow/example_dags/example_dynamic_task_mapping.py for tasks to queue
[2025-08-12T16:15:02.301+0000] {logging_mixin.py:150} INFO - [2025-08-12T16:15:02.301+0000] {dagbag.py:541} INFO - Filling up the DagBag from /home/vscode/.local/lib/python3.10/site-packages/airflow/example_dags/example_dynamic_task_mapping.py
[2025-08-12T16:15:02.307+0000] {processor.py:836} INFO - DAG(s) dict_keys(['example_dynamic_task_mapping']) retrieved from /home/vscode/.local/lib/python3.10/site-packages/airflow/example_dags/example_dynamic_task_mapping.py
[2025-08-12T16:15:02.318+0000] {logging_mixin.py:150} INFO - [2025-08-12T16:15:02.318+0000] {dag.py:2742} INFO - Sync 1 DAGs
[2025-08-12T16:15:02.332+0000] {logging_mixin.py:150} INFO - [2025-08-12T16:15:02.332+0000] {dag.py:3504} INFO - Setting next_dagrun for example_dynamic_task_mapping to 2022-03-04T00:00:00+00:00, run_after=2022-03-05T00:00:00+00:00
[2025-08-12T16:15:02.348+0000] {processor.py:179} INFO - Processing /home/vscode/.local/lib/python3.10/site-packages/airflow/example_dags/example_dynamic_task_mapping.py took 0.050 seconds
[2025-08-12T16:15:43.291+0000] {processor.py:157} INFO - Started process (PID=34336) to work on /home/vscode/.local/lib/python3.10/site-packages/airflow/example_dags/example_dynamic_task_mapping.py
[2025-08-12T16:15:43.292+0000] {processor.py:826} INFO - Processing file /home/vscode/.local/lib/python3.10/site-packages/airflow/example_dags/example_dynamic_task_mapping.py for tasks to queue
[2025-08-12T16:15:43.292+0000] {logging_mixin.py:150} INFO - [2025-08-12T16:15:43.292+0000] {dagbag.py:541} INFO - Filling up the DagBag from /home/vscode/.local/lib/python3.10/site-packages/airflow/example_dags/example_dynamic_task_mapping.py
[2025-08-12T16:15:43.298+0000] {processor.py:836} INFO - DAG(s) dict_keys(['example_dynamic_task_mapping']) retrieved from /home/vscode/.local/lib/python3.10/site-packages/airflow/example_dags/example_dynamic_task_mapping.py
[2025-08-12T16:15:43.309+0000] {logging_mixin.py:150} INFO - [2025-08-12T16:15:43.309+0000] {dag.py:2742} INFO - Sync 1 DAGs
[2025-08-12T16:15:43.325+0000] {logging_mixin.py:150} INFO - [2025-08-12T16:15:43.325+0000] {dag.py:3504} INFO - Setting next_dagrun for example_dynamic_task_mapping to 2022-03-04T00:00:00+00:00, run_after=2022-03-05T00:00:00+00:00
[2025-08-12T16:15:43.341+0000] {processor.py:179} INFO - Processing /home/vscode/.local/lib/python3.10/site-packages/airflow/example_dags/example_dynamic_task_mapping.py took 0.052 seconds
[2025-08-12T16:16:24.521+0000] {processor.py:157} INFO - Started process (PID=34613) to work on /home/vscode/.local/lib/python3.10/site-packages/airflow/example_dags/example_dynamic_task_mapping.py
[2025-08-12T16:16:24.521+0000] {processor.py:826} INFO - Processing file /home/vscode/.local/lib/python3.10/site-packages/airflow/example_dags/example_dynamic_task_mapping.py for tasks to queue
[2025-08-12T16:16:24.522+0000] {logging_mixin.py:150} INFO - [2025-08-12T16:16:24.522+0000] {dagbag.py:541} INFO - Filling up the DagBag from /home/vscode/.local/lib/python3.10/site-packages/airflow/example_dags/example_dynamic_task_mapping.py
[2025-08-12T16:16:24.527+0000] {processor.py:836} INFO - DAG(s) dict_keys(['example_dynamic_task_mapping']) retrieved from /home/vscode/.local/lib/python3.10/site-packages/airflow/example_dags/example_dynamic_task_mapping.py
[2025-08-12T16:16:24.538+0000] {logging_mixin.py:150} INFO - [2025-08-12T16:16:24.538+0000] {dag.py:2742} INFO - Sync 1 DAGs
[2025-08-12T16:16:24.552+0000] {logging_mixin.py:150} INFO - [2025-08-12T16:16:24.552+0000] {dag.py:3504} INFO - Setting next_dagrun for example_dynamic_task_mapping to 2022-03-04T00:00:00+00:00, run_after=2022-03-05T00:00:00+00:00
[2025-08-12T16:16:24.567+0000] {processor.py:179} INFO - Processing /home/vscode/.local/lib/python3.10/site-packages/airflow/example_dags/example_dynamic_task_mapping.py took 0.049 seconds
[2025-08-12T16:17:07.830+0000] {processor.py:157} INFO - Started process (PID=34900) to work on /home/vscode/.local/lib/python3.10/site-packages/airflow/example_dags/example_dynamic_task_mapping.py
[2025-08-12T16:17:07.831+0000] {processor.py:826} INFO - Processing file /home/vscode/.local/lib/python3.10/site-packages/airflow/example_dags/example_dynamic_task_mapping.py for tasks to queue
[2025-08-12T16:17:07.832+0000] {logging_mixin.py:150} INFO - [2025-08-12T16:17:07.831+0000] {dagbag.py:541} INFO - Filling up the DagBag from /home/vscode/.local/lib/python3.10/site-packages/airflow/example_dags/example_dynamic_task_mapping.py
[2025-08-12T16:17:07.837+0000] {processor.py:836} INFO - DAG(s) dict_keys(['example_dynamic_task_mapping']) retrieved from /home/vscode/.local/lib/python3.10/site-packages/airflow/example_dags/example_dynamic_task_mapping.py
[2025-08-12T16:17:07.848+0000] {logging_mixin.py:150} INFO - [2025-08-12T16:17:07.848+0000] {dag.py:2742} INFO - Sync 1 DAGs
[2025-08-12T16:17:07.862+0000] {logging_mixin.py:150} INFO - [2025-08-12T16:17:07.862+0000] {dag.py:3504} INFO - Setting next_dagrun for example_dynamic_task_mapping to 2022-03-04T00:00:00+00:00, run_after=2022-03-05T00:00:00+00:00
[2025-08-12T16:17:07.877+0000] {processor.py:179} INFO - Processing /home/vscode/.local/lib/python3.10/site-packages/airflow/example_dags/example_dynamic_task_mapping.py took 0.049 seconds
[2025-08-12T16:17:48.313+0000] {processor.py:157} INFO - Started process (PID=35170) to work on /home/vscode/.local/lib/python3.10/site-packages/airflow/example_dags/example_dynamic_task_mapping.py
[2025-08-12T16:17:48.314+0000] {processor.py:826} INFO - Processing file /home/vscode/.local/lib/python3.10/site-packages/airflow/example_dags/example_dynamic_task_mapping.py for tasks to queue
[2025-08-12T16:17:48.314+0000] {logging_mixin.py:150} INFO - [2025-08-12T16:17:48.314+0000] {dagbag.py:541} INFO - Filling up the DagBag from /home/vscode/.local/lib/python3.10/site-packages/airflow/example_dags/example_dynamic_task_mapping.py
[2025-08-12T16:17:48.320+0000] {processor.py:836} INFO - DAG(s) dict_keys(['example_dynamic_task_mapping']) retrieved from /home/vscode/.local/lib/python3.10/site-packages/airflow/example_dags/example_dynamic_task_mapping.py
[2025-08-12T16:17:48.331+0000] {logging_mixin.py:150} INFO - [2025-08-12T16:17:48.331+0000] {dag.py:2742} INFO - Sync 1 DAGs
[2025-08-12T16:17:48.344+0000] {logging_mixin.py:150} INFO - [2025-08-12T16:17:48.344+0000] {dag.py:3504} INFO - Setting next_dagrun for example_dynamic_task_mapping to 2022-03-04T00:00:00+00:00, run_after=2022-03-05T00:00:00+00:00
[2025-08-12T16:17:48.359+0000] {processor.py:179} INFO - Processing /home/vscode/.local/lib/python3.10/site-packages/airflow/example_dags/example_dynamic_task_mapping.py took 0.048 seconds
[2025-08-12T16:18:41.733+0000] {processor.py:157} INFO - Started process (PID=35529) to work on /home/vscode/.local/lib/python3.10/site-packages/airflow/example_dags/example_dynamic_task_mapping.py
[2025-08-12T16:18:41.734+0000] {processor.py:826} INFO - Processing file /home/vscode/.local/lib/python3.10/site-packages/airflow/example_dags/example_dynamic_task_mapping.py for tasks to queue
[2025-08-12T16:18:41.734+0000] {logging_mixin.py:150} INFO - [2025-08-12T16:18:41.734+0000] {dagbag.py:541} INFO - Filling up the DagBag from /home/vscode/.local/lib/python3.10/site-packages/airflow/example_dags/example_dynamic_task_mapping.py
[2025-08-12T16:18:41.740+0000] {processor.py:836} INFO - DAG(s) dict_keys(['example_dynamic_task_mapping']) retrieved from /home/vscode/.local/lib/python3.10/site-packages/airflow/example_dags/example_dynamic_task_mapping.py
[2025-08-12T16:18:41.750+0000] {logging_mixin.py:150} INFO - [2025-08-12T16:18:41.750+0000] {dag.py:2742} INFO - Sync 1 DAGs
[2025-08-12T16:18:41.764+0000] {logging_mixin.py:150} INFO - [2025-08-12T16:18:41.764+0000] {dag.py:3504} INFO - Setting next_dagrun for example_dynamic_task_mapping to 2022-03-04T00:00:00+00:00, run_after=2022-03-05T00:00:00+00:00
[2025-08-12T16:18:41.778+0000] {processor.py:179} INFO - Processing /home/vscode/.local/lib/python3.10/site-packages/airflow/example_dags/example_dynamic_task_mapping.py took 0.047 seconds
[2025-08-12T16:19:25.822+0000] {processor.py:157} INFO - Started process (PID=35822) to work on /home/vscode/.local/lib/python3.10/site-packages/airflow/example_dags/example_dynamic_task_mapping.py
[2025-08-12T16:19:25.823+0000] {processor.py:826} INFO - Processing file /home/vscode/.local/lib/python3.10/site-packages/airflow/example_dags/example_dynamic_task_mapping.py for tasks to queue
[2025-08-12T16:19:25.824+0000] {logging_mixin.py:150} INFO - [2025-08-12T16:19:25.824+0000] {dagbag.py:541} INFO - Filling up the DagBag from /home/vscode/.local/lib/python3.10/site-packages/airflow/example_dags/example_dynamic_task_mapping.py
[2025-08-12T16:19:25.829+0000] {processor.py:836} INFO - DAG(s) dict_keys(['example_dynamic_task_mapping']) retrieved from /home/vscode/.local/lib/python3.10/site-packages/airflow/example_dags/example_dynamic_task_mapping.py
[2025-08-12T16:19:25.839+0000] {logging_mixin.py:150} INFO - [2025-08-12T16:19:25.839+0000] {dag.py:2742} INFO - Sync 1 DAGs
[2025-08-12T16:19:25.853+0000] {logging_mixin.py:150} INFO - [2025-08-12T16:19:25.853+0000] {dag.py:3504} INFO - Setting next_dagrun for example_dynamic_task_mapping to 2022-03-04T00:00:00+00:00, run_after=2022-03-05T00:00:00+00:00
[2025-08-12T16:19:25.867+0000] {processor.py:179} INFO - Processing /home/vscode/.local/lib/python3.10/site-packages/airflow/example_dags/example_dynamic_task_mapping.py took 0.047 seconds
[2025-08-12T16:20:14.495+0000] {processor.py:157} INFO - Started process (PID=36148) to work on /home/vscode/.local/lib/python3.10/site-packages/airflow/example_dags/example_dynamic_task_mapping.py
[2025-08-12T16:20:14.496+0000] {processor.py:826} INFO - Processing file /home/vscode/.local/lib/python3.10/site-packages/airflow/example_dags/example_dynamic_task_mapping.py for tasks to queue
[2025-08-12T16:20:14.496+0000] {logging_mixin.py:150} INFO - [2025-08-12T16:20:14.496+0000] {dagbag.py:541} INFO - Filling up the DagBag from /home/vscode/.local/lib/python3.10/site-packages/airflow/example_dags/example_dynamic_task_mapping.py
[2025-08-12T16:20:14.501+0000] {processor.py:836} INFO - DAG(s) dict_keys(['example_dynamic_task_mapping']) retrieved from /home/vscode/.local/lib/python3.10/site-packages/airflow/example_dags/example_dynamic_task_mapping.py
[2025-08-12T16:20:14.512+0000] {logging_mixin.py:150} INFO - [2025-08-12T16:20:14.512+0000] {dag.py:2742} INFO - Sync 1 DAGs
[2025-08-12T16:20:14.526+0000] {logging_mixin.py:150} INFO - [2025-08-12T16:20:14.526+0000] {dag.py:3504} INFO - Setting next_dagrun for example_dynamic_task_mapping to 2022-03-04T00:00:00+00:00, run_after=2022-03-05T00:00:00+00:00
[2025-08-12T16:20:14.541+0000] {processor.py:179} INFO - Processing /home/vscode/.local/lib/python3.10/site-packages/airflow/example_dags/example_dynamic_task_mapping.py took 0.048 seconds
[2025-08-12T16:20:57.138+0000] {processor.py:157} INFO - Started process (PID=36428) to work on /home/vscode/.local/lib/python3.10/site-packages/airflow/example_dags/example_dynamic_task_mapping.py
[2025-08-12T16:20:57.138+0000] {processor.py:826} INFO - Processing file /home/vscode/.local/lib/python3.10/site-packages/airflow/example_dags/example_dynamic_task_mapping.py for tasks to queue
[2025-08-12T16:20:57.139+0000] {logging_mixin.py:150} INFO - [2025-08-12T16:20:57.139+0000] {dagbag.py:541} INFO - Filling up the DagBag from /home/vscode/.local/lib/python3.10/site-packages/airflow/example_dags/example_dynamic_task_mapping.py
[2025-08-12T16:20:57.144+0000] {processor.py:836} INFO - DAG(s) dict_keys(['example_dynamic_task_mapping']) retrieved from /home/vscode/.local/lib/python3.10/site-packages/airflow/example_dags/example_dynamic_task_mapping.py
[2025-08-12T16:20:57.155+0000] {logging_mixin.py:150} INFO - [2025-08-12T16:20:57.155+0000] {dag.py:2742} INFO - Sync 1 DAGs
[2025-08-12T16:20:57.169+0000] {logging_mixin.py:150} INFO - [2025-08-12T16:20:57.169+0000] {dag.py:3504} INFO - Setting next_dagrun for example_dynamic_task_mapping to 2022-03-04T00:00:00+00:00, run_after=2022-03-05T00:00:00+00:00
[2025-08-12T16:20:57.184+0000] {processor.py:179} INFO - Processing /home/vscode/.local/lib/python3.10/site-packages/airflow/example_dags/example_dynamic_task_mapping.py took 0.049 seconds
[2025-08-12T16:21:42.124+0000] {processor.py:157} INFO - Started process (PID=36735) to work on /home/vscode/.local/lib/python3.10/site-packages/airflow/example_dags/example_dynamic_task_mapping.py
[2025-08-12T16:21:42.124+0000] {processor.py:826} INFO - Processing file /home/vscode/.local/lib/python3.10/site-packages/airflow/example_dags/example_dynamic_task_mapping.py for tasks to queue
[2025-08-12T16:21:42.125+0000] {logging_mixin.py:150} INFO - [2025-08-12T16:21:42.125+0000] {dagbag.py:541} INFO - Filling up the DagBag from /home/vscode/.local/lib/python3.10/site-packages/airflow/example_dags/example_dynamic_task_mapping.py
[2025-08-12T16:21:42.130+0000] {processor.py:836} INFO - DAG(s) dict_keys(['example_dynamic_task_mapping']) retrieved from /home/vscode/.local/lib/python3.10/site-packages/airflow/example_dags/example_dynamic_task_mapping.py
[2025-08-12T16:21:42.142+0000] {logging_mixin.py:150} INFO - [2025-08-12T16:21:42.142+0000] {dag.py:2742} INFO - Sync 1 DAGs
[2025-08-12T16:21:42.156+0000] {logging_mixin.py:150} INFO - [2025-08-12T16:21:42.156+0000] {dag.py:3504} INFO - Setting next_dagrun for example_dynamic_task_mapping to 2022-03-04T00:00:00+00:00, run_after=2022-03-05T00:00:00+00:00
[2025-08-12T16:21:42.172+0000] {processor.py:179} INFO - Processing /home/vscode/.local/lib/python3.10/site-packages/airflow/example_dags/example_dynamic_task_mapping.py took 0.050 seconds
[2025-08-12T16:22:35.497+0000] {processor.py:157} INFO - Started process (PID=37082) to work on /home/vscode/.local/lib/python3.10/site-packages/airflow/example_dags/example_dynamic_task_mapping.py
[2025-08-12T16:22:35.498+0000] {processor.py:826} INFO - Processing file /home/vscode/.local/lib/python3.10/site-packages/airflow/example_dags/example_dynamic_task_mapping.py for tasks to queue
[2025-08-12T16:22:35.499+0000] {logging_mixin.py:150} INFO - [2025-08-12T16:22:35.498+0000] {dagbag.py:541} INFO - Filling up the DagBag from /home/vscode/.local/lib/python3.10/site-packages/airflow/example_dags/example_dynamic_task_mapping.py
[2025-08-12T16:22:35.504+0000] {processor.py:836} INFO - DAG(s) dict_keys(['example_dynamic_task_mapping']) retrieved from /home/vscode/.local/lib/python3.10/site-packages/airflow/example_dags/example_dynamic_task_mapping.py
[2025-08-12T16:22:35.515+0000] {logging_mixin.py:150} INFO - [2025-08-12T16:22:35.515+0000] {dag.py:2742} INFO - Sync 1 DAGs
[2025-08-12T16:22:35.529+0000] {logging_mixin.py:150} INFO - [2025-08-12T16:22:35.529+0000] {dag.py:3504} INFO - Setting next_dagrun for example_dynamic_task_mapping to 2022-03-04T00:00:00+00:00, run_after=2022-03-05T00:00:00+00:00
[2025-08-12T16:22:35.544+0000] {processor.py:179} INFO - Processing /home/vscode/.local/lib/python3.10/site-packages/airflow/example_dags/example_dynamic_task_mapping.py took 0.049 seconds
[2025-08-12T16:23:19.803+0000] {processor.py:157} INFO - Started process (PID=37382) to work on /home/vscode/.local/lib/python3.10/site-packages/airflow/example_dags/example_dynamic_task_mapping.py
[2025-08-12T16:23:19.804+0000] {processor.py:826} INFO - Processing file /home/vscode/.local/lib/python3.10/site-packages/airflow/example_dags/example_dynamic_task_mapping.py for tasks to queue
[2025-08-12T16:23:19.804+0000] {logging_mixin.py:150} INFO - [2025-08-12T16:23:19.804+0000] {dagbag.py:541} INFO - Filling up the DagBag from /home/vscode/.local/lib/python3.10/site-packages/airflow/example_dags/example_dynamic_task_mapping.py
[2025-08-12T16:23:19.810+0000] {processor.py:836} INFO - DAG(s) dict_keys(['example_dynamic_task_mapping']) retrieved from /home/vscode/.local/lib/python3.10/site-packages/airflow/example_dags/example_dynamic_task_mapping.py
[2025-08-12T16:23:19.820+0000] {logging_mixin.py:150} INFO - [2025-08-12T16:23:19.820+0000] {dag.py:2742} INFO - Sync 1 DAGs
[2025-08-12T16:23:19.835+0000] {logging_mixin.py:150} INFO - [2025-08-12T16:23:19.835+0000] {dag.py:3504} INFO - Setting next_dagrun for example_dynamic_task_mapping to 2022-03-04T00:00:00+00:00, run_after=2022-03-05T00:00:00+00:00
[2025-08-12T16:23:19.851+0000] {processor.py:179} INFO - Processing /home/vscode/.local/lib/python3.10/site-packages/airflow/example_dags/example_dynamic_task_mapping.py took 0.049 seconds
[2025-08-12T16:24:06.032+0000] {processor.py:157} INFO - Started process (PID=37691) to work on /home/vscode/.local/lib/python3.10/site-packages/airflow/example_dags/example_dynamic_task_mapping.py
[2025-08-12T16:24:06.033+0000] {processor.py:826} INFO - Processing file /home/vscode/.local/lib/python3.10/site-packages/airflow/example_dags/example_dynamic_task_mapping.py for tasks to queue
[2025-08-12T16:24:06.034+0000] {logging_mixin.py:150} INFO - [2025-08-12T16:24:06.033+0000] {dagbag.py:541} INFO - Filling up the DagBag from /home/vscode/.local/lib/python3.10/site-packages/airflow/example_dags/example_dynamic_task_mapping.py
[2025-08-12T16:24:06.039+0000] {processor.py:836} INFO - DAG(s) dict_keys(['example_dynamic_task_mapping']) retrieved from /home/vscode/.local/lib/python3.10/site-packages/airflow/example_dags/example_dynamic_task_mapping.py
[2025-08-12T16:24:06.050+0000] {logging_mixin.py:150} INFO - [2025-08-12T16:24:06.050+0000] {dag.py:2742} INFO - Sync 1 DAGs
[2025-08-12T16:24:06.064+0000] {logging_mixin.py:150} INFO - [2025-08-12T16:24:06.064+0000] {dag.py:3504} INFO - Setting next_dagrun for example_dynamic_task_mapping to 2022-03-04T00:00:00+00:00, run_after=2022-03-05T00:00:00+00:00
[2025-08-12T16:24:06.080+0000] {processor.py:179} INFO - Processing /home/vscode/.local/lib/python3.10/site-packages/airflow/example_dags/example_dynamic_task_mapping.py took 0.049 seconds
[2025-08-12T16:24:50.022+0000] {processor.py:157} INFO - Started process (PID=37977) to work on /home/vscode/.local/lib/python3.10/site-packages/airflow/example_dags/example_dynamic_task_mapping.py
[2025-08-12T16:24:50.023+0000] {processor.py:826} INFO - Processing file /home/vscode/.local/lib/python3.10/site-packages/airflow/example_dags/example_dynamic_task_mapping.py for tasks to queue
[2025-08-12T16:24:50.024+0000] {logging_mixin.py:150} INFO - [2025-08-12T16:24:50.023+0000] {dagbag.py:541} INFO - Filling up the DagBag from /home/vscode/.local/lib/python3.10/site-packages/airflow/example_dags/example_dynamic_task_mapping.py
[2025-08-12T16:24:50.030+0000] {processor.py:836} INFO - DAG(s) dict_keys(['example_dynamic_task_mapping']) retrieved from /home/vscode/.local/lib/python3.10/site-packages/airflow/example_dags/example_dynamic_task_mapping.py
[2025-08-12T16:24:50.042+0000] {logging_mixin.py:150} INFO - [2025-08-12T16:24:50.041+0000] {dag.py:2742} INFO - Sync 1 DAGs
[2025-08-12T16:24:50.056+0000] {logging_mixin.py:150} INFO - [2025-08-12T16:24:50.056+0000] {dag.py:3504} INFO - Setting next_dagrun for example_dynamic_task_mapping to 2022-03-04T00:00:00+00:00, run_after=2022-03-05T00:00:00+00:00
[2025-08-12T16:24:50.072+0000] {processor.py:179} INFO - Processing /home/vscode/.local/lib/python3.10/site-packages/airflow/example_dags/example_dynamic_task_mapping.py took 0.052 seconds
[2025-08-12T16:25:34.256+0000] {processor.py:157} INFO - Started process (PID=38276) to work on /home/vscode/.local/lib/python3.10/site-packages/airflow/example_dags/example_dynamic_task_mapping.py
[2025-08-12T16:25:34.257+0000] {processor.py:826} INFO - Processing file /home/vscode/.local/lib/python3.10/site-packages/airflow/example_dags/example_dynamic_task_mapping.py for tasks to queue
[2025-08-12T16:25:34.258+0000] {logging_mixin.py:150} INFO - [2025-08-12T16:25:34.257+0000] {dagbag.py:541} INFO - Filling up the DagBag from /home/vscode/.local/lib/python3.10/site-packages/airflow/example_dags/example_dynamic_task_mapping.py
[2025-08-12T16:25:34.263+0000] {processor.py:836} INFO - DAG(s) dict_keys(['example_dynamic_task_mapping']) retrieved from /home/vscode/.local/lib/python3.10/site-packages/airflow/example_dags/example_dynamic_task_mapping.py
[2025-08-12T16:25:34.274+0000] {logging_mixin.py:150} INFO - [2025-08-12T16:25:34.274+0000] {dag.py:2742} INFO - Sync 1 DAGs
[2025-08-12T16:25:34.289+0000] {logging_mixin.py:150} INFO - [2025-08-12T16:25:34.289+0000] {dag.py:3504} INFO - Setting next_dagrun for example_dynamic_task_mapping to 2022-03-04T00:00:00+00:00, run_after=2022-03-05T00:00:00+00:00
[2025-08-12T16:25:34.304+0000] {processor.py:179} INFO - Processing /home/vscode/.local/lib/python3.10/site-packages/airflow/example_dags/example_dynamic_task_mapping.py took 0.050 seconds
[2025-08-12T16:26:19.977+0000] {processor.py:157} INFO - Started process (PID=38578) to work on /home/vscode/.local/lib/python3.10/site-packages/airflow/example_dags/example_dynamic_task_mapping.py
[2025-08-12T16:26:19.978+0000] {processor.py:826} INFO - Processing file /home/vscode/.local/lib/python3.10/site-packages/airflow/example_dags/example_dynamic_task_mapping.py for tasks to queue
[2025-08-12T16:26:19.979+0000] {logging_mixin.py:150} INFO - [2025-08-12T16:26:19.978+0000] {dagbag.py:541} INFO - Filling up the DagBag from /home/vscode/.local/lib/python3.10/site-packages/airflow/example_dags/example_dynamic_task_mapping.py
[2025-08-12T16:26:19.984+0000] {processor.py:836} INFO - DAG(s) dict_keys(['example_dynamic_task_mapping']) retrieved from /home/vscode/.local/lib/python3.10/site-packages/airflow/example_dags/example_dynamic_task_mapping.py
[2025-08-12T16:26:19.994+0000] {logging_mixin.py:150} INFO - [2025-08-12T16:26:19.994+0000] {dag.py:2742} INFO - Sync 1 DAGs
[2025-08-12T16:26:20.008+0000] {logging_mixin.py:150} INFO - [2025-08-12T16:26:20.008+0000] {dag.py:3504} INFO - Setting next_dagrun for example_dynamic_task_mapping to 2022-03-04T00:00:00+00:00, run_after=2022-03-05T00:00:00+00:00
[2025-08-12T16:26:20.025+0000] {processor.py:179} INFO - Processing /home/vscode/.local/lib/python3.10/site-packages/airflow/example_dags/example_dynamic_task_mapping.py took 0.050 seconds
[2025-08-12T16:27:12.232+0000] {processor.py:157} INFO - Started process (PID=38923) to work on /home/vscode/.local/lib/python3.10/site-packages/airflow/example_dags/example_dynamic_task_mapping.py
[2025-08-12T16:27:12.232+0000] {processor.py:826} INFO - Processing file /home/vscode/.local/lib/python3.10/site-packages/airflow/example_dags/example_dynamic_task_mapping.py for tasks to queue
[2025-08-12T16:27:12.233+0000] {logging_mixin.py:150} INFO - [2025-08-12T16:27:12.233+0000] {dagbag.py:541} INFO - Filling up the DagBag from /home/vscode/.local/lib/python3.10/site-packages/airflow/example_dags/example_dynamic_task_mapping.py
[2025-08-12T16:27:12.240+0000] {processor.py:836} INFO - DAG(s) dict_keys(['example_dynamic_task_mapping']) retrieved from /home/vscode/.local/lib/python3.10/site-packages/airflow/example_dags/example_dynamic_task_mapping.py
[2025-08-12T16:27:12.251+0000] {logging_mixin.py:150} INFO - [2025-08-12T16:27:12.251+0000] {dag.py:2742} INFO - Sync 1 DAGs
[2025-08-12T16:27:12.265+0000] {logging_mixin.py:150} INFO - [2025-08-12T16:27:12.265+0000] {dag.py:3504} INFO - Setting next_dagrun for example_dynamic_task_mapping to 2022-03-04T00:00:00+00:00, run_after=2022-03-05T00:00:00+00:00
[2025-08-12T16:27:12.280+0000] {processor.py:179} INFO - Processing /home/vscode/.local/lib/python3.10/site-packages/airflow/example_dags/example_dynamic_task_mapping.py took 0.051 seconds
[2025-08-12T16:27:55.065+0000] {processor.py:157} INFO - Started process (PID=39210) to work on /home/vscode/.local/lib/python3.10/site-packages/airflow/example_dags/example_dynamic_task_mapping.py
[2025-08-12T16:27:55.066+0000] {processor.py:826} INFO - Processing file /home/vscode/.local/lib/python3.10/site-packages/airflow/example_dags/example_dynamic_task_mapping.py for tasks to queue
[2025-08-12T16:27:55.066+0000] {logging_mixin.py:150} INFO - [2025-08-12T16:27:55.066+0000] {dagbag.py:541} INFO - Filling up the DagBag from /home/vscode/.local/lib/python3.10/site-packages/airflow/example_dags/example_dynamic_task_mapping.py
[2025-08-12T16:27:55.072+0000] {processor.py:836} INFO - DAG(s) dict_keys(['example_dynamic_task_mapping']) retrieved from /home/vscode/.local/lib/python3.10/site-packages/airflow/example_dags/example_dynamic_task_mapping.py
[2025-08-12T16:27:55.083+0000] {logging_mixin.py:150} INFO - [2025-08-12T16:27:55.083+0000] {dag.py:2742} INFO - Sync 1 DAGs
[2025-08-12T16:27:55.098+0000] {logging_mixin.py:150} INFO - [2025-08-12T16:27:55.098+0000] {dag.py:3504} INFO - Setting next_dagrun for example_dynamic_task_mapping to 2022-03-04T00:00:00+00:00, run_after=2022-03-05T00:00:00+00:00
[2025-08-12T16:27:55.113+0000] {processor.py:179} INFO - Processing /home/vscode/.local/lib/python3.10/site-packages/airflow/example_dags/example_dynamic_task_mapping.py took 0.050 seconds
[2025-08-12T16:28:41.289+0000] {processor.py:157} INFO - Started process (PID=39521) to work on /home/vscode/.local/lib/python3.10/site-packages/airflow/example_dags/example_dynamic_task_mapping.py
[2025-08-12T16:28:41.289+0000] {processor.py:826} INFO - Processing file /home/vscode/.local/lib/python3.10/site-packages/airflow/example_dags/example_dynamic_task_mapping.py for tasks to queue
[2025-08-12T16:28:41.290+0000] {logging_mixin.py:150} INFO - [2025-08-12T16:28:41.290+0000] {dagbag.py:541} INFO - Filling up the DagBag from /home/vscode/.local/lib/python3.10/site-packages/airflow/example_dags/example_dynamic_task_mapping.py
[2025-08-12T16:28:41.295+0000] {processor.py:836} INFO - DAG(s) dict_keys(['example_dynamic_task_mapping']) retrieved from /home/vscode/.local/lib/python3.10/site-packages/airflow/example_dags/example_dynamic_task_mapping.py
[2025-08-12T16:28:41.306+0000] {logging_mixin.py:150} INFO - [2025-08-12T16:28:41.306+0000] {dag.py:2742} INFO - Sync 1 DAGs
[2025-08-12T16:28:41.320+0000] {logging_mixin.py:150} INFO - [2025-08-12T16:28:41.320+0000] {dag.py:3504} INFO - Setting next_dagrun for example_dynamic_task_mapping to 2022-03-04T00:00:00+00:00, run_after=2022-03-05T00:00:00+00:00
[2025-08-12T16:28:41.335+0000] {processor.py:179} INFO - Processing /home/vscode/.local/lib/python3.10/site-packages/airflow/example_dags/example_dynamic_task_mapping.py took 0.048 seconds
[2025-08-12T16:29:28.394+0000] {processor.py:157} INFO - Started process (PID=39830) to work on /home/vscode/.local/lib/python3.10/site-packages/airflow/example_dags/example_dynamic_task_mapping.py
[2025-08-12T16:29:28.394+0000] {processor.py:826} INFO - Processing file /home/vscode/.local/lib/python3.10/site-packages/airflow/example_dags/example_dynamic_task_mapping.py for tasks to queue
[2025-08-12T16:29:28.395+0000] {logging_mixin.py:150} INFO - [2025-08-12T16:29:28.395+0000] {dagbag.py:541} INFO - Filling up the DagBag from /home/vscode/.local/lib/python3.10/site-packages/airflow/example_dags/example_dynamic_task_mapping.py
[2025-08-12T16:29:28.400+0000] {processor.py:836} INFO - DAG(s) dict_keys(['example_dynamic_task_mapping']) retrieved from /home/vscode/.local/lib/python3.10/site-packages/airflow/example_dags/example_dynamic_task_mapping.py
[2025-08-12T16:29:28.412+0000] {logging_mixin.py:150} INFO - [2025-08-12T16:29:28.411+0000] {dag.py:2742} INFO - Sync 1 DAGs
[2025-08-12T16:29:28.428+0000] {logging_mixin.py:150} INFO - [2025-08-12T16:29:28.428+0000] {dag.py:3504} INFO - Setting next_dagrun for example_dynamic_task_mapping to 2022-03-04T00:00:00+00:00, run_after=2022-03-05T00:00:00+00:00
[2025-08-12T16:29:28.447+0000] {processor.py:179} INFO - Processing /home/vscode/.local/lib/python3.10/site-packages/airflow/example_dags/example_dynamic_task_mapping.py took 0.056 seconds
[2025-08-12T16:30:11.804+0000] {processor.py:157} INFO - Started process (PID=40116) to work on /home/vscode/.local/lib/python3.10/site-packages/airflow/example_dags/example_dynamic_task_mapping.py
[2025-08-12T16:30:11.805+0000] {processor.py:826} INFO - Processing file /home/vscode/.local/lib/python3.10/site-packages/airflow/example_dags/example_dynamic_task_mapping.py for tasks to queue
[2025-08-12T16:30:11.806+0000] {logging_mixin.py:150} INFO - [2025-08-12T16:30:11.805+0000] {dagbag.py:541} INFO - Filling up the DagBag from /home/vscode/.local/lib/python3.10/site-packages/airflow/example_dags/example_dynamic_task_mapping.py
[2025-08-12T16:30:11.813+0000] {processor.py:836} INFO - DAG(s) dict_keys(['example_dynamic_task_mapping']) retrieved from /home/vscode/.local/lib/python3.10/site-packages/airflow/example_dags/example_dynamic_task_mapping.py
[2025-08-12T16:30:11.834+0000] {logging_mixin.py:150} INFO - [2025-08-12T16:30:11.834+0000] {dag.py:2742} INFO - Sync 1 DAGs
[2025-08-12T16:30:11.854+0000] {logging_mixin.py:150} INFO - [2025-08-12T16:30:11.854+0000] {dag.py:3504} INFO - Setting next_dagrun for example_dynamic_task_mapping to 2022-03-04T00:00:00+00:00, run_after=2022-03-05T00:00:00+00:00
[2025-08-12T16:30:11.873+0000] {processor.py:179} INFO - Processing /home/vscode/.local/lib/python3.10/site-packages/airflow/example_dags/example_dynamic_task_mapping.py took 0.072 seconds
