[2025-08-12T15:37:12.387+0000] {processor.py:157} INFO - Started process (PID=18038) to work on /home/vscode/.local/lib/python3.10/site-packages/airflow/example_dags/example_external_task_marker_dag.py
[2025-08-12T15:37:12.388+0000] {processor.py:826} INFO - Processing file /home/vscode/.local/lib/python3.10/site-packages/airflow/example_dags/example_external_task_marker_dag.py for tasks to queue
[2025-08-12T15:37:12.388+0000] {logging_mixin.py:150} INFO - [2025-08-12T15:37:12.388+0000] {dagbag.py:541} INFO - Filling up the DagBag from /home/vscode/.local/lib/python3.10/site-packages/airflow/example_dags/example_external_task_marker_dag.py
[2025-08-12T15:37:12.393+0000] {processor.py:836} INFO - DAG(s) dict_keys(['example_external_task_marker_parent', 'example_external_task_marker_child']) retrieved from /home/vscode/.local/lib/python3.10/site-packages/airflow/example_dags/example_external_task_marker_dag.py
[2025-08-12T15:37:12.469+0000] {logging_mixin.py:150} INFO - [2025-08-12T15:37:12.469+0000] {manager.py:504} INFO - Created Permission View: can edit on DAG:example_external_task_marker_parent
[2025-08-12T15:37:12.478+0000] {logging_mixin.py:150} INFO - [2025-08-12T15:37:12.478+0000] {manager.py:504} INFO - Created Permission View: can read on DAG:example_external_task_marker_parent
[2025-08-12T15:37:12.484+0000] {logging_mixin.py:150} INFO - [2025-08-12T15:37:12.484+0000] {manager.py:504} INFO - Created Permission View: can delete on DAG:example_external_task_marker_parent
[2025-08-12T15:37:12.508+0000] {logging_mixin.py:150} INFO - [2025-08-12T15:37:12.508+0000] {manager.py:504} INFO - Created Permission View: can edit on DAG:example_external_task_marker_child
[2025-08-12T15:37:12.521+0000] {logging_mixin.py:150} INFO - [2025-08-12T15:37:12.521+0000] {manager.py:504} INFO - Created Permission View: can read on DAG:example_external_task_marker_child
[2025-08-12T15:37:12.530+0000] {logging_mixin.py:150} INFO - [2025-08-12T15:37:12.530+0000] {manager.py:504} INFO - Created Permission View: can delete on DAG:example_external_task_marker_child
[2025-08-12T15:37:12.536+0000] {logging_mixin.py:150} INFO - [2025-08-12T15:37:12.535+0000] {dag.py:2742} INFO - Sync 2 DAGs
[2025-08-12T15:37:12.547+0000] {logging_mixin.py:150} INFO - [2025-08-12T15:37:12.546+0000] {dag.py:2763} INFO - Creating ORM DAG for example_external_task_marker_parent
[2025-08-12T15:37:12.547+0000] {logging_mixin.py:150} INFO - [2025-08-12T15:37:12.547+0000] {dag.py:2763} INFO - Creating ORM DAG for example_external_task_marker_child
[2025-08-12T15:37:12.557+0000] {logging_mixin.py:150} INFO - [2025-08-12T15:37:12.556+0000] {dag.py:3504} INFO - Setting next_dagrun for example_external_task_marker_child to None, run_after=None
[2025-08-12T15:37:12.557+0000] {logging_mixin.py:150} INFO - [2025-08-12T15:37:12.557+0000] {dag.py:3504} INFO - Setting next_dagrun for example_external_task_marker_parent to None, run_after=None
[2025-08-12T15:37:12.577+0000] {processor.py:179} INFO - Processing /home/vscode/.local/lib/python3.10/site-packages/airflow/example_dags/example_external_task_marker_dag.py took 0.192 seconds
[2025-08-12T15:37:58.466+0000] {processor.py:157} INFO - Started process (PID=18404) to work on /home/vscode/.local/lib/python3.10/site-packages/airflow/example_dags/example_external_task_marker_dag.py
[2025-08-12T15:37:58.467+0000] {processor.py:826} INFO - Processing file /home/vscode/.local/lib/python3.10/site-packages/airflow/example_dags/example_external_task_marker_dag.py for tasks to queue
[2025-08-12T15:37:58.467+0000] {logging_mixin.py:150} INFO - [2025-08-12T15:37:58.467+0000] {dagbag.py:541} INFO - Filling up the DagBag from /home/vscode/.local/lib/python3.10/site-packages/airflow/example_dags/example_external_task_marker_dag.py
[2025-08-12T15:37:58.472+0000] {processor.py:836} INFO - DAG(s) dict_keys(['example_external_task_marker_child', 'example_external_task_marker_parent']) retrieved from /home/vscode/.local/lib/python3.10/site-packages/airflow/example_dags/example_external_task_marker_dag.py
[2025-08-12T15:37:58.486+0000] {logging_mixin.py:150} INFO - [2025-08-12T15:37:58.486+0000] {dag.py:2742} INFO - Sync 2 DAGs
[2025-08-12T15:37:58.500+0000] {logging_mixin.py:150} INFO - [2025-08-12T15:37:58.500+0000] {dag.py:3504} INFO - Setting next_dagrun for example_external_task_marker_child to None, run_after=None
[2025-08-12T15:37:58.502+0000] {logging_mixin.py:150} INFO - [2025-08-12T15:37:58.502+0000] {dag.py:3504} INFO - Setting next_dagrun for example_external_task_marker_parent to None, run_after=None
[2025-08-12T15:37:58.516+0000] {processor.py:179} INFO - Processing /home/vscode/.local/lib/python3.10/site-packages/airflow/example_dags/example_external_task_marker_dag.py took 0.052 seconds
[2025-08-12T15:38:47.070+0000] {processor.py:157} INFO - Started process (PID=18753) to work on /home/vscode/.local/lib/python3.10/site-packages/airflow/example_dags/example_external_task_marker_dag.py
[2025-08-12T15:38:47.071+0000] {processor.py:826} INFO - Processing file /home/vscode/.local/lib/python3.10/site-packages/airflow/example_dags/example_external_task_marker_dag.py for tasks to queue
[2025-08-12T15:38:47.071+0000] {logging_mixin.py:150} INFO - [2025-08-12T15:38:47.071+0000] {dagbag.py:541} INFO - Filling up the DagBag from /home/vscode/.local/lib/python3.10/site-packages/airflow/example_dags/example_external_task_marker_dag.py
[2025-08-12T15:38:47.075+0000] {processor.py:836} INFO - DAG(s) dict_keys(['example_external_task_marker_parent', 'example_external_task_marker_child']) retrieved from /home/vscode/.local/lib/python3.10/site-packages/airflow/example_dags/example_external_task_marker_dag.py
[2025-08-12T15:38:47.089+0000] {logging_mixin.py:150} INFO - [2025-08-12T15:38:47.089+0000] {dag.py:2742} INFO - Sync 2 DAGs
[2025-08-12T15:38:47.103+0000] {logging_mixin.py:150} INFO - [2025-08-12T15:38:47.103+0000] {dag.py:3504} INFO - Setting next_dagrun for example_external_task_marker_child to None, run_after=None
[2025-08-12T15:38:47.105+0000] {logging_mixin.py:150} INFO - [2025-08-12T15:38:47.105+0000] {dag.py:3504} INFO - Setting next_dagrun for example_external_task_marker_parent to None, run_after=None
[2025-08-12T15:38:47.120+0000] {processor.py:179} INFO - Processing /home/vscode/.local/lib/python3.10/site-packages/airflow/example_dags/example_external_task_marker_dag.py took 0.052 seconds
[2025-08-12T15:39:33.233+0000] {processor.py:157} INFO - Started process (PID=19131) to work on /home/vscode/.local/lib/python3.10/site-packages/airflow/example_dags/example_external_task_marker_dag.py
[2025-08-12T15:39:33.234+0000] {processor.py:826} INFO - Processing file /home/vscode/.local/lib/python3.10/site-packages/airflow/example_dags/example_external_task_marker_dag.py for tasks to queue
[2025-08-12T15:39:33.235+0000] {logging_mixin.py:150} INFO - [2025-08-12T15:39:33.235+0000] {dagbag.py:541} INFO - Filling up the DagBag from /home/vscode/.local/lib/python3.10/site-packages/airflow/example_dags/example_external_task_marker_dag.py
[2025-08-12T15:39:33.241+0000] {processor.py:836} INFO - DAG(s) dict_keys(['example_external_task_marker_child', 'example_external_task_marker_parent']) retrieved from /home/vscode/.local/lib/python3.10/site-packages/airflow/example_dags/example_external_task_marker_dag.py
[2025-08-12T15:39:33.264+0000] {logging_mixin.py:150} INFO - [2025-08-12T15:39:33.263+0000] {dag.py:2742} INFO - Sync 2 DAGs
[2025-08-12T15:39:33.288+0000] {logging_mixin.py:150} INFO - [2025-08-12T15:39:33.287+0000] {dag.py:3504} INFO - Setting next_dagrun for example_external_task_marker_child to None, run_after=None
[2025-08-12T15:39:33.291+0000] {logging_mixin.py:150} INFO - [2025-08-12T15:39:33.291+0000] {dag.py:3504} INFO - Setting next_dagrun for example_external_task_marker_parent to None, run_after=None
[2025-08-12T15:39:33.318+0000] {processor.py:179} INFO - Processing /home/vscode/.local/lib/python3.10/site-packages/airflow/example_dags/example_external_task_marker_dag.py took 0.087 seconds
[2025-08-12T15:40:22.349+0000] {processor.py:157} INFO - Started process (PID=19468) to work on /home/vscode/.local/lib/python3.10/site-packages/airflow/example_dags/example_external_task_marker_dag.py
[2025-08-12T15:40:22.350+0000] {processor.py:826} INFO - Processing file /home/vscode/.local/lib/python3.10/site-packages/airflow/example_dags/example_external_task_marker_dag.py for tasks to queue
[2025-08-12T15:40:22.350+0000] {logging_mixin.py:150} INFO - [2025-08-12T15:40:22.350+0000] {dagbag.py:541} INFO - Filling up the DagBag from /home/vscode/.local/lib/python3.10/site-packages/airflow/example_dags/example_external_task_marker_dag.py
[2025-08-12T15:40:22.355+0000] {processor.py:836} INFO - DAG(s) dict_keys(['example_external_task_marker_child', 'example_external_task_marker_parent']) retrieved from /home/vscode/.local/lib/python3.10/site-packages/airflow/example_dags/example_external_task_marker_dag.py
[2025-08-12T15:40:22.370+0000] {logging_mixin.py:150} INFO - [2025-08-12T15:40:22.369+0000] {dag.py:2742} INFO - Sync 2 DAGs
[2025-08-12T15:40:22.384+0000] {logging_mixin.py:150} INFO - [2025-08-12T15:40:22.384+0000] {dag.py:3504} INFO - Setting next_dagrun for example_external_task_marker_child to None, run_after=None
[2025-08-12T15:40:22.386+0000] {logging_mixin.py:150} INFO - [2025-08-12T15:40:22.386+0000] {dag.py:3504} INFO - Setting next_dagrun for example_external_task_marker_parent to None, run_after=None
[2025-08-12T15:40:22.400+0000] {processor.py:179} INFO - Processing /home/vscode/.local/lib/python3.10/site-packages/airflow/example_dags/example_external_task_marker_dag.py took 0.054 seconds
[2025-08-12T15:41:05.800+0000] {processor.py:157} INFO - Started process (PID=19760) to work on /home/vscode/.local/lib/python3.10/site-packages/airflow/example_dags/example_external_task_marker_dag.py
[2025-08-12T15:41:05.800+0000] {processor.py:826} INFO - Processing file /home/vscode/.local/lib/python3.10/site-packages/airflow/example_dags/example_external_task_marker_dag.py for tasks to queue
[2025-08-12T15:41:05.801+0000] {logging_mixin.py:150} INFO - [2025-08-12T15:41:05.801+0000] {dagbag.py:541} INFO - Filling up the DagBag from /home/vscode/.local/lib/python3.10/site-packages/airflow/example_dags/example_external_task_marker_dag.py
[2025-08-12T15:41:05.805+0000] {processor.py:836} INFO - DAG(s) dict_keys(['example_external_task_marker_parent', 'example_external_task_marker_child']) retrieved from /home/vscode/.local/lib/python3.10/site-packages/airflow/example_dags/example_external_task_marker_dag.py
[2025-08-12T15:41:05.819+0000] {logging_mixin.py:150} INFO - [2025-08-12T15:41:05.819+0000] {dag.py:2742} INFO - Sync 2 DAGs
[2025-08-12T15:41:05.833+0000] {logging_mixin.py:150} INFO - [2025-08-12T15:41:05.833+0000] {dag.py:3504} INFO - Setting next_dagrun for example_external_task_marker_child to None, run_after=None
[2025-08-12T15:41:05.835+0000] {logging_mixin.py:150} INFO - [2025-08-12T15:41:05.835+0000] {dag.py:3504} INFO - Setting next_dagrun for example_external_task_marker_parent to None, run_after=None
[2025-08-12T15:41:05.849+0000] {processor.py:179} INFO - Processing /home/vscode/.local/lib/python3.10/site-packages/airflow/example_dags/example_external_task_marker_dag.py took 0.051 seconds
[2025-08-12T15:41:49.985+0000] {processor.py:157} INFO - Started process (PID=20054) to work on /home/vscode/.local/lib/python3.10/site-packages/airflow/example_dags/example_external_task_marker_dag.py
[2025-08-12T15:41:49.985+0000] {processor.py:826} INFO - Processing file /home/vscode/.local/lib/python3.10/site-packages/airflow/example_dags/example_external_task_marker_dag.py for tasks to queue
[2025-08-12T15:41:49.986+0000] {logging_mixin.py:150} INFO - [2025-08-12T15:41:49.986+0000] {dagbag.py:541} INFO - Filling up the DagBag from /home/vscode/.local/lib/python3.10/site-packages/airflow/example_dags/example_external_task_marker_dag.py
[2025-08-12T15:41:49.990+0000] {processor.py:836} INFO - DAG(s) dict_keys(['example_external_task_marker_parent', 'example_external_task_marker_child']) retrieved from /home/vscode/.local/lib/python3.10/site-packages/airflow/example_dags/example_external_task_marker_dag.py
[2025-08-12T15:41:50.005+0000] {logging_mixin.py:150} INFO - [2025-08-12T15:41:50.005+0000] {dag.py:2742} INFO - Sync 2 DAGs
[2025-08-12T15:41:50.020+0000] {logging_mixin.py:150} INFO - [2025-08-12T15:41:50.020+0000] {dag.py:3504} INFO - Setting next_dagrun for example_external_task_marker_child to None, run_after=None
[2025-08-12T15:41:50.022+0000] {logging_mixin.py:150} INFO - [2025-08-12T15:41:50.022+0000] {dag.py:3504} INFO - Setting next_dagrun for example_external_task_marker_parent to None, run_after=None
[2025-08-12T15:41:50.037+0000] {processor.py:179} INFO - Processing /home/vscode/.local/lib/python3.10/site-packages/airflow/example_dags/example_external_task_marker_dag.py took 0.055 seconds
[2025-08-12T15:42:36.699+0000] {processor.py:157} INFO - Started process (PID=20365) to work on /home/vscode/.local/lib/python3.10/site-packages/airflow/example_dags/example_external_task_marker_dag.py
[2025-08-12T15:42:36.699+0000] {processor.py:826} INFO - Processing file /home/vscode/.local/lib/python3.10/site-packages/airflow/example_dags/example_external_task_marker_dag.py for tasks to queue
[2025-08-12T15:42:36.700+0000] {logging_mixin.py:150} INFO - [2025-08-12T15:42:36.700+0000] {dagbag.py:541} INFO - Filling up the DagBag from /home/vscode/.local/lib/python3.10/site-packages/airflow/example_dags/example_external_task_marker_dag.py
[2025-08-12T15:42:36.704+0000] {processor.py:836} INFO - DAG(s) dict_keys(['example_external_task_marker_parent', 'example_external_task_marker_child']) retrieved from /home/vscode/.local/lib/python3.10/site-packages/airflow/example_dags/example_external_task_marker_dag.py
[2025-08-12T15:42:36.719+0000] {logging_mixin.py:150} INFO - [2025-08-12T15:42:36.719+0000] {dag.py:2742} INFO - Sync 2 DAGs
[2025-08-12T15:42:36.733+0000] {logging_mixin.py:150} INFO - [2025-08-12T15:42:36.733+0000] {dag.py:3504} INFO - Setting next_dagrun for example_external_task_marker_child to None, run_after=None
[2025-08-12T15:42:36.736+0000] {logging_mixin.py:150} INFO - [2025-08-12T15:42:36.735+0000] {dag.py:3504} INFO - Setting next_dagrun for example_external_task_marker_parent to None, run_after=None
[2025-08-12T15:42:36.750+0000] {processor.py:179} INFO - Processing /home/vscode/.local/lib/python3.10/site-packages/airflow/example_dags/example_external_task_marker_dag.py took 0.053 seconds
[2025-08-12T15:43:19.232+0000] {processor.py:157} INFO - Started process (PID=20644) to work on /home/vscode/.local/lib/python3.10/site-packages/airflow/example_dags/example_external_task_marker_dag.py
[2025-08-12T15:43:19.233+0000] {processor.py:826} INFO - Processing file /home/vscode/.local/lib/python3.10/site-packages/airflow/example_dags/example_external_task_marker_dag.py for tasks to queue
[2025-08-12T15:43:19.233+0000] {logging_mixin.py:150} INFO - [2025-08-12T15:43:19.233+0000] {dagbag.py:541} INFO - Filling up the DagBag from /home/vscode/.local/lib/python3.10/site-packages/airflow/example_dags/example_external_task_marker_dag.py
[2025-08-12T15:43:19.238+0000] {processor.py:836} INFO - DAG(s) dict_keys(['example_external_task_marker_parent', 'example_external_task_marker_child']) retrieved from /home/vscode/.local/lib/python3.10/site-packages/airflow/example_dags/example_external_task_marker_dag.py
[2025-08-12T15:43:19.251+0000] {logging_mixin.py:150} INFO - [2025-08-12T15:43:19.251+0000] {dag.py:2742} INFO - Sync 2 DAGs
[2025-08-12T15:43:19.265+0000] {logging_mixin.py:150} INFO - [2025-08-12T15:43:19.265+0000] {dag.py:3504} INFO - Setting next_dagrun for example_external_task_marker_child to None, run_after=None
[2025-08-12T15:43:19.268+0000] {logging_mixin.py:150} INFO - [2025-08-12T15:43:19.267+0000] {dag.py:3504} INFO - Setting next_dagrun for example_external_task_marker_parent to None, run_after=None
[2025-08-12T15:43:19.281+0000] {processor.py:179} INFO - Processing /home/vscode/.local/lib/python3.10/site-packages/airflow/example_dags/example_external_task_marker_dag.py took 0.051 seconds
[2025-08-12T15:44:06.428+0000] {processor.py:157} INFO - Started process (PID=20959) to work on /home/vscode/.local/lib/python3.10/site-packages/airflow/example_dags/example_external_task_marker_dag.py
[2025-08-12T15:44:06.429+0000] {processor.py:826} INFO - Processing file /home/vscode/.local/lib/python3.10/site-packages/airflow/example_dags/example_external_task_marker_dag.py for tasks to queue
[2025-08-12T15:44:06.429+0000] {logging_mixin.py:150} INFO - [2025-08-12T15:44:06.429+0000] {dagbag.py:541} INFO - Filling up the DagBag from /home/vscode/.local/lib/python3.10/site-packages/airflow/example_dags/example_external_task_marker_dag.py
[2025-08-12T15:44:06.434+0000] {processor.py:836} INFO - DAG(s) dict_keys(['example_external_task_marker_child', 'example_external_task_marker_parent']) retrieved from /home/vscode/.local/lib/python3.10/site-packages/airflow/example_dags/example_external_task_marker_dag.py
[2025-08-12T15:44:06.448+0000] {logging_mixin.py:150} INFO - [2025-08-12T15:44:06.448+0000] {dag.py:2742} INFO - Sync 2 DAGs
[2025-08-12T15:44:06.462+0000] {logging_mixin.py:150} INFO - [2025-08-12T15:44:06.462+0000] {dag.py:3504} INFO - Setting next_dagrun for example_external_task_marker_child to None, run_after=None
[2025-08-12T15:44:06.464+0000] {logging_mixin.py:150} INFO - [2025-08-12T15:44:06.464+0000] {dag.py:3504} INFO - Setting next_dagrun for example_external_task_marker_parent to None, run_after=None
[2025-08-12T15:44:06.479+0000] {processor.py:179} INFO - Processing /home/vscode/.local/lib/python3.10/site-packages/airflow/example_dags/example_external_task_marker_dag.py took 0.053 seconds
[2025-08-12T15:44:48.681+0000] {processor.py:157} INFO - Started process (PID=21244) to work on /home/vscode/.local/lib/python3.10/site-packages/airflow/example_dags/example_external_task_marker_dag.py
[2025-08-12T15:44:48.681+0000] {processor.py:826} INFO - Processing file /home/vscode/.local/lib/python3.10/site-packages/airflow/example_dags/example_external_task_marker_dag.py for tasks to queue
[2025-08-12T15:44:48.682+0000] {logging_mixin.py:150} INFO - [2025-08-12T15:44:48.682+0000] {dagbag.py:541} INFO - Filling up the DagBag from /home/vscode/.local/lib/python3.10/site-packages/airflow/example_dags/example_external_task_marker_dag.py
[2025-08-12T15:44:48.687+0000] {processor.py:836} INFO - DAG(s) dict_keys(['example_external_task_marker_child', 'example_external_task_marker_parent']) retrieved from /home/vscode/.local/lib/python3.10/site-packages/airflow/example_dags/example_external_task_marker_dag.py
[2025-08-12T15:44:48.701+0000] {logging_mixin.py:150} INFO - [2025-08-12T15:44:48.701+0000] {dag.py:2742} INFO - Sync 2 DAGs
[2025-08-12T15:44:48.716+0000] {logging_mixin.py:150} INFO - [2025-08-12T15:44:48.716+0000] {dag.py:3504} INFO - Setting next_dagrun for example_external_task_marker_child to None, run_after=None
[2025-08-12T15:44:48.718+0000] {logging_mixin.py:150} INFO - [2025-08-12T15:44:48.718+0000] {dag.py:3504} INFO - Setting next_dagrun for example_external_task_marker_parent to None, run_after=None
[2025-08-12T15:44:48.732+0000] {processor.py:179} INFO - Processing /home/vscode/.local/lib/python3.10/site-packages/airflow/example_dags/example_external_task_marker_dag.py took 0.053 seconds
[2025-08-12T15:45:32.985+0000] {processor.py:157} INFO - Started process (PID=21537) to work on /home/vscode/.local/lib/python3.10/site-packages/airflow/example_dags/example_external_task_marker_dag.py
[2025-08-12T15:45:32.986+0000] {processor.py:826} INFO - Processing file /home/vscode/.local/lib/python3.10/site-packages/airflow/example_dags/example_external_task_marker_dag.py for tasks to queue
[2025-08-12T15:45:32.987+0000] {logging_mixin.py:150} INFO - [2025-08-12T15:45:32.987+0000] {dagbag.py:541} INFO - Filling up the DagBag from /home/vscode/.local/lib/python3.10/site-packages/airflow/example_dags/example_external_task_marker_dag.py
[2025-08-12T15:45:32.996+0000] {processor.py:836} INFO - DAG(s) dict_keys(['example_external_task_marker_child', 'example_external_task_marker_parent']) retrieved from /home/vscode/.local/lib/python3.10/site-packages/airflow/example_dags/example_external_task_marker_dag.py
[2025-08-12T15:45:33.019+0000] {logging_mixin.py:150} INFO - [2025-08-12T15:45:33.018+0000] {dag.py:2742} INFO - Sync 2 DAGs
[2025-08-12T15:45:33.042+0000] {logging_mixin.py:150} INFO - [2025-08-12T15:45:33.042+0000] {dag.py:3504} INFO - Setting next_dagrun for example_external_task_marker_child to None, run_after=None
[2025-08-12T15:45:33.045+0000] {logging_mixin.py:150} INFO - [2025-08-12T15:45:33.045+0000] {dag.py:3504} INFO - Setting next_dagrun for example_external_task_marker_parent to None, run_after=None
[2025-08-12T15:45:33.060+0000] {processor.py:179} INFO - Processing /home/vscode/.local/lib/python3.10/site-packages/airflow/example_dags/example_external_task_marker_dag.py took 0.078 seconds
[2025-08-12T15:46:17.036+0000] {processor.py:157} INFO - Started process (PID=21830) to work on /home/vscode/.local/lib/python3.10/site-packages/airflow/example_dags/example_external_task_marker_dag.py
[2025-08-12T15:46:17.037+0000] {processor.py:826} INFO - Processing file /home/vscode/.local/lib/python3.10/site-packages/airflow/example_dags/example_external_task_marker_dag.py for tasks to queue
[2025-08-12T15:46:17.037+0000] {logging_mixin.py:150} INFO - [2025-08-12T15:46:17.037+0000] {dagbag.py:541} INFO - Filling up the DagBag from /home/vscode/.local/lib/python3.10/site-packages/airflow/example_dags/example_external_task_marker_dag.py
[2025-08-12T15:46:17.042+0000] {processor.py:836} INFO - DAG(s) dict_keys(['example_external_task_marker_child', 'example_external_task_marker_parent']) retrieved from /home/vscode/.local/lib/python3.10/site-packages/airflow/example_dags/example_external_task_marker_dag.py
[2025-08-12T15:46:17.056+0000] {logging_mixin.py:150} INFO - [2025-08-12T15:46:17.055+0000] {dag.py:2742} INFO - Sync 2 DAGs
[2025-08-12T15:46:17.069+0000] {logging_mixin.py:150} INFO - [2025-08-12T15:46:17.069+0000] {dag.py:3504} INFO - Setting next_dagrun for example_external_task_marker_child to None, run_after=None
[2025-08-12T15:46:17.071+0000] {logging_mixin.py:150} INFO - [2025-08-12T15:46:17.071+0000] {dag.py:3504} INFO - Setting next_dagrun for example_external_task_marker_parent to None, run_after=None
[2025-08-12T15:46:17.086+0000] {processor.py:179} INFO - Processing /home/vscode/.local/lib/python3.10/site-packages/airflow/example_dags/example_external_task_marker_dag.py took 0.052 seconds
[2025-08-12T15:47:00.008+0000] {processor.py:157} INFO - Started process (PID=22117) to work on /home/vscode/.local/lib/python3.10/site-packages/airflow/example_dags/example_external_task_marker_dag.py
[2025-08-12T15:47:00.009+0000] {processor.py:826} INFO - Processing file /home/vscode/.local/lib/python3.10/site-packages/airflow/example_dags/example_external_task_marker_dag.py for tasks to queue
[2025-08-12T15:47:00.009+0000] {logging_mixin.py:150} INFO - [2025-08-12T15:47:00.009+0000] {dagbag.py:541} INFO - Filling up the DagBag from /home/vscode/.local/lib/python3.10/site-packages/airflow/example_dags/example_external_task_marker_dag.py
[2025-08-12T15:47:00.014+0000] {processor.py:836} INFO - DAG(s) dict_keys(['example_external_task_marker_parent', 'example_external_task_marker_child']) retrieved from /home/vscode/.local/lib/python3.10/site-packages/airflow/example_dags/example_external_task_marker_dag.py
[2025-08-12T15:47:00.028+0000] {logging_mixin.py:150} INFO - [2025-08-12T15:47:00.028+0000] {dag.py:2742} INFO - Sync 2 DAGs
[2025-08-12T15:47:00.042+0000] {logging_mixin.py:150} INFO - [2025-08-12T15:47:00.042+0000] {dag.py:3504} INFO - Setting next_dagrun for example_external_task_marker_child to None, run_after=None
[2025-08-12T15:47:00.045+0000] {logging_mixin.py:150} INFO - [2025-08-12T15:47:00.045+0000] {dag.py:3504} INFO - Setting next_dagrun for example_external_task_marker_parent to None, run_after=None
[2025-08-12T15:47:00.059+0000] {processor.py:179} INFO - Processing /home/vscode/.local/lib/python3.10/site-packages/airflow/example_dags/example_external_task_marker_dag.py took 0.053 seconds
[2025-08-12T15:47:42.178+0000] {processor.py:157} INFO - Started process (PID=22400) to work on /home/vscode/.local/lib/python3.10/site-packages/airflow/example_dags/example_external_task_marker_dag.py
[2025-08-12T15:47:42.179+0000] {processor.py:826} INFO - Processing file /home/vscode/.local/lib/python3.10/site-packages/airflow/example_dags/example_external_task_marker_dag.py for tasks to queue
[2025-08-12T15:47:42.180+0000] {logging_mixin.py:150} INFO - [2025-08-12T15:47:42.179+0000] {dagbag.py:541} INFO - Filling up the DagBag from /home/vscode/.local/lib/python3.10/site-packages/airflow/example_dags/example_external_task_marker_dag.py
[2025-08-12T15:47:42.184+0000] {processor.py:836} INFO - DAG(s) dict_keys(['example_external_task_marker_parent', 'example_external_task_marker_child']) retrieved from /home/vscode/.local/lib/python3.10/site-packages/airflow/example_dags/example_external_task_marker_dag.py
[2025-08-12T15:47:42.200+0000] {logging_mixin.py:150} INFO - [2025-08-12T15:47:42.199+0000] {dag.py:2742} INFO - Sync 2 DAGs
[2025-08-12T15:47:42.216+0000] {logging_mixin.py:150} INFO - [2025-08-12T15:47:42.216+0000] {dag.py:3504} INFO - Setting next_dagrun for example_external_task_marker_child to None, run_after=None
[2025-08-12T15:47:42.219+0000] {logging_mixin.py:150} INFO - [2025-08-12T15:47:42.219+0000] {dag.py:3504} INFO - Setting next_dagrun for example_external_task_marker_parent to None, run_after=None
[2025-08-12T15:47:42.254+0000] {processor.py:179} INFO - Processing /home/vscode/.local/lib/python3.10/site-packages/airflow/example_dags/example_external_task_marker_dag.py took 0.078 seconds
[2025-08-12T15:48:33.581+0000] {processor.py:157} INFO - Started process (PID=22741) to work on /home/vscode/.local/lib/python3.10/site-packages/airflow/example_dags/example_external_task_marker_dag.py
[2025-08-12T15:48:33.582+0000] {processor.py:826} INFO - Processing file /home/vscode/.local/lib/python3.10/site-packages/airflow/example_dags/example_external_task_marker_dag.py for tasks to queue
[2025-08-12T15:48:33.582+0000] {logging_mixin.py:150} INFO - [2025-08-12T15:48:33.582+0000] {dagbag.py:541} INFO - Filling up the DagBag from /home/vscode/.local/lib/python3.10/site-packages/airflow/example_dags/example_external_task_marker_dag.py
[2025-08-12T15:48:33.587+0000] {processor.py:836} INFO - DAG(s) dict_keys(['example_external_task_marker_child', 'example_external_task_marker_parent']) retrieved from /home/vscode/.local/lib/python3.10/site-packages/airflow/example_dags/example_external_task_marker_dag.py
[2025-08-12T15:48:33.601+0000] {logging_mixin.py:150} INFO - [2025-08-12T15:48:33.601+0000] {dag.py:2742} INFO - Sync 2 DAGs
[2025-08-12T15:48:33.615+0000] {logging_mixin.py:150} INFO - [2025-08-12T15:48:33.615+0000] {dag.py:3504} INFO - Setting next_dagrun for example_external_task_marker_child to None, run_after=None
[2025-08-12T15:48:33.618+0000] {logging_mixin.py:150} INFO - [2025-08-12T15:48:33.618+0000] {dag.py:3504} INFO - Setting next_dagrun for example_external_task_marker_parent to None, run_after=None
[2025-08-12T15:48:33.634+0000] {processor.py:179} INFO - Processing /home/vscode/.local/lib/python3.10/site-packages/airflow/example_dags/example_external_task_marker_dag.py took 0.055 seconds
[2025-08-12T15:49:15.398+0000] {processor.py:157} INFO - Started process (PID=23046) to work on /home/vscode/.local/lib/python3.10/site-packages/airflow/example_dags/example_external_task_marker_dag.py
[2025-08-12T15:49:15.399+0000] {processor.py:826} INFO - Processing file /home/vscode/.local/lib/python3.10/site-packages/airflow/example_dags/example_external_task_marker_dag.py for tasks to queue
[2025-08-12T15:49:15.400+0000] {logging_mixin.py:150} INFO - [2025-08-12T15:49:15.399+0000] {dagbag.py:541} INFO - Filling up the DagBag from /home/vscode/.local/lib/python3.10/site-packages/airflow/example_dags/example_external_task_marker_dag.py
[2025-08-12T15:49:15.404+0000] {processor.py:836} INFO - DAG(s) dict_keys(['example_external_task_marker_child', 'example_external_task_marker_parent']) retrieved from /home/vscode/.local/lib/python3.10/site-packages/airflow/example_dags/example_external_task_marker_dag.py
[2025-08-12T15:49:15.417+0000] {logging_mixin.py:150} INFO - [2025-08-12T15:49:15.417+0000] {dag.py:2742} INFO - Sync 2 DAGs
[2025-08-12T15:49:15.431+0000] {logging_mixin.py:150} INFO - [2025-08-12T15:49:15.431+0000] {dag.py:3504} INFO - Setting next_dagrun for example_external_task_marker_child to None, run_after=None
[2025-08-12T15:49:15.434+0000] {logging_mixin.py:150} INFO - [2025-08-12T15:49:15.434+0000] {dag.py:3504} INFO - Setting next_dagrun for example_external_task_marker_parent to None, run_after=None
[2025-08-12T15:49:15.448+0000] {processor.py:179} INFO - Processing /home/vscode/.local/lib/python3.10/site-packages/airflow/example_dags/example_external_task_marker_dag.py took 0.052 seconds
[2025-08-12T15:49:57.708+0000] {processor.py:157} INFO - Started process (PID=23394) to work on /home/vscode/.local/lib/python3.10/site-packages/airflow/example_dags/example_external_task_marker_dag.py
[2025-08-12T15:49:57.708+0000] {processor.py:826} INFO - Processing file /home/vscode/.local/lib/python3.10/site-packages/airflow/example_dags/example_external_task_marker_dag.py for tasks to queue
[2025-08-12T15:49:57.709+0000] {logging_mixin.py:150} INFO - [2025-08-12T15:49:57.709+0000] {dagbag.py:541} INFO - Filling up the DagBag from /home/vscode/.local/lib/python3.10/site-packages/airflow/example_dags/example_external_task_marker_dag.py
[2025-08-12T15:49:57.713+0000] {processor.py:836} INFO - DAG(s) dict_keys(['example_external_task_marker_parent', 'example_external_task_marker_child']) retrieved from /home/vscode/.local/lib/python3.10/site-packages/airflow/example_dags/example_external_task_marker_dag.py
[2025-08-12T15:49:57.728+0000] {logging_mixin.py:150} INFO - [2025-08-12T15:49:57.727+0000] {dag.py:2742} INFO - Sync 2 DAGs
[2025-08-12T15:49:57.742+0000] {logging_mixin.py:150} INFO - [2025-08-12T15:49:57.742+0000] {dag.py:3504} INFO - Setting next_dagrun for example_external_task_marker_child to None, run_after=None
[2025-08-12T15:49:57.744+0000] {logging_mixin.py:150} INFO - [2025-08-12T15:49:57.744+0000] {dag.py:3504} INFO - Setting next_dagrun for example_external_task_marker_parent to None, run_after=None
[2025-08-12T15:49:57.759+0000] {processor.py:179} INFO - Processing /home/vscode/.local/lib/python3.10/site-packages/airflow/example_dags/example_external_task_marker_dag.py took 0.054 seconds
[2025-08-12T15:50:43.056+0000] {processor.py:157} INFO - Started process (PID=23860) to work on /home/vscode/.local/lib/python3.10/site-packages/airflow/example_dags/example_external_task_marker_dag.py
[2025-08-12T15:50:43.057+0000] {processor.py:826} INFO - Processing file /home/vscode/.local/lib/python3.10/site-packages/airflow/example_dags/example_external_task_marker_dag.py for tasks to queue
[2025-08-12T15:50:43.057+0000] {logging_mixin.py:150} INFO - [2025-08-12T15:50:43.057+0000] {dagbag.py:541} INFO - Filling up the DagBag from /home/vscode/.local/lib/python3.10/site-packages/airflow/example_dags/example_external_task_marker_dag.py
[2025-08-12T15:50:43.062+0000] {processor.py:836} INFO - DAG(s) dict_keys(['example_external_task_marker_parent', 'example_external_task_marker_child']) retrieved from /home/vscode/.local/lib/python3.10/site-packages/airflow/example_dags/example_external_task_marker_dag.py
[2025-08-12T15:50:43.076+0000] {logging_mixin.py:150} INFO - [2025-08-12T15:50:43.076+0000] {dag.py:2742} INFO - Sync 2 DAGs
[2025-08-12T15:50:43.090+0000] {logging_mixin.py:150} INFO - [2025-08-12T15:50:43.090+0000] {dag.py:3504} INFO - Setting next_dagrun for example_external_task_marker_child to None, run_after=None
[2025-08-12T15:50:43.092+0000] {logging_mixin.py:150} INFO - [2025-08-12T15:50:43.092+0000] {dag.py:3504} INFO - Setting next_dagrun for example_external_task_marker_parent to None, run_after=None
[2025-08-12T15:50:43.107+0000] {processor.py:179} INFO - Processing /home/vscode/.local/lib/python3.10/site-packages/airflow/example_dags/example_external_task_marker_dag.py took 0.053 seconds
[2025-08-12T15:51:27.053+0000] {processor.py:157} INFO - Started process (PID=24147) to work on /home/vscode/.local/lib/python3.10/site-packages/airflow/example_dags/example_external_task_marker_dag.py
[2025-08-12T15:51:27.053+0000] {processor.py:826} INFO - Processing file /home/vscode/.local/lib/python3.10/site-packages/airflow/example_dags/example_external_task_marker_dag.py for tasks to queue
[2025-08-12T15:51:27.054+0000] {logging_mixin.py:150} INFO - [2025-08-12T15:51:27.054+0000] {dagbag.py:541} INFO - Filling up the DagBag from /home/vscode/.local/lib/python3.10/site-packages/airflow/example_dags/example_external_task_marker_dag.py
[2025-08-12T15:51:27.058+0000] {processor.py:836} INFO - DAG(s) dict_keys(['example_external_task_marker_child', 'example_external_task_marker_parent']) retrieved from /home/vscode/.local/lib/python3.10/site-packages/airflow/example_dags/example_external_task_marker_dag.py
[2025-08-12T15:51:27.073+0000] {logging_mixin.py:150} INFO - [2025-08-12T15:51:27.073+0000] {dag.py:2742} INFO - Sync 2 DAGs
[2025-08-12T15:51:27.087+0000] {logging_mixin.py:150} INFO - [2025-08-12T15:51:27.087+0000] {dag.py:3504} INFO - Setting next_dagrun for example_external_task_marker_child to None, run_after=None
[2025-08-12T15:51:27.090+0000] {logging_mixin.py:150} INFO - [2025-08-12T15:51:27.089+0000] {dag.py:3504} INFO - Setting next_dagrun for example_external_task_marker_parent to None, run_after=None
[2025-08-12T15:51:27.114+0000] {processor.py:179} INFO - Processing /home/vscode/.local/lib/python3.10/site-packages/airflow/example_dags/example_external_task_marker_dag.py took 0.064 seconds
[2025-08-12T15:52:10.440+0000] {processor.py:157} INFO - Started process (PID=24447) to work on /home/vscode/.local/lib/python3.10/site-packages/airflow/example_dags/example_external_task_marker_dag.py
[2025-08-12T15:52:10.441+0000] {processor.py:826} INFO - Processing file /home/vscode/.local/lib/python3.10/site-packages/airflow/example_dags/example_external_task_marker_dag.py for tasks to queue
[2025-08-12T15:52:10.442+0000] {logging_mixin.py:150} INFO - [2025-08-12T15:52:10.441+0000] {dagbag.py:541} INFO - Filling up the DagBag from /home/vscode/.local/lib/python3.10/site-packages/airflow/example_dags/example_external_task_marker_dag.py
[2025-08-12T15:52:10.446+0000] {processor.py:836} INFO - DAG(s) dict_keys(['example_external_task_marker_parent', 'example_external_task_marker_child']) retrieved from /home/vscode/.local/lib/python3.10/site-packages/airflow/example_dags/example_external_task_marker_dag.py
[2025-08-12T15:52:10.460+0000] {logging_mixin.py:150} INFO - [2025-08-12T15:52:10.460+0000] {dag.py:2742} INFO - Sync 2 DAGs
[2025-08-12T15:52:10.474+0000] {logging_mixin.py:150} INFO - [2025-08-12T15:52:10.474+0000] {dag.py:3504} INFO - Setting next_dagrun for example_external_task_marker_child to None, run_after=None
[2025-08-12T15:52:10.476+0000] {logging_mixin.py:150} INFO - [2025-08-12T15:52:10.476+0000] {dag.py:3504} INFO - Setting next_dagrun for example_external_task_marker_parent to None, run_after=None
[2025-08-12T15:52:10.490+0000] {processor.py:179} INFO - Processing /home/vscode/.local/lib/python3.10/site-packages/airflow/example_dags/example_external_task_marker_dag.py took 0.052 seconds
[2025-08-12T15:52:53.264+0000] {processor.py:157} INFO - Started process (PID=24750) to work on /home/vscode/.local/lib/python3.10/site-packages/airflow/example_dags/example_external_task_marker_dag.py
[2025-08-12T15:52:53.265+0000] {processor.py:826} INFO - Processing file /home/vscode/.local/lib/python3.10/site-packages/airflow/example_dags/example_external_task_marker_dag.py for tasks to queue
[2025-08-12T15:52:53.265+0000] {logging_mixin.py:150} INFO - [2025-08-12T15:52:53.265+0000] {dagbag.py:541} INFO - Filling up the DagBag from /home/vscode/.local/lib/python3.10/site-packages/airflow/example_dags/example_external_task_marker_dag.py
[2025-08-12T15:52:53.270+0000] {processor.py:836} INFO - DAG(s) dict_keys(['example_external_task_marker_parent', 'example_external_task_marker_child']) retrieved from /home/vscode/.local/lib/python3.10/site-packages/airflow/example_dags/example_external_task_marker_dag.py
[2025-08-12T15:52:53.284+0000] {logging_mixin.py:150} INFO - [2025-08-12T15:52:53.284+0000] {dag.py:2742} INFO - Sync 2 DAGs
[2025-08-12T15:52:53.299+0000] {logging_mixin.py:150} INFO - [2025-08-12T15:52:53.299+0000] {dag.py:3504} INFO - Setting next_dagrun for example_external_task_marker_child to None, run_after=None
[2025-08-12T15:52:53.301+0000] {logging_mixin.py:150} INFO - [2025-08-12T15:52:53.301+0000] {dag.py:3504} INFO - Setting next_dagrun for example_external_task_marker_parent to None, run_after=None
[2025-08-12T15:52:53.315+0000] {processor.py:179} INFO - Processing /home/vscode/.local/lib/python3.10/site-packages/airflow/example_dags/example_external_task_marker_dag.py took 0.053 seconds
[2025-08-12T15:53:36.690+0000] {processor.py:157} INFO - Started process (PID=25092) to work on /home/vscode/.local/lib/python3.10/site-packages/airflow/example_dags/example_external_task_marker_dag.py
[2025-08-12T15:53:36.691+0000] {processor.py:826} INFO - Processing file /home/vscode/.local/lib/python3.10/site-packages/airflow/example_dags/example_external_task_marker_dag.py for tasks to queue
[2025-08-12T15:53:36.691+0000] {logging_mixin.py:150} INFO - [2025-08-12T15:53:36.691+0000] {dagbag.py:541} INFO - Filling up the DagBag from /home/vscode/.local/lib/python3.10/site-packages/airflow/example_dags/example_external_task_marker_dag.py
[2025-08-12T15:53:36.696+0000] {processor.py:836} INFO - DAG(s) dict_keys(['example_external_task_marker_child', 'example_external_task_marker_parent']) retrieved from /home/vscode/.local/lib/python3.10/site-packages/airflow/example_dags/example_external_task_marker_dag.py
[2025-08-12T15:53:36.710+0000] {logging_mixin.py:150} INFO - [2025-08-12T15:53:36.710+0000] {dag.py:2742} INFO - Sync 2 DAGs
[2025-08-12T15:53:36.724+0000] {logging_mixin.py:150} INFO - [2025-08-12T15:53:36.724+0000] {dag.py:3504} INFO - Setting next_dagrun for example_external_task_marker_child to None, run_after=None
[2025-08-12T15:53:36.726+0000] {logging_mixin.py:150} INFO - [2025-08-12T15:53:36.726+0000] {dag.py:3504} INFO - Setting next_dagrun for example_external_task_marker_parent to None, run_after=None
[2025-08-12T15:53:36.740+0000] {processor.py:179} INFO - Processing /home/vscode/.local/lib/python3.10/site-packages/airflow/example_dags/example_external_task_marker_dag.py took 0.052 seconds
[2025-08-12T15:54:19.242+0000] {processor.py:157} INFO - Started process (PID=25409) to work on /home/vscode/.local/lib/python3.10/site-packages/airflow/example_dags/example_external_task_marker_dag.py
[2025-08-12T15:54:19.243+0000] {processor.py:826} INFO - Processing file /home/vscode/.local/lib/python3.10/site-packages/airflow/example_dags/example_external_task_marker_dag.py for tasks to queue
[2025-08-12T15:54:19.244+0000] {logging_mixin.py:150} INFO - [2025-08-12T15:54:19.243+0000] {dagbag.py:541} INFO - Filling up the DagBag from /home/vscode/.local/lib/python3.10/site-packages/airflow/example_dags/example_external_task_marker_dag.py
[2025-08-12T15:54:19.248+0000] {processor.py:836} INFO - DAG(s) dict_keys(['example_external_task_marker_parent', 'example_external_task_marker_child']) retrieved from /home/vscode/.local/lib/python3.10/site-packages/airflow/example_dags/example_external_task_marker_dag.py
[2025-08-12T15:54:19.262+0000] {logging_mixin.py:150} INFO - [2025-08-12T15:54:19.262+0000] {dag.py:2742} INFO - Sync 2 DAGs
[2025-08-12T15:54:19.276+0000] {logging_mixin.py:150} INFO - [2025-08-12T15:54:19.276+0000] {dag.py:3504} INFO - Setting next_dagrun for example_external_task_marker_child to None, run_after=None
[2025-08-12T15:54:19.278+0000] {logging_mixin.py:150} INFO - [2025-08-12T15:54:19.278+0000] {dag.py:3504} INFO - Setting next_dagrun for example_external_task_marker_parent to None, run_after=None
[2025-08-12T15:54:19.292+0000] {processor.py:179} INFO - Processing /home/vscode/.local/lib/python3.10/site-packages/airflow/example_dags/example_external_task_marker_dag.py took 0.052 seconds
[2025-08-12T15:55:02.916+0000] {processor.py:157} INFO - Started process (PID=25756) to work on /home/vscode/.local/lib/python3.10/site-packages/airflow/example_dags/example_external_task_marker_dag.py
[2025-08-12T15:55:02.917+0000] {processor.py:826} INFO - Processing file /home/vscode/.local/lib/python3.10/site-packages/airflow/example_dags/example_external_task_marker_dag.py for tasks to queue
[2025-08-12T15:55:02.917+0000] {logging_mixin.py:150} INFO - [2025-08-12T15:55:02.917+0000] {dagbag.py:541} INFO - Filling up the DagBag from /home/vscode/.local/lib/python3.10/site-packages/airflow/example_dags/example_external_task_marker_dag.py
[2025-08-12T15:55:02.921+0000] {processor.py:836} INFO - DAG(s) dict_keys(['example_external_task_marker_child', 'example_external_task_marker_parent']) retrieved from /home/vscode/.local/lib/python3.10/site-packages/airflow/example_dags/example_external_task_marker_dag.py
[2025-08-12T15:55:02.935+0000] {logging_mixin.py:150} INFO - [2025-08-12T15:55:02.935+0000] {dag.py:2742} INFO - Sync 2 DAGs
[2025-08-12T15:55:02.949+0000] {logging_mixin.py:150} INFO - [2025-08-12T15:55:02.949+0000] {dag.py:3504} INFO - Setting next_dagrun for example_external_task_marker_child to None, run_after=None
[2025-08-12T15:55:02.951+0000] {logging_mixin.py:150} INFO - [2025-08-12T15:55:02.951+0000] {dag.py:3504} INFO - Setting next_dagrun for example_external_task_marker_parent to None, run_after=None
[2025-08-12T15:55:02.964+0000] {processor.py:179} INFO - Processing /home/vscode/.local/lib/python3.10/site-packages/airflow/example_dags/example_external_task_marker_dag.py took 0.050 seconds
[2025-08-12T15:55:46.314+0000] {processor.py:157} INFO - Started process (PID=26087) to work on /home/vscode/.local/lib/python3.10/site-packages/airflow/example_dags/example_external_task_marker_dag.py
[2025-08-12T15:55:46.315+0000] {processor.py:826} INFO - Processing file /home/vscode/.local/lib/python3.10/site-packages/airflow/example_dags/example_external_task_marker_dag.py for tasks to queue
[2025-08-12T15:55:46.316+0000] {logging_mixin.py:150} INFO - [2025-08-12T15:55:46.315+0000] {dagbag.py:541} INFO - Filling up the DagBag from /home/vscode/.local/lib/python3.10/site-packages/airflow/example_dags/example_external_task_marker_dag.py
[2025-08-12T15:55:46.320+0000] {processor.py:836} INFO - DAG(s) dict_keys(['example_external_task_marker_child', 'example_external_task_marker_parent']) retrieved from /home/vscode/.local/lib/python3.10/site-packages/airflow/example_dags/example_external_task_marker_dag.py
[2025-08-12T15:55:46.334+0000] {logging_mixin.py:150} INFO - [2025-08-12T15:55:46.334+0000] {dag.py:2742} INFO - Sync 2 DAGs
[2025-08-12T15:55:46.352+0000] {logging_mixin.py:150} INFO - [2025-08-12T15:55:46.352+0000] {dag.py:3504} INFO - Setting next_dagrun for example_external_task_marker_child to None, run_after=None
[2025-08-12T15:55:46.356+0000] {logging_mixin.py:150} INFO - [2025-08-12T15:55:46.355+0000] {dag.py:3504} INFO - Setting next_dagrun for example_external_task_marker_parent to None, run_after=None
[2025-08-12T15:55:46.374+0000] {processor.py:179} INFO - Processing /home/vscode/.local/lib/python3.10/site-packages/airflow/example_dags/example_external_task_marker_dag.py took 0.062 seconds
[2025-08-12T15:56:32.081+0000] {processor.py:157} INFO - Started process (PID=26434) to work on /home/vscode/.local/lib/python3.10/site-packages/airflow/example_dags/example_external_task_marker_dag.py
[2025-08-12T15:56:32.081+0000] {processor.py:826} INFO - Processing file /home/vscode/.local/lib/python3.10/site-packages/airflow/example_dags/example_external_task_marker_dag.py for tasks to queue
[2025-08-12T15:56:32.082+0000] {logging_mixin.py:150} INFO - [2025-08-12T15:56:32.082+0000] {dagbag.py:541} INFO - Filling up the DagBag from /home/vscode/.local/lib/python3.10/site-packages/airflow/example_dags/example_external_task_marker_dag.py
[2025-08-12T15:56:32.086+0000] {processor.py:836} INFO - DAG(s) dict_keys(['example_external_task_marker_child', 'example_external_task_marker_parent']) retrieved from /home/vscode/.local/lib/python3.10/site-packages/airflow/example_dags/example_external_task_marker_dag.py
[2025-08-12T15:56:32.101+0000] {logging_mixin.py:150} INFO - [2025-08-12T15:56:32.101+0000] {dag.py:2742} INFO - Sync 2 DAGs
[2025-08-12T15:56:32.116+0000] {logging_mixin.py:150} INFO - [2025-08-12T15:56:32.116+0000] {dag.py:3504} INFO - Setting next_dagrun for example_external_task_marker_child to None, run_after=None
[2025-08-12T15:56:32.119+0000] {logging_mixin.py:150} INFO - [2025-08-12T15:56:32.119+0000] {dag.py:3504} INFO - Setting next_dagrun for example_external_task_marker_parent to None, run_after=None
[2025-08-12T15:56:32.134+0000] {processor.py:179} INFO - Processing /home/vscode/.local/lib/python3.10/site-packages/airflow/example_dags/example_external_task_marker_dag.py took 0.056 seconds
[2025-08-12T15:57:12.210+0000] {processor.py:157} INFO - Started process (PID=26749) to work on /home/vscode/.local/lib/python3.10/site-packages/airflow/example_dags/example_external_task_marker_dag.py
[2025-08-12T15:57:12.211+0000] {processor.py:826} INFO - Processing file /home/vscode/.local/lib/python3.10/site-packages/airflow/example_dags/example_external_task_marker_dag.py for tasks to queue
[2025-08-12T15:57:12.211+0000] {logging_mixin.py:150} INFO - [2025-08-12T15:57:12.211+0000] {dagbag.py:541} INFO - Filling up the DagBag from /home/vscode/.local/lib/python3.10/site-packages/airflow/example_dags/example_external_task_marker_dag.py
[2025-08-12T15:57:12.216+0000] {processor.py:836} INFO - DAG(s) dict_keys(['example_external_task_marker_parent', 'example_external_task_marker_child']) retrieved from /home/vscode/.local/lib/python3.10/site-packages/airflow/example_dags/example_external_task_marker_dag.py
[2025-08-12T15:57:12.230+0000] {logging_mixin.py:150} INFO - [2025-08-12T15:57:12.230+0000] {dag.py:2742} INFO - Sync 2 DAGs
[2025-08-12T15:57:12.244+0000] {logging_mixin.py:150} INFO - [2025-08-12T15:57:12.244+0000] {dag.py:3504} INFO - Setting next_dagrun for example_external_task_marker_child to None, run_after=None
[2025-08-12T15:57:12.247+0000] {logging_mixin.py:150} INFO - [2025-08-12T15:57:12.246+0000] {dag.py:3504} INFO - Setting next_dagrun for example_external_task_marker_parent to None, run_after=None
[2025-08-12T15:57:12.261+0000] {processor.py:179} INFO - Processing /home/vscode/.local/lib/python3.10/site-packages/airflow/example_dags/example_external_task_marker_dag.py took 0.053 seconds
[2025-08-12T15:57:57.803+0000] {processor.py:157} INFO - Started process (PID=27077) to work on /home/vscode/.local/lib/python3.10/site-packages/airflow/example_dags/example_external_task_marker_dag.py
[2025-08-12T15:57:57.803+0000] {processor.py:826} INFO - Processing file /home/vscode/.local/lib/python3.10/site-packages/airflow/example_dags/example_external_task_marker_dag.py for tasks to queue
[2025-08-12T15:57:57.804+0000] {logging_mixin.py:150} INFO - [2025-08-12T15:57:57.804+0000] {dagbag.py:541} INFO - Filling up the DagBag from /home/vscode/.local/lib/python3.10/site-packages/airflow/example_dags/example_external_task_marker_dag.py
[2025-08-12T15:57:57.808+0000] {processor.py:836} INFO - DAG(s) dict_keys(['example_external_task_marker_child', 'example_external_task_marker_parent']) retrieved from /home/vscode/.local/lib/python3.10/site-packages/airflow/example_dags/example_external_task_marker_dag.py
[2025-08-12T15:57:57.822+0000] {logging_mixin.py:150} INFO - [2025-08-12T15:57:57.822+0000] {dag.py:2742} INFO - Sync 2 DAGs
[2025-08-12T15:57:57.836+0000] {logging_mixin.py:150} INFO - [2025-08-12T15:57:57.836+0000] {dag.py:3504} INFO - Setting next_dagrun for example_external_task_marker_child to None, run_after=None
[2025-08-12T15:57:57.839+0000] {logging_mixin.py:150} INFO - [2025-08-12T15:57:57.839+0000] {dag.py:3504} INFO - Setting next_dagrun for example_external_task_marker_parent to None, run_after=None
[2025-08-12T15:57:57.853+0000] {processor.py:179} INFO - Processing /home/vscode/.local/lib/python3.10/site-packages/airflow/example_dags/example_external_task_marker_dag.py took 0.053 seconds
[2025-08-12T15:58:44.348+0000] {processor.py:157} INFO - Started process (PID=27392) to work on /home/vscode/.local/lib/python3.10/site-packages/airflow/example_dags/example_external_task_marker_dag.py
[2025-08-12T15:58:44.348+0000] {processor.py:826} INFO - Processing file /home/vscode/.local/lib/python3.10/site-packages/airflow/example_dags/example_external_task_marker_dag.py for tasks to queue
[2025-08-12T15:58:44.349+0000] {logging_mixin.py:150} INFO - [2025-08-12T15:58:44.349+0000] {dagbag.py:541} INFO - Filling up the DagBag from /home/vscode/.local/lib/python3.10/site-packages/airflow/example_dags/example_external_task_marker_dag.py
[2025-08-12T15:58:44.353+0000] {processor.py:836} INFO - DAG(s) dict_keys(['example_external_task_marker_child', 'example_external_task_marker_parent']) retrieved from /home/vscode/.local/lib/python3.10/site-packages/airflow/example_dags/example_external_task_marker_dag.py
[2025-08-12T15:58:44.367+0000] {logging_mixin.py:150} INFO - [2025-08-12T15:58:44.367+0000] {dag.py:2742} INFO - Sync 2 DAGs
[2025-08-12T15:58:44.381+0000] {logging_mixin.py:150} INFO - [2025-08-12T15:58:44.381+0000] {dag.py:3504} INFO - Setting next_dagrun for example_external_task_marker_child to None, run_after=None
[2025-08-12T15:58:44.383+0000] {logging_mixin.py:150} INFO - [2025-08-12T15:58:44.383+0000] {dag.py:3504} INFO - Setting next_dagrun for example_external_task_marker_parent to None, run_after=None
[2025-08-12T15:58:44.397+0000] {processor.py:179} INFO - Processing /home/vscode/.local/lib/python3.10/site-packages/airflow/example_dags/example_external_task_marker_dag.py took 0.052 seconds
[2025-08-12T15:59:27.460+0000] {processor.py:157} INFO - Started process (PID=27679) to work on /home/vscode/.local/lib/python3.10/site-packages/airflow/example_dags/example_external_task_marker_dag.py
[2025-08-12T15:59:27.461+0000] {processor.py:826} INFO - Processing file /home/vscode/.local/lib/python3.10/site-packages/airflow/example_dags/example_external_task_marker_dag.py for tasks to queue
[2025-08-12T15:59:27.461+0000] {logging_mixin.py:150} INFO - [2025-08-12T15:59:27.461+0000] {dagbag.py:541} INFO - Filling up the DagBag from /home/vscode/.local/lib/python3.10/site-packages/airflow/example_dags/example_external_task_marker_dag.py
[2025-08-12T15:59:27.466+0000] {processor.py:836} INFO - DAG(s) dict_keys(['example_external_task_marker_child', 'example_external_task_marker_parent']) retrieved from /home/vscode/.local/lib/python3.10/site-packages/airflow/example_dags/example_external_task_marker_dag.py
[2025-08-12T15:59:27.495+0000] {logging_mixin.py:150} INFO - [2025-08-12T15:59:27.495+0000] {dag.py:2742} INFO - Sync 2 DAGs
[2025-08-12T15:59:27.510+0000] {logging_mixin.py:150} INFO - [2025-08-12T15:59:27.510+0000] {dag.py:3504} INFO - Setting next_dagrun for example_external_task_marker_child to None, run_after=None
[2025-08-12T15:59:27.512+0000] {logging_mixin.py:150} INFO - [2025-08-12T15:59:27.512+0000] {dag.py:3504} INFO - Setting next_dagrun for example_external_task_marker_parent to None, run_after=None
[2025-08-12T15:59:27.526+0000] {processor.py:179} INFO - Processing /home/vscode/.local/lib/python3.10/site-packages/airflow/example_dags/example_external_task_marker_dag.py took 0.068 seconds
[2025-08-12T16:00:20.573+0000] {processor.py:157} INFO - Started process (PID=28028) to work on /home/vscode/.local/lib/python3.10/site-packages/airflow/example_dags/example_external_task_marker_dag.py
[2025-08-12T16:00:20.574+0000] {processor.py:826} INFO - Processing file /home/vscode/.local/lib/python3.10/site-packages/airflow/example_dags/example_external_task_marker_dag.py for tasks to queue
[2025-08-12T16:00:20.575+0000] {logging_mixin.py:150} INFO - [2025-08-12T16:00:20.574+0000] {dagbag.py:541} INFO - Filling up the DagBag from /home/vscode/.local/lib/python3.10/site-packages/airflow/example_dags/example_external_task_marker_dag.py
[2025-08-12T16:00:20.579+0000] {processor.py:836} INFO - DAG(s) dict_keys(['example_external_task_marker_child', 'example_external_task_marker_parent']) retrieved from /home/vscode/.local/lib/python3.10/site-packages/airflow/example_dags/example_external_task_marker_dag.py
[2025-08-12T16:00:20.595+0000] {logging_mixin.py:150} INFO - [2025-08-12T16:00:20.594+0000] {dag.py:2742} INFO - Sync 2 DAGs
[2025-08-12T16:00:20.610+0000] {logging_mixin.py:150} INFO - [2025-08-12T16:00:20.609+0000] {dag.py:3504} INFO - Setting next_dagrun for example_external_task_marker_child to None, run_after=None
[2025-08-12T16:00:20.612+0000] {logging_mixin.py:150} INFO - [2025-08-12T16:00:20.612+0000] {dag.py:3504} INFO - Setting next_dagrun for example_external_task_marker_parent to None, run_after=None
[2025-08-12T16:00:20.627+0000] {processor.py:179} INFO - Processing /home/vscode/.local/lib/python3.10/site-packages/airflow/example_dags/example_external_task_marker_dag.py took 0.056 seconds
[2025-08-12T16:01:04.255+0000] {processor.py:157} INFO - Started process (PID=28449) to work on /home/vscode/.local/lib/python3.10/site-packages/airflow/example_dags/example_external_task_marker_dag.py
[2025-08-12T16:01:04.256+0000] {processor.py:826} INFO - Processing file /home/vscode/.local/lib/python3.10/site-packages/airflow/example_dags/example_external_task_marker_dag.py for tasks to queue
[2025-08-12T16:01:04.256+0000] {logging_mixin.py:150} INFO - [2025-08-12T16:01:04.256+0000] {dagbag.py:541} INFO - Filling up the DagBag from /home/vscode/.local/lib/python3.10/site-packages/airflow/example_dags/example_external_task_marker_dag.py
[2025-08-12T16:01:04.261+0000] {processor.py:836} INFO - DAG(s) dict_keys(['example_external_task_marker_parent', 'example_external_task_marker_child']) retrieved from /home/vscode/.local/lib/python3.10/site-packages/airflow/example_dags/example_external_task_marker_dag.py
[2025-08-12T16:01:04.274+0000] {logging_mixin.py:150} INFO - [2025-08-12T16:01:04.274+0000] {dag.py:2742} INFO - Sync 2 DAGs
[2025-08-12T16:01:04.288+0000] {logging_mixin.py:150} INFO - [2025-08-12T16:01:04.288+0000] {dag.py:3504} INFO - Setting next_dagrun for example_external_task_marker_child to None, run_after=None
[2025-08-12T16:01:04.290+0000] {logging_mixin.py:150} INFO - [2025-08-12T16:01:04.290+0000] {dag.py:3504} INFO - Setting next_dagrun for example_external_task_marker_parent to None, run_after=None
[2025-08-12T16:01:04.307+0000] {processor.py:179} INFO - Processing /home/vscode/.local/lib/python3.10/site-packages/airflow/example_dags/example_external_task_marker_dag.py took 0.054 seconds
[2025-08-12T16:01:51.922+0000] {processor.py:157} INFO - Started process (PID=28800) to work on /home/vscode/.local/lib/python3.10/site-packages/airflow/example_dags/example_external_task_marker_dag.py
[2025-08-12T16:01:51.922+0000] {processor.py:826} INFO - Processing file /home/vscode/.local/lib/python3.10/site-packages/airflow/example_dags/example_external_task_marker_dag.py for tasks to queue
[2025-08-12T16:01:51.923+0000] {logging_mixin.py:150} INFO - [2025-08-12T16:01:51.923+0000] {dagbag.py:541} INFO - Filling up the DagBag from /home/vscode/.local/lib/python3.10/site-packages/airflow/example_dags/example_external_task_marker_dag.py
[2025-08-12T16:01:51.927+0000] {processor.py:836} INFO - DAG(s) dict_keys(['example_external_task_marker_parent', 'example_external_task_marker_child']) retrieved from /home/vscode/.local/lib/python3.10/site-packages/airflow/example_dags/example_external_task_marker_dag.py
[2025-08-12T16:01:51.941+0000] {logging_mixin.py:150} INFO - [2025-08-12T16:01:51.941+0000] {dag.py:2742} INFO - Sync 2 DAGs
[2025-08-12T16:01:51.955+0000] {logging_mixin.py:150} INFO - [2025-08-12T16:01:51.955+0000] {dag.py:3504} INFO - Setting next_dagrun for example_external_task_marker_child to None, run_after=None
[2025-08-12T16:01:51.958+0000] {logging_mixin.py:150} INFO - [2025-08-12T16:01:51.957+0000] {dag.py:3504} INFO - Setting next_dagrun for example_external_task_marker_parent to None, run_after=None
[2025-08-12T16:01:51.972+0000] {processor.py:179} INFO - Processing /home/vscode/.local/lib/python3.10/site-packages/airflow/example_dags/example_external_task_marker_dag.py took 0.052 seconds
[2025-08-12T16:02:35.056+0000] {processor.py:157} INFO - Started process (PID=29093) to work on /home/vscode/.local/lib/python3.10/site-packages/airflow/example_dags/example_external_task_marker_dag.py
[2025-08-12T16:02:35.057+0000] {processor.py:826} INFO - Processing file /home/vscode/.local/lib/python3.10/site-packages/airflow/example_dags/example_external_task_marker_dag.py for tasks to queue
[2025-08-12T16:02:35.057+0000] {logging_mixin.py:150} INFO - [2025-08-12T16:02:35.057+0000] {dagbag.py:541} INFO - Filling up the DagBag from /home/vscode/.local/lib/python3.10/site-packages/airflow/example_dags/example_external_task_marker_dag.py
[2025-08-12T16:02:35.062+0000] {processor.py:836} INFO - DAG(s) dict_keys(['example_external_task_marker_parent', 'example_external_task_marker_child']) retrieved from /home/vscode/.local/lib/python3.10/site-packages/airflow/example_dags/example_external_task_marker_dag.py
[2025-08-12T16:02:35.076+0000] {logging_mixin.py:150} INFO - [2025-08-12T16:02:35.076+0000] {dag.py:2742} INFO - Sync 2 DAGs
[2025-08-12T16:02:35.090+0000] {logging_mixin.py:150} INFO - [2025-08-12T16:02:35.090+0000] {dag.py:3504} INFO - Setting next_dagrun for example_external_task_marker_child to None, run_after=None
[2025-08-12T16:02:35.093+0000] {logging_mixin.py:150} INFO - [2025-08-12T16:02:35.093+0000] {dag.py:3504} INFO - Setting next_dagrun for example_external_task_marker_parent to None, run_after=None
[2025-08-12T16:02:35.107+0000] {processor.py:179} INFO - Processing /home/vscode/.local/lib/python3.10/site-packages/airflow/example_dags/example_external_task_marker_dag.py took 0.053 seconds
[2025-08-12T16:03:30.410+0000] {processor.py:157} INFO - Started process (PID=29455) to work on /home/vscode/.local/lib/python3.10/site-packages/airflow/example_dags/example_external_task_marker_dag.py
[2025-08-12T16:03:30.411+0000] {processor.py:826} INFO - Processing file /home/vscode/.local/lib/python3.10/site-packages/airflow/example_dags/example_external_task_marker_dag.py for tasks to queue
[2025-08-12T16:03:30.411+0000] {logging_mixin.py:150} INFO - [2025-08-12T16:03:30.411+0000] {dagbag.py:541} INFO - Filling up the DagBag from /home/vscode/.local/lib/python3.10/site-packages/airflow/example_dags/example_external_task_marker_dag.py
[2025-08-12T16:03:30.416+0000] {processor.py:836} INFO - DAG(s) dict_keys(['example_external_task_marker_parent', 'example_external_task_marker_child']) retrieved from /home/vscode/.local/lib/python3.10/site-packages/airflow/example_dags/example_external_task_marker_dag.py
[2025-08-12T16:03:30.437+0000] {logging_mixin.py:150} INFO - [2025-08-12T16:03:30.436+0000] {dag.py:2742} INFO - Sync 2 DAGs
[2025-08-12T16:03:30.458+0000] {logging_mixin.py:150} INFO - [2025-08-12T16:03:30.458+0000] {dag.py:3504} INFO - Setting next_dagrun for example_external_task_marker_child to None, run_after=None
[2025-08-12T16:03:30.461+0000] {logging_mixin.py:150} INFO - [2025-08-12T16:03:30.461+0000] {dag.py:3504} INFO - Setting next_dagrun for example_external_task_marker_parent to None, run_after=None
[2025-08-12T16:03:30.503+0000] {processor.py:179} INFO - Processing /home/vscode/.local/lib/python3.10/site-packages/airflow/example_dags/example_external_task_marker_dag.py took 0.095 seconds
[2025-08-12T16:04:16.317+0000] {processor.py:157} INFO - Started process (PID=29769) to work on /home/vscode/.local/lib/python3.10/site-packages/airflow/example_dags/example_external_task_marker_dag.py
[2025-08-12T16:04:16.318+0000] {processor.py:826} INFO - Processing file /home/vscode/.local/lib/python3.10/site-packages/airflow/example_dags/example_external_task_marker_dag.py for tasks to queue
[2025-08-12T16:04:16.319+0000] {logging_mixin.py:150} INFO - [2025-08-12T16:04:16.319+0000] {dagbag.py:541} INFO - Filling up the DagBag from /home/vscode/.local/lib/python3.10/site-packages/airflow/example_dags/example_external_task_marker_dag.py
[2025-08-12T16:04:16.323+0000] {processor.py:836} INFO - DAG(s) dict_keys(['example_external_task_marker_child', 'example_external_task_marker_parent']) retrieved from /home/vscode/.local/lib/python3.10/site-packages/airflow/example_dags/example_external_task_marker_dag.py
[2025-08-12T16:04:16.337+0000] {logging_mixin.py:150} INFO - [2025-08-12T16:04:16.337+0000] {dag.py:2742} INFO - Sync 2 DAGs
[2025-08-12T16:04:16.351+0000] {logging_mixin.py:150} INFO - [2025-08-12T16:04:16.351+0000] {dag.py:3504} INFO - Setting next_dagrun for example_external_task_marker_child to None, run_after=None
[2025-08-12T16:04:16.353+0000] {logging_mixin.py:150} INFO - [2025-08-12T16:04:16.353+0000] {dag.py:3504} INFO - Setting next_dagrun for example_external_task_marker_parent to None, run_after=None
[2025-08-12T16:04:16.367+0000] {processor.py:179} INFO - Processing /home/vscode/.local/lib/python3.10/site-packages/airflow/example_dags/example_external_task_marker_dag.py took 0.052 seconds
[2025-08-12T16:05:03.220+0000] {processor.py:157} INFO - Started process (PID=30075) to work on /home/vscode/.local/lib/python3.10/site-packages/airflow/example_dags/example_external_task_marker_dag.py
[2025-08-12T16:05:03.221+0000] {processor.py:826} INFO - Processing file /home/vscode/.local/lib/python3.10/site-packages/airflow/example_dags/example_external_task_marker_dag.py for tasks to queue
[2025-08-12T16:05:03.221+0000] {logging_mixin.py:150} INFO - [2025-08-12T16:05:03.221+0000] {dagbag.py:541} INFO - Filling up the DagBag from /home/vscode/.local/lib/python3.10/site-packages/airflow/example_dags/example_external_task_marker_dag.py
[2025-08-12T16:05:03.226+0000] {processor.py:836} INFO - DAG(s) dict_keys(['example_external_task_marker_parent', 'example_external_task_marker_child']) retrieved from /home/vscode/.local/lib/python3.10/site-packages/airflow/example_dags/example_external_task_marker_dag.py
[2025-08-12T16:05:03.239+0000] {logging_mixin.py:150} INFO - [2025-08-12T16:05:03.239+0000] {dag.py:2742} INFO - Sync 2 DAGs
[2025-08-12T16:05:03.254+0000] {logging_mixin.py:150} INFO - [2025-08-12T16:05:03.254+0000] {dag.py:3504} INFO - Setting next_dagrun for example_external_task_marker_child to None, run_after=None
[2025-08-12T16:05:03.257+0000] {logging_mixin.py:150} INFO - [2025-08-12T16:05:03.257+0000] {dag.py:3504} INFO - Setting next_dagrun for example_external_task_marker_parent to None, run_after=None
[2025-08-12T16:05:03.271+0000] {processor.py:179} INFO - Processing /home/vscode/.local/lib/python3.10/site-packages/airflow/example_dags/example_external_task_marker_dag.py took 0.053 seconds
[2025-08-12T16:05:45.388+0000] {processor.py:157} INFO - Started process (PID=30361) to work on /home/vscode/.local/lib/python3.10/site-packages/airflow/example_dags/example_external_task_marker_dag.py
[2025-08-12T16:05:45.389+0000] {processor.py:826} INFO - Processing file /home/vscode/.local/lib/python3.10/site-packages/airflow/example_dags/example_external_task_marker_dag.py for tasks to queue
[2025-08-12T16:05:45.389+0000] {logging_mixin.py:150} INFO - [2025-08-12T16:05:45.389+0000] {dagbag.py:541} INFO - Filling up the DagBag from /home/vscode/.local/lib/python3.10/site-packages/airflow/example_dags/example_external_task_marker_dag.py
[2025-08-12T16:05:45.394+0000] {processor.py:836} INFO - DAG(s) dict_keys(['example_external_task_marker_parent', 'example_external_task_marker_child']) retrieved from /home/vscode/.local/lib/python3.10/site-packages/airflow/example_dags/example_external_task_marker_dag.py
[2025-08-12T16:05:45.408+0000] {logging_mixin.py:150} INFO - [2025-08-12T16:05:45.408+0000] {dag.py:2742} INFO - Sync 2 DAGs
[2025-08-12T16:05:45.422+0000] {logging_mixin.py:150} INFO - [2025-08-12T16:05:45.422+0000] {dag.py:3504} INFO - Setting next_dagrun for example_external_task_marker_child to None, run_after=None
[2025-08-12T16:05:45.424+0000] {logging_mixin.py:150} INFO - [2025-08-12T16:05:45.424+0000] {dag.py:3504} INFO - Setting next_dagrun for example_external_task_marker_parent to None, run_after=None
[2025-08-12T16:05:45.438+0000] {processor.py:179} INFO - Processing /home/vscode/.local/lib/python3.10/site-packages/airflow/example_dags/example_external_task_marker_dag.py took 0.052 seconds
[2025-08-12T16:06:32.714+0000] {processor.py:157} INFO - Started process (PID=30670) to work on /home/vscode/.local/lib/python3.10/site-packages/airflow/example_dags/example_external_task_marker_dag.py
[2025-08-12T16:06:32.714+0000] {processor.py:826} INFO - Processing file /home/vscode/.local/lib/python3.10/site-packages/airflow/example_dags/example_external_task_marker_dag.py for tasks to queue
[2025-08-12T16:06:32.715+0000] {logging_mixin.py:150} INFO - [2025-08-12T16:06:32.715+0000] {dagbag.py:541} INFO - Filling up the DagBag from /home/vscode/.local/lib/python3.10/site-packages/airflow/example_dags/example_external_task_marker_dag.py
[2025-08-12T16:06:32.719+0000] {processor.py:836} INFO - DAG(s) dict_keys(['example_external_task_marker_parent', 'example_external_task_marker_child']) retrieved from /home/vscode/.local/lib/python3.10/site-packages/airflow/example_dags/example_external_task_marker_dag.py
[2025-08-12T16:06:32.733+0000] {logging_mixin.py:150} INFO - [2025-08-12T16:06:32.733+0000] {dag.py:2742} INFO - Sync 2 DAGs
[2025-08-12T16:06:32.748+0000] {logging_mixin.py:150} INFO - [2025-08-12T16:06:32.748+0000] {dag.py:3504} INFO - Setting next_dagrun for example_external_task_marker_child to None, run_after=None
[2025-08-12T16:06:32.750+0000] {logging_mixin.py:150} INFO - [2025-08-12T16:06:32.750+0000] {dag.py:3504} INFO - Setting next_dagrun for example_external_task_marker_parent to None, run_after=None
[2025-08-12T16:06:32.767+0000] {processor.py:179} INFO - Processing /home/vscode/.local/lib/python3.10/site-packages/airflow/example_dags/example_external_task_marker_dag.py took 0.056 seconds
[2025-08-12T16:07:14.972+0000] {processor.py:157} INFO - Started process (PID=30962) to work on /home/vscode/.local/lib/python3.10/site-packages/airflow/example_dags/example_external_task_marker_dag.py
[2025-08-12T16:07:14.973+0000] {processor.py:826} INFO - Processing file /home/vscode/.local/lib/python3.10/site-packages/airflow/example_dags/example_external_task_marker_dag.py for tasks to queue
[2025-08-12T16:07:14.974+0000] {logging_mixin.py:150} INFO - [2025-08-12T16:07:14.973+0000] {dagbag.py:541} INFO - Filling up the DagBag from /home/vscode/.local/lib/python3.10/site-packages/airflow/example_dags/example_external_task_marker_dag.py
[2025-08-12T16:07:14.978+0000] {processor.py:836} INFO - DAG(s) dict_keys(['example_external_task_marker_child', 'example_external_task_marker_parent']) retrieved from /home/vscode/.local/lib/python3.10/site-packages/airflow/example_dags/example_external_task_marker_dag.py
[2025-08-12T16:07:14.992+0000] {logging_mixin.py:150} INFO - [2025-08-12T16:07:14.992+0000] {dag.py:2742} INFO - Sync 2 DAGs
[2025-08-12T16:07:15.006+0000] {logging_mixin.py:150} INFO - [2025-08-12T16:07:15.006+0000] {dag.py:3504} INFO - Setting next_dagrun for example_external_task_marker_child to None, run_after=None
[2025-08-12T16:07:15.008+0000] {logging_mixin.py:150} INFO - [2025-08-12T16:07:15.008+0000] {dag.py:3504} INFO - Setting next_dagrun for example_external_task_marker_parent to None, run_after=None
[2025-08-12T16:07:15.022+0000] {processor.py:179} INFO - Processing /home/vscode/.local/lib/python3.10/site-packages/airflow/example_dags/example_external_task_marker_dag.py took 0.052 seconds
[2025-08-12T16:07:57.218+0000] {processor.py:157} INFO - Started process (PID=31239) to work on /home/vscode/.local/lib/python3.10/site-packages/airflow/example_dags/example_external_task_marker_dag.py
[2025-08-12T16:07:57.219+0000] {processor.py:826} INFO - Processing file /home/vscode/.local/lib/python3.10/site-packages/airflow/example_dags/example_external_task_marker_dag.py for tasks to queue
[2025-08-12T16:07:57.220+0000] {logging_mixin.py:150} INFO - [2025-08-12T16:07:57.219+0000] {dagbag.py:541} INFO - Filling up the DagBag from /home/vscode/.local/lib/python3.10/site-packages/airflow/example_dags/example_external_task_marker_dag.py
[2025-08-12T16:07:57.224+0000] {processor.py:836} INFO - DAG(s) dict_keys(['example_external_task_marker_parent', 'example_external_task_marker_child']) retrieved from /home/vscode/.local/lib/python3.10/site-packages/airflow/example_dags/example_external_task_marker_dag.py
[2025-08-12T16:07:57.238+0000] {logging_mixin.py:150} INFO - [2025-08-12T16:07:57.238+0000] {dag.py:2742} INFO - Sync 2 DAGs
[2025-08-12T16:07:57.252+0000] {logging_mixin.py:150} INFO - [2025-08-12T16:07:57.252+0000] {dag.py:3504} INFO - Setting next_dagrun for example_external_task_marker_child to None, run_after=None
[2025-08-12T16:07:57.254+0000] {logging_mixin.py:150} INFO - [2025-08-12T16:07:57.254+0000] {dag.py:3504} INFO - Setting next_dagrun for example_external_task_marker_parent to None, run_after=None
[2025-08-12T16:07:57.268+0000] {processor.py:179} INFO - Processing /home/vscode/.local/lib/python3.10/site-packages/airflow/example_dags/example_external_task_marker_dag.py took 0.052 seconds
[2025-08-12T16:08:50.368+0000] {processor.py:157} INFO - Started process (PID=31595) to work on /home/vscode/.local/lib/python3.10/site-packages/airflow/example_dags/example_external_task_marker_dag.py
[2025-08-12T16:08:50.369+0000] {processor.py:826} INFO - Processing file /home/vscode/.local/lib/python3.10/site-packages/airflow/example_dags/example_external_task_marker_dag.py for tasks to queue
[2025-08-12T16:08:50.370+0000] {logging_mixin.py:150} INFO - [2025-08-12T16:08:50.369+0000] {dagbag.py:541} INFO - Filling up the DagBag from /home/vscode/.local/lib/python3.10/site-packages/airflow/example_dags/example_external_task_marker_dag.py
[2025-08-12T16:08:50.374+0000] {processor.py:836} INFO - DAG(s) dict_keys(['example_external_task_marker_child', 'example_external_task_marker_parent']) retrieved from /home/vscode/.local/lib/python3.10/site-packages/airflow/example_dags/example_external_task_marker_dag.py
[2025-08-12T16:08:50.387+0000] {logging_mixin.py:150} INFO - [2025-08-12T16:08:50.387+0000] {dag.py:2742} INFO - Sync 2 DAGs
[2025-08-12T16:08:50.401+0000] {logging_mixin.py:150} INFO - [2025-08-12T16:08:50.401+0000] {dag.py:3504} INFO - Setting next_dagrun for example_external_task_marker_child to None, run_after=None
[2025-08-12T16:08:50.403+0000] {logging_mixin.py:150} INFO - [2025-08-12T16:08:50.403+0000] {dag.py:3504} INFO - Setting next_dagrun for example_external_task_marker_parent to None, run_after=None
[2025-08-12T16:08:50.417+0000] {processor.py:179} INFO - Processing /home/vscode/.local/lib/python3.10/site-packages/airflow/example_dags/example_external_task_marker_dag.py took 0.051 seconds
[2025-08-12T16:09:35.446+0000] {processor.py:157} INFO - Started process (PID=31896) to work on /home/vscode/.local/lib/python3.10/site-packages/airflow/example_dags/example_external_task_marker_dag.py
[2025-08-12T16:09:35.447+0000] {processor.py:826} INFO - Processing file /home/vscode/.local/lib/python3.10/site-packages/airflow/example_dags/example_external_task_marker_dag.py for tasks to queue
[2025-08-12T16:09:35.447+0000] {logging_mixin.py:150} INFO - [2025-08-12T16:09:35.447+0000] {dagbag.py:541} INFO - Filling up the DagBag from /home/vscode/.local/lib/python3.10/site-packages/airflow/example_dags/example_external_task_marker_dag.py
[2025-08-12T16:09:35.452+0000] {processor.py:836} INFO - DAG(s) dict_keys(['example_external_task_marker_child', 'example_external_task_marker_parent']) retrieved from /home/vscode/.local/lib/python3.10/site-packages/airflow/example_dags/example_external_task_marker_dag.py
[2025-08-12T16:09:35.465+0000] {logging_mixin.py:150} INFO - [2025-08-12T16:09:35.465+0000] {dag.py:2742} INFO - Sync 2 DAGs
[2025-08-12T16:09:35.479+0000] {logging_mixin.py:150} INFO - [2025-08-12T16:09:35.479+0000] {dag.py:3504} INFO - Setting next_dagrun for example_external_task_marker_child to None, run_after=None
[2025-08-12T16:09:35.482+0000] {logging_mixin.py:150} INFO - [2025-08-12T16:09:35.481+0000] {dag.py:3504} INFO - Setting next_dagrun for example_external_task_marker_parent to None, run_after=None
[2025-08-12T16:09:35.495+0000] {processor.py:179} INFO - Processing /home/vscode/.local/lib/python3.10/site-packages/airflow/example_dags/example_external_task_marker_dag.py took 0.051 seconds
[2025-08-12T16:10:22.426+0000] {processor.py:157} INFO - Started process (PID=32204) to work on /home/vscode/.local/lib/python3.10/site-packages/airflow/example_dags/example_external_task_marker_dag.py
[2025-08-12T16:10:22.426+0000] {processor.py:826} INFO - Processing file /home/vscode/.local/lib/python3.10/site-packages/airflow/example_dags/example_external_task_marker_dag.py for tasks to queue
[2025-08-12T16:10:22.427+0000] {logging_mixin.py:150} INFO - [2025-08-12T16:10:22.427+0000] {dagbag.py:541} INFO - Filling up the DagBag from /home/vscode/.local/lib/python3.10/site-packages/airflow/example_dags/example_external_task_marker_dag.py
[2025-08-12T16:10:22.431+0000] {processor.py:836} INFO - DAG(s) dict_keys(['example_external_task_marker_parent', 'example_external_task_marker_child']) retrieved from /home/vscode/.local/lib/python3.10/site-packages/airflow/example_dags/example_external_task_marker_dag.py
[2025-08-12T16:10:22.445+0000] {logging_mixin.py:150} INFO - [2025-08-12T16:10:22.445+0000] {dag.py:2742} INFO - Sync 2 DAGs
[2025-08-12T16:10:22.459+0000] {logging_mixin.py:150} INFO - [2025-08-12T16:10:22.459+0000] {dag.py:3504} INFO - Setting next_dagrun for example_external_task_marker_child to None, run_after=None
[2025-08-12T16:10:22.461+0000] {logging_mixin.py:150} INFO - [2025-08-12T16:10:22.461+0000] {dag.py:3504} INFO - Setting next_dagrun for example_external_task_marker_parent to None, run_after=None
[2025-08-12T16:10:22.475+0000] {processor.py:179} INFO - Processing /home/vscode/.local/lib/python3.10/site-packages/airflow/example_dags/example_external_task_marker_dag.py took 0.052 seconds
[2025-08-12T16:11:07.501+0000] {processor.py:157} INFO - Started process (PID=32512) to work on /home/vscode/.local/lib/python3.10/site-packages/airflow/example_dags/example_external_task_marker_dag.py
[2025-08-12T16:11:07.501+0000] {processor.py:826} INFO - Processing file /home/vscode/.local/lib/python3.10/site-packages/airflow/example_dags/example_external_task_marker_dag.py for tasks to queue
[2025-08-12T16:11:07.502+0000] {logging_mixin.py:150} INFO - [2025-08-12T16:11:07.502+0000] {dagbag.py:541} INFO - Filling up the DagBag from /home/vscode/.local/lib/python3.10/site-packages/airflow/example_dags/example_external_task_marker_dag.py
[2025-08-12T16:11:07.506+0000] {processor.py:836} INFO - DAG(s) dict_keys(['example_external_task_marker_child', 'example_external_task_marker_parent']) retrieved from /home/vscode/.local/lib/python3.10/site-packages/airflow/example_dags/example_external_task_marker_dag.py
[2025-08-12T16:11:07.520+0000] {logging_mixin.py:150} INFO - [2025-08-12T16:11:07.520+0000] {dag.py:2742} INFO - Sync 2 DAGs
[2025-08-12T16:11:07.534+0000] {logging_mixin.py:150} INFO - [2025-08-12T16:11:07.534+0000] {dag.py:3504} INFO - Setting next_dagrun for example_external_task_marker_child to None, run_after=None
[2025-08-12T16:11:07.537+0000] {logging_mixin.py:150} INFO - [2025-08-12T16:11:07.537+0000] {dag.py:3504} INFO - Setting next_dagrun for example_external_task_marker_parent to None, run_after=None
[2025-08-12T16:11:07.556+0000] {processor.py:179} INFO - Processing /home/vscode/.local/lib/python3.10/site-packages/airflow/example_dags/example_external_task_marker_dag.py took 0.058 seconds
[2025-08-12T16:11:50.920+0000] {processor.py:157} INFO - Started process (PID=32799) to work on /home/vscode/.local/lib/python3.10/site-packages/airflow/example_dags/example_external_task_marker_dag.py
[2025-08-12T16:11:50.920+0000] {processor.py:826} INFO - Processing file /home/vscode/.local/lib/python3.10/site-packages/airflow/example_dags/example_external_task_marker_dag.py for tasks to queue
[2025-08-12T16:11:50.921+0000] {logging_mixin.py:150} INFO - [2025-08-12T16:11:50.921+0000] {dagbag.py:541} INFO - Filling up the DagBag from /home/vscode/.local/lib/python3.10/site-packages/airflow/example_dags/example_external_task_marker_dag.py
[2025-08-12T16:11:50.927+0000] {processor.py:836} INFO - DAG(s) dict_keys(['example_external_task_marker_child', 'example_external_task_marker_parent']) retrieved from /home/vscode/.local/lib/python3.10/site-packages/airflow/example_dags/example_external_task_marker_dag.py
[2025-08-12T16:11:50.953+0000] {logging_mixin.py:150} INFO - [2025-08-12T16:11:50.953+0000] {dag.py:2742} INFO - Sync 2 DAGs
[2025-08-12T16:11:50.974+0000] {logging_mixin.py:150} INFO - [2025-08-12T16:11:50.974+0000] {dag.py:3504} INFO - Setting next_dagrun for example_external_task_marker_child to None, run_after=None
[2025-08-12T16:11:50.977+0000] {logging_mixin.py:150} INFO - [2025-08-12T16:11:50.977+0000] {dag.py:3504} INFO - Setting next_dagrun for example_external_task_marker_parent to None, run_after=None
[2025-08-12T16:11:50.998+0000] {processor.py:179} INFO - Processing /home/vscode/.local/lib/python3.10/site-packages/airflow/example_dags/example_external_task_marker_dag.py took 0.081 seconds
[2025-08-12T16:12:34.973+0000] {processor.py:157} INFO - Started process (PID=33086) to work on /home/vscode/.local/lib/python3.10/site-packages/airflow/example_dags/example_external_task_marker_dag.py
[2025-08-12T16:12:34.974+0000] {processor.py:826} INFO - Processing file /home/vscode/.local/lib/python3.10/site-packages/airflow/example_dags/example_external_task_marker_dag.py for tasks to queue
[2025-08-12T16:12:34.975+0000] {logging_mixin.py:150} INFO - [2025-08-12T16:12:34.974+0000] {dagbag.py:541} INFO - Filling up the DagBag from /home/vscode/.local/lib/python3.10/site-packages/airflow/example_dags/example_external_task_marker_dag.py
[2025-08-12T16:12:34.979+0000] {processor.py:836} INFO - DAG(s) dict_keys(['example_external_task_marker_child', 'example_external_task_marker_parent']) retrieved from /home/vscode/.local/lib/python3.10/site-packages/airflow/example_dags/example_external_task_marker_dag.py
[2025-08-12T16:12:34.993+0000] {logging_mixin.py:150} INFO - [2025-08-12T16:12:34.993+0000] {dag.py:2742} INFO - Sync 2 DAGs
[2025-08-12T16:12:35.007+0000] {logging_mixin.py:150} INFO - [2025-08-12T16:12:35.007+0000] {dag.py:3504} INFO - Setting next_dagrun for example_external_task_marker_child to None, run_after=None
[2025-08-12T16:12:35.009+0000] {logging_mixin.py:150} INFO - [2025-08-12T16:12:35.009+0000] {dag.py:3504} INFO - Setting next_dagrun for example_external_task_marker_parent to None, run_after=None
[2025-08-12T16:12:35.025+0000] {processor.py:179} INFO - Processing /home/vscode/.local/lib/python3.10/site-packages/airflow/example_dags/example_external_task_marker_dag.py took 0.054 seconds
[2025-08-12T16:13:22.272+0000] {processor.py:157} INFO - Started process (PID=33398) to work on /home/vscode/.local/lib/python3.10/site-packages/airflow/example_dags/example_external_task_marker_dag.py
[2025-08-12T16:13:22.273+0000] {processor.py:826} INFO - Processing file /home/vscode/.local/lib/python3.10/site-packages/airflow/example_dags/example_external_task_marker_dag.py for tasks to queue
[2025-08-12T16:13:22.273+0000] {logging_mixin.py:150} INFO - [2025-08-12T16:13:22.273+0000] {dagbag.py:541} INFO - Filling up the DagBag from /home/vscode/.local/lib/python3.10/site-packages/airflow/example_dags/example_external_task_marker_dag.py
[2025-08-12T16:13:22.278+0000] {processor.py:836} INFO - DAG(s) dict_keys(['example_external_task_marker_parent', 'example_external_task_marker_child']) retrieved from /home/vscode/.local/lib/python3.10/site-packages/airflow/example_dags/example_external_task_marker_dag.py
[2025-08-12T16:13:22.293+0000] {logging_mixin.py:150} INFO - [2025-08-12T16:13:22.293+0000] {dag.py:2742} INFO - Sync 2 DAGs
[2025-08-12T16:13:22.312+0000] {logging_mixin.py:150} INFO - [2025-08-12T16:13:22.312+0000] {dag.py:3504} INFO - Setting next_dagrun for example_external_task_marker_child to None, run_after=None
[2025-08-12T16:13:22.314+0000] {logging_mixin.py:150} INFO - [2025-08-12T16:13:22.314+0000] {dag.py:3504} INFO - Setting next_dagrun for example_external_task_marker_parent to None, run_after=None
[2025-08-12T16:13:22.329+0000] {processor.py:179} INFO - Processing /home/vscode/.local/lib/python3.10/site-packages/airflow/example_dags/example_external_task_marker_dag.py took 0.059 seconds
[2025-08-12T16:14:04.523+0000] {processor.py:157} INFO - Started process (PID=33680) to work on /home/vscode/.local/lib/python3.10/site-packages/airflow/example_dags/example_external_task_marker_dag.py
[2025-08-12T16:14:04.524+0000] {processor.py:826} INFO - Processing file /home/vscode/.local/lib/python3.10/site-packages/airflow/example_dags/example_external_task_marker_dag.py for tasks to queue
[2025-08-12T16:14:04.524+0000] {logging_mixin.py:150} INFO - [2025-08-12T16:14:04.524+0000] {dagbag.py:541} INFO - Filling up the DagBag from /home/vscode/.local/lib/python3.10/site-packages/airflow/example_dags/example_external_task_marker_dag.py
[2025-08-12T16:14:04.528+0000] {processor.py:836} INFO - DAG(s) dict_keys(['example_external_task_marker_child', 'example_external_task_marker_parent']) retrieved from /home/vscode/.local/lib/python3.10/site-packages/airflow/example_dags/example_external_task_marker_dag.py
[2025-08-12T16:14:04.542+0000] {logging_mixin.py:150} INFO - [2025-08-12T16:14:04.542+0000] {dag.py:2742} INFO - Sync 2 DAGs
[2025-08-12T16:14:04.556+0000] {logging_mixin.py:150} INFO - [2025-08-12T16:14:04.556+0000] {dag.py:3504} INFO - Setting next_dagrun for example_external_task_marker_child to None, run_after=None
[2025-08-12T16:14:04.559+0000] {logging_mixin.py:150} INFO - [2025-08-12T16:14:04.559+0000] {dag.py:3504} INFO - Setting next_dagrun for example_external_task_marker_parent to None, run_after=None
[2025-08-12T16:14:04.573+0000] {processor.py:179} INFO - Processing /home/vscode/.local/lib/python3.10/site-packages/airflow/example_dags/example_external_task_marker_dag.py took 0.052 seconds
[2025-08-12T16:14:48.608+0000] {processor.py:157} INFO - Started process (PID=33973) to work on /home/vscode/.local/lib/python3.10/site-packages/airflow/example_dags/example_external_task_marker_dag.py
[2025-08-12T16:14:48.608+0000] {processor.py:826} INFO - Processing file /home/vscode/.local/lib/python3.10/site-packages/airflow/example_dags/example_external_task_marker_dag.py for tasks to queue
[2025-08-12T16:14:48.609+0000] {logging_mixin.py:150} INFO - [2025-08-12T16:14:48.609+0000] {dagbag.py:541} INFO - Filling up the DagBag from /home/vscode/.local/lib/python3.10/site-packages/airflow/example_dags/example_external_task_marker_dag.py
[2025-08-12T16:14:48.615+0000] {processor.py:836} INFO - DAG(s) dict_keys(['example_external_task_marker_parent', 'example_external_task_marker_child']) retrieved from /home/vscode/.local/lib/python3.10/site-packages/airflow/example_dags/example_external_task_marker_dag.py
[2025-08-12T16:14:48.637+0000] {logging_mixin.py:150} INFO - [2025-08-12T16:14:48.636+0000] {dag.py:2742} INFO - Sync 2 DAGs
[2025-08-12T16:14:48.658+0000] {logging_mixin.py:150} INFO - [2025-08-12T16:14:48.657+0000] {dag.py:3504} INFO - Setting next_dagrun for example_external_task_marker_child to None, run_after=None
[2025-08-12T16:14:48.661+0000] {logging_mixin.py:150} INFO - [2025-08-12T16:14:48.661+0000] {dag.py:3504} INFO - Setting next_dagrun for example_external_task_marker_parent to None, run_after=None
[2025-08-12T16:14:48.676+0000] {processor.py:179} INFO - Processing /home/vscode/.local/lib/python3.10/site-packages/airflow/example_dags/example_external_task_marker_dag.py took 0.071 seconds
[2025-08-12T16:15:32.010+0000] {processor.py:157} INFO - Started process (PID=34265) to work on /home/vscode/.local/lib/python3.10/site-packages/airflow/example_dags/example_external_task_marker_dag.py
[2025-08-12T16:15:32.010+0000] {processor.py:826} INFO - Processing file /home/vscode/.local/lib/python3.10/site-packages/airflow/example_dags/example_external_task_marker_dag.py for tasks to queue
[2025-08-12T16:15:32.011+0000] {logging_mixin.py:150} INFO - [2025-08-12T16:15:32.011+0000] {dagbag.py:541} INFO - Filling up the DagBag from /home/vscode/.local/lib/python3.10/site-packages/airflow/example_dags/example_external_task_marker_dag.py
[2025-08-12T16:15:32.016+0000] {processor.py:836} INFO - DAG(s) dict_keys(['example_external_task_marker_child', 'example_external_task_marker_parent']) retrieved from /home/vscode/.local/lib/python3.10/site-packages/airflow/example_dags/example_external_task_marker_dag.py
[2025-08-12T16:15:32.030+0000] {logging_mixin.py:150} INFO - [2025-08-12T16:15:32.030+0000] {dag.py:2742} INFO - Sync 2 DAGs
[2025-08-12T16:15:32.044+0000] {logging_mixin.py:150} INFO - [2025-08-12T16:15:32.044+0000] {dag.py:3504} INFO - Setting next_dagrun for example_external_task_marker_child to None, run_after=None
[2025-08-12T16:15:32.046+0000] {logging_mixin.py:150} INFO - [2025-08-12T16:15:32.046+0000] {dag.py:3504} INFO - Setting next_dagrun for example_external_task_marker_parent to None, run_after=None
[2025-08-12T16:15:32.060+0000] {processor.py:179} INFO - Processing /home/vscode/.local/lib/python3.10/site-packages/airflow/example_dags/example_external_task_marker_dag.py took 0.052 seconds
[2025-08-12T16:16:14.696+0000] {processor.py:157} INFO - Started process (PID=34545) to work on /home/vscode/.local/lib/python3.10/site-packages/airflow/example_dags/example_external_task_marker_dag.py
[2025-08-12T16:16:14.696+0000] {processor.py:826} INFO - Processing file /home/vscode/.local/lib/python3.10/site-packages/airflow/example_dags/example_external_task_marker_dag.py for tasks to queue
[2025-08-12T16:16:14.697+0000] {logging_mixin.py:150} INFO - [2025-08-12T16:16:14.697+0000] {dagbag.py:541} INFO - Filling up the DagBag from /home/vscode/.local/lib/python3.10/site-packages/airflow/example_dags/example_external_task_marker_dag.py
[2025-08-12T16:16:14.701+0000] {processor.py:836} INFO - DAG(s) dict_keys(['example_external_task_marker_parent', 'example_external_task_marker_child']) retrieved from /home/vscode/.local/lib/python3.10/site-packages/airflow/example_dags/example_external_task_marker_dag.py
[2025-08-12T16:16:14.716+0000] {logging_mixin.py:150} INFO - [2025-08-12T16:16:14.715+0000] {dag.py:2742} INFO - Sync 2 DAGs
[2025-08-12T16:16:14.730+0000] {logging_mixin.py:150} INFO - [2025-08-12T16:16:14.730+0000] {dag.py:3504} INFO - Setting next_dagrun for example_external_task_marker_child to None, run_after=None
[2025-08-12T16:16:14.732+0000] {logging_mixin.py:150} INFO - [2025-08-12T16:16:14.732+0000] {dag.py:3504} INFO - Setting next_dagrun for example_external_task_marker_parent to None, run_after=None
[2025-08-12T16:16:14.746+0000] {processor.py:179} INFO - Processing /home/vscode/.local/lib/python3.10/site-packages/airflow/example_dags/example_external_task_marker_dag.py took 0.052 seconds
[2025-08-12T16:17:06.878+0000] {processor.py:157} INFO - Started process (PID=34897) to work on /home/vscode/.local/lib/python3.10/site-packages/airflow/example_dags/example_external_task_marker_dag.py
[2025-08-12T16:17:06.878+0000] {processor.py:826} INFO - Processing file /home/vscode/.local/lib/python3.10/site-packages/airflow/example_dags/example_external_task_marker_dag.py for tasks to queue
[2025-08-12T16:17:06.879+0000] {logging_mixin.py:150} INFO - [2025-08-12T16:17:06.879+0000] {dagbag.py:541} INFO - Filling up the DagBag from /home/vscode/.local/lib/python3.10/site-packages/airflow/example_dags/example_external_task_marker_dag.py
[2025-08-12T16:17:06.885+0000] {processor.py:836} INFO - DAG(s) dict_keys(['example_external_task_marker_parent', 'example_external_task_marker_child']) retrieved from /home/vscode/.local/lib/python3.10/site-packages/airflow/example_dags/example_external_task_marker_dag.py
[2025-08-12T16:17:06.903+0000] {logging_mixin.py:150} INFO - [2025-08-12T16:17:06.903+0000] {dag.py:2742} INFO - Sync 2 DAGs
[2025-08-12T16:17:06.922+0000] {logging_mixin.py:150} INFO - [2025-08-12T16:17:06.922+0000] {dag.py:3504} INFO - Setting next_dagrun for example_external_task_marker_child to None, run_after=None
[2025-08-12T16:17:06.925+0000] {logging_mixin.py:150} INFO - [2025-08-12T16:17:06.925+0000] {dag.py:3504} INFO - Setting next_dagrun for example_external_task_marker_parent to None, run_after=None
[2025-08-12T16:17:06.942+0000] {processor.py:179} INFO - Processing /home/vscode/.local/lib/python3.10/site-packages/airflow/example_dags/example_external_task_marker_dag.py took 0.067 seconds
[2025-08-12T16:17:46.881+0000] {processor.py:157} INFO - Started process (PID=35160) to work on /home/vscode/.local/lib/python3.10/site-packages/airflow/example_dags/example_external_task_marker_dag.py
[2025-08-12T16:17:46.882+0000] {processor.py:826} INFO - Processing file /home/vscode/.local/lib/python3.10/site-packages/airflow/example_dags/example_external_task_marker_dag.py for tasks to queue
[2025-08-12T16:17:46.883+0000] {logging_mixin.py:150} INFO - [2025-08-12T16:17:46.882+0000] {dagbag.py:541} INFO - Filling up the DagBag from /home/vscode/.local/lib/python3.10/site-packages/airflow/example_dags/example_external_task_marker_dag.py
[2025-08-12T16:17:46.887+0000] {processor.py:836} INFO - DAG(s) dict_keys(['example_external_task_marker_parent', 'example_external_task_marker_child']) retrieved from /home/vscode/.local/lib/python3.10/site-packages/airflow/example_dags/example_external_task_marker_dag.py
[2025-08-12T16:17:46.903+0000] {logging_mixin.py:150} INFO - [2025-08-12T16:17:46.903+0000] {dag.py:2742} INFO - Sync 2 DAGs
[2025-08-12T16:17:46.923+0000] {logging_mixin.py:150} INFO - [2025-08-12T16:17:46.923+0000] {dag.py:3504} INFO - Setting next_dagrun for example_external_task_marker_child to None, run_after=None
[2025-08-12T16:17:46.926+0000] {logging_mixin.py:150} INFO - [2025-08-12T16:17:46.926+0000] {dag.py:3504} INFO - Setting next_dagrun for example_external_task_marker_parent to None, run_after=None
[2025-08-12T16:17:46.944+0000] {processor.py:179} INFO - Processing /home/vscode/.local/lib/python3.10/site-packages/airflow/example_dags/example_external_task_marker_dag.py took 0.066 seconds
[2025-08-12T16:18:29.743+0000] {processor.py:157} INFO - Started process (PID=35451) to work on /home/vscode/.local/lib/python3.10/site-packages/airflow/example_dags/example_external_task_marker_dag.py
[2025-08-12T16:18:29.744+0000] {processor.py:826} INFO - Processing file /home/vscode/.local/lib/python3.10/site-packages/airflow/example_dags/example_external_task_marker_dag.py for tasks to queue
[2025-08-12T16:18:29.744+0000] {logging_mixin.py:150} INFO - [2025-08-12T16:18:29.744+0000] {dagbag.py:541} INFO - Filling up the DagBag from /home/vscode/.local/lib/python3.10/site-packages/airflow/example_dags/example_external_task_marker_dag.py
[2025-08-12T16:18:29.749+0000] {processor.py:836} INFO - DAG(s) dict_keys(['example_external_task_marker_child', 'example_external_task_marker_parent']) retrieved from /home/vscode/.local/lib/python3.10/site-packages/airflow/example_dags/example_external_task_marker_dag.py
[2025-08-12T16:18:29.763+0000] {logging_mixin.py:150} INFO - [2025-08-12T16:18:29.762+0000] {dag.py:2742} INFO - Sync 2 DAGs
[2025-08-12T16:18:29.777+0000] {logging_mixin.py:150} INFO - [2025-08-12T16:18:29.777+0000] {dag.py:3504} INFO - Setting next_dagrun for example_external_task_marker_child to None, run_after=None
[2025-08-12T16:18:29.779+0000] {logging_mixin.py:150} INFO - [2025-08-12T16:18:29.779+0000] {dag.py:3504} INFO - Setting next_dagrun for example_external_task_marker_parent to None, run_after=None
[2025-08-12T16:18:29.805+0000] {processor.py:179} INFO - Processing /home/vscode/.local/lib/python3.10/site-packages/airflow/example_dags/example_external_task_marker_dag.py took 0.065 seconds
[2025-08-12T16:19:23.557+0000] {processor.py:157} INFO - Started process (PID=35812) to work on /home/vscode/.local/lib/python3.10/site-packages/airflow/example_dags/example_external_task_marker_dag.py
[2025-08-12T16:19:23.558+0000] {processor.py:826} INFO - Processing file /home/vscode/.local/lib/python3.10/site-packages/airflow/example_dags/example_external_task_marker_dag.py for tasks to queue
[2025-08-12T16:19:23.559+0000] {logging_mixin.py:150} INFO - [2025-08-12T16:19:23.558+0000] {dagbag.py:541} INFO - Filling up the DagBag from /home/vscode/.local/lib/python3.10/site-packages/airflow/example_dags/example_external_task_marker_dag.py
[2025-08-12T16:19:23.563+0000] {processor.py:836} INFO - DAG(s) dict_keys(['example_external_task_marker_parent', 'example_external_task_marker_child']) retrieved from /home/vscode/.local/lib/python3.10/site-packages/airflow/example_dags/example_external_task_marker_dag.py
[2025-08-12T16:19:23.577+0000] {logging_mixin.py:150} INFO - [2025-08-12T16:19:23.577+0000] {dag.py:2742} INFO - Sync 2 DAGs
[2025-08-12T16:19:23.591+0000] {logging_mixin.py:150} INFO - [2025-08-12T16:19:23.591+0000] {dag.py:3504} INFO - Setting next_dagrun for example_external_task_marker_child to None, run_after=None
[2025-08-12T16:19:23.593+0000] {logging_mixin.py:150} INFO - [2025-08-12T16:19:23.593+0000] {dag.py:3504} INFO - Setting next_dagrun for example_external_task_marker_parent to None, run_after=None
[2025-08-12T16:19:23.608+0000] {processor.py:179} INFO - Processing /home/vscode/.local/lib/python3.10/site-packages/airflow/example_dags/example_external_task_marker_dag.py took 0.053 seconds
[2025-08-12T16:20:12.612+0000] {processor.py:157} INFO - Started process (PID=36138) to work on /home/vscode/.local/lib/python3.10/site-packages/airflow/example_dags/example_external_task_marker_dag.py
[2025-08-12T16:20:12.613+0000] {processor.py:826} INFO - Processing file /home/vscode/.local/lib/python3.10/site-packages/airflow/example_dags/example_external_task_marker_dag.py for tasks to queue
[2025-08-12T16:20:12.613+0000] {logging_mixin.py:150} INFO - [2025-08-12T16:20:12.613+0000] {dagbag.py:541} INFO - Filling up the DagBag from /home/vscode/.local/lib/python3.10/site-packages/airflow/example_dags/example_external_task_marker_dag.py
[2025-08-12T16:20:12.617+0000] {processor.py:836} INFO - DAG(s) dict_keys(['example_external_task_marker_child', 'example_external_task_marker_parent']) retrieved from /home/vscode/.local/lib/python3.10/site-packages/airflow/example_dags/example_external_task_marker_dag.py
[2025-08-12T16:20:12.632+0000] {logging_mixin.py:150} INFO - [2025-08-12T16:20:12.631+0000] {dag.py:2742} INFO - Sync 2 DAGs
[2025-08-12T16:20:12.646+0000] {logging_mixin.py:150} INFO - [2025-08-12T16:20:12.646+0000] {dag.py:3504} INFO - Setting next_dagrun for example_external_task_marker_child to None, run_after=None
[2025-08-12T16:20:12.649+0000] {logging_mixin.py:150} INFO - [2025-08-12T16:20:12.649+0000] {dag.py:3504} INFO - Setting next_dagrun for example_external_task_marker_parent to None, run_after=None
[2025-08-12T16:20:12.663+0000] {processor.py:179} INFO - Processing /home/vscode/.local/lib/python3.10/site-packages/airflow/example_dags/example_external_task_marker_dag.py took 0.054 seconds
[2025-08-12T16:20:54.872+0000] {processor.py:157} INFO - Started process (PID=36418) to work on /home/vscode/.local/lib/python3.10/site-packages/airflow/example_dags/example_external_task_marker_dag.py
[2025-08-12T16:20:54.872+0000] {processor.py:826} INFO - Processing file /home/vscode/.local/lib/python3.10/site-packages/airflow/example_dags/example_external_task_marker_dag.py for tasks to queue
[2025-08-12T16:20:54.873+0000] {logging_mixin.py:150} INFO - [2025-08-12T16:20:54.872+0000] {dagbag.py:541} INFO - Filling up the DagBag from /home/vscode/.local/lib/python3.10/site-packages/airflow/example_dags/example_external_task_marker_dag.py
[2025-08-12T16:20:54.877+0000] {processor.py:836} INFO - DAG(s) dict_keys(['example_external_task_marker_parent', 'example_external_task_marker_child']) retrieved from /home/vscode/.local/lib/python3.10/site-packages/airflow/example_dags/example_external_task_marker_dag.py
[2025-08-12T16:20:54.891+0000] {logging_mixin.py:150} INFO - [2025-08-12T16:20:54.891+0000] {dag.py:2742} INFO - Sync 2 DAGs
[2025-08-12T16:20:54.905+0000] {logging_mixin.py:150} INFO - [2025-08-12T16:20:54.905+0000] {dag.py:3504} INFO - Setting next_dagrun for example_external_task_marker_child to None, run_after=None
[2025-08-12T16:20:54.907+0000] {logging_mixin.py:150} INFO - [2025-08-12T16:20:54.907+0000] {dag.py:3504} INFO - Setting next_dagrun for example_external_task_marker_parent to None, run_after=None
[2025-08-12T16:20:54.921+0000] {processor.py:179} INFO - Processing /home/vscode/.local/lib/python3.10/site-packages/airflow/example_dags/example_external_task_marker_dag.py took 0.052 seconds
[2025-08-12T16:21:40.986+0000] {processor.py:157} INFO - Started process (PID=36726) to work on /home/vscode/.local/lib/python3.10/site-packages/airflow/example_dags/example_external_task_marker_dag.py
[2025-08-12T16:21:40.987+0000] {processor.py:826} INFO - Processing file /home/vscode/.local/lib/python3.10/site-packages/airflow/example_dags/example_external_task_marker_dag.py for tasks to queue
[2025-08-12T16:21:40.987+0000] {logging_mixin.py:150} INFO - [2025-08-12T16:21:40.987+0000] {dagbag.py:541} INFO - Filling up the DagBag from /home/vscode/.local/lib/python3.10/site-packages/airflow/example_dags/example_external_task_marker_dag.py
[2025-08-12T16:21:40.992+0000] {processor.py:836} INFO - DAG(s) dict_keys(['example_external_task_marker_parent', 'example_external_task_marker_child']) retrieved from /home/vscode/.local/lib/python3.10/site-packages/airflow/example_dags/example_external_task_marker_dag.py
[2025-08-12T16:21:41.006+0000] {logging_mixin.py:150} INFO - [2025-08-12T16:21:41.005+0000] {dag.py:2742} INFO - Sync 2 DAGs
[2025-08-12T16:21:41.020+0000] {logging_mixin.py:150} INFO - [2025-08-12T16:21:41.020+0000] {dag.py:3504} INFO - Setting next_dagrun for example_external_task_marker_child to None, run_after=None
[2025-08-12T16:21:41.022+0000] {logging_mixin.py:150} INFO - [2025-08-12T16:21:41.022+0000] {dag.py:3504} INFO - Setting next_dagrun for example_external_task_marker_parent to None, run_after=None
[2025-08-12T16:21:41.036+0000] {processor.py:179} INFO - Processing /home/vscode/.local/lib/python3.10/site-packages/airflow/example_dags/example_external_task_marker_dag.py took 0.052 seconds
[2025-08-12T16:22:33.231+0000] {processor.py:157} INFO - Started process (PID=37072) to work on /home/vscode/.local/lib/python3.10/site-packages/airflow/example_dags/example_external_task_marker_dag.py
[2025-08-12T16:22:33.232+0000] {processor.py:826} INFO - Processing file /home/vscode/.local/lib/python3.10/site-packages/airflow/example_dags/example_external_task_marker_dag.py for tasks to queue
[2025-08-12T16:22:33.233+0000] {logging_mixin.py:150} INFO - [2025-08-12T16:22:33.233+0000] {dagbag.py:541} INFO - Filling up the DagBag from /home/vscode/.local/lib/python3.10/site-packages/airflow/example_dags/example_external_task_marker_dag.py
[2025-08-12T16:22:33.239+0000] {processor.py:836} INFO - DAG(s) dict_keys(['example_external_task_marker_parent', 'example_external_task_marker_child']) retrieved from /home/vscode/.local/lib/python3.10/site-packages/airflow/example_dags/example_external_task_marker_dag.py
[2025-08-12T16:22:33.262+0000] {logging_mixin.py:150} INFO - [2025-08-12T16:22:33.262+0000] {dag.py:2742} INFO - Sync 2 DAGs
[2025-08-12T16:22:33.283+0000] {logging_mixin.py:150} INFO - [2025-08-12T16:22:33.283+0000] {dag.py:3504} INFO - Setting next_dagrun for example_external_task_marker_child to None, run_after=None
[2025-08-12T16:22:33.286+0000] {logging_mixin.py:150} INFO - [2025-08-12T16:22:33.286+0000] {dag.py:3504} INFO - Setting next_dagrun for example_external_task_marker_parent to None, run_after=None
[2025-08-12T16:22:33.307+0000] {processor.py:179} INFO - Processing /home/vscode/.local/lib/python3.10/site-packages/airflow/example_dags/example_external_task_marker_dag.py took 0.079 seconds
[2025-08-12T16:23:17.529+0000] {processor.py:157} INFO - Started process (PID=37365) to work on /home/vscode/.local/lib/python3.10/site-packages/airflow/example_dags/example_external_task_marker_dag.py
[2025-08-12T16:23:17.530+0000] {processor.py:826} INFO - Processing file /home/vscode/.local/lib/python3.10/site-packages/airflow/example_dags/example_external_task_marker_dag.py for tasks to queue
[2025-08-12T16:23:17.530+0000] {logging_mixin.py:150} INFO - [2025-08-12T16:23:17.530+0000] {dagbag.py:541} INFO - Filling up the DagBag from /home/vscode/.local/lib/python3.10/site-packages/airflow/example_dags/example_external_task_marker_dag.py
[2025-08-12T16:23:17.535+0000] {processor.py:836} INFO - DAG(s) dict_keys(['example_external_task_marker_parent', 'example_external_task_marker_child']) retrieved from /home/vscode/.local/lib/python3.10/site-packages/airflow/example_dags/example_external_task_marker_dag.py
[2025-08-12T16:23:17.549+0000] {logging_mixin.py:150} INFO - [2025-08-12T16:23:17.549+0000] {dag.py:2742} INFO - Sync 2 DAGs
[2025-08-12T16:23:17.564+0000] {logging_mixin.py:150} INFO - [2025-08-12T16:23:17.564+0000] {dag.py:3504} INFO - Setting next_dagrun for example_external_task_marker_child to None, run_after=None
[2025-08-12T16:23:17.566+0000] {logging_mixin.py:150} INFO - [2025-08-12T16:23:17.566+0000] {dag.py:3504} INFO - Setting next_dagrun for example_external_task_marker_parent to None, run_after=None
[2025-08-12T16:23:17.580+0000] {processor.py:179} INFO - Processing /home/vscode/.local/lib/python3.10/site-packages/airflow/example_dags/example_external_task_marker_dag.py took 0.055 seconds
[2025-08-12T16:24:03.759+0000] {processor.py:157} INFO - Started process (PID=37674) to work on /home/vscode/.local/lib/python3.10/site-packages/airflow/example_dags/example_external_task_marker_dag.py
[2025-08-12T16:24:03.760+0000] {processor.py:826} INFO - Processing file /home/vscode/.local/lib/python3.10/site-packages/airflow/example_dags/example_external_task_marker_dag.py for tasks to queue
[2025-08-12T16:24:03.760+0000] {logging_mixin.py:150} INFO - [2025-08-12T16:24:03.760+0000] {dagbag.py:541} INFO - Filling up the DagBag from /home/vscode/.local/lib/python3.10/site-packages/airflow/example_dags/example_external_task_marker_dag.py
[2025-08-12T16:24:03.764+0000] {processor.py:836} INFO - DAG(s) dict_keys(['example_external_task_marker_child', 'example_external_task_marker_parent']) retrieved from /home/vscode/.local/lib/python3.10/site-packages/airflow/example_dags/example_external_task_marker_dag.py
[2025-08-12T16:24:03.778+0000] {logging_mixin.py:150} INFO - [2025-08-12T16:24:03.778+0000] {dag.py:2742} INFO - Sync 2 DAGs
[2025-08-12T16:24:03.797+0000] {logging_mixin.py:150} INFO - [2025-08-12T16:24:03.797+0000] {dag.py:3504} INFO - Setting next_dagrun for example_external_task_marker_child to None, run_after=None
[2025-08-12T16:24:03.800+0000] {logging_mixin.py:150} INFO - [2025-08-12T16:24:03.800+0000] {dag.py:3504} INFO - Setting next_dagrun for example_external_task_marker_parent to None, run_after=None
[2025-08-12T16:24:03.819+0000] {processor.py:179} INFO - Processing /home/vscode/.local/lib/python3.10/site-packages/airflow/example_dags/example_external_task_marker_dag.py took 0.062 seconds
[2025-08-12T16:24:48.022+0000] {processor.py:157} INFO - Started process (PID=37967) to work on /home/vscode/.local/lib/python3.10/site-packages/airflow/example_dags/example_external_task_marker_dag.py
[2025-08-12T16:24:48.022+0000] {processor.py:826} INFO - Processing file /home/vscode/.local/lib/python3.10/site-packages/airflow/example_dags/example_external_task_marker_dag.py for tasks to queue
[2025-08-12T16:24:48.023+0000] {logging_mixin.py:150} INFO - [2025-08-12T16:24:48.023+0000] {dagbag.py:541} INFO - Filling up the DagBag from /home/vscode/.local/lib/python3.10/site-packages/airflow/example_dags/example_external_task_marker_dag.py
[2025-08-12T16:24:48.027+0000] {processor.py:836} INFO - DAG(s) dict_keys(['example_external_task_marker_child', 'example_external_task_marker_parent']) retrieved from /home/vscode/.local/lib/python3.10/site-packages/airflow/example_dags/example_external_task_marker_dag.py
[2025-08-12T16:24:48.042+0000] {logging_mixin.py:150} INFO - [2025-08-12T16:24:48.041+0000] {dag.py:2742} INFO - Sync 2 DAGs
[2025-08-12T16:24:48.055+0000] {logging_mixin.py:150} INFO - [2025-08-12T16:24:48.055+0000] {dag.py:3504} INFO - Setting next_dagrun for example_external_task_marker_child to None, run_after=None
[2025-08-12T16:24:48.057+0000] {logging_mixin.py:150} INFO - [2025-08-12T16:24:48.057+0000] {dag.py:3504} INFO - Setting next_dagrun for example_external_task_marker_parent to None, run_after=None
[2025-08-12T16:24:48.071+0000] {processor.py:179} INFO - Processing /home/vscode/.local/lib/python3.10/site-packages/airflow/example_dags/example_external_task_marker_dag.py took 0.052 seconds
[2025-08-12T16:25:32.281+0000] {processor.py:157} INFO - Started process (PID=38266) to work on /home/vscode/.local/lib/python3.10/site-packages/airflow/example_dags/example_external_task_marker_dag.py
[2025-08-12T16:25:32.281+0000] {processor.py:826} INFO - Processing file /home/vscode/.local/lib/python3.10/site-packages/airflow/example_dags/example_external_task_marker_dag.py for tasks to queue
[2025-08-12T16:25:32.282+0000] {logging_mixin.py:150} INFO - [2025-08-12T16:25:32.282+0000] {dagbag.py:541} INFO - Filling up the DagBag from /home/vscode/.local/lib/python3.10/site-packages/airflow/example_dags/example_external_task_marker_dag.py
[2025-08-12T16:25:32.286+0000] {processor.py:836} INFO - DAG(s) dict_keys(['example_external_task_marker_parent', 'example_external_task_marker_child']) retrieved from /home/vscode/.local/lib/python3.10/site-packages/airflow/example_dags/example_external_task_marker_dag.py
[2025-08-12T16:25:32.302+0000] {logging_mixin.py:150} INFO - [2025-08-12T16:25:32.302+0000] {dag.py:2742} INFO - Sync 2 DAGs
[2025-08-12T16:25:32.326+0000] {logging_mixin.py:150} INFO - [2025-08-12T16:25:32.326+0000] {dag.py:3504} INFO - Setting next_dagrun for example_external_task_marker_child to None, run_after=None
[2025-08-12T16:25:32.330+0000] {logging_mixin.py:150} INFO - [2025-08-12T16:25:32.330+0000] {dag.py:3504} INFO - Setting next_dagrun for example_external_task_marker_parent to None, run_after=None
[2025-08-12T16:25:32.349+0000] {processor.py:179} INFO - Processing /home/vscode/.local/lib/python3.10/site-packages/airflow/example_dags/example_external_task_marker_dag.py took 0.070 seconds
[2025-08-12T16:26:17.706+0000] {processor.py:157} INFO - Started process (PID=38562) to work on /home/vscode/.local/lib/python3.10/site-packages/airflow/example_dags/example_external_task_marker_dag.py
[2025-08-12T16:26:17.707+0000] {processor.py:826} INFO - Processing file /home/vscode/.local/lib/python3.10/site-packages/airflow/example_dags/example_external_task_marker_dag.py for tasks to queue
[2025-08-12T16:26:17.708+0000] {logging_mixin.py:150} INFO - [2025-08-12T16:26:17.707+0000] {dagbag.py:541} INFO - Filling up the DagBag from /home/vscode/.local/lib/python3.10/site-packages/airflow/example_dags/example_external_task_marker_dag.py
[2025-08-12T16:26:17.712+0000] {processor.py:836} INFO - DAG(s) dict_keys(['example_external_task_marker_child', 'example_external_task_marker_parent']) retrieved from /home/vscode/.local/lib/python3.10/site-packages/airflow/example_dags/example_external_task_marker_dag.py
[2025-08-12T16:26:17.726+0000] {logging_mixin.py:150} INFO - [2025-08-12T16:26:17.726+0000] {dag.py:2742} INFO - Sync 2 DAGs
[2025-08-12T16:26:17.740+0000] {logging_mixin.py:150} INFO - [2025-08-12T16:26:17.740+0000] {dag.py:3504} INFO - Setting next_dagrun for example_external_task_marker_child to None, run_after=None
[2025-08-12T16:26:17.742+0000] {logging_mixin.py:150} INFO - [2025-08-12T16:26:17.742+0000] {dag.py:3504} INFO - Setting next_dagrun for example_external_task_marker_parent to None, run_after=None
[2025-08-12T16:26:17.756+0000] {processor.py:179} INFO - Processing /home/vscode/.local/lib/python3.10/site-packages/airflow/example_dags/example_external_task_marker_dag.py took 0.052 seconds
[2025-08-12T16:26:59.681+0000] {processor.py:157} INFO - Started process (PID=38838) to work on /home/vscode/.local/lib/python3.10/site-packages/airflow/example_dags/example_external_task_marker_dag.py
[2025-08-12T16:26:59.682+0000] {processor.py:826} INFO - Processing file /home/vscode/.local/lib/python3.10/site-packages/airflow/example_dags/example_external_task_marker_dag.py for tasks to queue
[2025-08-12T16:26:59.682+0000] {logging_mixin.py:150} INFO - [2025-08-12T16:26:59.682+0000] {dagbag.py:541} INFO - Filling up the DagBag from /home/vscode/.local/lib/python3.10/site-packages/airflow/example_dags/example_external_task_marker_dag.py
[2025-08-12T16:26:59.687+0000] {processor.py:836} INFO - DAG(s) dict_keys(['example_external_task_marker_parent', 'example_external_task_marker_child']) retrieved from /home/vscode/.local/lib/python3.10/site-packages/airflow/example_dags/example_external_task_marker_dag.py
[2025-08-12T16:26:59.702+0000] {logging_mixin.py:150} INFO - [2025-08-12T16:26:59.702+0000] {dag.py:2742} INFO - Sync 2 DAGs
[2025-08-12T16:26:59.715+0000] {logging_mixin.py:150} INFO - [2025-08-12T16:26:59.715+0000] {dag.py:3504} INFO - Setting next_dagrun for example_external_task_marker_child to None, run_after=None
[2025-08-12T16:26:59.718+0000] {logging_mixin.py:150} INFO - [2025-08-12T16:26:59.717+0000] {dag.py:3504} INFO - Setting next_dagrun for example_external_task_marker_parent to None, run_after=None
[2025-08-12T16:26:59.732+0000] {processor.py:179} INFO - Processing /home/vscode/.local/lib/python3.10/site-packages/airflow/example_dags/example_external_task_marker_dag.py took 0.052 seconds
[2025-08-12T16:27:42.917+0000] {processor.py:157} INFO - Started process (PID=39128) to work on /home/vscode/.local/lib/python3.10/site-packages/airflow/example_dags/example_external_task_marker_dag.py
[2025-08-12T16:27:42.918+0000] {processor.py:826} INFO - Processing file /home/vscode/.local/lib/python3.10/site-packages/airflow/example_dags/example_external_task_marker_dag.py for tasks to queue
[2025-08-12T16:27:42.919+0000] {logging_mixin.py:150} INFO - [2025-08-12T16:27:42.918+0000] {dagbag.py:541} INFO - Filling up the DagBag from /home/vscode/.local/lib/python3.10/site-packages/airflow/example_dags/example_external_task_marker_dag.py
[2025-08-12T16:27:42.925+0000] {processor.py:836} INFO - DAG(s) dict_keys(['example_external_task_marker_parent', 'example_external_task_marker_child']) retrieved from /home/vscode/.local/lib/python3.10/site-packages/airflow/example_dags/example_external_task_marker_dag.py
[2025-08-12T16:27:42.940+0000] {logging_mixin.py:150} INFO - [2025-08-12T16:27:42.940+0000] {dag.py:2742} INFO - Sync 2 DAGs
[2025-08-12T16:27:42.954+0000] {logging_mixin.py:150} INFO - [2025-08-12T16:27:42.954+0000] {dag.py:3504} INFO - Setting next_dagrun for example_external_task_marker_child to None, run_after=None
[2025-08-12T16:27:42.956+0000] {logging_mixin.py:150} INFO - [2025-08-12T16:27:42.956+0000] {dag.py:3504} INFO - Setting next_dagrun for example_external_task_marker_parent to None, run_after=None
[2025-08-12T16:27:42.974+0000] {processor.py:179} INFO - Processing /home/vscode/.local/lib/python3.10/site-packages/airflow/example_dags/example_external_task_marker_dag.py took 0.060 seconds
[2025-08-12T16:28:26.472+0000] {processor.py:157} INFO - Started process (PID=39424) to work on /home/vscode/.local/lib/python3.10/site-packages/airflow/example_dags/example_external_task_marker_dag.py
[2025-08-12T16:28:26.472+0000] {processor.py:826} INFO - Processing file /home/vscode/.local/lib/python3.10/site-packages/airflow/example_dags/example_external_task_marker_dag.py for tasks to queue
[2025-08-12T16:28:26.473+0000] {logging_mixin.py:150} INFO - [2025-08-12T16:28:26.473+0000] {dagbag.py:541} INFO - Filling up the DagBag from /home/vscode/.local/lib/python3.10/site-packages/airflow/example_dags/example_external_task_marker_dag.py
[2025-08-12T16:28:26.478+0000] {processor.py:836} INFO - DAG(s) dict_keys(['example_external_task_marker_parent', 'example_external_task_marker_child']) retrieved from /home/vscode/.local/lib/python3.10/site-packages/airflow/example_dags/example_external_task_marker_dag.py
[2025-08-12T16:28:26.492+0000] {logging_mixin.py:150} INFO - [2025-08-12T16:28:26.492+0000] {dag.py:2742} INFO - Sync 2 DAGs
[2025-08-12T16:28:26.507+0000] {logging_mixin.py:150} INFO - [2025-08-12T16:28:26.506+0000] {dag.py:3504} INFO - Setting next_dagrun for example_external_task_marker_child to None, run_after=None
[2025-08-12T16:28:26.509+0000] {logging_mixin.py:150} INFO - [2025-08-12T16:28:26.508+0000] {dag.py:3504} INFO - Setting next_dagrun for example_external_task_marker_parent to None, run_after=None
[2025-08-12T16:28:26.523+0000] {processor.py:179} INFO - Processing /home/vscode/.local/lib/python3.10/site-packages/airflow/example_dags/example_external_task_marker_dag.py took 0.053 seconds
[2025-08-12T16:29:12.101+0000] {processor.py:157} INFO - Started process (PID=39720) to work on /home/vscode/.local/lib/python3.10/site-packages/airflow/example_dags/example_external_task_marker_dag.py
[2025-08-12T16:29:12.101+0000] {processor.py:826} INFO - Processing file /home/vscode/.local/lib/python3.10/site-packages/airflow/example_dags/example_external_task_marker_dag.py for tasks to queue
[2025-08-12T16:29:12.102+0000] {logging_mixin.py:150} INFO - [2025-08-12T16:29:12.102+0000] {dagbag.py:541} INFO - Filling up the DagBag from /home/vscode/.local/lib/python3.10/site-packages/airflow/example_dags/example_external_task_marker_dag.py
[2025-08-12T16:29:12.106+0000] {processor.py:836} INFO - DAG(s) dict_keys(['example_external_task_marker_parent', 'example_external_task_marker_child']) retrieved from /home/vscode/.local/lib/python3.10/site-packages/airflow/example_dags/example_external_task_marker_dag.py
[2025-08-12T16:29:12.120+0000] {logging_mixin.py:150} INFO - [2025-08-12T16:29:12.120+0000] {dag.py:2742} INFO - Sync 2 DAGs
[2025-08-12T16:29:12.142+0000] {logging_mixin.py:150} INFO - [2025-08-12T16:29:12.141+0000] {dag.py:3504} INFO - Setting next_dagrun for example_external_task_marker_child to None, run_after=None
[2025-08-12T16:29:12.145+0000] {logging_mixin.py:150} INFO - [2025-08-12T16:29:12.145+0000] {dag.py:3504} INFO - Setting next_dagrun for example_external_task_marker_parent to None, run_after=None
[2025-08-12T16:29:12.166+0000] {processor.py:179} INFO - Processing /home/vscode/.local/lib/python3.10/site-packages/airflow/example_dags/example_external_task_marker_dag.py took 0.067 seconds
[2025-08-12T16:29:59.236+0000] {processor.py:157} INFO - Started process (PID=40036) to work on /home/vscode/.local/lib/python3.10/site-packages/airflow/example_dags/example_external_task_marker_dag.py
[2025-08-12T16:29:59.237+0000] {processor.py:826} INFO - Processing file /home/vscode/.local/lib/python3.10/site-packages/airflow/example_dags/example_external_task_marker_dag.py for tasks to queue
[2025-08-12T16:29:59.237+0000] {logging_mixin.py:150} INFO - [2025-08-12T16:29:59.237+0000] {dagbag.py:541} INFO - Filling up the DagBag from /home/vscode/.local/lib/python3.10/site-packages/airflow/example_dags/example_external_task_marker_dag.py
[2025-08-12T16:29:59.242+0000] {processor.py:836} INFO - DAG(s) dict_keys(['example_external_task_marker_parent', 'example_external_task_marker_child']) retrieved from /home/vscode/.local/lib/python3.10/site-packages/airflow/example_dags/example_external_task_marker_dag.py
[2025-08-12T16:29:59.256+0000] {logging_mixin.py:150} INFO - [2025-08-12T16:29:59.256+0000] {dag.py:2742} INFO - Sync 2 DAGs
[2025-08-12T16:29:59.270+0000] {logging_mixin.py:150} INFO - [2025-08-12T16:29:59.270+0000] {dag.py:3504} INFO - Setting next_dagrun for example_external_task_marker_child to None, run_after=None
[2025-08-12T16:29:59.272+0000] {logging_mixin.py:150} INFO - [2025-08-12T16:29:59.272+0000] {dag.py:3504} INFO - Setting next_dagrun for example_external_task_marker_parent to None, run_after=None
[2025-08-12T16:29:59.286+0000] {processor.py:179} INFO - Processing /home/vscode/.local/lib/python3.10/site-packages/airflow/example_dags/example_external_task_marker_dag.py took 0.051 seconds
