[2025-08-12T15:36:49.030+0000] {processor.py:157} INFO - Started process (PID=17871) to work on /home/vscode/.local/lib/python3.10/site-packages/airflow/example_dags/example_xcomargs.py
[2025-08-12T15:36:49.031+0000] {processor.py:826} INFO - Processing file /home/vscode/.local/lib/python3.10/site-packages/airflow/example_dags/example_xcomargs.py for tasks to queue
[2025-08-12T15:36:49.031+0000] {logging_mixin.py:150} INFO - [2025-08-12T15:36:49.031+0000] {dagbag.py:541} INFO - Filling up the DagBag from /home/vscode/.local/lib/python3.10/site-packages/airflow/example_dags/example_xcomargs.py
[2025-08-12T15:36:49.039+0000] {processor.py:836} INFO - DAG(s) dict_keys(['example_xcom_args', 'example_xcom_args_with_operators']) retrieved from /home/vscode/.local/lib/python3.10/site-packages/airflow/example_dags/example_xcomargs.py
[2025-08-12T15:36:49.115+0000] {logging_mixin.py:150} INFO - [2025-08-12T15:36:49.115+0000] {manager.py:504} INFO - Created Permission View: can edit on DAG:example_xcom_args
[2025-08-12T15:36:49.124+0000] {logging_mixin.py:150} INFO - [2025-08-12T15:36:49.124+0000] {manager.py:504} INFO - Created Permission View: can read on DAG:example_xcom_args
[2025-08-12T15:36:49.131+0000] {logging_mixin.py:150} INFO - [2025-08-12T15:36:49.131+0000] {manager.py:504} INFO - Created Permission View: can delete on DAG:example_xcom_args
[2025-08-12T15:36:49.159+0000] {logging_mixin.py:150} INFO - [2025-08-12T15:36:49.159+0000] {manager.py:504} INFO - Created Permission View: can edit on DAG:example_xcom_args_with_operators
[2025-08-12T15:36:49.166+0000] {logging_mixin.py:150} INFO - [2025-08-12T15:36:49.166+0000] {manager.py:504} INFO - Created Permission View: can read on DAG:example_xcom_args_with_operators
[2025-08-12T15:36:49.172+0000] {logging_mixin.py:150} INFO - [2025-08-12T15:36:49.172+0000] {manager.py:504} INFO - Created Permission View: can delete on DAG:example_xcom_args_with_operators
[2025-08-12T15:36:49.175+0000] {logging_mixin.py:150} INFO - [2025-08-12T15:36:49.175+0000] {dag.py:2742} INFO - Sync 2 DAGs
[2025-08-12T15:36:49.184+0000] {logging_mixin.py:150} INFO - [2025-08-12T15:36:49.184+0000] {dag.py:2763} INFO - Creating ORM DAG for example_xcom_args
[2025-08-12T15:36:49.184+0000] {logging_mixin.py:150} INFO - [2025-08-12T15:36:49.184+0000] {dag.py:2763} INFO - Creating ORM DAG for example_xcom_args_with_operators
[2025-08-12T15:36:49.191+0000] {logging_mixin.py:150} INFO - [2025-08-12T15:36:49.190+0000] {dag.py:3504} INFO - Setting next_dagrun for example_xcom_args to None, run_after=None
[2025-08-12T15:36:49.191+0000] {logging_mixin.py:150} INFO - [2025-08-12T15:36:49.191+0000] {dag.py:3504} INFO - Setting next_dagrun for example_xcom_args_with_operators to None, run_after=None
[2025-08-12T15:36:49.213+0000] {processor.py:179} INFO - Processing /home/vscode/.local/lib/python3.10/site-packages/airflow/example_dags/example_xcomargs.py took 0.185 seconds
[2025-08-12T15:37:36.426+0000] {processor.py:157} INFO - Started process (PID=18239) to work on /home/vscode/.local/lib/python3.10/site-packages/airflow/example_dags/example_xcomargs.py
[2025-08-12T15:37:36.426+0000] {processor.py:826} INFO - Processing file /home/vscode/.local/lib/python3.10/site-packages/airflow/example_dags/example_xcomargs.py for tasks to queue
[2025-08-12T15:37:36.427+0000] {logging_mixin.py:150} INFO - [2025-08-12T15:37:36.427+0000] {dagbag.py:541} INFO - Filling up the DagBag from /home/vscode/.local/lib/python3.10/site-packages/airflow/example_dags/example_xcomargs.py
[2025-08-12T15:37:36.433+0000] {processor.py:836} INFO - DAG(s) dict_keys(['example_xcom_args_with_operators', 'example_xcom_args']) retrieved from /home/vscode/.local/lib/python3.10/site-packages/airflow/example_dags/example_xcomargs.py
[2025-08-12T15:37:36.447+0000] {logging_mixin.py:150} INFO - [2025-08-12T15:37:36.447+0000] {dag.py:2742} INFO - Sync 2 DAGs
[2025-08-12T15:37:36.461+0000] {logging_mixin.py:150} INFO - [2025-08-12T15:37:36.461+0000] {dag.py:3504} INFO - Setting next_dagrun for example_xcom_args to None, run_after=None
[2025-08-12T15:37:36.463+0000] {logging_mixin.py:150} INFO - [2025-08-12T15:37:36.463+0000] {dag.py:3504} INFO - Setting next_dagrun for example_xcom_args_with_operators to None, run_after=None
[2025-08-12T15:37:36.478+0000] {processor.py:179} INFO - Processing /home/vscode/.local/lib/python3.10/site-packages/airflow/example_dags/example_xcomargs.py took 0.055 seconds
[2025-08-12T15:38:22.472+0000] {processor.py:157} INFO - Started process (PID=18586) to work on /home/vscode/.local/lib/python3.10/site-packages/airflow/example_dags/example_xcomargs.py
[2025-08-12T15:38:22.473+0000] {processor.py:826} INFO - Processing file /home/vscode/.local/lib/python3.10/site-packages/airflow/example_dags/example_xcomargs.py for tasks to queue
[2025-08-12T15:38:22.473+0000] {logging_mixin.py:150} INFO - [2025-08-12T15:38:22.473+0000] {dagbag.py:541} INFO - Filling up the DagBag from /home/vscode/.local/lib/python3.10/site-packages/airflow/example_dags/example_xcomargs.py
[2025-08-12T15:38:22.479+0000] {processor.py:836} INFO - DAG(s) dict_keys(['example_xcom_args_with_operators', 'example_xcom_args']) retrieved from /home/vscode/.local/lib/python3.10/site-packages/airflow/example_dags/example_xcomargs.py
[2025-08-12T15:38:22.493+0000] {logging_mixin.py:150} INFO - [2025-08-12T15:38:22.493+0000] {dag.py:2742} INFO - Sync 2 DAGs
[2025-08-12T15:38:22.507+0000] {logging_mixin.py:150} INFO - [2025-08-12T15:38:22.507+0000] {dag.py:3504} INFO - Setting next_dagrun for example_xcom_args to None, run_after=None
[2025-08-12T15:38:22.509+0000] {logging_mixin.py:150} INFO - [2025-08-12T15:38:22.509+0000] {dag.py:3504} INFO - Setting next_dagrun for example_xcom_args_with_operators to None, run_after=None
[2025-08-12T15:38:22.524+0000] {processor.py:179} INFO - Processing /home/vscode/.local/lib/python3.10/site-packages/airflow/example_dags/example_xcomargs.py took 0.054 seconds
[2025-08-12T15:39:10.246+0000] {processor.py:157} INFO - Started process (PID=18981) to work on /home/vscode/.local/lib/python3.10/site-packages/airflow/example_dags/example_xcomargs.py
[2025-08-12T15:39:10.247+0000] {processor.py:826} INFO - Processing file /home/vscode/.local/lib/python3.10/site-packages/airflow/example_dags/example_xcomargs.py for tasks to queue
[2025-08-12T15:39:10.247+0000] {logging_mixin.py:150} INFO - [2025-08-12T15:39:10.247+0000] {dagbag.py:541} INFO - Filling up the DagBag from /home/vscode/.local/lib/python3.10/site-packages/airflow/example_dags/example_xcomargs.py
[2025-08-12T15:39:10.253+0000] {processor.py:836} INFO - DAG(s) dict_keys(['example_xcom_args_with_operators', 'example_xcom_args']) retrieved from /home/vscode/.local/lib/python3.10/site-packages/airflow/example_dags/example_xcomargs.py
[2025-08-12T15:39:10.267+0000] {logging_mixin.py:150} INFO - [2025-08-12T15:39:10.267+0000] {dag.py:2742} INFO - Sync 2 DAGs
[2025-08-12T15:39:10.281+0000] {logging_mixin.py:150} INFO - [2025-08-12T15:39:10.281+0000] {dag.py:3504} INFO - Setting next_dagrun for example_xcom_args to None, run_after=None
[2025-08-12T15:39:10.283+0000] {logging_mixin.py:150} INFO - [2025-08-12T15:39:10.283+0000] {dag.py:3504} INFO - Setting next_dagrun for example_xcom_args_with_operators to None, run_after=None
[2025-08-12T15:39:10.297+0000] {processor.py:179} INFO - Processing /home/vscode/.local/lib/python3.10/site-packages/airflow/example_dags/example_xcomargs.py took 0.053 seconds
[2025-08-12T15:39:52.655+0000] {processor.py:157} INFO - Started process (PID=19265) to work on /home/vscode/.local/lib/python3.10/site-packages/airflow/example_dags/example_xcomargs.py
[2025-08-12T15:39:52.656+0000] {processor.py:826} INFO - Processing file /home/vscode/.local/lib/python3.10/site-packages/airflow/example_dags/example_xcomargs.py for tasks to queue
[2025-08-12T15:39:52.656+0000] {logging_mixin.py:150} INFO - [2025-08-12T15:39:52.656+0000] {dagbag.py:541} INFO - Filling up the DagBag from /home/vscode/.local/lib/python3.10/site-packages/airflow/example_dags/example_xcomargs.py
[2025-08-12T15:39:52.662+0000] {processor.py:836} INFO - DAG(s) dict_keys(['example_xcom_args', 'example_xcom_args_with_operators']) retrieved from /home/vscode/.local/lib/python3.10/site-packages/airflow/example_dags/example_xcomargs.py
[2025-08-12T15:39:52.675+0000] {logging_mixin.py:150} INFO - [2025-08-12T15:39:52.675+0000] {dag.py:2742} INFO - Sync 2 DAGs
[2025-08-12T15:39:52.689+0000] {logging_mixin.py:150} INFO - [2025-08-12T15:39:52.689+0000] {dag.py:3504} INFO - Setting next_dagrun for example_xcom_args to None, run_after=None
[2025-08-12T15:39:52.691+0000] {logging_mixin.py:150} INFO - [2025-08-12T15:39:52.691+0000] {dag.py:3504} INFO - Setting next_dagrun for example_xcom_args_with_operators to None, run_after=None
[2025-08-12T15:39:52.705+0000] {processor.py:179} INFO - Processing /home/vscode/.local/lib/python3.10/site-packages/airflow/example_dags/example_xcomargs.py took 0.052 seconds
[2025-08-12T15:40:39.204+0000] {processor.py:157} INFO - Started process (PID=19582) to work on /home/vscode/.local/lib/python3.10/site-packages/airflow/example_dags/example_xcomargs.py
[2025-08-12T15:40:39.205+0000] {processor.py:826} INFO - Processing file /home/vscode/.local/lib/python3.10/site-packages/airflow/example_dags/example_xcomargs.py for tasks to queue
[2025-08-12T15:40:39.206+0000] {logging_mixin.py:150} INFO - [2025-08-12T15:40:39.205+0000] {dagbag.py:541} INFO - Filling up the DagBag from /home/vscode/.local/lib/python3.10/site-packages/airflow/example_dags/example_xcomargs.py
[2025-08-12T15:40:39.212+0000] {processor.py:836} INFO - DAG(s) dict_keys(['example_xcom_args', 'example_xcom_args_with_operators']) retrieved from /home/vscode/.local/lib/python3.10/site-packages/airflow/example_dags/example_xcomargs.py
[2025-08-12T15:40:39.227+0000] {logging_mixin.py:150} INFO - [2025-08-12T15:40:39.227+0000] {dag.py:2742} INFO - Sync 2 DAGs
[2025-08-12T15:40:39.246+0000] {logging_mixin.py:150} INFO - [2025-08-12T15:40:39.246+0000] {dag.py:3504} INFO - Setting next_dagrun for example_xcom_args to None, run_after=None
[2025-08-12T15:40:39.249+0000] {logging_mixin.py:150} INFO - [2025-08-12T15:40:39.249+0000] {dag.py:3504} INFO - Setting next_dagrun for example_xcom_args_with_operators to None, run_after=None
[2025-08-12T15:40:39.263+0000] {processor.py:179} INFO - Processing /home/vscode/.local/lib/python3.10/site-packages/airflow/example_dags/example_xcomargs.py took 0.060 seconds
[2025-08-12T15:41:23.586+0000] {processor.py:157} INFO - Started process (PID=19873) to work on /home/vscode/.local/lib/python3.10/site-packages/airflow/example_dags/example_xcomargs.py
[2025-08-12T15:41:23.587+0000] {processor.py:826} INFO - Processing file /home/vscode/.local/lib/python3.10/site-packages/airflow/example_dags/example_xcomargs.py for tasks to queue
[2025-08-12T15:41:23.587+0000] {logging_mixin.py:150} INFO - [2025-08-12T15:41:23.587+0000] {dagbag.py:541} INFO - Filling up the DagBag from /home/vscode/.local/lib/python3.10/site-packages/airflow/example_dags/example_xcomargs.py
[2025-08-12T15:41:23.593+0000] {processor.py:836} INFO - DAG(s) dict_keys(['example_xcom_args', 'example_xcom_args_with_operators']) retrieved from /home/vscode/.local/lib/python3.10/site-packages/airflow/example_dags/example_xcomargs.py
[2025-08-12T15:41:23.609+0000] {logging_mixin.py:150} INFO - [2025-08-12T15:41:23.609+0000] {dag.py:2742} INFO - Sync 2 DAGs
[2025-08-12T15:41:23.624+0000] {logging_mixin.py:150} INFO - [2025-08-12T15:41:23.624+0000] {dag.py:3504} INFO - Setting next_dagrun for example_xcom_args to None, run_after=None
[2025-08-12T15:41:23.626+0000] {logging_mixin.py:150} INFO - [2025-08-12T15:41:23.626+0000] {dag.py:3504} INFO - Setting next_dagrun for example_xcom_args_with_operators to None, run_after=None
[2025-08-12T15:41:23.645+0000] {processor.py:179} INFO - Processing /home/vscode/.local/lib/python3.10/site-packages/airflow/example_dags/example_xcomargs.py took 0.062 seconds
[2025-08-12T15:42:09.388+0000] {processor.py:157} INFO - Started process (PID=20176) to work on /home/vscode/.local/lib/python3.10/site-packages/airflow/example_dags/example_xcomargs.py
[2025-08-12T15:42:09.389+0000] {processor.py:826} INFO - Processing file /home/vscode/.local/lib/python3.10/site-packages/airflow/example_dags/example_xcomargs.py for tasks to queue
[2025-08-12T15:42:09.389+0000] {logging_mixin.py:150} INFO - [2025-08-12T15:42:09.389+0000] {dagbag.py:541} INFO - Filling up the DagBag from /home/vscode/.local/lib/python3.10/site-packages/airflow/example_dags/example_xcomargs.py
[2025-08-12T15:42:09.395+0000] {processor.py:836} INFO - DAG(s) dict_keys(['example_xcom_args_with_operators', 'example_xcom_args']) retrieved from /home/vscode/.local/lib/python3.10/site-packages/airflow/example_dags/example_xcomargs.py
[2025-08-12T15:42:09.410+0000] {logging_mixin.py:150} INFO - [2025-08-12T15:42:09.409+0000] {dag.py:2742} INFO - Sync 2 DAGs
[2025-08-12T15:42:09.424+0000] {logging_mixin.py:150} INFO - [2025-08-12T15:42:09.424+0000] {dag.py:3504} INFO - Setting next_dagrun for example_xcom_args to None, run_after=None
[2025-08-12T15:42:09.426+0000] {logging_mixin.py:150} INFO - [2025-08-12T15:42:09.426+0000] {dag.py:3504} INFO - Setting next_dagrun for example_xcom_args_with_operators to None, run_after=None
[2025-08-12T15:42:09.440+0000] {processor.py:179} INFO - Processing /home/vscode/.local/lib/python3.10/site-packages/airflow/example_dags/example_xcomargs.py took 0.054 seconds
[2025-08-12T15:42:52.033+0000] {processor.py:157} INFO - Started process (PID=20464) to work on /home/vscode/.local/lib/python3.10/site-packages/airflow/example_dags/example_xcomargs.py
[2025-08-12T15:42:52.034+0000] {processor.py:826} INFO - Processing file /home/vscode/.local/lib/python3.10/site-packages/airflow/example_dags/example_xcomargs.py for tasks to queue
[2025-08-12T15:42:52.034+0000] {logging_mixin.py:150} INFO - [2025-08-12T15:42:52.034+0000] {dagbag.py:541} INFO - Filling up the DagBag from /home/vscode/.local/lib/python3.10/site-packages/airflow/example_dags/example_xcomargs.py
[2025-08-12T15:42:52.040+0000] {processor.py:836} INFO - DAG(s) dict_keys(['example_xcom_args', 'example_xcom_args_with_operators']) retrieved from /home/vscode/.local/lib/python3.10/site-packages/airflow/example_dags/example_xcomargs.py
[2025-08-12T15:42:52.054+0000] {logging_mixin.py:150} INFO - [2025-08-12T15:42:52.054+0000] {dag.py:2742} INFO - Sync 2 DAGs
[2025-08-12T15:42:52.068+0000] {logging_mixin.py:150} INFO - [2025-08-12T15:42:52.068+0000] {dag.py:3504} INFO - Setting next_dagrun for example_xcom_args to None, run_after=None
[2025-08-12T15:42:52.070+0000] {logging_mixin.py:150} INFO - [2025-08-12T15:42:52.070+0000] {dag.py:3504} INFO - Setting next_dagrun for example_xcom_args_with_operators to None, run_after=None
[2025-08-12T15:42:52.085+0000] {processor.py:179} INFO - Processing /home/vscode/.local/lib/python3.10/site-packages/airflow/example_dags/example_xcomargs.py took 0.054 seconds
[2025-08-12T15:43:32.488+0000] {processor.py:157} INFO - Started process (PID=20736) to work on /home/vscode/.local/lib/python3.10/site-packages/airflow/example_dags/example_xcomargs.py
[2025-08-12T15:43:32.489+0000] {processor.py:826} INFO - Processing file /home/vscode/.local/lib/python3.10/site-packages/airflow/example_dags/example_xcomargs.py for tasks to queue
[2025-08-12T15:43:32.490+0000] {logging_mixin.py:150} INFO - [2025-08-12T15:43:32.489+0000] {dagbag.py:541} INFO - Filling up the DagBag from /home/vscode/.local/lib/python3.10/site-packages/airflow/example_dags/example_xcomargs.py
[2025-08-12T15:43:32.496+0000] {processor.py:836} INFO - DAG(s) dict_keys(['example_xcom_args_with_operators', 'example_xcom_args']) retrieved from /home/vscode/.local/lib/python3.10/site-packages/airflow/example_dags/example_xcomargs.py
[2025-08-12T15:43:32.509+0000] {logging_mixin.py:150} INFO - [2025-08-12T15:43:32.509+0000] {dag.py:2742} INFO - Sync 2 DAGs
[2025-08-12T15:43:32.523+0000] {logging_mixin.py:150} INFO - [2025-08-12T15:43:32.523+0000] {dag.py:3504} INFO - Setting next_dagrun for example_xcom_args to None, run_after=None
[2025-08-12T15:43:32.525+0000] {logging_mixin.py:150} INFO - [2025-08-12T15:43:32.525+0000] {dag.py:3504} INFO - Setting next_dagrun for example_xcom_args_with_operators to None, run_after=None
[2025-08-12T15:43:32.539+0000] {processor.py:179} INFO - Processing /home/vscode/.local/lib/python3.10/site-packages/airflow/example_dags/example_xcomargs.py took 0.053 seconds
[2025-08-12T15:44:16.712+0000] {processor.py:157} INFO - Started process (PID=21028) to work on /home/vscode/.local/lib/python3.10/site-packages/airflow/example_dags/example_xcomargs.py
[2025-08-12T15:44:16.713+0000] {processor.py:826} INFO - Processing file /home/vscode/.local/lib/python3.10/site-packages/airflow/example_dags/example_xcomargs.py for tasks to queue
[2025-08-12T15:44:16.714+0000] {logging_mixin.py:150} INFO - [2025-08-12T15:44:16.713+0000] {dagbag.py:541} INFO - Filling up the DagBag from /home/vscode/.local/lib/python3.10/site-packages/airflow/example_dags/example_xcomargs.py
[2025-08-12T15:44:16.720+0000] {processor.py:836} INFO - DAG(s) dict_keys(['example_xcom_args', 'example_xcom_args_with_operators']) retrieved from /home/vscode/.local/lib/python3.10/site-packages/airflow/example_dags/example_xcomargs.py
[2025-08-12T15:44:16.734+0000] {logging_mixin.py:150} INFO - [2025-08-12T15:44:16.734+0000] {dag.py:2742} INFO - Sync 2 DAGs
[2025-08-12T15:44:16.749+0000] {logging_mixin.py:150} INFO - [2025-08-12T15:44:16.748+0000] {dag.py:3504} INFO - Setting next_dagrun for example_xcom_args to None, run_after=None
[2025-08-12T15:44:16.751+0000] {logging_mixin.py:150} INFO - [2025-08-12T15:44:16.751+0000] {dag.py:3504} INFO - Setting next_dagrun for example_xcom_args_with_operators to None, run_after=None
[2025-08-12T15:44:16.765+0000] {processor.py:179} INFO - Processing /home/vscode/.local/lib/python3.10/site-packages/airflow/example_dags/example_xcomargs.py took 0.055 seconds
[2025-08-12T15:44:57.086+0000] {processor.py:157} INFO - Started process (PID=21298) to work on /home/vscode/.local/lib/python3.10/site-packages/airflow/example_dags/example_xcomargs.py
[2025-08-12T15:44:57.086+0000] {processor.py:826} INFO - Processing file /home/vscode/.local/lib/python3.10/site-packages/airflow/example_dags/example_xcomargs.py for tasks to queue
[2025-08-12T15:44:57.087+0000] {logging_mixin.py:150} INFO - [2025-08-12T15:44:57.087+0000] {dagbag.py:541} INFO - Filling up the DagBag from /home/vscode/.local/lib/python3.10/site-packages/airflow/example_dags/example_xcomargs.py
[2025-08-12T15:44:57.093+0000] {processor.py:836} INFO - DAG(s) dict_keys(['example_xcom_args', 'example_xcom_args_with_operators']) retrieved from /home/vscode/.local/lib/python3.10/site-packages/airflow/example_dags/example_xcomargs.py
[2025-08-12T15:44:57.107+0000] {logging_mixin.py:150} INFO - [2025-08-12T15:44:57.106+0000] {dag.py:2742} INFO - Sync 2 DAGs
[2025-08-12T15:44:57.121+0000] {logging_mixin.py:150} INFO - [2025-08-12T15:44:57.121+0000] {dag.py:3504} INFO - Setting next_dagrun for example_xcom_args to None, run_after=None
[2025-08-12T15:44:57.123+0000] {logging_mixin.py:150} INFO - [2025-08-12T15:44:57.123+0000] {dag.py:3504} INFO - Setting next_dagrun for example_xcom_args_with_operators to None, run_after=None
[2025-08-12T15:44:57.137+0000] {processor.py:179} INFO - Processing /home/vscode/.local/lib/python3.10/site-packages/airflow/example_dags/example_xcomargs.py took 0.053 seconds
[2025-08-12T15:45:41.255+0000] {processor.py:157} INFO - Started process (PID=21591) to work on /home/vscode/.local/lib/python3.10/site-packages/airflow/example_dags/example_xcomargs.py
[2025-08-12T15:45:41.255+0000] {processor.py:826} INFO - Processing file /home/vscode/.local/lib/python3.10/site-packages/airflow/example_dags/example_xcomargs.py for tasks to queue
[2025-08-12T15:45:41.256+0000] {logging_mixin.py:150} INFO - [2025-08-12T15:45:41.256+0000] {dagbag.py:541} INFO - Filling up the DagBag from /home/vscode/.local/lib/python3.10/site-packages/airflow/example_dags/example_xcomargs.py
[2025-08-12T15:45:41.262+0000] {processor.py:836} INFO - DAG(s) dict_keys(['example_xcom_args_with_operators', 'example_xcom_args']) retrieved from /home/vscode/.local/lib/python3.10/site-packages/airflow/example_dags/example_xcomargs.py
[2025-08-12T15:45:41.277+0000] {logging_mixin.py:150} INFO - [2025-08-12T15:45:41.277+0000] {dag.py:2742} INFO - Sync 2 DAGs
[2025-08-12T15:45:41.292+0000] {logging_mixin.py:150} INFO - [2025-08-12T15:45:41.292+0000] {dag.py:3504} INFO - Setting next_dagrun for example_xcom_args to None, run_after=None
[2025-08-12T15:45:41.294+0000] {logging_mixin.py:150} INFO - [2025-08-12T15:45:41.294+0000] {dag.py:3504} INFO - Setting next_dagrun for example_xcom_args_with_operators to None, run_after=None
[2025-08-12T15:45:41.311+0000] {processor.py:179} INFO - Processing /home/vscode/.local/lib/python3.10/site-packages/airflow/example_dags/example_xcomargs.py took 0.059 seconds
[2025-08-12T15:46:24.905+0000] {processor.py:157} INFO - Started process (PID=21876) to work on /home/vscode/.local/lib/python3.10/site-packages/airflow/example_dags/example_xcomargs.py
[2025-08-12T15:46:24.905+0000] {processor.py:826} INFO - Processing file /home/vscode/.local/lib/python3.10/site-packages/airflow/example_dags/example_xcomargs.py for tasks to queue
[2025-08-12T15:46:24.906+0000] {logging_mixin.py:150} INFO - [2025-08-12T15:46:24.906+0000] {dagbag.py:541} INFO - Filling up the DagBag from /home/vscode/.local/lib/python3.10/site-packages/airflow/example_dags/example_xcomargs.py
[2025-08-12T15:46:24.912+0000] {processor.py:836} INFO - DAG(s) dict_keys(['example_xcom_args', 'example_xcom_args_with_operators']) retrieved from /home/vscode/.local/lib/python3.10/site-packages/airflow/example_dags/example_xcomargs.py
[2025-08-12T15:46:24.926+0000] {logging_mixin.py:150} INFO - [2025-08-12T15:46:24.926+0000] {dag.py:2742} INFO - Sync 2 DAGs
[2025-08-12T15:46:24.940+0000] {logging_mixin.py:150} INFO - [2025-08-12T15:46:24.940+0000] {dag.py:3504} INFO - Setting next_dagrun for example_xcom_args to None, run_after=None
[2025-08-12T15:46:24.942+0000] {logging_mixin.py:150} INFO - [2025-08-12T15:46:24.942+0000] {dag.py:3504} INFO - Setting next_dagrun for example_xcom_args_with_operators to None, run_after=None
[2025-08-12T15:46:24.957+0000] {processor.py:179} INFO - Processing /home/vscode/.local/lib/python3.10/site-packages/airflow/example_dags/example_xcomargs.py took 0.054 seconds
[2025-08-12T15:47:07.722+0000] {processor.py:157} INFO - Started process (PID=22169) to work on /home/vscode/.local/lib/python3.10/site-packages/airflow/example_dags/example_xcomargs.py
[2025-08-12T15:47:07.723+0000] {processor.py:826} INFO - Processing file /home/vscode/.local/lib/python3.10/site-packages/airflow/example_dags/example_xcomargs.py for tasks to queue
[2025-08-12T15:47:07.723+0000] {logging_mixin.py:150} INFO - [2025-08-12T15:47:07.723+0000] {dagbag.py:541} INFO - Filling up the DagBag from /home/vscode/.local/lib/python3.10/site-packages/airflow/example_dags/example_xcomargs.py
[2025-08-12T15:47:07.730+0000] {processor.py:836} INFO - DAG(s) dict_keys(['example_xcom_args_with_operators', 'example_xcom_args']) retrieved from /home/vscode/.local/lib/python3.10/site-packages/airflow/example_dags/example_xcomargs.py
[2025-08-12T15:47:07.744+0000] {logging_mixin.py:150} INFO - [2025-08-12T15:47:07.744+0000] {dag.py:2742} INFO - Sync 2 DAGs
[2025-08-12T15:47:07.759+0000] {logging_mixin.py:150} INFO - [2025-08-12T15:47:07.758+0000] {dag.py:3504} INFO - Setting next_dagrun for example_xcom_args to None, run_after=None
[2025-08-12T15:47:07.761+0000] {logging_mixin.py:150} INFO - [2025-08-12T15:47:07.760+0000] {dag.py:3504} INFO - Setting next_dagrun for example_xcom_args_with_operators to None, run_after=None
[2025-08-12T15:47:07.775+0000] {processor.py:179} INFO - Processing /home/vscode/.local/lib/python3.10/site-packages/airflow/example_dags/example_xcomargs.py took 0.055 seconds
[2025-08-12T15:47:49.596+0000] {processor.py:157} INFO - Started process (PID=22447) to work on /home/vscode/.local/lib/python3.10/site-packages/airflow/example_dags/example_xcomargs.py
[2025-08-12T15:47:49.597+0000] {processor.py:826} INFO - Processing file /home/vscode/.local/lib/python3.10/site-packages/airflow/example_dags/example_xcomargs.py for tasks to queue
[2025-08-12T15:47:49.598+0000] {logging_mixin.py:150} INFO - [2025-08-12T15:47:49.597+0000] {dagbag.py:541} INFO - Filling up the DagBag from /home/vscode/.local/lib/python3.10/site-packages/airflow/example_dags/example_xcomargs.py
[2025-08-12T15:47:49.604+0000] {processor.py:836} INFO - DAG(s) dict_keys(['example_xcom_args_with_operators', 'example_xcom_args']) retrieved from /home/vscode/.local/lib/python3.10/site-packages/airflow/example_dags/example_xcomargs.py
[2025-08-12T15:47:49.620+0000] {logging_mixin.py:150} INFO - [2025-08-12T15:47:49.620+0000] {dag.py:2742} INFO - Sync 2 DAGs
[2025-08-12T15:47:49.642+0000] {logging_mixin.py:150} INFO - [2025-08-12T15:47:49.642+0000] {dag.py:3504} INFO - Setting next_dagrun for example_xcom_args to None, run_after=None
[2025-08-12T15:47:49.645+0000] {logging_mixin.py:150} INFO - [2025-08-12T15:47:49.645+0000] {dag.py:3504} INFO - Setting next_dagrun for example_xcom_args_with_operators to None, run_after=None
[2025-08-12T15:47:49.673+0000] {processor.py:179} INFO - Processing /home/vscode/.local/lib/python3.10/site-packages/airflow/example_dags/example_xcomargs.py took 0.078 seconds
[2025-08-12T15:48:27.743+0000] {processor.py:157} INFO - Started process (PID=22705) to work on /home/vscode/.local/lib/python3.10/site-packages/airflow/example_dags/example_xcomargs.py
[2025-08-12T15:48:27.743+0000] {processor.py:826} INFO - Processing file /home/vscode/.local/lib/python3.10/site-packages/airflow/example_dags/example_xcomargs.py for tasks to queue
[2025-08-12T15:48:27.744+0000] {logging_mixin.py:150} INFO - [2025-08-12T15:48:27.744+0000] {dagbag.py:541} INFO - Filling up the DagBag from /home/vscode/.local/lib/python3.10/site-packages/airflow/example_dags/example_xcomargs.py
[2025-08-12T15:48:27.750+0000] {processor.py:836} INFO - DAG(s) dict_keys(['example_xcom_args', 'example_xcom_args_with_operators']) retrieved from /home/vscode/.local/lib/python3.10/site-packages/airflow/example_dags/example_xcomargs.py
[2025-08-12T15:48:27.764+0000] {logging_mixin.py:150} INFO - [2025-08-12T15:48:27.764+0000] {dag.py:2742} INFO - Sync 2 DAGs
[2025-08-12T15:48:27.779+0000] {logging_mixin.py:150} INFO - [2025-08-12T15:48:27.778+0000] {dag.py:3504} INFO - Setting next_dagrun for example_xcom_args to None, run_after=None
[2025-08-12T15:48:27.781+0000] {logging_mixin.py:150} INFO - [2025-08-12T15:48:27.781+0000] {dag.py:3504} INFO - Setting next_dagrun for example_xcom_args_with_operators to None, run_after=None
[2025-08-12T15:48:27.795+0000] {processor.py:179} INFO - Processing /home/vscode/.local/lib/python3.10/site-packages/airflow/example_dags/example_xcomargs.py took 0.055 seconds
[2025-08-12T15:49:09.402+0000] {processor.py:157} INFO - Started process (PID=23006) to work on /home/vscode/.local/lib/python3.10/site-packages/airflow/example_dags/example_xcomargs.py
[2025-08-12T15:49:09.403+0000] {processor.py:826} INFO - Processing file /home/vscode/.local/lib/python3.10/site-packages/airflow/example_dags/example_xcomargs.py for tasks to queue
[2025-08-12T15:49:09.404+0000] {logging_mixin.py:150} INFO - [2025-08-12T15:49:09.403+0000] {dagbag.py:541} INFO - Filling up the DagBag from /home/vscode/.local/lib/python3.10/site-packages/airflow/example_dags/example_xcomargs.py
[2025-08-12T15:49:09.410+0000] {processor.py:836} INFO - DAG(s) dict_keys(['example_xcom_args_with_operators', 'example_xcom_args']) retrieved from /home/vscode/.local/lib/python3.10/site-packages/airflow/example_dags/example_xcomargs.py
[2025-08-12T15:49:09.424+0000] {logging_mixin.py:150} INFO - [2025-08-12T15:49:09.424+0000] {dag.py:2742} INFO - Sync 2 DAGs
[2025-08-12T15:49:09.439+0000] {logging_mixin.py:150} INFO - [2025-08-12T15:49:09.439+0000] {dag.py:3504} INFO - Setting next_dagrun for example_xcom_args to None, run_after=None
[2025-08-12T15:49:09.441+0000] {logging_mixin.py:150} INFO - [2025-08-12T15:49:09.441+0000] {dag.py:3504} INFO - Setting next_dagrun for example_xcom_args_with_operators to None, run_after=None
[2025-08-12T15:49:09.456+0000] {processor.py:179} INFO - Processing /home/vscode/.local/lib/python3.10/site-packages/airflow/example_dags/example_xcomargs.py took 0.055 seconds
[2025-08-12T15:49:51.629+0000] {processor.py:157} INFO - Started process (PID=23321) to work on /home/vscode/.local/lib/python3.10/site-packages/airflow/example_dags/example_xcomargs.py
[2025-08-12T15:49:51.630+0000] {processor.py:826} INFO - Processing file /home/vscode/.local/lib/python3.10/site-packages/airflow/example_dags/example_xcomargs.py for tasks to queue
[2025-08-12T15:49:51.630+0000] {logging_mixin.py:150} INFO - [2025-08-12T15:49:51.630+0000] {dagbag.py:541} INFO - Filling up the DagBag from /home/vscode/.local/lib/python3.10/site-packages/airflow/example_dags/example_xcomargs.py
[2025-08-12T15:49:51.637+0000] {processor.py:836} INFO - DAG(s) dict_keys(['example_xcom_args', 'example_xcom_args_with_operators']) retrieved from /home/vscode/.local/lib/python3.10/site-packages/airflow/example_dags/example_xcomargs.py
[2025-08-12T15:49:51.658+0000] {logging_mixin.py:150} INFO - [2025-08-12T15:49:51.658+0000] {dag.py:2742} INFO - Sync 2 DAGs
[2025-08-12T15:49:51.673+0000] {logging_mixin.py:150} INFO - [2025-08-12T15:49:51.672+0000] {dag.py:3504} INFO - Setting next_dagrun for example_xcom_args to None, run_after=None
[2025-08-12T15:49:51.674+0000] {logging_mixin.py:150} INFO - [2025-08-12T15:49:51.674+0000] {dag.py:3504} INFO - Setting next_dagrun for example_xcom_args_with_operators to None, run_after=None
[2025-08-12T15:49:51.688+0000] {processor.py:179} INFO - Processing /home/vscode/.local/lib/python3.10/site-packages/airflow/example_dags/example_xcomargs.py took 0.061 seconds
[2025-08-12T15:50:37.114+0000] {processor.py:157} INFO - Started process (PID=23818) to work on /home/vscode/.local/lib/python3.10/site-packages/airflow/example_dags/example_xcomargs.py
[2025-08-12T15:50:37.115+0000] {processor.py:826} INFO - Processing file /home/vscode/.local/lib/python3.10/site-packages/airflow/example_dags/example_xcomargs.py for tasks to queue
[2025-08-12T15:50:37.116+0000] {logging_mixin.py:150} INFO - [2025-08-12T15:50:37.115+0000] {dagbag.py:541} INFO - Filling up the DagBag from /home/vscode/.local/lib/python3.10/site-packages/airflow/example_dags/example_xcomargs.py
[2025-08-12T15:50:37.121+0000] {processor.py:836} INFO - DAG(s) dict_keys(['example_xcom_args_with_operators', 'example_xcom_args']) retrieved from /home/vscode/.local/lib/python3.10/site-packages/airflow/example_dags/example_xcomargs.py
[2025-08-12T15:50:37.135+0000] {logging_mixin.py:150} INFO - [2025-08-12T15:50:37.135+0000] {dag.py:2742} INFO - Sync 2 DAGs
[2025-08-12T15:50:37.149+0000] {logging_mixin.py:150} INFO - [2025-08-12T15:50:37.149+0000] {dag.py:3504} INFO - Setting next_dagrun for example_xcom_args to None, run_after=None
[2025-08-12T15:50:37.151+0000] {logging_mixin.py:150} INFO - [2025-08-12T15:50:37.151+0000] {dag.py:3504} INFO - Setting next_dagrun for example_xcom_args_with_operators to None, run_after=None
[2025-08-12T15:50:37.165+0000] {processor.py:179} INFO - Processing /home/vscode/.local/lib/python3.10/site-packages/airflow/example_dags/example_xcomargs.py took 0.052 seconds
[2025-08-12T15:51:20.763+0000] {processor.py:157} INFO - Started process (PID=24111) to work on /home/vscode/.local/lib/python3.10/site-packages/airflow/example_dags/example_xcomargs.py
[2025-08-12T15:51:20.764+0000] {processor.py:826} INFO - Processing file /home/vscode/.local/lib/python3.10/site-packages/airflow/example_dags/example_xcomargs.py for tasks to queue
[2025-08-12T15:51:20.764+0000] {logging_mixin.py:150} INFO - [2025-08-12T15:51:20.764+0000] {dagbag.py:541} INFO - Filling up the DagBag from /home/vscode/.local/lib/python3.10/site-packages/airflow/example_dags/example_xcomargs.py
[2025-08-12T15:51:20.771+0000] {processor.py:836} INFO - DAG(s) dict_keys(['example_xcom_args_with_operators', 'example_xcom_args']) retrieved from /home/vscode/.local/lib/python3.10/site-packages/airflow/example_dags/example_xcomargs.py
[2025-08-12T15:51:20.785+0000] {logging_mixin.py:150} INFO - [2025-08-12T15:51:20.785+0000] {dag.py:2742} INFO - Sync 2 DAGs
[2025-08-12T15:51:20.800+0000] {logging_mixin.py:150} INFO - [2025-08-12T15:51:20.799+0000] {dag.py:3504} INFO - Setting next_dagrun for example_xcom_args to None, run_after=None
[2025-08-12T15:51:20.802+0000] {logging_mixin.py:150} INFO - [2025-08-12T15:51:20.802+0000] {dag.py:3504} INFO - Setting next_dagrun for example_xcom_args_with_operators to None, run_after=None
[2025-08-12T15:51:20.818+0000] {processor.py:179} INFO - Processing /home/vscode/.local/lib/python3.10/site-packages/airflow/example_dags/example_xcomargs.py took 0.057 seconds
[2025-08-12T15:52:04.165+0000] {processor.py:157} INFO - Started process (PID=24399) to work on /home/vscode/.local/lib/python3.10/site-packages/airflow/example_dags/example_xcomargs.py
[2025-08-12T15:52:04.166+0000] {processor.py:826} INFO - Processing file /home/vscode/.local/lib/python3.10/site-packages/airflow/example_dags/example_xcomargs.py for tasks to queue
[2025-08-12T15:52:04.166+0000] {logging_mixin.py:150} INFO - [2025-08-12T15:52:04.166+0000] {dagbag.py:541} INFO - Filling up the DagBag from /home/vscode/.local/lib/python3.10/site-packages/airflow/example_dags/example_xcomargs.py
[2025-08-12T15:52:04.172+0000] {processor.py:836} INFO - DAG(s) dict_keys(['example_xcom_args', 'example_xcom_args_with_operators']) retrieved from /home/vscode/.local/lib/python3.10/site-packages/airflow/example_dags/example_xcomargs.py
[2025-08-12T15:52:04.186+0000] {logging_mixin.py:150} INFO - [2025-08-12T15:52:04.186+0000] {dag.py:2742} INFO - Sync 2 DAGs
[2025-08-12T15:52:04.200+0000] {logging_mixin.py:150} INFO - [2025-08-12T15:52:04.200+0000] {dag.py:3504} INFO - Setting next_dagrun for example_xcom_args to None, run_after=None
[2025-08-12T15:52:04.202+0000] {logging_mixin.py:150} INFO - [2025-08-12T15:52:04.202+0000] {dag.py:3504} INFO - Setting next_dagrun for example_xcom_args_with_operators to None, run_after=None
[2025-08-12T15:52:04.223+0000] {processor.py:179} INFO - Processing /home/vscode/.local/lib/python3.10/site-packages/airflow/example_dags/example_xcomargs.py took 0.061 seconds
[2025-08-12T15:52:47.403+0000] {processor.py:157} INFO - Started process (PID=24715) to work on /home/vscode/.local/lib/python3.10/site-packages/airflow/example_dags/example_xcomargs.py
[2025-08-12T15:52:47.404+0000] {processor.py:826} INFO - Processing file /home/vscode/.local/lib/python3.10/site-packages/airflow/example_dags/example_xcomargs.py for tasks to queue
[2025-08-12T15:52:47.405+0000] {logging_mixin.py:150} INFO - [2025-08-12T15:52:47.405+0000] {dagbag.py:541} INFO - Filling up the DagBag from /home/vscode/.local/lib/python3.10/site-packages/airflow/example_dags/example_xcomargs.py
[2025-08-12T15:52:47.411+0000] {processor.py:836} INFO - DAG(s) dict_keys(['example_xcom_args', 'example_xcom_args_with_operators']) retrieved from /home/vscode/.local/lib/python3.10/site-packages/airflow/example_dags/example_xcomargs.py
[2025-08-12T15:52:47.425+0000] {logging_mixin.py:150} INFO - [2025-08-12T15:52:47.425+0000] {dag.py:2742} INFO - Sync 2 DAGs
[2025-08-12T15:52:47.440+0000] {logging_mixin.py:150} INFO - [2025-08-12T15:52:47.439+0000] {dag.py:3504} INFO - Setting next_dagrun for example_xcom_args to None, run_after=None
[2025-08-12T15:52:47.442+0000] {logging_mixin.py:150} INFO - [2025-08-12T15:52:47.442+0000] {dag.py:3504} INFO - Setting next_dagrun for example_xcom_args_with_operators to None, run_after=None
[2025-08-12T15:52:47.456+0000] {processor.py:179} INFO - Processing /home/vscode/.local/lib/python3.10/site-packages/airflow/example_dags/example_xcomargs.py took 0.055 seconds
[2025-08-12T15:53:30.418+0000] {processor.py:157} INFO - Started process (PID=25051) to work on /home/vscode/.local/lib/python3.10/site-packages/airflow/example_dags/example_xcomargs.py
[2025-08-12T15:53:30.418+0000] {processor.py:826} INFO - Processing file /home/vscode/.local/lib/python3.10/site-packages/airflow/example_dags/example_xcomargs.py for tasks to queue
[2025-08-12T15:53:30.419+0000] {logging_mixin.py:150} INFO - [2025-08-12T15:53:30.419+0000] {dagbag.py:541} INFO - Filling up the DagBag from /home/vscode/.local/lib/python3.10/site-packages/airflow/example_dags/example_xcomargs.py
[2025-08-12T15:53:30.425+0000] {processor.py:836} INFO - DAG(s) dict_keys(['example_xcom_args_with_operators', 'example_xcom_args']) retrieved from /home/vscode/.local/lib/python3.10/site-packages/airflow/example_dags/example_xcomargs.py
[2025-08-12T15:53:30.443+0000] {logging_mixin.py:150} INFO - [2025-08-12T15:53:30.442+0000] {dag.py:2742} INFO - Sync 2 DAGs
[2025-08-12T15:53:30.458+0000] {logging_mixin.py:150} INFO - [2025-08-12T15:53:30.457+0000] {dag.py:3504} INFO - Setting next_dagrun for example_xcom_args to None, run_after=None
[2025-08-12T15:53:30.460+0000] {logging_mixin.py:150} INFO - [2025-08-12T15:53:30.460+0000] {dag.py:3504} INFO - Setting next_dagrun for example_xcom_args_with_operators to None, run_after=None
[2025-08-12T15:53:30.474+0000] {processor.py:179} INFO - Processing /home/vscode/.local/lib/python3.10/site-packages/airflow/example_dags/example_xcomargs.py took 0.060 seconds
[2025-08-12T15:54:11.562+0000] {processor.py:157} INFO - Started process (PID=25357) to work on /home/vscode/.local/lib/python3.10/site-packages/airflow/example_dags/example_xcomargs.py
[2025-08-12T15:54:11.563+0000] {processor.py:826} INFO - Processing file /home/vscode/.local/lib/python3.10/site-packages/airflow/example_dags/example_xcomargs.py for tasks to queue
[2025-08-12T15:54:11.563+0000] {logging_mixin.py:150} INFO - [2025-08-12T15:54:11.563+0000] {dagbag.py:541} INFO - Filling up the DagBag from /home/vscode/.local/lib/python3.10/site-packages/airflow/example_dags/example_xcomargs.py
[2025-08-12T15:54:11.569+0000] {processor.py:836} INFO - DAG(s) dict_keys(['example_xcom_args_with_operators', 'example_xcom_args']) retrieved from /home/vscode/.local/lib/python3.10/site-packages/airflow/example_dags/example_xcomargs.py
[2025-08-12T15:54:11.583+0000] {logging_mixin.py:150} INFO - [2025-08-12T15:54:11.583+0000] {dag.py:2742} INFO - Sync 2 DAGs
[2025-08-12T15:54:11.598+0000] {logging_mixin.py:150} INFO - [2025-08-12T15:54:11.597+0000] {dag.py:3504} INFO - Setting next_dagrun for example_xcom_args to None, run_after=None
[2025-08-12T15:54:11.599+0000] {logging_mixin.py:150} INFO - [2025-08-12T15:54:11.599+0000] {dag.py:3504} INFO - Setting next_dagrun for example_xcom_args_with_operators to None, run_after=None
[2025-08-12T15:54:11.613+0000] {processor.py:179} INFO - Processing /home/vscode/.local/lib/python3.10/site-packages/airflow/example_dags/example_xcomargs.py took 0.053 seconds
[2025-08-12T15:54:56.024+0000] {processor.py:157} INFO - Started process (PID=25700) to work on /home/vscode/.local/lib/python3.10/site-packages/airflow/example_dags/example_xcomargs.py
[2025-08-12T15:54:56.025+0000] {processor.py:826} INFO - Processing file /home/vscode/.local/lib/python3.10/site-packages/airflow/example_dags/example_xcomargs.py for tasks to queue
[2025-08-12T15:54:56.025+0000] {logging_mixin.py:150} INFO - [2025-08-12T15:54:56.025+0000] {dagbag.py:541} INFO - Filling up the DagBag from /home/vscode/.local/lib/python3.10/site-packages/airflow/example_dags/example_xcomargs.py
[2025-08-12T15:54:56.032+0000] {processor.py:836} INFO - DAG(s) dict_keys(['example_xcom_args', 'example_xcom_args_with_operators']) retrieved from /home/vscode/.local/lib/python3.10/site-packages/airflow/example_dags/example_xcomargs.py
[2025-08-12T15:54:56.046+0000] {logging_mixin.py:150} INFO - [2025-08-12T15:54:56.046+0000] {dag.py:2742} INFO - Sync 2 DAGs
[2025-08-12T15:54:56.065+0000] {logging_mixin.py:150} INFO - [2025-08-12T15:54:56.064+0000] {dag.py:3504} INFO - Setting next_dagrun for example_xcom_args to None, run_after=None
[2025-08-12T15:54:56.068+0000] {logging_mixin.py:150} INFO - [2025-08-12T15:54:56.068+0000] {dag.py:3504} INFO - Setting next_dagrun for example_xcom_args_with_operators to None, run_after=None
[2025-08-12T15:54:56.095+0000] {processor.py:179} INFO - Processing /home/vscode/.local/lib/python3.10/site-packages/airflow/example_dags/example_xcomargs.py took 0.073 seconds
[2025-08-12T15:55:37.761+0000] {processor.py:157} INFO - Started process (PID=26018) to work on /home/vscode/.local/lib/python3.10/site-packages/airflow/example_dags/example_xcomargs.py
[2025-08-12T15:55:37.761+0000] {processor.py:826} INFO - Processing file /home/vscode/.local/lib/python3.10/site-packages/airflow/example_dags/example_xcomargs.py for tasks to queue
[2025-08-12T15:55:37.762+0000] {logging_mixin.py:150} INFO - [2025-08-12T15:55:37.762+0000] {dagbag.py:541} INFO - Filling up the DagBag from /home/vscode/.local/lib/python3.10/site-packages/airflow/example_dags/example_xcomargs.py
[2025-08-12T15:55:37.768+0000] {processor.py:836} INFO - DAG(s) dict_keys(['example_xcom_args', 'example_xcom_args_with_operators']) retrieved from /home/vscode/.local/lib/python3.10/site-packages/airflow/example_dags/example_xcomargs.py
[2025-08-12T15:55:37.782+0000] {logging_mixin.py:150} INFO - [2025-08-12T15:55:37.782+0000] {dag.py:2742} INFO - Sync 2 DAGs
[2025-08-12T15:55:37.796+0000] {logging_mixin.py:150} INFO - [2025-08-12T15:55:37.796+0000] {dag.py:3504} INFO - Setting next_dagrun for example_xcom_args to None, run_after=None
[2025-08-12T15:55:37.798+0000] {logging_mixin.py:150} INFO - [2025-08-12T15:55:37.798+0000] {dag.py:3504} INFO - Setting next_dagrun for example_xcom_args_with_operators to None, run_after=None
[2025-08-12T15:55:37.811+0000] {processor.py:179} INFO - Processing /home/vscode/.local/lib/python3.10/site-packages/airflow/example_dags/example_xcomargs.py took 0.053 seconds
[2025-08-12T15:56:12.585+0000] {processor.py:157} INFO - Started process (PID=26292) to work on /home/vscode/.local/lib/python3.10/site-packages/airflow/example_dags/example_xcomargs.py
[2025-08-12T15:56:12.586+0000] {processor.py:826} INFO - Processing file /home/vscode/.local/lib/python3.10/site-packages/airflow/example_dags/example_xcomargs.py for tasks to queue
[2025-08-12T15:56:12.587+0000] {logging_mixin.py:150} INFO - [2025-08-12T15:56:12.586+0000] {dagbag.py:541} INFO - Filling up the DagBag from /home/vscode/.local/lib/python3.10/site-packages/airflow/example_dags/example_xcomargs.py
[2025-08-12T15:56:12.593+0000] {processor.py:836} INFO - DAG(s) dict_keys(['example_xcom_args_with_operators', 'example_xcom_args']) retrieved from /home/vscode/.local/lib/python3.10/site-packages/airflow/example_dags/example_xcomargs.py
[2025-08-12T15:56:12.608+0000] {logging_mixin.py:150} INFO - [2025-08-12T15:56:12.607+0000] {dag.py:2742} INFO - Sync 2 DAGs
[2025-08-12T15:56:12.622+0000] {logging_mixin.py:150} INFO - [2025-08-12T15:56:12.622+0000] {dag.py:3504} INFO - Setting next_dagrun for example_xcom_args to None, run_after=None
[2025-08-12T15:56:12.624+0000] {logging_mixin.py:150} INFO - [2025-08-12T15:56:12.624+0000] {dag.py:3504} INFO - Setting next_dagrun for example_xcom_args_with_operators to None, run_after=None
[2025-08-12T15:56:12.639+0000] {processor.py:179} INFO - Processing /home/vscode/.local/lib/python3.10/site-packages/airflow/example_dags/example_xcomargs.py took 0.055 seconds
[2025-08-12T15:56:54.805+0000] {processor.py:157} INFO - Started process (PID=26605) to work on /home/vscode/.local/lib/python3.10/site-packages/airflow/example_dags/example_xcomargs.py
[2025-08-12T15:56:54.806+0000] {processor.py:826} INFO - Processing file /home/vscode/.local/lib/python3.10/site-packages/airflow/example_dags/example_xcomargs.py for tasks to queue
[2025-08-12T15:56:54.807+0000] {logging_mixin.py:150} INFO - [2025-08-12T15:56:54.806+0000] {dagbag.py:541} INFO - Filling up the DagBag from /home/vscode/.local/lib/python3.10/site-packages/airflow/example_dags/example_xcomargs.py
[2025-08-12T15:56:54.812+0000] {processor.py:836} INFO - DAG(s) dict_keys(['example_xcom_args_with_operators', 'example_xcom_args']) retrieved from /home/vscode/.local/lib/python3.10/site-packages/airflow/example_dags/example_xcomargs.py
[2025-08-12T15:56:54.826+0000] {logging_mixin.py:150} INFO - [2025-08-12T15:56:54.826+0000] {dag.py:2742} INFO - Sync 2 DAGs
[2025-08-12T15:56:54.841+0000] {logging_mixin.py:150} INFO - [2025-08-12T15:56:54.840+0000] {dag.py:3504} INFO - Setting next_dagrun for example_xcom_args to None, run_after=None
[2025-08-12T15:56:54.843+0000] {logging_mixin.py:150} INFO - [2025-08-12T15:56:54.843+0000] {dag.py:3504} INFO - Setting next_dagrun for example_xcom_args_with_operators to None, run_after=None
[2025-08-12T15:56:54.857+0000] {processor.py:179} INFO - Processing /home/vscode/.local/lib/python3.10/site-packages/airflow/example_dags/example_xcomargs.py took 0.054 seconds
[2025-08-12T15:57:33.767+0000] {processor.py:157} INFO - Started process (PID=26910) to work on /home/vscode/.local/lib/python3.10/site-packages/airflow/example_dags/example_xcomargs.py
[2025-08-12T15:57:33.768+0000] {processor.py:826} INFO - Processing file /home/vscode/.local/lib/python3.10/site-packages/airflow/example_dags/example_xcomargs.py for tasks to queue
[2025-08-12T15:57:33.769+0000] {logging_mixin.py:150} INFO - [2025-08-12T15:57:33.768+0000] {dagbag.py:541} INFO - Filling up the DagBag from /home/vscode/.local/lib/python3.10/site-packages/airflow/example_dags/example_xcomargs.py
[2025-08-12T15:57:33.775+0000] {processor.py:836} INFO - DAG(s) dict_keys(['example_xcom_args_with_operators', 'example_xcom_args']) retrieved from /home/vscode/.local/lib/python3.10/site-packages/airflow/example_dags/example_xcomargs.py
[2025-08-12T15:57:33.788+0000] {logging_mixin.py:150} INFO - [2025-08-12T15:57:33.788+0000] {dag.py:2742} INFO - Sync 2 DAGs
[2025-08-12T15:57:33.803+0000] {logging_mixin.py:150} INFO - [2025-08-12T15:57:33.803+0000] {dag.py:3504} INFO - Setting next_dagrun for example_xcom_args to None, run_after=None
[2025-08-12T15:57:33.805+0000] {logging_mixin.py:150} INFO - [2025-08-12T15:57:33.805+0000] {dag.py:3504} INFO - Setting next_dagrun for example_xcom_args_with_operators to None, run_after=None
[2025-08-12T15:57:33.821+0000] {processor.py:179} INFO - Processing /home/vscode/.local/lib/python3.10/site-packages/airflow/example_dags/example_xcomargs.py took 0.056 seconds
[2025-08-12T15:58:20.211+0000] {processor.py:157} INFO - Started process (PID=27223) to work on /home/vscode/.local/lib/python3.10/site-packages/airflow/example_dags/example_xcomargs.py
[2025-08-12T15:58:20.211+0000] {processor.py:826} INFO - Processing file /home/vscode/.local/lib/python3.10/site-packages/airflow/example_dags/example_xcomargs.py for tasks to queue
[2025-08-12T15:58:20.212+0000] {logging_mixin.py:150} INFO - [2025-08-12T15:58:20.212+0000] {dagbag.py:541} INFO - Filling up the DagBag from /home/vscode/.local/lib/python3.10/site-packages/airflow/example_dags/example_xcomargs.py
[2025-08-12T15:58:20.218+0000] {processor.py:836} INFO - DAG(s) dict_keys(['example_xcom_args_with_operators', 'example_xcom_args']) retrieved from /home/vscode/.local/lib/python3.10/site-packages/airflow/example_dags/example_xcomargs.py
[2025-08-12T15:58:20.231+0000] {logging_mixin.py:150} INFO - [2025-08-12T15:58:20.231+0000] {dag.py:2742} INFO - Sync 2 DAGs
[2025-08-12T15:58:20.245+0000] {logging_mixin.py:150} INFO - [2025-08-12T15:58:20.245+0000] {dag.py:3504} INFO - Setting next_dagrun for example_xcom_args to None, run_after=None
[2025-08-12T15:58:20.247+0000] {logging_mixin.py:150} INFO - [2025-08-12T15:58:20.247+0000] {dag.py:3504} INFO - Setting next_dagrun for example_xcom_args_with_operators to None, run_after=None
[2025-08-12T15:58:20.260+0000] {processor.py:179} INFO - Processing /home/vscode/.local/lib/python3.10/site-packages/airflow/example_dags/example_xcomargs.py took 0.052 seconds
[2025-08-12T15:59:03.497+0000] {processor.py:157} INFO - Started process (PID=27517) to work on /home/vscode/.local/lib/python3.10/site-packages/airflow/example_dags/example_xcomargs.py
[2025-08-12T15:59:03.498+0000] {processor.py:826} INFO - Processing file /home/vscode/.local/lib/python3.10/site-packages/airflow/example_dags/example_xcomargs.py for tasks to queue
[2025-08-12T15:59:03.498+0000] {logging_mixin.py:150} INFO - [2025-08-12T15:59:03.498+0000] {dagbag.py:541} INFO - Filling up the DagBag from /home/vscode/.local/lib/python3.10/site-packages/airflow/example_dags/example_xcomargs.py
[2025-08-12T15:59:03.504+0000] {processor.py:836} INFO - DAG(s) dict_keys(['example_xcom_args', 'example_xcom_args_with_operators']) retrieved from /home/vscode/.local/lib/python3.10/site-packages/airflow/example_dags/example_xcomargs.py
[2025-08-12T15:59:03.518+0000] {logging_mixin.py:150} INFO - [2025-08-12T15:59:03.518+0000] {dag.py:2742} INFO - Sync 2 DAGs
[2025-08-12T15:59:03.533+0000] {logging_mixin.py:150} INFO - [2025-08-12T15:59:03.533+0000] {dag.py:3504} INFO - Setting next_dagrun for example_xcom_args to None, run_after=None
[2025-08-12T15:59:03.535+0000] {logging_mixin.py:150} INFO - [2025-08-12T15:59:03.535+0000] {dag.py:3504} INFO - Setting next_dagrun for example_xcom_args_with_operators to None, run_after=None
[2025-08-12T15:59:03.551+0000] {processor.py:179} INFO - Processing /home/vscode/.local/lib/python3.10/site-packages/airflow/example_dags/example_xcomargs.py took 0.056 seconds
[2025-08-12T15:59:43.896+0000] {processor.py:157} INFO - Started process (PID=27792) to work on /home/vscode/.local/lib/python3.10/site-packages/airflow/example_dags/example_xcomargs.py
[2025-08-12T15:59:43.896+0000] {processor.py:826} INFO - Processing file /home/vscode/.local/lib/python3.10/site-packages/airflow/example_dags/example_xcomargs.py for tasks to queue
[2025-08-12T15:59:43.897+0000] {logging_mixin.py:150} INFO - [2025-08-12T15:59:43.897+0000] {dagbag.py:541} INFO - Filling up the DagBag from /home/vscode/.local/lib/python3.10/site-packages/airflow/example_dags/example_xcomargs.py
[2025-08-12T15:59:43.903+0000] {processor.py:836} INFO - DAG(s) dict_keys(['example_xcom_args_with_operators', 'example_xcom_args']) retrieved from /home/vscode/.local/lib/python3.10/site-packages/airflow/example_dags/example_xcomargs.py
[2025-08-12T15:59:43.916+0000] {logging_mixin.py:150} INFO - [2025-08-12T15:59:43.916+0000] {dag.py:2742} INFO - Sync 2 DAGs
[2025-08-12T15:59:43.931+0000] {logging_mixin.py:150} INFO - [2025-08-12T15:59:43.931+0000] {dag.py:3504} INFO - Setting next_dagrun for example_xcom_args to None, run_after=None
[2025-08-12T15:59:43.933+0000] {logging_mixin.py:150} INFO - [2025-08-12T15:59:43.933+0000] {dag.py:3504} INFO - Setting next_dagrun for example_xcom_args_with_operators to None, run_after=None
[2025-08-12T15:59:43.948+0000] {processor.py:179} INFO - Processing /home/vscode/.local/lib/python3.10/site-packages/airflow/example_dags/example_xcomargs.py took 0.054 seconds
[2025-08-12T16:00:25.713+0000] {processor.py:157} INFO - Started process (PID=28062) to work on /home/vscode/.local/lib/python3.10/site-packages/airflow/example_dags/example_xcomargs.py
[2025-08-12T16:00:25.714+0000] {processor.py:826} INFO - Processing file /home/vscode/.local/lib/python3.10/site-packages/airflow/example_dags/example_xcomargs.py for tasks to queue
[2025-08-12T16:00:25.714+0000] {logging_mixin.py:150} INFO - [2025-08-12T16:00:25.714+0000] {dagbag.py:541} INFO - Filling up the DagBag from /home/vscode/.local/lib/python3.10/site-packages/airflow/example_dags/example_xcomargs.py
[2025-08-12T16:00:25.720+0000] {processor.py:836} INFO - DAG(s) dict_keys(['example_xcom_args_with_operators', 'example_xcom_args']) retrieved from /home/vscode/.local/lib/python3.10/site-packages/airflow/example_dags/example_xcomargs.py
[2025-08-12T16:00:25.734+0000] {logging_mixin.py:150} INFO - [2025-08-12T16:00:25.733+0000] {dag.py:2742} INFO - Sync 2 DAGs
[2025-08-12T16:00:25.747+0000] {logging_mixin.py:150} INFO - [2025-08-12T16:00:25.747+0000] {dag.py:3504} INFO - Setting next_dagrun for example_xcom_args to None, run_after=None
[2025-08-12T16:00:25.750+0000] {logging_mixin.py:150} INFO - [2025-08-12T16:00:25.750+0000] {dag.py:3504} INFO - Setting next_dagrun for example_xcom_args_with_operators to None, run_after=None
[2025-08-12T16:00:25.763+0000] {processor.py:179} INFO - Processing /home/vscode/.local/lib/python3.10/site-packages/airflow/example_dags/example_xcomargs.py took 0.052 seconds
[2025-08-12T16:01:09.097+0000] {processor.py:157} INFO - Started process (PID=28482) to work on /home/vscode/.local/lib/python3.10/site-packages/airflow/example_dags/example_xcomargs.py
[2025-08-12T16:01:09.098+0000] {processor.py:826} INFO - Processing file /home/vscode/.local/lib/python3.10/site-packages/airflow/example_dags/example_xcomargs.py for tasks to queue
[2025-08-12T16:01:09.099+0000] {logging_mixin.py:150} INFO - [2025-08-12T16:01:09.098+0000] {dagbag.py:541} INFO - Filling up the DagBag from /home/vscode/.local/lib/python3.10/site-packages/airflow/example_dags/example_xcomargs.py
[2025-08-12T16:01:09.104+0000] {processor.py:836} INFO - DAG(s) dict_keys(['example_xcom_args', 'example_xcom_args_with_operators']) retrieved from /home/vscode/.local/lib/python3.10/site-packages/airflow/example_dags/example_xcomargs.py
[2025-08-12T16:01:09.121+0000] {logging_mixin.py:150} INFO - [2025-08-12T16:01:09.121+0000] {dag.py:2742} INFO - Sync 2 DAGs
[2025-08-12T16:01:09.142+0000] {logging_mixin.py:150} INFO - [2025-08-12T16:01:09.142+0000] {dag.py:3504} INFO - Setting next_dagrun for example_xcom_args to None, run_after=None
[2025-08-12T16:01:09.145+0000] {logging_mixin.py:150} INFO - [2025-08-12T16:01:09.145+0000] {dag.py:3504} INFO - Setting next_dagrun for example_xcom_args_with_operators to None, run_after=None
[2025-08-12T16:01:09.163+0000] {processor.py:179} INFO - Processing /home/vscode/.local/lib/python3.10/site-packages/airflow/example_dags/example_xcomargs.py took 0.068 seconds
[2025-08-12T16:01:58.072+0000] {processor.py:157} INFO - Started process (PID=28842) to work on /home/vscode/.local/lib/python3.10/site-packages/airflow/example_dags/example_xcomargs.py
[2025-08-12T16:01:58.073+0000] {processor.py:826} INFO - Processing file /home/vscode/.local/lib/python3.10/site-packages/airflow/example_dags/example_xcomargs.py for tasks to queue
[2025-08-12T16:01:58.073+0000] {logging_mixin.py:150} INFO - [2025-08-12T16:01:58.073+0000] {dagbag.py:541} INFO - Filling up the DagBag from /home/vscode/.local/lib/python3.10/site-packages/airflow/example_dags/example_xcomargs.py
[2025-08-12T16:01:58.079+0000] {processor.py:836} INFO - DAG(s) dict_keys(['example_xcom_args', 'example_xcom_args_with_operators']) retrieved from /home/vscode/.local/lib/python3.10/site-packages/airflow/example_dags/example_xcomargs.py
[2025-08-12T16:01:58.092+0000] {logging_mixin.py:150} INFO - [2025-08-12T16:01:58.092+0000] {dag.py:2742} INFO - Sync 2 DAGs
[2025-08-12T16:01:58.106+0000] {logging_mixin.py:150} INFO - [2025-08-12T16:01:58.106+0000] {dag.py:3504} INFO - Setting next_dagrun for example_xcom_args to None, run_after=None
[2025-08-12T16:01:58.108+0000] {logging_mixin.py:150} INFO - [2025-08-12T16:01:58.108+0000] {dag.py:3504} INFO - Setting next_dagrun for example_xcom_args_with_operators to None, run_after=None
[2025-08-12T16:01:58.122+0000] {processor.py:179} INFO - Processing /home/vscode/.local/lib/python3.10/site-packages/airflow/example_dags/example_xcomargs.py took 0.053 seconds
[2025-08-12T16:02:39.192+0000] {processor.py:157} INFO - Started process (PID=29120) to work on /home/vscode/.local/lib/python3.10/site-packages/airflow/example_dags/example_xcomargs.py
[2025-08-12T16:02:39.193+0000] {processor.py:826} INFO - Processing file /home/vscode/.local/lib/python3.10/site-packages/airflow/example_dags/example_xcomargs.py for tasks to queue
[2025-08-12T16:02:39.194+0000] {logging_mixin.py:150} INFO - [2025-08-12T16:02:39.193+0000] {dagbag.py:541} INFO - Filling up the DagBag from /home/vscode/.local/lib/python3.10/site-packages/airflow/example_dags/example_xcomargs.py
[2025-08-12T16:02:39.199+0000] {processor.py:836} INFO - DAG(s) dict_keys(['example_xcom_args_with_operators', 'example_xcom_args']) retrieved from /home/vscode/.local/lib/python3.10/site-packages/airflow/example_dags/example_xcomargs.py
[2025-08-12T16:02:39.213+0000] {logging_mixin.py:150} INFO - [2025-08-12T16:02:39.213+0000] {dag.py:2742} INFO - Sync 2 DAGs
[2025-08-12T16:02:39.228+0000] {logging_mixin.py:150} INFO - [2025-08-12T16:02:39.228+0000] {dag.py:3504} INFO - Setting next_dagrun for example_xcom_args to None, run_after=None
[2025-08-12T16:02:39.230+0000] {logging_mixin.py:150} INFO - [2025-08-12T16:02:39.230+0000] {dag.py:3504} INFO - Setting next_dagrun for example_xcom_args_with_operators to None, run_after=None
[2025-08-12T16:02:39.244+0000] {processor.py:179} INFO - Processing /home/vscode/.local/lib/python3.10/site-packages/airflow/example_dags/example_xcomargs.py took 0.054 seconds
[2025-08-12T16:03:20.272+0000] {processor.py:157} INFO - Started process (PID=29387) to work on /home/vscode/.local/lib/python3.10/site-packages/airflow/example_dags/example_xcomargs.py
[2025-08-12T16:03:20.279+0000] {processor.py:826} INFO - Processing file /home/vscode/.local/lib/python3.10/site-packages/airflow/example_dags/example_xcomargs.py for tasks to queue
[2025-08-12T16:03:20.280+0000] {logging_mixin.py:150} INFO - [2025-08-12T16:03:20.279+0000] {dagbag.py:541} INFO - Filling up the DagBag from /home/vscode/.local/lib/python3.10/site-packages/airflow/example_dags/example_xcomargs.py
[2025-08-12T16:03:20.289+0000] {processor.py:836} INFO - DAG(s) dict_keys(['example_xcom_args', 'example_xcom_args_with_operators']) retrieved from /home/vscode/.local/lib/python3.10/site-packages/airflow/example_dags/example_xcomargs.py
[2025-08-12T16:03:20.308+0000] {logging_mixin.py:150} INFO - [2025-08-12T16:03:20.308+0000] {dag.py:2742} INFO - Sync 2 DAGs
[2025-08-12T16:03:20.340+0000] {logging_mixin.py:150} INFO - [2025-08-12T16:03:20.340+0000] {dag.py:3504} INFO - Setting next_dagrun for example_xcom_args to None, run_after=None
[2025-08-12T16:03:20.348+0000] {logging_mixin.py:150} INFO - [2025-08-12T16:03:20.348+0000] {dag.py:3504} INFO - Setting next_dagrun for example_xcom_args_with_operators to None, run_after=None
[2025-08-12T16:03:20.378+0000] {processor.py:179} INFO - Processing /home/vscode/.local/lib/python3.10/site-packages/airflow/example_dags/example_xcomargs.py took 0.109 seconds
[2025-08-12T16:04:05.722+0000] {processor.py:157} INFO - Started process (PID=29700) to work on /home/vscode/.local/lib/python3.10/site-packages/airflow/example_dags/example_xcomargs.py
[2025-08-12T16:04:05.723+0000] {processor.py:826} INFO - Processing file /home/vscode/.local/lib/python3.10/site-packages/airflow/example_dags/example_xcomargs.py for tasks to queue
[2025-08-12T16:04:05.723+0000] {logging_mixin.py:150} INFO - [2025-08-12T16:04:05.723+0000] {dagbag.py:541} INFO - Filling up the DagBag from /home/vscode/.local/lib/python3.10/site-packages/airflow/example_dags/example_xcomargs.py
[2025-08-12T16:04:05.729+0000] {processor.py:836} INFO - DAG(s) dict_keys(['example_xcom_args', 'example_xcom_args_with_operators']) retrieved from /home/vscode/.local/lib/python3.10/site-packages/airflow/example_dags/example_xcomargs.py
[2025-08-12T16:04:05.744+0000] {logging_mixin.py:150} INFO - [2025-08-12T16:04:05.744+0000] {dag.py:2742} INFO - Sync 2 DAGs
[2025-08-12T16:04:05.759+0000] {logging_mixin.py:150} INFO - [2025-08-12T16:04:05.759+0000] {dag.py:3504} INFO - Setting next_dagrun for example_xcom_args to None, run_after=None
[2025-08-12T16:04:05.761+0000] {logging_mixin.py:150} INFO - [2025-08-12T16:04:05.761+0000] {dag.py:3504} INFO - Setting next_dagrun for example_xcom_args_with_operators to None, run_after=None
[2025-08-12T16:04:05.776+0000] {processor.py:179} INFO - Processing /home/vscode/.local/lib/python3.10/site-packages/airflow/example_dags/example_xcomargs.py took 0.056 seconds
[2025-08-12T16:04:52.938+0000] {processor.py:157} INFO - Started process (PID=30006) to work on /home/vscode/.local/lib/python3.10/site-packages/airflow/example_dags/example_xcomargs.py
[2025-08-12T16:04:52.939+0000] {processor.py:826} INFO - Processing file /home/vscode/.local/lib/python3.10/site-packages/airflow/example_dags/example_xcomargs.py for tasks to queue
[2025-08-12T16:04:52.939+0000] {logging_mixin.py:150} INFO - [2025-08-12T16:04:52.939+0000] {dagbag.py:541} INFO - Filling up the DagBag from /home/vscode/.local/lib/python3.10/site-packages/airflow/example_dags/example_xcomargs.py
[2025-08-12T16:04:52.945+0000] {processor.py:836} INFO - DAG(s) dict_keys(['example_xcom_args', 'example_xcom_args_with_operators']) retrieved from /home/vscode/.local/lib/python3.10/site-packages/airflow/example_dags/example_xcomargs.py
[2025-08-12T16:04:52.961+0000] {logging_mixin.py:150} INFO - [2025-08-12T16:04:52.961+0000] {dag.py:2742} INFO - Sync 2 DAGs
[2025-08-12T16:04:52.985+0000] {logging_mixin.py:150} INFO - [2025-08-12T16:04:52.985+0000] {dag.py:3504} INFO - Setting next_dagrun for example_xcom_args to None, run_after=None
[2025-08-12T16:04:52.988+0000] {logging_mixin.py:150} INFO - [2025-08-12T16:04:52.988+0000] {dag.py:3504} INFO - Setting next_dagrun for example_xcom_args_with_operators to None, run_after=None
[2025-08-12T16:04:53.007+0000] {processor.py:179} INFO - Processing /home/vscode/.local/lib/python3.10/site-packages/airflow/example_dags/example_xcomargs.py took 0.071 seconds
[2025-08-12T16:05:36.237+0000] {processor.py:157} INFO - Started process (PID=30299) to work on /home/vscode/.local/lib/python3.10/site-packages/airflow/example_dags/example_xcomargs.py
[2025-08-12T16:05:36.238+0000] {processor.py:826} INFO - Processing file /home/vscode/.local/lib/python3.10/site-packages/airflow/example_dags/example_xcomargs.py for tasks to queue
[2025-08-12T16:05:36.238+0000] {logging_mixin.py:150} INFO - [2025-08-12T16:05:36.238+0000] {dagbag.py:541} INFO - Filling up the DagBag from /home/vscode/.local/lib/python3.10/site-packages/airflow/example_dags/example_xcomargs.py
[2025-08-12T16:05:36.244+0000] {processor.py:836} INFO - DAG(s) dict_keys(['example_xcom_args', 'example_xcom_args_with_operators']) retrieved from /home/vscode/.local/lib/python3.10/site-packages/airflow/example_dags/example_xcomargs.py
[2025-08-12T16:05:36.258+0000] {logging_mixin.py:150} INFO - [2025-08-12T16:05:36.258+0000] {dag.py:2742} INFO - Sync 2 DAGs
[2025-08-12T16:05:36.272+0000] {logging_mixin.py:150} INFO - [2025-08-12T16:05:36.272+0000] {dag.py:3504} INFO - Setting next_dagrun for example_xcom_args to None, run_after=None
[2025-08-12T16:05:36.275+0000] {logging_mixin.py:150} INFO - [2025-08-12T16:05:36.275+0000] {dag.py:3504} INFO - Setting next_dagrun for example_xcom_args_with_operators to None, run_after=None
[2025-08-12T16:05:36.291+0000] {processor.py:179} INFO - Processing /home/vscode/.local/lib/python3.10/site-packages/airflow/example_dags/example_xcomargs.py took 0.056 seconds
[2025-08-12T16:06:21.939+0000] {processor.py:157} INFO - Started process (PID=30601) to work on /home/vscode/.local/lib/python3.10/site-packages/airflow/example_dags/example_xcomargs.py
[2025-08-12T16:06:21.939+0000] {processor.py:826} INFO - Processing file /home/vscode/.local/lib/python3.10/site-packages/airflow/example_dags/example_xcomargs.py for tasks to queue
[2025-08-12T16:06:21.940+0000] {logging_mixin.py:150} INFO - [2025-08-12T16:06:21.940+0000] {dagbag.py:541} INFO - Filling up the DagBag from /home/vscode/.local/lib/python3.10/site-packages/airflow/example_dags/example_xcomargs.py
[2025-08-12T16:06:21.946+0000] {processor.py:836} INFO - DAG(s) dict_keys(['example_xcom_args_with_operators', 'example_xcom_args']) retrieved from /home/vscode/.local/lib/python3.10/site-packages/airflow/example_dags/example_xcomargs.py
[2025-08-12T16:06:21.959+0000] {logging_mixin.py:150} INFO - [2025-08-12T16:06:21.959+0000] {dag.py:2742} INFO - Sync 2 DAGs
[2025-08-12T16:06:21.973+0000] {logging_mixin.py:150} INFO - [2025-08-12T16:06:21.973+0000] {dag.py:3504} INFO - Setting next_dagrun for example_xcom_args to None, run_after=None
[2025-08-12T16:06:21.975+0000] {logging_mixin.py:150} INFO - [2025-08-12T16:06:21.975+0000] {dag.py:3504} INFO - Setting next_dagrun for example_xcom_args_with_operators to None, run_after=None
[2025-08-12T16:06:21.990+0000] {processor.py:179} INFO - Processing /home/vscode/.local/lib/python3.10/site-packages/airflow/example_dags/example_xcomargs.py took 0.053 seconds
[2025-08-12T16:07:05.927+0000] {processor.py:157} INFO - Started process (PID=30901) to work on /home/vscode/.local/lib/python3.10/site-packages/airflow/example_dags/example_xcomargs.py
[2025-08-12T16:07:05.928+0000] {processor.py:826} INFO - Processing file /home/vscode/.local/lib/python3.10/site-packages/airflow/example_dags/example_xcomargs.py for tasks to queue
[2025-08-12T16:07:05.929+0000] {logging_mixin.py:150} INFO - [2025-08-12T16:07:05.928+0000] {dagbag.py:541} INFO - Filling up the DagBag from /home/vscode/.local/lib/python3.10/site-packages/airflow/example_dags/example_xcomargs.py
[2025-08-12T16:07:05.935+0000] {processor.py:836} INFO - DAG(s) dict_keys(['example_xcom_args', 'example_xcom_args_with_operators']) retrieved from /home/vscode/.local/lib/python3.10/site-packages/airflow/example_dags/example_xcomargs.py
[2025-08-12T16:07:05.948+0000] {logging_mixin.py:150} INFO - [2025-08-12T16:07:05.948+0000] {dag.py:2742} INFO - Sync 2 DAGs
[2025-08-12T16:07:05.962+0000] {logging_mixin.py:150} INFO - [2025-08-12T16:07:05.962+0000] {dag.py:3504} INFO - Setting next_dagrun for example_xcom_args to None, run_after=None
[2025-08-12T16:07:05.964+0000] {logging_mixin.py:150} INFO - [2025-08-12T16:07:05.964+0000] {dag.py:3504} INFO - Setting next_dagrun for example_xcom_args_with_operators to None, run_after=None
[2025-08-12T16:07:05.978+0000] {processor.py:179} INFO - Processing /home/vscode/.local/lib/python3.10/site-packages/airflow/example_dags/example_xcomargs.py took 0.053 seconds
[2025-08-12T16:07:46.972+0000] {processor.py:157} INFO - Started process (PID=31177) to work on /home/vscode/.local/lib/python3.10/site-packages/airflow/example_dags/example_xcomargs.py
[2025-08-12T16:07:46.973+0000] {processor.py:826} INFO - Processing file /home/vscode/.local/lib/python3.10/site-packages/airflow/example_dags/example_xcomargs.py for tasks to queue
[2025-08-12T16:07:46.973+0000] {logging_mixin.py:150} INFO - [2025-08-12T16:07:46.973+0000] {dagbag.py:541} INFO - Filling up the DagBag from /home/vscode/.local/lib/python3.10/site-packages/airflow/example_dags/example_xcomargs.py
[2025-08-12T16:07:46.979+0000] {processor.py:836} INFO - DAG(s) dict_keys(['example_xcom_args', 'example_xcom_args_with_operators']) retrieved from /home/vscode/.local/lib/python3.10/site-packages/airflow/example_dags/example_xcomargs.py
[2025-08-12T16:07:46.995+0000] {logging_mixin.py:150} INFO - [2025-08-12T16:07:46.995+0000] {dag.py:2742} INFO - Sync 2 DAGs
[2025-08-12T16:07:47.009+0000] {logging_mixin.py:150} INFO - [2025-08-12T16:07:47.009+0000] {dag.py:3504} INFO - Setting next_dagrun for example_xcom_args to None, run_after=None
[2025-08-12T16:07:47.012+0000] {logging_mixin.py:150} INFO - [2025-08-12T16:07:47.011+0000] {dag.py:3504} INFO - Setting next_dagrun for example_xcom_args_with_operators to None, run_after=None
[2025-08-12T16:07:47.025+0000] {processor.py:179} INFO - Processing /home/vscode/.local/lib/python3.10/site-packages/airflow/example_dags/example_xcomargs.py took 0.055 seconds
[2025-08-12T16:08:28.055+0000] {processor.py:157} INFO - Started process (PID=31447) to work on /home/vscode/.local/lib/python3.10/site-packages/airflow/example_dags/example_xcomargs.py
[2025-08-12T16:08:28.055+0000] {processor.py:826} INFO - Processing file /home/vscode/.local/lib/python3.10/site-packages/airflow/example_dags/example_xcomargs.py for tasks to queue
[2025-08-12T16:08:28.056+0000] {logging_mixin.py:150} INFO - [2025-08-12T16:08:28.056+0000] {dagbag.py:541} INFO - Filling up the DagBag from /home/vscode/.local/lib/python3.10/site-packages/airflow/example_dags/example_xcomargs.py
[2025-08-12T16:08:28.063+0000] {processor.py:836} INFO - DAG(s) dict_keys(['example_xcom_args', 'example_xcom_args_with_operators']) retrieved from /home/vscode/.local/lib/python3.10/site-packages/airflow/example_dags/example_xcomargs.py
[2025-08-12T16:08:28.078+0000] {logging_mixin.py:150} INFO - [2025-08-12T16:08:28.078+0000] {dag.py:2742} INFO - Sync 2 DAGs
[2025-08-12T16:08:28.093+0000] {logging_mixin.py:150} INFO - [2025-08-12T16:08:28.093+0000] {dag.py:3504} INFO - Setting next_dagrun for example_xcom_args to None, run_after=None
[2025-08-12T16:08:28.095+0000] {logging_mixin.py:150} INFO - [2025-08-12T16:08:28.095+0000] {dag.py:3504} INFO - Setting next_dagrun for example_xcom_args_with_operators to None, run_after=None
[2025-08-12T16:08:28.112+0000] {processor.py:179} INFO - Processing /home/vscode/.local/lib/python3.10/site-packages/airflow/example_dags/example_xcomargs.py took 0.059 seconds
[2025-08-12T16:09:10.930+0000] {processor.py:157} INFO - Started process (PID=31731) to work on /home/vscode/.local/lib/python3.10/site-packages/airflow/example_dags/example_xcomargs.py
[2025-08-12T16:09:10.931+0000] {processor.py:826} INFO - Processing file /home/vscode/.local/lib/python3.10/site-packages/airflow/example_dags/example_xcomargs.py for tasks to queue
[2025-08-12T16:09:10.931+0000] {logging_mixin.py:150} INFO - [2025-08-12T16:09:10.931+0000] {dagbag.py:541} INFO - Filling up the DagBag from /home/vscode/.local/lib/python3.10/site-packages/airflow/example_dags/example_xcomargs.py
[2025-08-12T16:09:10.937+0000] {processor.py:836} INFO - DAG(s) dict_keys(['example_xcom_args_with_operators', 'example_xcom_args']) retrieved from /home/vscode/.local/lib/python3.10/site-packages/airflow/example_dags/example_xcomargs.py
[2025-08-12T16:09:10.951+0000] {logging_mixin.py:150} INFO - [2025-08-12T16:09:10.951+0000] {dag.py:2742} INFO - Sync 2 DAGs
[2025-08-12T16:09:10.966+0000] {logging_mixin.py:150} INFO - [2025-08-12T16:09:10.966+0000] {dag.py:3504} INFO - Setting next_dagrun for example_xcom_args to None, run_after=None
[2025-08-12T16:09:10.968+0000] {logging_mixin.py:150} INFO - [2025-08-12T16:09:10.968+0000] {dag.py:3504} INFO - Setting next_dagrun for example_xcom_args_with_operators to None, run_after=None
[2025-08-12T16:09:10.983+0000] {processor.py:179} INFO - Processing /home/vscode/.local/lib/python3.10/site-packages/airflow/example_dags/example_xcomargs.py took 0.054 seconds
[2025-08-12T16:09:56.016+0000] {processor.py:157} INFO - Started process (PID=32033) to work on /home/vscode/.local/lib/python3.10/site-packages/airflow/example_dags/example_xcomargs.py
[2025-08-12T16:09:56.017+0000] {processor.py:826} INFO - Processing file /home/vscode/.local/lib/python3.10/site-packages/airflow/example_dags/example_xcomargs.py for tasks to queue
[2025-08-12T16:09:56.018+0000] {logging_mixin.py:150} INFO - [2025-08-12T16:09:56.017+0000] {dagbag.py:541} INFO - Filling up the DagBag from /home/vscode/.local/lib/python3.10/site-packages/airflow/example_dags/example_xcomargs.py
[2025-08-12T16:09:56.024+0000] {processor.py:836} INFO - DAG(s) dict_keys(['example_xcom_args', 'example_xcom_args_with_operators']) retrieved from /home/vscode/.local/lib/python3.10/site-packages/airflow/example_dags/example_xcomargs.py
[2025-08-12T16:09:56.037+0000] {logging_mixin.py:150} INFO - [2025-08-12T16:09:56.037+0000] {dag.py:2742} INFO - Sync 2 DAGs
[2025-08-12T16:09:56.051+0000] {logging_mixin.py:150} INFO - [2025-08-12T16:09:56.051+0000] {dag.py:3504} INFO - Setting next_dagrun for example_xcom_args to None, run_after=None
[2025-08-12T16:09:56.053+0000] {logging_mixin.py:150} INFO - [2025-08-12T16:09:56.053+0000] {dag.py:3504} INFO - Setting next_dagrun for example_xcom_args_with_operators to None, run_after=None
[2025-08-12T16:09:56.068+0000] {processor.py:179} INFO - Processing /home/vscode/.local/lib/python3.10/site-packages/airflow/example_dags/example_xcomargs.py took 0.054 seconds
[2025-08-12T16:10:31.941+0000] {processor.py:157} INFO - Started process (PID=32266) to work on /home/vscode/.local/lib/python3.10/site-packages/airflow/example_dags/example_xcomargs.py
[2025-08-12T16:10:31.942+0000] {processor.py:826} INFO - Processing file /home/vscode/.local/lib/python3.10/site-packages/airflow/example_dags/example_xcomargs.py for tasks to queue
[2025-08-12T16:10:31.942+0000] {logging_mixin.py:150} INFO - [2025-08-12T16:10:31.942+0000] {dagbag.py:541} INFO - Filling up the DagBag from /home/vscode/.local/lib/python3.10/site-packages/airflow/example_dags/example_xcomargs.py
[2025-08-12T16:10:31.948+0000] {processor.py:836} INFO - DAG(s) dict_keys(['example_xcom_args', 'example_xcom_args_with_operators']) retrieved from /home/vscode/.local/lib/python3.10/site-packages/airflow/example_dags/example_xcomargs.py
[2025-08-12T16:10:31.962+0000] {logging_mixin.py:150} INFO - [2025-08-12T16:10:31.961+0000] {dag.py:2742} INFO - Sync 2 DAGs
[2025-08-12T16:10:31.976+0000] {logging_mixin.py:150} INFO - [2025-08-12T16:10:31.976+0000] {dag.py:3504} INFO - Setting next_dagrun for example_xcom_args to None, run_after=None
[2025-08-12T16:10:31.978+0000] {logging_mixin.py:150} INFO - [2025-08-12T16:10:31.978+0000] {dag.py:3504} INFO - Setting next_dagrun for example_xcom_args_with_operators to None, run_after=None
[2025-08-12T16:10:31.993+0000] {processor.py:179} INFO - Processing /home/vscode/.local/lib/python3.10/site-packages/airflow/example_dags/example_xcomargs.py took 0.054 seconds
[2025-08-12T16:11:15.367+0000] {processor.py:157} INFO - Started process (PID=32553) to work on /home/vscode/.local/lib/python3.10/site-packages/airflow/example_dags/example_xcomargs.py
[2025-08-12T16:11:15.367+0000] {processor.py:826} INFO - Processing file /home/vscode/.local/lib/python3.10/site-packages/airflow/example_dags/example_xcomargs.py for tasks to queue
[2025-08-12T16:11:15.368+0000] {logging_mixin.py:150} INFO - [2025-08-12T16:11:15.367+0000] {dagbag.py:541} INFO - Filling up the DagBag from /home/vscode/.local/lib/python3.10/site-packages/airflow/example_dags/example_xcomargs.py
[2025-08-12T16:11:15.374+0000] {processor.py:836} INFO - DAG(s) dict_keys(['example_xcom_args_with_operators', 'example_xcom_args']) retrieved from /home/vscode/.local/lib/python3.10/site-packages/airflow/example_dags/example_xcomargs.py
[2025-08-12T16:11:15.390+0000] {logging_mixin.py:150} INFO - [2025-08-12T16:11:15.390+0000] {dag.py:2742} INFO - Sync 2 DAGs
[2025-08-12T16:11:15.411+0000] {logging_mixin.py:150} INFO - [2025-08-12T16:11:15.411+0000] {dag.py:3504} INFO - Setting next_dagrun for example_xcom_args to None, run_after=None
[2025-08-12T16:11:15.414+0000] {logging_mixin.py:150} INFO - [2025-08-12T16:11:15.414+0000] {dag.py:3504} INFO - Setting next_dagrun for example_xcom_args_with_operators to None, run_after=None
[2025-08-12T16:11:15.434+0000] {processor.py:179} INFO - Processing /home/vscode/.local/lib/python3.10/site-packages/airflow/example_dags/example_xcomargs.py took 0.069 seconds
[2025-08-12T16:12:01.293+0000] {processor.py:157} INFO - Started process (PID=32862) to work on /home/vscode/.local/lib/python3.10/site-packages/airflow/example_dags/example_xcomargs.py
[2025-08-12T16:12:01.293+0000] {processor.py:826} INFO - Processing file /home/vscode/.local/lib/python3.10/site-packages/airflow/example_dags/example_xcomargs.py for tasks to queue
[2025-08-12T16:12:01.294+0000] {logging_mixin.py:150} INFO - [2025-08-12T16:12:01.294+0000] {dagbag.py:541} INFO - Filling up the DagBag from /home/vscode/.local/lib/python3.10/site-packages/airflow/example_dags/example_xcomargs.py
[2025-08-12T16:12:01.300+0000] {processor.py:836} INFO - DAG(s) dict_keys(['example_xcom_args', 'example_xcom_args_with_operators']) retrieved from /home/vscode/.local/lib/python3.10/site-packages/airflow/example_dags/example_xcomargs.py
[2025-08-12T16:12:01.314+0000] {logging_mixin.py:150} INFO - [2025-08-12T16:12:01.314+0000] {dag.py:2742} INFO - Sync 2 DAGs
[2025-08-12T16:12:01.328+0000] {logging_mixin.py:150} INFO - [2025-08-12T16:12:01.328+0000] {dag.py:3504} INFO - Setting next_dagrun for example_xcom_args to None, run_after=None
[2025-08-12T16:12:01.330+0000] {logging_mixin.py:150} INFO - [2025-08-12T16:12:01.330+0000] {dag.py:3504} INFO - Setting next_dagrun for example_xcom_args_with_operators to None, run_after=None
[2025-08-12T16:12:01.343+0000] {processor.py:179} INFO - Processing /home/vscode/.local/lib/python3.10/site-packages/airflow/example_dags/example_xcomargs.py took 0.053 seconds
[2025-08-12T16:12:45.257+0000] {processor.py:157} INFO - Started process (PID=33155) to work on /home/vscode/.local/lib/python3.10/site-packages/airflow/example_dags/example_xcomargs.py
[2025-08-12T16:12:45.258+0000] {processor.py:826} INFO - Processing file /home/vscode/.local/lib/python3.10/site-packages/airflow/example_dags/example_xcomargs.py for tasks to queue
[2025-08-12T16:12:45.258+0000] {logging_mixin.py:150} INFO - [2025-08-12T16:12:45.258+0000] {dagbag.py:541} INFO - Filling up the DagBag from /home/vscode/.local/lib/python3.10/site-packages/airflow/example_dags/example_xcomargs.py
[2025-08-12T16:12:45.264+0000] {processor.py:836} INFO - DAG(s) dict_keys(['example_xcom_args_with_operators', 'example_xcom_args']) retrieved from /home/vscode/.local/lib/python3.10/site-packages/airflow/example_dags/example_xcomargs.py
[2025-08-12T16:12:45.278+0000] {logging_mixin.py:150} INFO - [2025-08-12T16:12:45.278+0000] {dag.py:2742} INFO - Sync 2 DAGs
[2025-08-12T16:12:45.293+0000] {logging_mixin.py:150} INFO - [2025-08-12T16:12:45.293+0000] {dag.py:3504} INFO - Setting next_dagrun for example_xcom_args to None, run_after=None
[2025-08-12T16:12:45.295+0000] {logging_mixin.py:150} INFO - [2025-08-12T16:12:45.295+0000] {dag.py:3504} INFO - Setting next_dagrun for example_xcom_args_with_operators to None, run_after=None
[2025-08-12T16:12:45.310+0000] {processor.py:179} INFO - Processing /home/vscode/.local/lib/python3.10/site-packages/airflow/example_dags/example_xcomargs.py took 0.055 seconds
[2025-08-12T16:13:30.820+0000] {processor.py:157} INFO - Started process (PID=33464) to work on /home/vscode/.local/lib/python3.10/site-packages/airflow/example_dags/example_xcomargs.py
[2025-08-12T16:13:30.821+0000] {processor.py:826} INFO - Processing file /home/vscode/.local/lib/python3.10/site-packages/airflow/example_dags/example_xcomargs.py for tasks to queue
[2025-08-12T16:13:30.822+0000] {logging_mixin.py:150} INFO - [2025-08-12T16:13:30.821+0000] {dagbag.py:541} INFO - Filling up the DagBag from /home/vscode/.local/lib/python3.10/site-packages/airflow/example_dags/example_xcomargs.py
[2025-08-12T16:13:30.828+0000] {processor.py:836} INFO - DAG(s) dict_keys(['example_xcom_args_with_operators', 'example_xcom_args']) retrieved from /home/vscode/.local/lib/python3.10/site-packages/airflow/example_dags/example_xcomargs.py
[2025-08-12T16:13:30.842+0000] {logging_mixin.py:150} INFO - [2025-08-12T16:13:30.842+0000] {dag.py:2742} INFO - Sync 2 DAGs
[2025-08-12T16:13:30.857+0000] {logging_mixin.py:150} INFO - [2025-08-12T16:13:30.857+0000] {dag.py:3504} INFO - Setting next_dagrun for example_xcom_args to None, run_after=None
[2025-08-12T16:13:30.859+0000] {logging_mixin.py:150} INFO - [2025-08-12T16:13:30.859+0000] {dag.py:3504} INFO - Setting next_dagrun for example_xcom_args_with_operators to None, run_after=None
[2025-08-12T16:13:30.876+0000] {processor.py:179} INFO - Processing /home/vscode/.local/lib/python3.10/site-packages/airflow/example_dags/example_xcomargs.py took 0.057 seconds
[2025-08-12T16:14:12.466+0000] {processor.py:157} INFO - Started process (PID=33737) to work on /home/vscode/.local/lib/python3.10/site-packages/airflow/example_dags/example_xcomargs.py
[2025-08-12T16:14:12.467+0000] {processor.py:826} INFO - Processing file /home/vscode/.local/lib/python3.10/site-packages/airflow/example_dags/example_xcomargs.py for tasks to queue
[2025-08-12T16:14:12.467+0000] {logging_mixin.py:150} INFO - [2025-08-12T16:14:12.467+0000] {dagbag.py:541} INFO - Filling up the DagBag from /home/vscode/.local/lib/python3.10/site-packages/airflow/example_dags/example_xcomargs.py
[2025-08-12T16:14:12.473+0000] {processor.py:836} INFO - DAG(s) dict_keys(['example_xcom_args', 'example_xcom_args_with_operators']) retrieved from /home/vscode/.local/lib/python3.10/site-packages/airflow/example_dags/example_xcomargs.py
[2025-08-12T16:14:12.487+0000] {logging_mixin.py:150} INFO - [2025-08-12T16:14:12.487+0000] {dag.py:2742} INFO - Sync 2 DAGs
[2025-08-12T16:14:12.501+0000] {logging_mixin.py:150} INFO - [2025-08-12T16:14:12.501+0000] {dag.py:3504} INFO - Setting next_dagrun for example_xcom_args to None, run_after=None
[2025-08-12T16:14:12.503+0000] {logging_mixin.py:150} INFO - [2025-08-12T16:14:12.503+0000] {dag.py:3504} INFO - Setting next_dagrun for example_xcom_args_with_operators to None, run_after=None
[2025-08-12T16:14:12.517+0000] {processor.py:179} INFO - Processing /home/vscode/.local/lib/python3.10/site-packages/airflow/example_dags/example_xcomargs.py took 0.053 seconds
[2025-08-12T16:14:54.889+0000] {processor.py:157} INFO - Started process (PID=34015) to work on /home/vscode/.local/lib/python3.10/site-packages/airflow/example_dags/example_xcomargs.py
[2025-08-12T16:14:54.890+0000] {processor.py:826} INFO - Processing file /home/vscode/.local/lib/python3.10/site-packages/airflow/example_dags/example_xcomargs.py for tasks to queue
[2025-08-12T16:14:54.890+0000] {logging_mixin.py:150} INFO - [2025-08-12T16:14:54.890+0000] {dagbag.py:541} INFO - Filling up the DagBag from /home/vscode/.local/lib/python3.10/site-packages/airflow/example_dags/example_xcomargs.py
[2025-08-12T16:14:54.896+0000] {processor.py:836} INFO - DAG(s) dict_keys(['example_xcom_args_with_operators', 'example_xcom_args']) retrieved from /home/vscode/.local/lib/python3.10/site-packages/airflow/example_dags/example_xcomargs.py
[2025-08-12T16:14:54.911+0000] {logging_mixin.py:150} INFO - [2025-08-12T16:14:54.911+0000] {dag.py:2742} INFO - Sync 2 DAGs
[2025-08-12T16:14:54.925+0000] {logging_mixin.py:150} INFO - [2025-08-12T16:14:54.925+0000] {dag.py:3504} INFO - Setting next_dagrun for example_xcom_args to None, run_after=None
[2025-08-12T16:14:54.927+0000] {logging_mixin.py:150} INFO - [2025-08-12T16:14:54.927+0000] {dag.py:3504} INFO - Setting next_dagrun for example_xcom_args_with_operators to None, run_after=None
[2025-08-12T16:14:54.942+0000] {processor.py:179} INFO - Processing /home/vscode/.local/lib/python3.10/site-packages/airflow/example_dags/example_xcomargs.py took 0.055 seconds
[2025-08-12T16:15:36.566+0000] {processor.py:157} INFO - Started process (PID=34292) to work on /home/vscode/.local/lib/python3.10/site-packages/airflow/example_dags/example_xcomargs.py
[2025-08-12T16:15:36.567+0000] {processor.py:826} INFO - Processing file /home/vscode/.local/lib/python3.10/site-packages/airflow/example_dags/example_xcomargs.py for tasks to queue
[2025-08-12T16:15:36.567+0000] {logging_mixin.py:150} INFO - [2025-08-12T16:15:36.567+0000] {dagbag.py:541} INFO - Filling up the DagBag from /home/vscode/.local/lib/python3.10/site-packages/airflow/example_dags/example_xcomargs.py
[2025-08-12T16:15:36.573+0000] {processor.py:836} INFO - DAG(s) dict_keys(['example_xcom_args_with_operators', 'example_xcom_args']) retrieved from /home/vscode/.local/lib/python3.10/site-packages/airflow/example_dags/example_xcomargs.py
[2025-08-12T16:15:36.587+0000] {logging_mixin.py:150} INFO - [2025-08-12T16:15:36.587+0000] {dag.py:2742} INFO - Sync 2 DAGs
[2025-08-12T16:15:36.602+0000] {logging_mixin.py:150} INFO - [2025-08-12T16:15:36.601+0000] {dag.py:3504} INFO - Setting next_dagrun for example_xcom_args to None, run_after=None
[2025-08-12T16:15:36.604+0000] {logging_mixin.py:150} INFO - [2025-08-12T16:15:36.603+0000] {dag.py:3504} INFO - Setting next_dagrun for example_xcom_args_with_operators to None, run_after=None
[2025-08-12T16:15:36.617+0000] {processor.py:179} INFO - Processing /home/vscode/.local/lib/python3.10/site-packages/airflow/example_dags/example_xcomargs.py took 0.053 seconds
[2025-08-12T16:16:17.109+0000] {processor.py:157} INFO - Started process (PID=34569) to work on /home/vscode/.local/lib/python3.10/site-packages/airflow/example_dags/example_xcomargs.py
[2025-08-12T16:16:17.109+0000] {processor.py:826} INFO - Processing file /home/vscode/.local/lib/python3.10/site-packages/airflow/example_dags/example_xcomargs.py for tasks to queue
[2025-08-12T16:16:17.110+0000] {logging_mixin.py:150} INFO - [2025-08-12T16:16:17.110+0000] {dagbag.py:541} INFO - Filling up the DagBag from /home/vscode/.local/lib/python3.10/site-packages/airflow/example_dags/example_xcomargs.py
[2025-08-12T16:16:17.116+0000] {processor.py:836} INFO - DAG(s) dict_keys(['example_xcom_args_with_operators', 'example_xcom_args']) retrieved from /home/vscode/.local/lib/python3.10/site-packages/airflow/example_dags/example_xcomargs.py
[2025-08-12T16:16:17.130+0000] {logging_mixin.py:150} INFO - [2025-08-12T16:16:17.130+0000] {dag.py:2742} INFO - Sync 2 DAGs
[2025-08-12T16:16:17.144+0000] {logging_mixin.py:150} INFO - [2025-08-12T16:16:17.144+0000] {dag.py:3504} INFO - Setting next_dagrun for example_xcom_args to None, run_after=None
[2025-08-12T16:16:17.146+0000] {logging_mixin.py:150} INFO - [2025-08-12T16:16:17.146+0000] {dag.py:3504} INFO - Setting next_dagrun for example_xcom_args_with_operators to None, run_after=None
[2025-08-12T16:16:17.160+0000] {processor.py:179} INFO - Processing /home/vscode/.local/lib/python3.10/site-packages/airflow/example_dags/example_xcomargs.py took 0.054 seconds
[2025-08-12T16:16:58.973+0000] {processor.py:157} INFO - Started process (PID=34846) to work on /home/vscode/.local/lib/python3.10/site-packages/airflow/example_dags/example_xcomargs.py
[2025-08-12T16:16:58.974+0000] {processor.py:826} INFO - Processing file /home/vscode/.local/lib/python3.10/site-packages/airflow/example_dags/example_xcomargs.py for tasks to queue
[2025-08-12T16:16:58.975+0000] {logging_mixin.py:150} INFO - [2025-08-12T16:16:58.974+0000] {dagbag.py:541} INFO - Filling up the DagBag from /home/vscode/.local/lib/python3.10/site-packages/airflow/example_dags/example_xcomargs.py
[2025-08-12T16:16:58.980+0000] {processor.py:836} INFO - DAG(s) dict_keys(['example_xcom_args_with_operators', 'example_xcom_args']) retrieved from /home/vscode/.local/lib/python3.10/site-packages/airflow/example_dags/example_xcomargs.py
[2025-08-12T16:16:58.994+0000] {logging_mixin.py:150} INFO - [2025-08-12T16:16:58.994+0000] {dag.py:2742} INFO - Sync 2 DAGs
[2025-08-12T16:16:59.009+0000] {logging_mixin.py:150} INFO - [2025-08-12T16:16:59.009+0000] {dag.py:3504} INFO - Setting next_dagrun for example_xcom_args to None, run_after=None
[2025-08-12T16:16:59.011+0000] {logging_mixin.py:150} INFO - [2025-08-12T16:16:59.011+0000] {dag.py:3504} INFO - Setting next_dagrun for example_xcom_args_with_operators to None, run_after=None
[2025-08-12T16:16:59.026+0000] {processor.py:179} INFO - Processing /home/vscode/.local/lib/python3.10/site-packages/airflow/example_dags/example_xcomargs.py took 0.055 seconds
[2025-08-12T16:17:40.591+0000] {processor.py:157} INFO - Started process (PID=35123) to work on /home/vscode/.local/lib/python3.10/site-packages/airflow/example_dags/example_xcomargs.py
[2025-08-12T16:17:40.592+0000] {processor.py:826} INFO - Processing file /home/vscode/.local/lib/python3.10/site-packages/airflow/example_dags/example_xcomargs.py for tasks to queue
[2025-08-12T16:17:40.592+0000] {logging_mixin.py:150} INFO - [2025-08-12T16:17:40.592+0000] {dagbag.py:541} INFO - Filling up the DagBag from /home/vscode/.local/lib/python3.10/site-packages/airflow/example_dags/example_xcomargs.py
[2025-08-12T16:17:40.598+0000] {processor.py:836} INFO - DAG(s) dict_keys(['example_xcom_args', 'example_xcom_args_with_operators']) retrieved from /home/vscode/.local/lib/python3.10/site-packages/airflow/example_dags/example_xcomargs.py
[2025-08-12T16:17:40.615+0000] {logging_mixin.py:150} INFO - [2025-08-12T16:17:40.614+0000] {dag.py:2742} INFO - Sync 2 DAGs
[2025-08-12T16:17:40.631+0000] {logging_mixin.py:150} INFO - [2025-08-12T16:17:40.630+0000] {dag.py:3504} INFO - Setting next_dagrun for example_xcom_args to None, run_after=None
[2025-08-12T16:17:40.633+0000] {logging_mixin.py:150} INFO - [2025-08-12T16:17:40.633+0000] {dag.py:3504} INFO - Setting next_dagrun for example_xcom_args_with_operators to None, run_after=None
[2025-08-12T16:17:40.646+0000] {processor.py:179} INFO - Processing /home/vscode/.local/lib/python3.10/site-packages/airflow/example_dags/example_xcomargs.py took 0.057 seconds
[2025-08-12T16:18:19.465+0000] {processor.py:157} INFO - Started process (PID=35382) to work on /home/vscode/.local/lib/python3.10/site-packages/airflow/example_dags/example_xcomargs.py
[2025-08-12T16:18:19.466+0000] {processor.py:826} INFO - Processing file /home/vscode/.local/lib/python3.10/site-packages/airflow/example_dags/example_xcomargs.py for tasks to queue
[2025-08-12T16:18:19.467+0000] {logging_mixin.py:150} INFO - [2025-08-12T16:18:19.466+0000] {dagbag.py:541} INFO - Filling up the DagBag from /home/vscode/.local/lib/python3.10/site-packages/airflow/example_dags/example_xcomargs.py
[2025-08-12T16:18:19.478+0000] {processor.py:836} INFO - DAG(s) dict_keys(['example_xcom_args_with_operators', 'example_xcom_args']) retrieved from /home/vscode/.local/lib/python3.10/site-packages/airflow/example_dags/example_xcomargs.py
[2025-08-12T16:18:19.495+0000] {logging_mixin.py:150} INFO - [2025-08-12T16:18:19.495+0000] {dag.py:2742} INFO - Sync 2 DAGs
[2025-08-12T16:18:19.510+0000] {logging_mixin.py:150} INFO - [2025-08-12T16:18:19.510+0000] {dag.py:3504} INFO - Setting next_dagrun for example_xcom_args to None, run_after=None
[2025-08-12T16:18:19.513+0000] {logging_mixin.py:150} INFO - [2025-08-12T16:18:19.513+0000] {dag.py:3504} INFO - Setting next_dagrun for example_xcom_args_with_operators to None, run_after=None
[2025-08-12T16:18:19.527+0000] {processor.py:179} INFO - Processing /home/vscode/.local/lib/python3.10/site-packages/airflow/example_dags/example_xcomargs.py took 0.065 seconds
[2025-08-12T16:19:00.687+0000] {processor.py:157} INFO - Started process (PID=35659) to work on /home/vscode/.local/lib/python3.10/site-packages/airflow/example_dags/example_xcomargs.py
[2025-08-12T16:19:00.688+0000] {processor.py:826} INFO - Processing file /home/vscode/.local/lib/python3.10/site-packages/airflow/example_dags/example_xcomargs.py for tasks to queue
[2025-08-12T16:19:00.689+0000] {logging_mixin.py:150} INFO - [2025-08-12T16:19:00.688+0000] {dagbag.py:541} INFO - Filling up the DagBag from /home/vscode/.local/lib/python3.10/site-packages/airflow/example_dags/example_xcomargs.py
[2025-08-12T16:19:00.695+0000] {processor.py:836} INFO - DAG(s) dict_keys(['example_xcom_args_with_operators', 'example_xcom_args']) retrieved from /home/vscode/.local/lib/python3.10/site-packages/airflow/example_dags/example_xcomargs.py
[2025-08-12T16:19:00.714+0000] {logging_mixin.py:150} INFO - [2025-08-12T16:19:00.714+0000] {dag.py:2742} INFO - Sync 2 DAGs
[2025-08-12T16:19:00.738+0000] {logging_mixin.py:150} INFO - [2025-08-12T16:19:00.738+0000] {dag.py:3504} INFO - Setting next_dagrun for example_xcom_args to None, run_after=None
[2025-08-12T16:19:00.741+0000] {logging_mixin.py:150} INFO - [2025-08-12T16:19:00.741+0000] {dag.py:3504} INFO - Setting next_dagrun for example_xcom_args_with_operators to None, run_after=None
[2025-08-12T16:19:00.781+0000] {processor.py:179} INFO - Processing /home/vscode/.local/lib/python3.10/site-packages/airflow/example_dags/example_xcomargs.py took 0.096 seconds
[2025-08-12T16:19:48.125+0000] {processor.py:157} INFO - Started process (PID=35975) to work on /home/vscode/.local/lib/python3.10/site-packages/airflow/example_dags/example_xcomargs.py
[2025-08-12T16:19:48.125+0000] {processor.py:826} INFO - Processing file /home/vscode/.local/lib/python3.10/site-packages/airflow/example_dags/example_xcomargs.py for tasks to queue
[2025-08-12T16:19:48.126+0000] {logging_mixin.py:150} INFO - [2025-08-12T16:19:48.126+0000] {dagbag.py:541} INFO - Filling up the DagBag from /home/vscode/.local/lib/python3.10/site-packages/airflow/example_dags/example_xcomargs.py
[2025-08-12T16:19:48.132+0000] {processor.py:836} INFO - DAG(s) dict_keys(['example_xcom_args_with_operators', 'example_xcom_args']) retrieved from /home/vscode/.local/lib/python3.10/site-packages/airflow/example_dags/example_xcomargs.py
[2025-08-12T16:19:48.153+0000] {logging_mixin.py:150} INFO - [2025-08-12T16:19:48.152+0000] {dag.py:2742} INFO - Sync 2 DAGs
[2025-08-12T16:19:48.174+0000] {logging_mixin.py:150} INFO - [2025-08-12T16:19:48.174+0000] {dag.py:3504} INFO - Setting next_dagrun for example_xcom_args to None, run_after=None
[2025-08-12T16:19:48.177+0000] {logging_mixin.py:150} INFO - [2025-08-12T16:19:48.177+0000] {dag.py:3504} INFO - Setting next_dagrun for example_xcom_args_with_operators to None, run_after=None
[2025-08-12T16:19:48.198+0000] {processor.py:179} INFO - Processing /home/vscode/.local/lib/python3.10/site-packages/airflow/example_dags/example_xcomargs.py took 0.075 seconds
[2025-08-12T16:20:34.313+0000] {processor.py:157} INFO - Started process (PID=36278) to work on /home/vscode/.local/lib/python3.10/site-packages/airflow/example_dags/example_xcomargs.py
[2025-08-12T16:20:34.313+0000] {processor.py:826} INFO - Processing file /home/vscode/.local/lib/python3.10/site-packages/airflow/example_dags/example_xcomargs.py for tasks to queue
[2025-08-12T16:20:34.314+0000] {logging_mixin.py:150} INFO - [2025-08-12T16:20:34.314+0000] {dagbag.py:541} INFO - Filling up the DagBag from /home/vscode/.local/lib/python3.10/site-packages/airflow/example_dags/example_xcomargs.py
[2025-08-12T16:20:34.320+0000] {processor.py:836} INFO - DAG(s) dict_keys(['example_xcom_args', 'example_xcom_args_with_operators']) retrieved from /home/vscode/.local/lib/python3.10/site-packages/airflow/example_dags/example_xcomargs.py
[2025-08-12T16:20:34.334+0000] {logging_mixin.py:150} INFO - [2025-08-12T16:20:34.334+0000] {dag.py:2742} INFO - Sync 2 DAGs
[2025-08-12T16:20:34.348+0000] {logging_mixin.py:150} INFO - [2025-08-12T16:20:34.348+0000] {dag.py:3504} INFO - Setting next_dagrun for example_xcom_args to None, run_after=None
[2025-08-12T16:20:34.350+0000] {logging_mixin.py:150} INFO - [2025-08-12T16:20:34.350+0000] {dag.py:3504} INFO - Setting next_dagrun for example_xcom_args_with_operators to None, run_after=None
[2025-08-12T16:20:34.365+0000] {processor.py:179} INFO - Processing /home/vscode/.local/lib/python3.10/site-packages/airflow/example_dags/example_xcomargs.py took 0.054 seconds
[2025-08-12T16:21:14.304+0000] {processor.py:157} INFO - Started process (PID=36546) to work on /home/vscode/.local/lib/python3.10/site-packages/airflow/example_dags/example_xcomargs.py
[2025-08-12T16:21:14.305+0000] {processor.py:826} INFO - Processing file /home/vscode/.local/lib/python3.10/site-packages/airflow/example_dags/example_xcomargs.py for tasks to queue
[2025-08-12T16:21:14.306+0000] {logging_mixin.py:150} INFO - [2025-08-12T16:21:14.305+0000] {dagbag.py:541} INFO - Filling up the DagBag from /home/vscode/.local/lib/python3.10/site-packages/airflow/example_dags/example_xcomargs.py
[2025-08-12T16:21:14.311+0000] {processor.py:836} INFO - DAG(s) dict_keys(['example_xcom_args', 'example_xcom_args_with_operators']) retrieved from /home/vscode/.local/lib/python3.10/site-packages/airflow/example_dags/example_xcomargs.py
[2025-08-12T16:21:14.325+0000] {logging_mixin.py:150} INFO - [2025-08-12T16:21:14.325+0000] {dag.py:2742} INFO - Sync 2 DAGs
[2025-08-12T16:21:14.340+0000] {logging_mixin.py:150} INFO - [2025-08-12T16:21:14.339+0000] {dag.py:3504} INFO - Setting next_dagrun for example_xcom_args to None, run_after=None
[2025-08-12T16:21:14.342+0000] {logging_mixin.py:150} INFO - [2025-08-12T16:21:14.342+0000] {dag.py:3504} INFO - Setting next_dagrun for example_xcom_args_with_operators to None, run_after=None
[2025-08-12T16:21:14.356+0000] {processor.py:179} INFO - Processing /home/vscode/.local/lib/python3.10/site-packages/airflow/example_dags/example_xcomargs.py took 0.053 seconds
[2025-08-12T16:21:48.725+0000] {processor.py:157} INFO - Started process (PID=36779) to work on /home/vscode/.local/lib/python3.10/site-packages/airflow/example_dags/example_xcomargs.py
[2025-08-12T16:21:48.726+0000] {processor.py:826} INFO - Processing file /home/vscode/.local/lib/python3.10/site-packages/airflow/example_dags/example_xcomargs.py for tasks to queue
[2025-08-12T16:21:48.727+0000] {logging_mixin.py:150} INFO - [2025-08-12T16:21:48.726+0000] {dagbag.py:541} INFO - Filling up the DagBag from /home/vscode/.local/lib/python3.10/site-packages/airflow/example_dags/example_xcomargs.py
[2025-08-12T16:21:48.735+0000] {processor.py:836} INFO - DAG(s) dict_keys(['example_xcom_args_with_operators', 'example_xcom_args']) retrieved from /home/vscode/.local/lib/python3.10/site-packages/airflow/example_dags/example_xcomargs.py
[2025-08-12T16:21:48.751+0000] {logging_mixin.py:150} INFO - [2025-08-12T16:21:48.750+0000] {dag.py:2742} INFO - Sync 2 DAGs
[2025-08-12T16:21:48.765+0000] {logging_mixin.py:150} INFO - [2025-08-12T16:21:48.764+0000] {dag.py:3504} INFO - Setting next_dagrun for example_xcom_args to None, run_after=None
[2025-08-12T16:21:48.767+0000] {logging_mixin.py:150} INFO - [2025-08-12T16:21:48.767+0000] {dag.py:3504} INFO - Setting next_dagrun for example_xcom_args_with_operators to None, run_after=None
[2025-08-12T16:21:48.781+0000] {processor.py:179} INFO - Processing /home/vscode/.local/lib/python3.10/site-packages/airflow/example_dags/example_xcomargs.py took 0.057 seconds
[2025-08-12T16:22:27.261+0000] {processor.py:157} INFO - Started process (PID=37030) to work on /home/vscode/.local/lib/python3.10/site-packages/airflow/example_dags/example_xcomargs.py
[2025-08-12T16:22:27.262+0000] {processor.py:826} INFO - Processing file /home/vscode/.local/lib/python3.10/site-packages/airflow/example_dags/example_xcomargs.py for tasks to queue
[2025-08-12T16:22:27.262+0000] {logging_mixin.py:150} INFO - [2025-08-12T16:22:27.262+0000] {dagbag.py:541} INFO - Filling up the DagBag from /home/vscode/.local/lib/python3.10/site-packages/airflow/example_dags/example_xcomargs.py
[2025-08-12T16:22:27.268+0000] {processor.py:836} INFO - DAG(s) dict_keys(['example_xcom_args_with_operators', 'example_xcom_args']) retrieved from /home/vscode/.local/lib/python3.10/site-packages/airflow/example_dags/example_xcomargs.py
[2025-08-12T16:22:27.282+0000] {logging_mixin.py:150} INFO - [2025-08-12T16:22:27.282+0000] {dag.py:2742} INFO - Sync 2 DAGs
[2025-08-12T16:22:27.296+0000] {logging_mixin.py:150} INFO - [2025-08-12T16:22:27.296+0000] {dag.py:3504} INFO - Setting next_dagrun for example_xcom_args to None, run_after=None
[2025-08-12T16:22:27.298+0000] {logging_mixin.py:150} INFO - [2025-08-12T16:22:27.298+0000] {dag.py:3504} INFO - Setting next_dagrun for example_xcom_args_with_operators to None, run_after=None
[2025-08-12T16:22:27.313+0000] {processor.py:179} INFO - Processing /home/vscode/.local/lib/python3.10/site-packages/airflow/example_dags/example_xcomargs.py took 0.054 seconds
[2025-08-12T16:23:12.386+0000] {processor.py:157} INFO - Started process (PID=37330) to work on /home/vscode/.local/lib/python3.10/site-packages/airflow/example_dags/example_xcomargs.py
[2025-08-12T16:23:12.386+0000] {processor.py:826} INFO - Processing file /home/vscode/.local/lib/python3.10/site-packages/airflow/example_dags/example_xcomargs.py for tasks to queue
[2025-08-12T16:23:12.387+0000] {logging_mixin.py:150} INFO - [2025-08-12T16:23:12.387+0000] {dagbag.py:541} INFO - Filling up the DagBag from /home/vscode/.local/lib/python3.10/site-packages/airflow/example_dags/example_xcomargs.py
[2025-08-12T16:23:12.393+0000] {processor.py:836} INFO - DAG(s) dict_keys(['example_xcom_args', 'example_xcom_args_with_operators']) retrieved from /home/vscode/.local/lib/python3.10/site-packages/airflow/example_dags/example_xcomargs.py
[2025-08-12T16:23:12.407+0000] {logging_mixin.py:150} INFO - [2025-08-12T16:23:12.407+0000] {dag.py:2742} INFO - Sync 2 DAGs
[2025-08-12T16:23:12.421+0000] {logging_mixin.py:150} INFO - [2025-08-12T16:23:12.421+0000] {dag.py:3504} INFO - Setting next_dagrun for example_xcom_args to None, run_after=None
[2025-08-12T16:23:12.424+0000] {logging_mixin.py:150} INFO - [2025-08-12T16:23:12.424+0000] {dag.py:3504} INFO - Setting next_dagrun for example_xcom_args_with_operators to None, run_after=None
[2025-08-12T16:23:12.438+0000] {processor.py:179} INFO - Processing /home/vscode/.local/lib/python3.10/site-packages/airflow/example_dags/example_xcomargs.py took 0.054 seconds
[2025-08-12T16:23:58.020+0000] {processor.py:157} INFO - Started process (PID=37638) to work on /home/vscode/.local/lib/python3.10/site-packages/airflow/example_dags/example_xcomargs.py
[2025-08-12T16:23:58.021+0000] {processor.py:826} INFO - Processing file /home/vscode/.local/lib/python3.10/site-packages/airflow/example_dags/example_xcomargs.py for tasks to queue
[2025-08-12T16:23:58.021+0000] {logging_mixin.py:150} INFO - [2025-08-12T16:23:58.021+0000] {dagbag.py:541} INFO - Filling up the DagBag from /home/vscode/.local/lib/python3.10/site-packages/airflow/example_dags/example_xcomargs.py
[2025-08-12T16:23:58.027+0000] {processor.py:836} INFO - DAG(s) dict_keys(['example_xcom_args_with_operators', 'example_xcom_args']) retrieved from /home/vscode/.local/lib/python3.10/site-packages/airflow/example_dags/example_xcomargs.py
[2025-08-12T16:23:58.040+0000] {logging_mixin.py:150} INFO - [2025-08-12T16:23:58.040+0000] {dag.py:2742} INFO - Sync 2 DAGs
[2025-08-12T16:23:58.054+0000] {logging_mixin.py:150} INFO - [2025-08-12T16:23:58.054+0000] {dag.py:3504} INFO - Setting next_dagrun for example_xcom_args to None, run_after=None
[2025-08-12T16:23:58.056+0000] {logging_mixin.py:150} INFO - [2025-08-12T16:23:58.056+0000] {dag.py:3504} INFO - Setting next_dagrun for example_xcom_args_with_operators to None, run_after=None
[2025-08-12T16:23:58.070+0000] {processor.py:179} INFO - Processing /home/vscode/.local/lib/python3.10/site-packages/airflow/example_dags/example_xcomargs.py took 0.052 seconds
[2025-08-12T16:24:39.765+0000] {processor.py:157} INFO - Started process (PID=37908) to work on /home/vscode/.local/lib/python3.10/site-packages/airflow/example_dags/example_xcomargs.py
[2025-08-12T16:24:39.766+0000] {processor.py:826} INFO - Processing file /home/vscode/.local/lib/python3.10/site-packages/airflow/example_dags/example_xcomargs.py for tasks to queue
[2025-08-12T16:24:39.767+0000] {logging_mixin.py:150} INFO - [2025-08-12T16:24:39.766+0000] {dagbag.py:541} INFO - Filling up the DagBag from /home/vscode/.local/lib/python3.10/site-packages/airflow/example_dags/example_xcomargs.py
[2025-08-12T16:24:39.773+0000] {processor.py:836} INFO - DAG(s) dict_keys(['example_xcom_args', 'example_xcom_args_with_operators']) retrieved from /home/vscode/.local/lib/python3.10/site-packages/airflow/example_dags/example_xcomargs.py
[2025-08-12T16:24:39.787+0000] {logging_mixin.py:150} INFO - [2025-08-12T16:24:39.787+0000] {dag.py:2742} INFO - Sync 2 DAGs
[2025-08-12T16:24:39.801+0000] {logging_mixin.py:150} INFO - [2025-08-12T16:24:39.801+0000] {dag.py:3504} INFO - Setting next_dagrun for example_xcom_args to None, run_after=None
[2025-08-12T16:24:39.803+0000] {logging_mixin.py:150} INFO - [2025-08-12T16:24:39.803+0000] {dag.py:3504} INFO - Setting next_dagrun for example_xcom_args_with_operators to None, run_after=None
[2025-08-12T16:24:39.818+0000] {processor.py:179} INFO - Processing /home/vscode/.local/lib/python3.10/site-packages/airflow/example_dags/example_xcomargs.py took 0.055 seconds
[2025-08-12T16:25:24.122+0000] {processor.py:157} INFO - Started process (PID=38208) to work on /home/vscode/.local/lib/python3.10/site-packages/airflow/example_dags/example_xcomargs.py
[2025-08-12T16:25:24.123+0000] {processor.py:826} INFO - Processing file /home/vscode/.local/lib/python3.10/site-packages/airflow/example_dags/example_xcomargs.py for tasks to queue
[2025-08-12T16:25:24.123+0000] {logging_mixin.py:150} INFO - [2025-08-12T16:25:24.123+0000] {dagbag.py:541} INFO - Filling up the DagBag from /home/vscode/.local/lib/python3.10/site-packages/airflow/example_dags/example_xcomargs.py
[2025-08-12T16:25:24.129+0000] {processor.py:836} INFO - DAG(s) dict_keys(['example_xcom_args', 'example_xcom_args_with_operators']) retrieved from /home/vscode/.local/lib/python3.10/site-packages/airflow/example_dags/example_xcomargs.py
[2025-08-12T16:25:24.143+0000] {logging_mixin.py:150} INFO - [2025-08-12T16:25:24.143+0000] {dag.py:2742} INFO - Sync 2 DAGs
[2025-08-12T16:25:24.157+0000] {logging_mixin.py:150} INFO - [2025-08-12T16:25:24.157+0000] {dag.py:3504} INFO - Setting next_dagrun for example_xcom_args to None, run_after=None
[2025-08-12T16:25:24.159+0000] {logging_mixin.py:150} INFO - [2025-08-12T16:25:24.159+0000] {dag.py:3504} INFO - Setting next_dagrun for example_xcom_args_with_operators to None, run_after=None
[2025-08-12T16:25:24.173+0000] {processor.py:179} INFO - Processing /home/vscode/.local/lib/python3.10/site-packages/airflow/example_dags/example_xcomargs.py took 0.053 seconds
[2025-08-12T16:26:10.637+0000] {processor.py:157} INFO - Started process (PID=38510) to work on /home/vscode/.local/lib/python3.10/site-packages/airflow/example_dags/example_xcomargs.py
[2025-08-12T16:26:10.638+0000] {processor.py:826} INFO - Processing file /home/vscode/.local/lib/python3.10/site-packages/airflow/example_dags/example_xcomargs.py for tasks to queue
[2025-08-12T16:26:10.638+0000] {logging_mixin.py:150} INFO - [2025-08-12T16:26:10.638+0000] {dagbag.py:541} INFO - Filling up the DagBag from /home/vscode/.local/lib/python3.10/site-packages/airflow/example_dags/example_xcomargs.py
[2025-08-12T16:26:10.644+0000] {processor.py:836} INFO - DAG(s) dict_keys(['example_xcom_args', 'example_xcom_args_with_operators']) retrieved from /home/vscode/.local/lib/python3.10/site-packages/airflow/example_dags/example_xcomargs.py
[2025-08-12T16:26:10.658+0000] {logging_mixin.py:150} INFO - [2025-08-12T16:26:10.657+0000] {dag.py:2742} INFO - Sync 2 DAGs
[2025-08-12T16:26:10.671+0000] {logging_mixin.py:150} INFO - [2025-08-12T16:26:10.671+0000] {dag.py:3504} INFO - Setting next_dagrun for example_xcom_args to None, run_after=None
[2025-08-12T16:26:10.673+0000] {logging_mixin.py:150} INFO - [2025-08-12T16:26:10.673+0000] {dag.py:3504} INFO - Setting next_dagrun for example_xcom_args_with_operators to None, run_after=None
[2025-08-12T16:26:10.686+0000] {processor.py:179} INFO - Processing /home/vscode/.local/lib/python3.10/site-packages/airflow/example_dags/example_xcomargs.py took 0.051 seconds
[2025-08-12T16:26:49.404+0000] {processor.py:157} INFO - Started process (PID=38771) to work on /home/vscode/.local/lib/python3.10/site-packages/airflow/example_dags/example_xcomargs.py
[2025-08-12T16:26:49.404+0000] {processor.py:826} INFO - Processing file /home/vscode/.local/lib/python3.10/site-packages/airflow/example_dags/example_xcomargs.py for tasks to queue
[2025-08-12T16:26:49.405+0000] {logging_mixin.py:150} INFO - [2025-08-12T16:26:49.404+0000] {dagbag.py:541} INFO - Filling up the DagBag from /home/vscode/.local/lib/python3.10/site-packages/airflow/example_dags/example_xcomargs.py
[2025-08-12T16:26:49.411+0000] {processor.py:836} INFO - DAG(s) dict_keys(['example_xcom_args_with_operators', 'example_xcom_args']) retrieved from /home/vscode/.local/lib/python3.10/site-packages/airflow/example_dags/example_xcomargs.py
[2025-08-12T16:26:49.424+0000] {logging_mixin.py:150} INFO - [2025-08-12T16:26:49.424+0000] {dag.py:2742} INFO - Sync 2 DAGs
[2025-08-12T16:26:49.438+0000] {logging_mixin.py:150} INFO - [2025-08-12T16:26:49.438+0000] {dag.py:3504} INFO - Setting next_dagrun for example_xcom_args to None, run_after=None
[2025-08-12T16:26:49.440+0000] {logging_mixin.py:150} INFO - [2025-08-12T16:26:49.440+0000] {dag.py:3504} INFO - Setting next_dagrun for example_xcom_args_with_operators to None, run_after=None
[2025-08-12T16:26:49.455+0000] {processor.py:179} INFO - Processing /home/vscode/.local/lib/python3.10/site-packages/airflow/example_dags/example_xcomargs.py took 0.054 seconds
[2025-08-12T16:27:33.367+0000] {processor.py:157} INFO - Started process (PID=39070) to work on /home/vscode/.local/lib/python3.10/site-packages/airflow/example_dags/example_xcomargs.py
[2025-08-12T16:27:33.368+0000] {processor.py:826} INFO - Processing file /home/vscode/.local/lib/python3.10/site-packages/airflow/example_dags/example_xcomargs.py for tasks to queue
[2025-08-12T16:27:33.369+0000] {logging_mixin.py:150} INFO - [2025-08-12T16:27:33.368+0000] {dagbag.py:541} INFO - Filling up the DagBag from /home/vscode/.local/lib/python3.10/site-packages/airflow/example_dags/example_xcomargs.py
[2025-08-12T16:27:33.374+0000] {processor.py:836} INFO - DAG(s) dict_keys(['example_xcom_args_with_operators', 'example_xcom_args']) retrieved from /home/vscode/.local/lib/python3.10/site-packages/airflow/example_dags/example_xcomargs.py
[2025-08-12T16:27:33.387+0000] {logging_mixin.py:150} INFO - [2025-08-12T16:27:33.387+0000] {dag.py:2742} INFO - Sync 2 DAGs
[2025-08-12T16:27:33.403+0000] {logging_mixin.py:150} INFO - [2025-08-12T16:27:33.403+0000] {dag.py:3504} INFO - Setting next_dagrun for example_xcom_args to None, run_after=None
[2025-08-12T16:27:33.405+0000] {logging_mixin.py:150} INFO - [2025-08-12T16:27:33.405+0000] {dag.py:3504} INFO - Setting next_dagrun for example_xcom_args_with_operators to None, run_after=None
[2025-08-12T16:27:33.419+0000] {processor.py:179} INFO - Processing /home/vscode/.local/lib/python3.10/site-packages/airflow/example_dags/example_xcomargs.py took 0.054 seconds
[2025-08-12T16:28:17.472+0000] {processor.py:157} INFO - Started process (PID=39357) to work on /home/vscode/.local/lib/python3.10/site-packages/airflow/example_dags/example_xcomargs.py
[2025-08-12T16:28:17.473+0000] {processor.py:826} INFO - Processing file /home/vscode/.local/lib/python3.10/site-packages/airflow/example_dags/example_xcomargs.py for tasks to queue
[2025-08-12T16:28:17.474+0000] {logging_mixin.py:150} INFO - [2025-08-12T16:28:17.473+0000] {dagbag.py:541} INFO - Filling up the DagBag from /home/vscode/.local/lib/python3.10/site-packages/airflow/example_dags/example_xcomargs.py
[2025-08-12T16:28:17.479+0000] {processor.py:836} INFO - DAG(s) dict_keys(['example_xcom_args', 'example_xcom_args_with_operators']) retrieved from /home/vscode/.local/lib/python3.10/site-packages/airflow/example_dags/example_xcomargs.py
[2025-08-12T16:28:17.493+0000] {logging_mixin.py:150} INFO - [2025-08-12T16:28:17.493+0000] {dag.py:2742} INFO - Sync 2 DAGs
[2025-08-12T16:28:17.507+0000] {logging_mixin.py:150} INFO - [2025-08-12T16:28:17.507+0000] {dag.py:3504} INFO - Setting next_dagrun for example_xcom_args to None, run_after=None
[2025-08-12T16:28:17.509+0000] {logging_mixin.py:150} INFO - [2025-08-12T16:28:17.509+0000] {dag.py:3504} INFO - Setting next_dagrun for example_xcom_args_with_operators to None, run_after=None
[2025-08-12T16:28:17.523+0000] {processor.py:179} INFO - Processing /home/vscode/.local/lib/python3.10/site-packages/airflow/example_dags/example_xcomargs.py took 0.053 seconds
[2025-08-12T16:29:01.954+0000] {processor.py:157} INFO - Started process (PID=39658) to work on /home/vscode/.local/lib/python3.10/site-packages/airflow/example_dags/example_xcomargs.py
[2025-08-12T16:29:01.954+0000] {processor.py:826} INFO - Processing file /home/vscode/.local/lib/python3.10/site-packages/airflow/example_dags/example_xcomargs.py for tasks to queue
[2025-08-12T16:29:01.955+0000] {logging_mixin.py:150} INFO - [2025-08-12T16:29:01.955+0000] {dagbag.py:541} INFO - Filling up the DagBag from /home/vscode/.local/lib/python3.10/site-packages/airflow/example_dags/example_xcomargs.py
[2025-08-12T16:29:01.960+0000] {processor.py:836} INFO - DAG(s) dict_keys(['example_xcom_args', 'example_xcom_args_with_operators']) retrieved from /home/vscode/.local/lib/python3.10/site-packages/airflow/example_dags/example_xcomargs.py
[2025-08-12T16:29:01.974+0000] {logging_mixin.py:150} INFO - [2025-08-12T16:29:01.973+0000] {dag.py:2742} INFO - Sync 2 DAGs
[2025-08-12T16:29:01.987+0000] {logging_mixin.py:150} INFO - [2025-08-12T16:29:01.987+0000] {dag.py:3504} INFO - Setting next_dagrun for example_xcom_args to None, run_after=None
[2025-08-12T16:29:01.989+0000] {logging_mixin.py:150} INFO - [2025-08-12T16:29:01.989+0000] {dag.py:3504} INFO - Setting next_dagrun for example_xcom_args_with_operators to None, run_after=None
[2025-08-12T16:29:02.002+0000] {processor.py:179} INFO - Processing /home/vscode/.local/lib/python3.10/site-packages/airflow/example_dags/example_xcomargs.py took 0.051 seconds
[2025-08-12T16:29:42.673+0000] {processor.py:157} INFO - Started process (PID=39924) to work on /home/vscode/.local/lib/python3.10/site-packages/airflow/example_dags/example_xcomargs.py
[2025-08-12T16:29:42.674+0000] {processor.py:826} INFO - Processing file /home/vscode/.local/lib/python3.10/site-packages/airflow/example_dags/example_xcomargs.py for tasks to queue
[2025-08-12T16:29:42.675+0000] {logging_mixin.py:150} INFO - [2025-08-12T16:29:42.674+0000] {dagbag.py:541} INFO - Filling up the DagBag from /home/vscode/.local/lib/python3.10/site-packages/airflow/example_dags/example_xcomargs.py
[2025-08-12T16:29:42.681+0000] {processor.py:836} INFO - DAG(s) dict_keys(['example_xcom_args', 'example_xcom_args_with_operators']) retrieved from /home/vscode/.local/lib/python3.10/site-packages/airflow/example_dags/example_xcomargs.py
[2025-08-12T16:29:42.695+0000] {logging_mixin.py:150} INFO - [2025-08-12T16:29:42.694+0000] {dag.py:2742} INFO - Sync 2 DAGs
[2025-08-12T16:29:42.709+0000] {logging_mixin.py:150} INFO - [2025-08-12T16:29:42.709+0000] {dag.py:3504} INFO - Setting next_dagrun for example_xcom_args to None, run_after=None
[2025-08-12T16:29:42.711+0000] {logging_mixin.py:150} INFO - [2025-08-12T16:29:42.711+0000] {dag.py:3504} INFO - Setting next_dagrun for example_xcom_args_with_operators to None, run_after=None
[2025-08-12T16:29:42.727+0000] {processor.py:179} INFO - Processing /home/vscode/.local/lib/python3.10/site-packages/airflow/example_dags/example_xcomargs.py took 0.055 seconds
[2025-08-12T16:30:27.230+0000] {processor.py:157} INFO - Started process (PID=40224) to work on /home/vscode/.local/lib/python3.10/site-packages/airflow/example_dags/example_xcomargs.py
[2025-08-12T16:30:27.230+0000] {processor.py:826} INFO - Processing file /home/vscode/.local/lib/python3.10/site-packages/airflow/example_dags/example_xcomargs.py for tasks to queue
[2025-08-12T16:30:27.231+0000] {logging_mixin.py:150} INFO - [2025-08-12T16:30:27.231+0000] {dagbag.py:541} INFO - Filling up the DagBag from /home/vscode/.local/lib/python3.10/site-packages/airflow/example_dags/example_xcomargs.py
[2025-08-12T16:30:27.237+0000] {processor.py:836} INFO - DAG(s) dict_keys(['example_xcom_args_with_operators', 'example_xcom_args']) retrieved from /home/vscode/.local/lib/python3.10/site-packages/airflow/example_dags/example_xcomargs.py
[2025-08-12T16:30:27.255+0000] {logging_mixin.py:150} INFO - [2025-08-12T16:30:27.255+0000] {dag.py:2742} INFO - Sync 2 DAGs
[2025-08-12T16:30:27.269+0000] {logging_mixin.py:150} INFO - [2025-08-12T16:30:27.269+0000] {dag.py:3504} INFO - Setting next_dagrun for example_xcom_args to None, run_after=None
[2025-08-12T16:30:27.271+0000] {logging_mixin.py:150} INFO - [2025-08-12T16:30:27.271+0000] {dag.py:3504} INFO - Setting next_dagrun for example_xcom_args_with_operators to None, run_after=None
[2025-08-12T16:30:27.285+0000] {processor.py:179} INFO - Processing /home/vscode/.local/lib/python3.10/site-packages/airflow/example_dags/example_xcomargs.py took 0.058 seconds
