[2025-08-12T15:36:59.431+0000] {processor.py:157} INFO - Started process (PID=17940) to work on /home/vscode/.local/lib/python3.10/site-packages/airflow/example_dags/example_short_circuit_decorator.py
[2025-08-12T15:36:59.432+0000] {processor.py:826} INFO - Processing file /home/vscode/.local/lib/python3.10/site-packages/airflow/example_dags/example_short_circuit_decorator.py for tasks to queue
[2025-08-12T15:36:59.433+0000] {logging_mixin.py:150} INFO - [2025-08-12T15:36:59.432+0000] {dagbag.py:541} INFO - Filling up the DagBag from /home/vscode/.local/lib/python3.10/site-packages/airflow/example_dags/example_short_circuit_decorator.py
[2025-08-12T15:36:59.440+0000] {processor.py:836} INFO - DAG(s) dict_keys(['example_short_circuit_decorator']) retrieved from /home/vscode/.local/lib/python3.10/site-packages/airflow/example_dags/example_short_circuit_decorator.py
[2025-08-12T15:36:59.518+0000] {logging_mixin.py:150} INFO - [2025-08-12T15:36:59.518+0000] {manager.py:504} INFO - Created Permission View: can edit on DAG:example_short_circuit_decorator
[2025-08-12T15:36:59.527+0000] {logging_mixin.py:150} INFO - [2025-08-12T15:36:59.527+0000] {manager.py:504} INFO - Created Permission View: can read on DAG:example_short_circuit_decorator
[2025-08-12T15:36:59.533+0000] {logging_mixin.py:150} INFO - [2025-08-12T15:36:59.533+0000] {manager.py:504} INFO - Created Permission View: can delete on DAG:example_short_circuit_decorator
[2025-08-12T15:36:59.542+0000] {logging_mixin.py:150} INFO - [2025-08-12T15:36:59.541+0000] {dag.py:2742} INFO - Sync 1 DAGs
[2025-08-12T15:36:59.548+0000] {logging_mixin.py:150} INFO - [2025-08-12T15:36:59.548+0000] {dag.py:2763} INFO - Creating ORM DAG for example_short_circuit_decorator
[2025-08-12T15:36:59.554+0000] {logging_mixin.py:150} INFO - [2025-08-12T15:36:59.554+0000] {dag.py:3504} INFO - Setting next_dagrun for example_short_circuit_decorator to 2025-08-11T15:36:59.554550+00:00, run_after=2025-08-12T15:36:59.554550+00:00
[2025-08-12T15:36:59.571+0000] {processor.py:179} INFO - Processing /home/vscode/.local/lib/python3.10/site-packages/airflow/example_dags/example_short_circuit_decorator.py took 0.141 seconds
[2025-08-12T15:37:46.420+0000] {processor.py:157} INFO - Started process (PID=18314) to work on /home/vscode/.local/lib/python3.10/site-packages/airflow/example_dags/example_short_circuit_decorator.py
[2025-08-12T15:37:46.421+0000] {processor.py:826} INFO - Processing file /home/vscode/.local/lib/python3.10/site-packages/airflow/example_dags/example_short_circuit_decorator.py for tasks to queue
[2025-08-12T15:37:46.422+0000] {logging_mixin.py:150} INFO - [2025-08-12T15:37:46.421+0000] {dagbag.py:541} INFO - Filling up the DagBag from /home/vscode/.local/lib/python3.10/site-packages/airflow/example_dags/example_short_circuit_decorator.py
[2025-08-12T15:37:46.429+0000] {processor.py:836} INFO - DAG(s) dict_keys(['example_short_circuit_decorator']) retrieved from /home/vscode/.local/lib/python3.10/site-packages/airflow/example_dags/example_short_circuit_decorator.py
[2025-08-12T15:37:46.442+0000] {logging_mixin.py:150} INFO - [2025-08-12T15:37:46.441+0000] {dag.py:2742} INFO - Sync 1 DAGs
[2025-08-12T15:37:46.456+0000] {logging_mixin.py:150} INFO - [2025-08-12T15:37:46.456+0000] {dag.py:3504} INFO - Setting next_dagrun for example_short_circuit_decorator to 2025-08-11T15:37:46.455917+00:00, run_after=2025-08-12T15:37:46.455917+00:00
[2025-08-12T15:37:46.473+0000] {processor.py:179} INFO - Processing /home/vscode/.local/lib/python3.10/site-packages/airflow/example_dags/example_short_circuit_decorator.py took 0.055 seconds
[2025-08-12T15:38:35.059+0000] {processor.py:157} INFO - Started process (PID=18682) to work on /home/vscode/.local/lib/python3.10/site-packages/airflow/example_dags/example_short_circuit_decorator.py
[2025-08-12T15:38:35.060+0000] {processor.py:826} INFO - Processing file /home/vscode/.local/lib/python3.10/site-packages/airflow/example_dags/example_short_circuit_decorator.py for tasks to queue
[2025-08-12T15:38:35.061+0000] {logging_mixin.py:150} INFO - [2025-08-12T15:38:35.060+0000] {dagbag.py:541} INFO - Filling up the DagBag from /home/vscode/.local/lib/python3.10/site-packages/airflow/example_dags/example_short_circuit_decorator.py
[2025-08-12T15:38:35.068+0000] {processor.py:836} INFO - DAG(s) dict_keys(['example_short_circuit_decorator']) retrieved from /home/vscode/.local/lib/python3.10/site-packages/airflow/example_dags/example_short_circuit_decorator.py
[2025-08-12T15:38:35.082+0000] {logging_mixin.py:150} INFO - [2025-08-12T15:38:35.082+0000] {dag.py:2742} INFO - Sync 1 DAGs
[2025-08-12T15:38:35.096+0000] {logging_mixin.py:150} INFO - [2025-08-12T15:38:35.096+0000] {dag.py:3504} INFO - Setting next_dagrun for example_short_circuit_decorator to 2025-08-11T15:38:35.096322+00:00, run_after=2025-08-12T15:38:35.096322+00:00
[2025-08-12T15:38:35.113+0000] {processor.py:179} INFO - Processing /home/vscode/.local/lib/python3.10/site-packages/airflow/example_dags/example_short_circuit_decorator.py took 0.056 seconds
[2025-08-12T15:39:19.247+0000] {processor.py:157} INFO - Started process (PID=19042) to work on /home/vscode/.local/lib/python3.10/site-packages/airflow/example_dags/example_short_circuit_decorator.py
[2025-08-12T15:39:19.248+0000] {processor.py:826} INFO - Processing file /home/vscode/.local/lib/python3.10/site-packages/airflow/example_dags/example_short_circuit_decorator.py for tasks to queue
[2025-08-12T15:39:19.249+0000] {logging_mixin.py:150} INFO - [2025-08-12T15:39:19.248+0000] {dagbag.py:541} INFO - Filling up the DagBag from /home/vscode/.local/lib/python3.10/site-packages/airflow/example_dags/example_short_circuit_decorator.py
[2025-08-12T15:39:19.255+0000] {processor.py:836} INFO - DAG(s) dict_keys(['example_short_circuit_decorator']) retrieved from /home/vscode/.local/lib/python3.10/site-packages/airflow/example_dags/example_short_circuit_decorator.py
[2025-08-12T15:39:19.268+0000] {logging_mixin.py:150} INFO - [2025-08-12T15:39:19.268+0000] {dag.py:2742} INFO - Sync 1 DAGs
[2025-08-12T15:39:19.283+0000] {logging_mixin.py:150} INFO - [2025-08-12T15:39:19.283+0000] {dag.py:3504} INFO - Setting next_dagrun for example_short_circuit_decorator to 2025-08-11T15:39:19.282994+00:00, run_after=2025-08-12T15:39:19.282994+00:00
[2025-08-12T15:39:19.298+0000] {processor.py:179} INFO - Processing /home/vscode/.local/lib/python3.10/site-packages/airflow/example_dags/example_short_circuit_decorator.py took 0.053 seconds
[2025-08-12T15:40:07.430+0000] {processor.py:157} INFO - Started process (PID=19371) to work on /home/vscode/.local/lib/python3.10/site-packages/airflow/example_dags/example_short_circuit_decorator.py
[2025-08-12T15:40:07.431+0000] {processor.py:826} INFO - Processing file /home/vscode/.local/lib/python3.10/site-packages/airflow/example_dags/example_short_circuit_decorator.py for tasks to queue
[2025-08-12T15:40:07.432+0000] {logging_mixin.py:150} INFO - [2025-08-12T15:40:07.431+0000] {dagbag.py:541} INFO - Filling up the DagBag from /home/vscode/.local/lib/python3.10/site-packages/airflow/example_dags/example_short_circuit_decorator.py
[2025-08-12T15:40:07.439+0000] {processor.py:836} INFO - DAG(s) dict_keys(['example_short_circuit_decorator']) retrieved from /home/vscode/.local/lib/python3.10/site-packages/airflow/example_dags/example_short_circuit_decorator.py
[2025-08-12T15:40:07.452+0000] {logging_mixin.py:150} INFO - [2025-08-12T15:40:07.452+0000] {dag.py:2742} INFO - Sync 1 DAGs
[2025-08-12T15:40:07.466+0000] {logging_mixin.py:150} INFO - [2025-08-12T15:40:07.466+0000] {dag.py:3504} INFO - Setting next_dagrun for example_short_circuit_decorator to 2025-08-11T15:40:07.466559+00:00, run_after=2025-08-12T15:40:07.466559+00:00
[2025-08-12T15:40:07.482+0000] {processor.py:179} INFO - Processing /home/vscode/.local/lib/python3.10/site-packages/airflow/example_dags/example_short_circuit_decorator.py took 0.054 seconds
[2025-08-12T15:40:52.648+0000] {processor.py:157} INFO - Started process (PID=19668) to work on /home/vscode/.local/lib/python3.10/site-packages/airflow/example_dags/example_short_circuit_decorator.py
[2025-08-12T15:40:52.648+0000] {processor.py:826} INFO - Processing file /home/vscode/.local/lib/python3.10/site-packages/airflow/example_dags/example_short_circuit_decorator.py for tasks to queue
[2025-08-12T15:40:52.649+0000] {logging_mixin.py:150} INFO - [2025-08-12T15:40:52.649+0000] {dagbag.py:541} INFO - Filling up the DagBag from /home/vscode/.local/lib/python3.10/site-packages/airflow/example_dags/example_short_circuit_decorator.py
[2025-08-12T15:40:52.656+0000] {processor.py:836} INFO - DAG(s) dict_keys(['example_short_circuit_decorator']) retrieved from /home/vscode/.local/lib/python3.10/site-packages/airflow/example_dags/example_short_circuit_decorator.py
[2025-08-12T15:40:52.668+0000] {logging_mixin.py:150} INFO - [2025-08-12T15:40:52.668+0000] {dag.py:2742} INFO - Sync 1 DAGs
[2025-08-12T15:40:52.683+0000] {logging_mixin.py:150} INFO - [2025-08-12T15:40:52.682+0000] {dag.py:3504} INFO - Setting next_dagrun for example_short_circuit_decorator to 2025-08-11T15:40:52.682753+00:00, run_after=2025-08-12T15:40:52.682753+00:00
[2025-08-12T15:40:52.698+0000] {processor.py:179} INFO - Processing /home/vscode/.local/lib/python3.10/site-packages/airflow/example_dags/example_short_circuit_decorator.py took 0.053 seconds
[2025-08-12T15:41:35.601+0000] {processor.py:157} INFO - Started process (PID=19958) to work on /home/vscode/.local/lib/python3.10/site-packages/airflow/example_dags/example_short_circuit_decorator.py
[2025-08-12T15:41:35.602+0000] {processor.py:826} INFO - Processing file /home/vscode/.local/lib/python3.10/site-packages/airflow/example_dags/example_short_circuit_decorator.py for tasks to queue
[2025-08-12T15:41:35.603+0000] {logging_mixin.py:150} INFO - [2025-08-12T15:41:35.602+0000] {dagbag.py:541} INFO - Filling up the DagBag from /home/vscode/.local/lib/python3.10/site-packages/airflow/example_dags/example_short_circuit_decorator.py
[2025-08-12T15:41:35.610+0000] {processor.py:836} INFO - DAG(s) dict_keys(['example_short_circuit_decorator']) retrieved from /home/vscode/.local/lib/python3.10/site-packages/airflow/example_dags/example_short_circuit_decorator.py
[2025-08-12T15:41:35.623+0000] {logging_mixin.py:150} INFO - [2025-08-12T15:41:35.623+0000] {dag.py:2742} INFO - Sync 1 DAGs
[2025-08-12T15:41:35.637+0000] {logging_mixin.py:150} INFO - [2025-08-12T15:41:35.637+0000] {dag.py:3504} INFO - Setting next_dagrun for example_short_circuit_decorator to 2025-08-11T15:41:35.637343+00:00, run_after=2025-08-12T15:41:35.637343+00:00
[2025-08-12T15:41:35.654+0000] {processor.py:179} INFO - Processing /home/vscode/.local/lib/python3.10/site-packages/airflow/example_dags/example_short_circuit_decorator.py took 0.054 seconds
[2025-08-12T15:42:22.921+0000] {processor.py:157} INFO - Started process (PID=20270) to work on /home/vscode/.local/lib/python3.10/site-packages/airflow/example_dags/example_short_circuit_decorator.py
[2025-08-12T15:42:22.921+0000] {processor.py:826} INFO - Processing file /home/vscode/.local/lib/python3.10/site-packages/airflow/example_dags/example_short_circuit_decorator.py for tasks to queue
[2025-08-12T15:42:22.922+0000] {logging_mixin.py:150} INFO - [2025-08-12T15:42:22.922+0000] {dagbag.py:541} INFO - Filling up the DagBag from /home/vscode/.local/lib/python3.10/site-packages/airflow/example_dags/example_short_circuit_decorator.py
[2025-08-12T15:42:22.929+0000] {processor.py:836} INFO - DAG(s) dict_keys(['example_short_circuit_decorator']) retrieved from /home/vscode/.local/lib/python3.10/site-packages/airflow/example_dags/example_short_circuit_decorator.py
[2025-08-12T15:42:22.944+0000] {logging_mixin.py:150} INFO - [2025-08-12T15:42:22.943+0000] {dag.py:2742} INFO - Sync 1 DAGs
[2025-08-12T15:42:22.959+0000] {logging_mixin.py:150} INFO - [2025-08-12T15:42:22.959+0000] {dag.py:3504} INFO - Setting next_dagrun for example_short_circuit_decorator to 2025-08-11T15:42:22.959552+00:00, run_after=2025-08-12T15:42:22.959552+00:00
[2025-08-12T15:42:22.976+0000] {processor.py:179} INFO - Processing /home/vscode/.local/lib/python3.10/site-packages/airflow/example_dags/example_short_circuit_decorator.py took 0.058 seconds
[2025-08-12T15:43:04.943+0000] {processor.py:157} INFO - Started process (PID=20551) to work on /home/vscode/.local/lib/python3.10/site-packages/airflow/example_dags/example_short_circuit_decorator.py
[2025-08-12T15:43:04.943+0000] {processor.py:826} INFO - Processing file /home/vscode/.local/lib/python3.10/site-packages/airflow/example_dags/example_short_circuit_decorator.py for tasks to queue
[2025-08-12T15:43:04.944+0000] {logging_mixin.py:150} INFO - [2025-08-12T15:43:04.944+0000] {dagbag.py:541} INFO - Filling up the DagBag from /home/vscode/.local/lib/python3.10/site-packages/airflow/example_dags/example_short_circuit_decorator.py
[2025-08-12T15:43:04.951+0000] {processor.py:836} INFO - DAG(s) dict_keys(['example_short_circuit_decorator']) retrieved from /home/vscode/.local/lib/python3.10/site-packages/airflow/example_dags/example_short_circuit_decorator.py
[2025-08-12T15:43:04.970+0000] {logging_mixin.py:150} INFO - [2025-08-12T15:43:04.970+0000] {dag.py:2742} INFO - Sync 1 DAGs
[2025-08-12T15:43:04.997+0000] {logging_mixin.py:150} INFO - [2025-08-12T15:43:04.997+0000] {dag.py:3504} INFO - Setting next_dagrun for example_short_circuit_decorator to 2025-08-11T15:43:04.997163+00:00, run_after=2025-08-12T15:43:04.997163+00:00
[2025-08-12T15:43:05.030+0000] {processor.py:179} INFO - Processing /home/vscode/.local/lib/python3.10/site-packages/airflow/example_dags/example_short_circuit_decorator.py took 0.090 seconds
[2025-08-12T15:43:51.592+0000] {processor.py:157} INFO - Started process (PID=20857) to work on /home/vscode/.local/lib/python3.10/site-packages/airflow/example_dags/example_short_circuit_decorator.py
[2025-08-12T15:43:51.593+0000] {processor.py:826} INFO - Processing file /home/vscode/.local/lib/python3.10/site-packages/airflow/example_dags/example_short_circuit_decorator.py for tasks to queue
[2025-08-12T15:43:51.593+0000] {logging_mixin.py:150} INFO - [2025-08-12T15:43:51.593+0000] {dagbag.py:541} INFO - Filling up the DagBag from /home/vscode/.local/lib/python3.10/site-packages/airflow/example_dags/example_short_circuit_decorator.py
[2025-08-12T15:43:51.601+0000] {processor.py:836} INFO - DAG(s) dict_keys(['example_short_circuit_decorator']) retrieved from /home/vscode/.local/lib/python3.10/site-packages/airflow/example_dags/example_short_circuit_decorator.py
[2025-08-12T15:43:51.614+0000] {logging_mixin.py:150} INFO - [2025-08-12T15:43:51.614+0000] {dag.py:2742} INFO - Sync 1 DAGs
[2025-08-12T15:43:51.629+0000] {logging_mixin.py:150} INFO - [2025-08-12T15:43:51.629+0000] {dag.py:3504} INFO - Setting next_dagrun for example_short_circuit_decorator to 2025-08-11T15:43:51.629076+00:00, run_after=2025-08-12T15:43:51.629076+00:00
[2025-08-12T15:43:51.645+0000] {processor.py:179} INFO - Processing /home/vscode/.local/lib/python3.10/site-packages/airflow/example_dags/example_short_circuit_decorator.py took 0.056 seconds
[2025-08-12T15:44:34.994+0000] {processor.py:157} INFO - Started process (PID=21143) to work on /home/vscode/.local/lib/python3.10/site-packages/airflow/example_dags/example_short_circuit_decorator.py
[2025-08-12T15:44:34.994+0000] {processor.py:826} INFO - Processing file /home/vscode/.local/lib/python3.10/site-packages/airflow/example_dags/example_short_circuit_decorator.py for tasks to queue
[2025-08-12T15:44:34.995+0000] {logging_mixin.py:150} INFO - [2025-08-12T15:44:34.995+0000] {dagbag.py:541} INFO - Filling up the DagBag from /home/vscode/.local/lib/python3.10/site-packages/airflow/example_dags/example_short_circuit_decorator.py
[2025-08-12T15:44:35.002+0000] {processor.py:836} INFO - DAG(s) dict_keys(['example_short_circuit_decorator']) retrieved from /home/vscode/.local/lib/python3.10/site-packages/airflow/example_dags/example_short_circuit_decorator.py
[2025-08-12T15:44:35.015+0000] {logging_mixin.py:150} INFO - [2025-08-12T15:44:35.014+0000] {dag.py:2742} INFO - Sync 1 DAGs
[2025-08-12T15:44:35.029+0000] {logging_mixin.py:150} INFO - [2025-08-12T15:44:35.028+0000] {dag.py:3504} INFO - Setting next_dagrun for example_short_circuit_decorator to 2025-08-11T15:44:35.028732+00:00, run_after=2025-08-12T15:44:35.028732+00:00
[2025-08-12T15:44:35.046+0000] {processor.py:179} INFO - Processing /home/vscode/.local/lib/python3.10/site-packages/airflow/example_dags/example_short_circuit_decorator.py took 0.055 seconds
[2025-08-12T15:45:16.108+0000] {processor.py:157} INFO - Started process (PID=21425) to work on /home/vscode/.local/lib/python3.10/site-packages/airflow/example_dags/example_short_circuit_decorator.py
[2025-08-12T15:45:16.108+0000] {processor.py:826} INFO - Processing file /home/vscode/.local/lib/python3.10/site-packages/airflow/example_dags/example_short_circuit_decorator.py for tasks to queue
[2025-08-12T15:45:16.109+0000] {logging_mixin.py:150} INFO - [2025-08-12T15:45:16.109+0000] {dagbag.py:541} INFO - Filling up the DagBag from /home/vscode/.local/lib/python3.10/site-packages/airflow/example_dags/example_short_circuit_decorator.py
[2025-08-12T15:45:16.116+0000] {processor.py:836} INFO - DAG(s) dict_keys(['example_short_circuit_decorator']) retrieved from /home/vscode/.local/lib/python3.10/site-packages/airflow/example_dags/example_short_circuit_decorator.py
[2025-08-12T15:45:16.129+0000] {logging_mixin.py:150} INFO - [2025-08-12T15:45:16.129+0000] {dag.py:2742} INFO - Sync 1 DAGs
[2025-08-12T15:45:16.143+0000] {logging_mixin.py:150} INFO - [2025-08-12T15:45:16.143+0000] {dag.py:3504} INFO - Setting next_dagrun for example_short_circuit_decorator to 2025-08-11T15:45:16.143481+00:00, run_after=2025-08-12T15:45:16.143481+00:00
[2025-08-12T15:45:16.160+0000] {processor.py:179} INFO - Processing /home/vscode/.local/lib/python3.10/site-packages/airflow/example_dags/example_short_circuit_decorator.py took 0.055 seconds
[2025-08-12T15:45:59.521+0000] {processor.py:157} INFO - Started process (PID=21718) to work on /home/vscode/.local/lib/python3.10/site-packages/airflow/example_dags/example_short_circuit_decorator.py
[2025-08-12T15:45:59.521+0000] {processor.py:826} INFO - Processing file /home/vscode/.local/lib/python3.10/site-packages/airflow/example_dags/example_short_circuit_decorator.py for tasks to queue
[2025-08-12T15:45:59.522+0000] {logging_mixin.py:150} INFO - [2025-08-12T15:45:59.522+0000] {dagbag.py:541} INFO - Filling up the DagBag from /home/vscode/.local/lib/python3.10/site-packages/airflow/example_dags/example_short_circuit_decorator.py
[2025-08-12T15:45:59.529+0000] {processor.py:836} INFO - DAG(s) dict_keys(['example_short_circuit_decorator']) retrieved from /home/vscode/.local/lib/python3.10/site-packages/airflow/example_dags/example_short_circuit_decorator.py
[2025-08-12T15:45:59.543+0000] {logging_mixin.py:150} INFO - [2025-08-12T15:45:59.542+0000] {dag.py:2742} INFO - Sync 1 DAGs
[2025-08-12T15:45:59.557+0000] {logging_mixin.py:150} INFO - [2025-08-12T15:45:59.557+0000] {dag.py:3504} INFO - Setting next_dagrun for example_short_circuit_decorator to 2025-08-11T15:45:59.557349+00:00, run_after=2025-08-12T15:45:59.557349+00:00
[2025-08-12T15:45:59.573+0000] {processor.py:179} INFO - Processing /home/vscode/.local/lib/python3.10/site-packages/airflow/example_dags/example_short_circuit_decorator.py took 0.055 seconds
[2025-08-12T15:46:44.040+0000] {processor.py:157} INFO - Started process (PID=22007) to work on /home/vscode/.local/lib/python3.10/site-packages/airflow/example_dags/example_short_circuit_decorator.py
[2025-08-12T15:46:44.041+0000] {processor.py:826} INFO - Processing file /home/vscode/.local/lib/python3.10/site-packages/airflow/example_dags/example_short_circuit_decorator.py for tasks to queue
[2025-08-12T15:46:44.041+0000] {logging_mixin.py:150} INFO - [2025-08-12T15:46:44.041+0000] {dagbag.py:541} INFO - Filling up the DagBag from /home/vscode/.local/lib/python3.10/site-packages/airflow/example_dags/example_short_circuit_decorator.py
[2025-08-12T15:46:44.049+0000] {processor.py:836} INFO - DAG(s) dict_keys(['example_short_circuit_decorator']) retrieved from /home/vscode/.local/lib/python3.10/site-packages/airflow/example_dags/example_short_circuit_decorator.py
[2025-08-12T15:46:44.062+0000] {logging_mixin.py:150} INFO - [2025-08-12T15:46:44.062+0000] {dag.py:2742} INFO - Sync 1 DAGs
[2025-08-12T15:46:44.077+0000] {logging_mixin.py:150} INFO - [2025-08-12T15:46:44.077+0000] {dag.py:3504} INFO - Setting next_dagrun for example_short_circuit_decorator to 2025-08-11T15:46:44.076780+00:00, run_after=2025-08-12T15:46:44.076780+00:00
[2025-08-12T15:46:44.093+0000] {processor.py:179} INFO - Processing /home/vscode/.local/lib/python3.10/site-packages/airflow/example_dags/example_short_circuit_decorator.py took 0.055 seconds
[2025-08-12T15:47:26.765+0000] {processor.py:157} INFO - Started process (PID=22296) to work on /home/vscode/.local/lib/python3.10/site-packages/airflow/example_dags/example_short_circuit_decorator.py
[2025-08-12T15:47:26.766+0000] {processor.py:826} INFO - Processing file /home/vscode/.local/lib/python3.10/site-packages/airflow/example_dags/example_short_circuit_decorator.py for tasks to queue
[2025-08-12T15:47:26.767+0000] {logging_mixin.py:150} INFO - [2025-08-12T15:47:26.766+0000] {dagbag.py:541} INFO - Filling up the DagBag from /home/vscode/.local/lib/python3.10/site-packages/airflow/example_dags/example_short_circuit_decorator.py
[2025-08-12T15:47:26.774+0000] {processor.py:836} INFO - DAG(s) dict_keys(['example_short_circuit_decorator']) retrieved from /home/vscode/.local/lib/python3.10/site-packages/airflow/example_dags/example_short_circuit_decorator.py
[2025-08-12T15:47:26.787+0000] {logging_mixin.py:150} INFO - [2025-08-12T15:47:26.787+0000] {dag.py:2742} INFO - Sync 1 DAGs
[2025-08-12T15:47:26.802+0000] {logging_mixin.py:150} INFO - [2025-08-12T15:47:26.802+0000] {dag.py:3504} INFO - Setting next_dagrun for example_short_circuit_decorator to 2025-08-11T15:47:26.801878+00:00, run_after=2025-08-12T15:47:26.801878+00:00
[2025-08-12T15:47:26.817+0000] {processor.py:179} INFO - Processing /home/vscode/.local/lib/python3.10/site-packages/airflow/example_dags/example_short_circuit_decorator.py took 0.054 seconds
[2025-08-12T15:48:06.744+0000] {processor.py:157} INFO - Started process (PID=22560) to work on /home/vscode/.local/lib/python3.10/site-packages/airflow/example_dags/example_short_circuit_decorator.py
[2025-08-12T15:48:06.745+0000] {processor.py:826} INFO - Processing file /home/vscode/.local/lib/python3.10/site-packages/airflow/example_dags/example_short_circuit_decorator.py for tasks to queue
[2025-08-12T15:48:06.745+0000] {logging_mixin.py:150} INFO - [2025-08-12T15:48:06.745+0000] {dagbag.py:541} INFO - Filling up the DagBag from /home/vscode/.local/lib/python3.10/site-packages/airflow/example_dags/example_short_circuit_decorator.py
[2025-08-12T15:48:06.753+0000] {processor.py:836} INFO - DAG(s) dict_keys(['example_short_circuit_decorator']) retrieved from /home/vscode/.local/lib/python3.10/site-packages/airflow/example_dags/example_short_circuit_decorator.py
[2025-08-12T15:48:06.766+0000] {logging_mixin.py:150} INFO - [2025-08-12T15:48:06.766+0000] {dag.py:2742} INFO - Sync 1 DAGs
[2025-08-12T15:48:06.780+0000] {logging_mixin.py:150} INFO - [2025-08-12T15:48:06.780+0000] {dag.py:3504} INFO - Setting next_dagrun for example_short_circuit_decorator to 2025-08-11T15:48:06.780308+00:00, run_after=2025-08-12T15:48:06.780308+00:00
[2025-08-12T15:48:06.796+0000] {processor.py:179} INFO - Processing /home/vscode/.local/lib/python3.10/site-packages/airflow/example_dags/example_short_circuit_decorator.py took 0.054 seconds
[2025-08-12T15:48:46.682+0000] {processor.py:157} INFO - Started process (PID=22831) to work on /home/vscode/.local/lib/python3.10/site-packages/airflow/example_dags/example_short_circuit_decorator.py
[2025-08-12T15:48:46.683+0000] {processor.py:826} INFO - Processing file /home/vscode/.local/lib/python3.10/site-packages/airflow/example_dags/example_short_circuit_decorator.py for tasks to queue
[2025-08-12T15:48:46.684+0000] {logging_mixin.py:150} INFO - [2025-08-12T15:48:46.683+0000] {dagbag.py:541} INFO - Filling up the DagBag from /home/vscode/.local/lib/python3.10/site-packages/airflow/example_dags/example_short_circuit_decorator.py
[2025-08-12T15:48:46.691+0000] {processor.py:836} INFO - DAG(s) dict_keys(['example_short_circuit_decorator']) retrieved from /home/vscode/.local/lib/python3.10/site-packages/airflow/example_dags/example_short_circuit_decorator.py
[2025-08-12T15:48:46.704+0000] {logging_mixin.py:150} INFO - [2025-08-12T15:48:46.703+0000] {dag.py:2742} INFO - Sync 1 DAGs
[2025-08-12T15:48:46.718+0000] {logging_mixin.py:150} INFO - [2025-08-12T15:48:46.718+0000] {dag.py:3504} INFO - Setting next_dagrun for example_short_circuit_decorator to 2025-08-11T15:48:46.718008+00:00, run_after=2025-08-12T15:48:46.718008+00:00
[2025-08-12T15:48:46.734+0000] {processor.py:179} INFO - Processing /home/vscode/.local/lib/python3.10/site-packages/airflow/example_dags/example_short_circuit_decorator.py took 0.053 seconds
[2025-08-12T15:49:28.259+0000] {processor.py:157} INFO - Started process (PID=23134) to work on /home/vscode/.local/lib/python3.10/site-packages/airflow/example_dags/example_short_circuit_decorator.py
[2025-08-12T15:49:28.260+0000] {processor.py:826} INFO - Processing file /home/vscode/.local/lib/python3.10/site-packages/airflow/example_dags/example_short_circuit_decorator.py for tasks to queue
[2025-08-12T15:49:28.261+0000] {logging_mixin.py:150} INFO - [2025-08-12T15:49:28.260+0000] {dagbag.py:541} INFO - Filling up the DagBag from /home/vscode/.local/lib/python3.10/site-packages/airflow/example_dags/example_short_circuit_decorator.py
[2025-08-12T15:49:28.268+0000] {processor.py:836} INFO - DAG(s) dict_keys(['example_short_circuit_decorator']) retrieved from /home/vscode/.local/lib/python3.10/site-packages/airflow/example_dags/example_short_circuit_decorator.py
[2025-08-12T15:49:28.281+0000] {logging_mixin.py:150} INFO - [2025-08-12T15:49:28.281+0000] {dag.py:2742} INFO - Sync 1 DAGs
[2025-08-12T15:49:28.296+0000] {logging_mixin.py:150} INFO - [2025-08-12T15:49:28.295+0000] {dag.py:3504} INFO - Setting next_dagrun for example_short_circuit_decorator to 2025-08-11T15:49:28.295821+00:00, run_after=2025-08-12T15:49:28.295821+00:00
[2025-08-12T15:49:28.312+0000] {processor.py:179} INFO - Processing /home/vscode/.local/lib/python3.10/site-packages/airflow/example_dags/example_short_circuit_decorator.py took 0.055 seconds
[2025-08-12T15:50:13.644+0000] {processor.py:157} INFO - Started process (PID=23565) to work on /home/vscode/.local/lib/python3.10/site-packages/airflow/example_dags/example_short_circuit_decorator.py
[2025-08-12T15:50:13.645+0000] {processor.py:826} INFO - Processing file /home/vscode/.local/lib/python3.10/site-packages/airflow/example_dags/example_short_circuit_decorator.py for tasks to queue
[2025-08-12T15:50:13.646+0000] {logging_mixin.py:150} INFO - [2025-08-12T15:50:13.645+0000] {dagbag.py:541} INFO - Filling up the DagBag from /home/vscode/.local/lib/python3.10/site-packages/airflow/example_dags/example_short_circuit_decorator.py
[2025-08-12T15:50:13.653+0000] {processor.py:836} INFO - DAG(s) dict_keys(['example_short_circuit_decorator']) retrieved from /home/vscode/.local/lib/python3.10/site-packages/airflow/example_dags/example_short_circuit_decorator.py
[2025-08-12T15:50:13.666+0000] {logging_mixin.py:150} INFO - [2025-08-12T15:50:13.666+0000] {dag.py:2742} INFO - Sync 1 DAGs
[2025-08-12T15:50:13.681+0000] {logging_mixin.py:150} INFO - [2025-08-12T15:50:13.680+0000] {dag.py:3504} INFO - Setting next_dagrun for example_short_circuit_decorator to 2025-08-11T15:50:13.680793+00:00, run_after=2025-08-12T15:50:13.680793+00:00
[2025-08-12T15:50:13.700+0000] {processor.py:179} INFO - Processing /home/vscode/.local/lib/python3.10/site-packages/airflow/example_dags/example_short_circuit_decorator.py took 0.058 seconds
[2025-08-12T15:50:57.335+0000] {processor.py:157} INFO - Started process (PID=23955) to work on /home/vscode/.local/lib/python3.10/site-packages/airflow/example_dags/example_short_circuit_decorator.py
[2025-08-12T15:50:57.336+0000] {processor.py:826} INFO - Processing file /home/vscode/.local/lib/python3.10/site-packages/airflow/example_dags/example_short_circuit_decorator.py for tasks to queue
[2025-08-12T15:50:57.336+0000] {logging_mixin.py:150} INFO - [2025-08-12T15:50:57.336+0000] {dagbag.py:541} INFO - Filling up the DagBag from /home/vscode/.local/lib/python3.10/site-packages/airflow/example_dags/example_short_circuit_decorator.py
[2025-08-12T15:50:57.343+0000] {processor.py:836} INFO - DAG(s) dict_keys(['example_short_circuit_decorator']) retrieved from /home/vscode/.local/lib/python3.10/site-packages/airflow/example_dags/example_short_circuit_decorator.py
[2025-08-12T15:50:57.357+0000] {logging_mixin.py:150} INFO - [2025-08-12T15:50:57.357+0000] {dag.py:2742} INFO - Sync 1 DAGs
[2025-08-12T15:50:57.379+0000] {logging_mixin.py:150} INFO - [2025-08-12T15:50:57.379+0000] {dag.py:3504} INFO - Setting next_dagrun for example_short_circuit_decorator to 2025-08-11T15:50:57.379381+00:00, run_after=2025-08-12T15:50:57.379381+00:00
[2025-08-12T15:50:57.400+0000] {processor.py:179} INFO - Processing /home/vscode/.local/lib/python3.10/site-packages/airflow/example_dags/example_short_circuit_decorator.py took 0.068 seconds
[2025-08-12T15:51:41.434+0000] {processor.py:157} INFO - Started process (PID=24249) to work on /home/vscode/.local/lib/python3.10/site-packages/airflow/example_dags/example_short_circuit_decorator.py
[2025-08-12T15:51:41.435+0000] {processor.py:826} INFO - Processing file /home/vscode/.local/lib/python3.10/site-packages/airflow/example_dags/example_short_circuit_decorator.py for tasks to queue
[2025-08-12T15:51:41.436+0000] {logging_mixin.py:150} INFO - [2025-08-12T15:51:41.435+0000] {dagbag.py:541} INFO - Filling up the DagBag from /home/vscode/.local/lib/python3.10/site-packages/airflow/example_dags/example_short_circuit_decorator.py
[2025-08-12T15:51:41.443+0000] {processor.py:836} INFO - DAG(s) dict_keys(['example_short_circuit_decorator']) retrieved from /home/vscode/.local/lib/python3.10/site-packages/airflow/example_dags/example_short_circuit_decorator.py
[2025-08-12T15:51:41.456+0000] {logging_mixin.py:150} INFO - [2025-08-12T15:51:41.456+0000] {dag.py:2742} INFO - Sync 1 DAGs
[2025-08-12T15:51:41.471+0000] {logging_mixin.py:150} INFO - [2025-08-12T15:51:41.471+0000] {dag.py:3504} INFO - Setting next_dagrun for example_short_circuit_decorator to 2025-08-11T15:51:41.471129+00:00, run_after=2025-08-12T15:51:41.471129+00:00
[2025-08-12T15:51:41.488+0000] {processor.py:179} INFO - Processing /home/vscode/.local/lib/python3.10/site-packages/airflow/example_dags/example_short_circuit_decorator.py took 0.056 seconds
[2025-08-12T15:52:24.726+0000] {processor.py:157} INFO - Started process (PID=24536) to work on /home/vscode/.local/lib/python3.10/site-packages/airflow/example_dags/example_short_circuit_decorator.py
[2025-08-12T15:52:24.727+0000] {processor.py:826} INFO - Processing file /home/vscode/.local/lib/python3.10/site-packages/airflow/example_dags/example_short_circuit_decorator.py for tasks to queue
[2025-08-12T15:52:24.727+0000] {logging_mixin.py:150} INFO - [2025-08-12T15:52:24.727+0000] {dagbag.py:541} INFO - Filling up the DagBag from /home/vscode/.local/lib/python3.10/site-packages/airflow/example_dags/example_short_circuit_decorator.py
[2025-08-12T15:52:24.735+0000] {processor.py:836} INFO - DAG(s) dict_keys(['example_short_circuit_decorator']) retrieved from /home/vscode/.local/lib/python3.10/site-packages/airflow/example_dags/example_short_circuit_decorator.py
[2025-08-12T15:52:24.748+0000] {logging_mixin.py:150} INFO - [2025-08-12T15:52:24.748+0000] {dag.py:2742} INFO - Sync 1 DAGs
[2025-08-12T15:52:24.765+0000] {logging_mixin.py:150} INFO - [2025-08-12T15:52:24.765+0000] {dag.py:3504} INFO - Setting next_dagrun for example_short_circuit_decorator to 2025-08-11T15:52:24.765148+00:00, run_after=2025-08-12T15:52:24.765148+00:00
[2025-08-12T15:52:24.783+0000] {processor.py:179} INFO - Processing /home/vscode/.local/lib/python3.10/site-packages/airflow/example_dags/example_short_circuit_decorator.py took 0.059 seconds
[2025-08-12T15:53:09.106+0000] {processor.py:157} INFO - Started process (PID=24880) to work on /home/vscode/.local/lib/python3.10/site-packages/airflow/example_dags/example_short_circuit_decorator.py
[2025-08-12T15:53:09.107+0000] {processor.py:826} INFO - Processing file /home/vscode/.local/lib/python3.10/site-packages/airflow/example_dags/example_short_circuit_decorator.py for tasks to queue
[2025-08-12T15:53:09.109+0000] {logging_mixin.py:150} INFO - [2025-08-12T15:53:09.109+0000] {dagbag.py:541} INFO - Filling up the DagBag from /home/vscode/.local/lib/python3.10/site-packages/airflow/example_dags/example_short_circuit_decorator.py
[2025-08-12T15:53:09.120+0000] {processor.py:836} INFO - DAG(s) dict_keys(['example_short_circuit_decorator']) retrieved from /home/vscode/.local/lib/python3.10/site-packages/airflow/example_dags/example_short_circuit_decorator.py
[2025-08-12T15:53:09.140+0000] {logging_mixin.py:150} INFO - [2025-08-12T15:53:09.139+0000] {dag.py:2742} INFO - Sync 1 DAGs
[2025-08-12T15:53:09.166+0000] {logging_mixin.py:150} INFO - [2025-08-12T15:53:09.165+0000] {dag.py:3504} INFO - Setting next_dagrun for example_short_circuit_decorator to 2025-08-11T15:53:09.165807+00:00, run_after=2025-08-12T15:53:09.165807+00:00
[2025-08-12T15:53:09.181+0000] {processor.py:179} INFO - Processing /home/vscode/.local/lib/python3.10/site-packages/airflow/example_dags/example_short_circuit_decorator.py took 0.078 seconds
[2025-08-12T15:53:50.977+0000] {processor.py:157} INFO - Started process (PID=25200) to work on /home/vscode/.local/lib/python3.10/site-packages/airflow/example_dags/example_short_circuit_decorator.py
[2025-08-12T15:53:50.978+0000] {processor.py:826} INFO - Processing file /home/vscode/.local/lib/python3.10/site-packages/airflow/example_dags/example_short_circuit_decorator.py for tasks to queue
[2025-08-12T15:53:50.979+0000] {logging_mixin.py:150} INFO - [2025-08-12T15:53:50.978+0000] {dagbag.py:541} INFO - Filling up the DagBag from /home/vscode/.local/lib/python3.10/site-packages/airflow/example_dags/example_short_circuit_decorator.py
[2025-08-12T15:53:50.986+0000] {processor.py:836} INFO - DAG(s) dict_keys(['example_short_circuit_decorator']) retrieved from /home/vscode/.local/lib/python3.10/site-packages/airflow/example_dags/example_short_circuit_decorator.py
[2025-08-12T15:53:50.999+0000] {logging_mixin.py:150} INFO - [2025-08-12T15:53:50.999+0000] {dag.py:2742} INFO - Sync 1 DAGs
[2025-08-12T15:53:51.013+0000] {logging_mixin.py:150} INFO - [2025-08-12T15:53:51.013+0000] {dag.py:3504} INFO - Setting next_dagrun for example_short_circuit_decorator to 2025-08-11T15:53:51.013097+00:00, run_after=2025-08-12T15:53:51.013097+00:00
[2025-08-12T15:53:51.029+0000] {processor.py:179} INFO - Processing /home/vscode/.local/lib/python3.10/site-packages/airflow/example_dags/example_short_circuit_decorator.py took 0.054 seconds
[2025-08-12T15:54:36.118+0000] {processor.py:157} INFO - Started process (PID=25549) to work on /home/vscode/.local/lib/python3.10/site-packages/airflow/example_dags/example_short_circuit_decorator.py
[2025-08-12T15:54:36.119+0000] {processor.py:826} INFO - Processing file /home/vscode/.local/lib/python3.10/site-packages/airflow/example_dags/example_short_circuit_decorator.py for tasks to queue
[2025-08-12T15:54:36.119+0000] {logging_mixin.py:150} INFO - [2025-08-12T15:54:36.119+0000] {dagbag.py:541} INFO - Filling up the DagBag from /home/vscode/.local/lib/python3.10/site-packages/airflow/example_dags/example_short_circuit_decorator.py
[2025-08-12T15:54:36.127+0000] {processor.py:836} INFO - DAG(s) dict_keys(['example_short_circuit_decorator']) retrieved from /home/vscode/.local/lib/python3.10/site-packages/airflow/example_dags/example_short_circuit_decorator.py
[2025-08-12T15:54:36.141+0000] {logging_mixin.py:150} INFO - [2025-08-12T15:54:36.141+0000] {dag.py:2742} INFO - Sync 1 DAGs
[2025-08-12T15:54:36.155+0000] {logging_mixin.py:150} INFO - [2025-08-12T15:54:36.155+0000] {dag.py:3504} INFO - Setting next_dagrun for example_short_circuit_decorator to 2025-08-11T15:54:36.155612+00:00, run_after=2025-08-12T15:54:36.155612+00:00
[2025-08-12T15:54:36.171+0000] {processor.py:179} INFO - Processing /home/vscode/.local/lib/python3.10/site-packages/airflow/example_dags/example_short_circuit_decorator.py took 0.056 seconds
[2025-08-12T15:55:19.473+0000] {processor.py:157} INFO - Started process (PID=25877) to work on /home/vscode/.local/lib/python3.10/site-packages/airflow/example_dags/example_short_circuit_decorator.py
[2025-08-12T15:55:19.474+0000] {processor.py:826} INFO - Processing file /home/vscode/.local/lib/python3.10/site-packages/airflow/example_dags/example_short_circuit_decorator.py for tasks to queue
[2025-08-12T15:55:19.474+0000] {logging_mixin.py:150} INFO - [2025-08-12T15:55:19.474+0000] {dagbag.py:541} INFO - Filling up the DagBag from /home/vscode/.local/lib/python3.10/site-packages/airflow/example_dags/example_short_circuit_decorator.py
[2025-08-12T15:55:19.481+0000] {processor.py:836} INFO - DAG(s) dict_keys(['example_short_circuit_decorator']) retrieved from /home/vscode/.local/lib/python3.10/site-packages/airflow/example_dags/example_short_circuit_decorator.py
[2025-08-12T15:55:19.494+0000] {logging_mixin.py:150} INFO - [2025-08-12T15:55:19.494+0000] {dag.py:2742} INFO - Sync 1 DAGs
[2025-08-12T15:55:19.508+0000] {logging_mixin.py:150} INFO - [2025-08-12T15:55:19.508+0000] {dag.py:3504} INFO - Setting next_dagrun for example_short_circuit_decorator to 2025-08-11T15:55:19.507946+00:00, run_after=2025-08-12T15:55:19.507946+00:00
[2025-08-12T15:55:19.524+0000] {processor.py:179} INFO - Processing /home/vscode/.local/lib/python3.10/site-packages/airflow/example_dags/example_short_circuit_decorator.py took 0.053 seconds
[2025-08-12T15:56:02.944+0000] {processor.py:157} INFO - Started process (PID=26214) to work on /home/vscode/.local/lib/python3.10/site-packages/airflow/example_dags/example_short_circuit_decorator.py
[2025-08-12T15:56:02.945+0000] {processor.py:826} INFO - Processing file /home/vscode/.local/lib/python3.10/site-packages/airflow/example_dags/example_short_circuit_decorator.py for tasks to queue
[2025-08-12T15:56:02.945+0000] {logging_mixin.py:150} INFO - [2025-08-12T15:56:02.945+0000] {dagbag.py:541} INFO - Filling up the DagBag from /home/vscode/.local/lib/python3.10/site-packages/airflow/example_dags/example_short_circuit_decorator.py
[2025-08-12T15:56:02.952+0000] {processor.py:836} INFO - DAG(s) dict_keys(['example_short_circuit_decorator']) retrieved from /home/vscode/.local/lib/python3.10/site-packages/airflow/example_dags/example_short_circuit_decorator.py
[2025-08-12T15:56:02.967+0000] {logging_mixin.py:150} INFO - [2025-08-12T15:56:02.966+0000] {dag.py:2742} INFO - Sync 1 DAGs
[2025-08-12T15:56:02.981+0000] {logging_mixin.py:150} INFO - [2025-08-12T15:56:02.981+0000] {dag.py:3504} INFO - Setting next_dagrun for example_short_circuit_decorator to 2025-08-11T15:56:02.981470+00:00, run_after=2025-08-12T15:56:02.981470+00:00
[2025-08-12T15:56:02.998+0000] {processor.py:179} INFO - Processing /home/vscode/.local/lib/python3.10/site-packages/airflow/example_dags/example_short_circuit_decorator.py took 0.056 seconds
[2025-08-12T15:56:46.808+0000] {processor.py:157} INFO - Started process (PID=26547) to work on /home/vscode/.local/lib/python3.10/site-packages/airflow/example_dags/example_short_circuit_decorator.py
[2025-08-12T15:56:46.808+0000] {processor.py:826} INFO - Processing file /home/vscode/.local/lib/python3.10/site-packages/airflow/example_dags/example_short_circuit_decorator.py for tasks to queue
[2025-08-12T15:56:46.809+0000] {logging_mixin.py:150} INFO - [2025-08-12T15:56:46.809+0000] {dagbag.py:541} INFO - Filling up the DagBag from /home/vscode/.local/lib/python3.10/site-packages/airflow/example_dags/example_short_circuit_decorator.py
[2025-08-12T15:56:46.816+0000] {processor.py:836} INFO - DAG(s) dict_keys(['example_short_circuit_decorator']) retrieved from /home/vscode/.local/lib/python3.10/site-packages/airflow/example_dags/example_short_circuit_decorator.py
[2025-08-12T15:56:46.830+0000] {logging_mixin.py:150} INFO - [2025-08-12T15:56:46.829+0000] {dag.py:2742} INFO - Sync 1 DAGs
[2025-08-12T15:56:46.847+0000] {logging_mixin.py:150} INFO - [2025-08-12T15:56:46.847+0000] {dag.py:3504} INFO - Setting next_dagrun for example_short_circuit_decorator to 2025-08-11T15:56:46.846871+00:00, run_after=2025-08-12T15:56:46.846871+00:00
[2025-08-12T15:56:46.864+0000] {processor.py:179} INFO - Processing /home/vscode/.local/lib/python3.10/site-packages/airflow/example_dags/example_short_circuit_decorator.py took 0.058 seconds
[2025-08-12T15:57:35.931+0000] {processor.py:157} INFO - Started process (PID=26920) to work on /home/vscode/.local/lib/python3.10/site-packages/airflow/example_dags/example_short_circuit_decorator.py
[2025-08-12T15:57:35.931+0000] {processor.py:826} INFO - Processing file /home/vscode/.local/lib/python3.10/site-packages/airflow/example_dags/example_short_circuit_decorator.py for tasks to queue
[2025-08-12T15:57:35.932+0000] {logging_mixin.py:150} INFO - [2025-08-12T15:57:35.932+0000] {dagbag.py:541} INFO - Filling up the DagBag from /home/vscode/.local/lib/python3.10/site-packages/airflow/example_dags/example_short_circuit_decorator.py
[2025-08-12T15:57:35.939+0000] {processor.py:836} INFO - DAG(s) dict_keys(['example_short_circuit_decorator']) retrieved from /home/vscode/.local/lib/python3.10/site-packages/airflow/example_dags/example_short_circuit_decorator.py
[2025-08-12T15:57:35.953+0000] {logging_mixin.py:150} INFO - [2025-08-12T15:57:35.952+0000] {dag.py:2742} INFO - Sync 1 DAGs
[2025-08-12T15:57:35.966+0000] {logging_mixin.py:150} INFO - [2025-08-12T15:57:35.966+0000] {dag.py:3504} INFO - Setting next_dagrun for example_short_circuit_decorator to 2025-08-11T15:57:35.966572+00:00, run_after=2025-08-12T15:57:35.966572+00:00
[2025-08-12T15:57:35.982+0000] {processor.py:179} INFO - Processing /home/vscode/.local/lib/python3.10/site-packages/airflow/example_dags/example_short_circuit_decorator.py took 0.053 seconds
[2025-08-12T15:58:22.370+0000] {processor.py:157} INFO - Started process (PID=27245) to work on /home/vscode/.local/lib/python3.10/site-packages/airflow/example_dags/example_short_circuit_decorator.py
[2025-08-12T15:58:22.371+0000] {processor.py:826} INFO - Processing file /home/vscode/.local/lib/python3.10/site-packages/airflow/example_dags/example_short_circuit_decorator.py for tasks to queue
[2025-08-12T15:58:22.372+0000] {logging_mixin.py:150} INFO - [2025-08-12T15:58:22.372+0000] {dagbag.py:541} INFO - Filling up the DagBag from /home/vscode/.local/lib/python3.10/site-packages/airflow/example_dags/example_short_circuit_decorator.py
[2025-08-12T15:58:22.383+0000] {processor.py:836} INFO - DAG(s) dict_keys(['example_short_circuit_decorator']) retrieved from /home/vscode/.local/lib/python3.10/site-packages/airflow/example_dags/example_short_circuit_decorator.py
[2025-08-12T15:58:22.397+0000] {logging_mixin.py:150} INFO - [2025-08-12T15:58:22.397+0000] {dag.py:2742} INFO - Sync 1 DAGs
[2025-08-12T15:58:22.412+0000] {logging_mixin.py:150} INFO - [2025-08-12T15:58:22.412+0000] {dag.py:3504} INFO - Setting next_dagrun for example_short_circuit_decorator to 2025-08-11T15:58:22.412645+00:00, run_after=2025-08-12T15:58:22.412645+00:00
[2025-08-12T15:58:22.429+0000] {processor.py:179} INFO - Processing /home/vscode/.local/lib/python3.10/site-packages/airflow/example_dags/example_short_circuit_decorator.py took 0.061 seconds
[2025-08-12T15:59:05.769+0000] {processor.py:157} INFO - Started process (PID=27533) to work on /home/vscode/.local/lib/python3.10/site-packages/airflow/example_dags/example_short_circuit_decorator.py
[2025-08-12T15:59:05.770+0000] {processor.py:826} INFO - Processing file /home/vscode/.local/lib/python3.10/site-packages/airflow/example_dags/example_short_circuit_decorator.py for tasks to queue
[2025-08-12T15:59:05.771+0000] {logging_mixin.py:150} INFO - [2025-08-12T15:59:05.770+0000] {dagbag.py:541} INFO - Filling up the DagBag from /home/vscode/.local/lib/python3.10/site-packages/airflow/example_dags/example_short_circuit_decorator.py
[2025-08-12T15:59:05.778+0000] {processor.py:836} INFO - DAG(s) dict_keys(['example_short_circuit_decorator']) retrieved from /home/vscode/.local/lib/python3.10/site-packages/airflow/example_dags/example_short_circuit_decorator.py
[2025-08-12T15:59:05.791+0000] {logging_mixin.py:150} INFO - [2025-08-12T15:59:05.791+0000] {dag.py:2742} INFO - Sync 1 DAGs
[2025-08-12T15:59:05.805+0000] {logging_mixin.py:150} INFO - [2025-08-12T15:59:05.805+0000] {dag.py:3504} INFO - Setting next_dagrun for example_short_circuit_decorator to 2025-08-11T15:59:05.804926+00:00, run_after=2025-08-12T15:59:05.804926+00:00
[2025-08-12T15:59:05.822+0000] {processor.py:179} INFO - Processing /home/vscode/.local/lib/python3.10/site-packages/airflow/example_dags/example_short_circuit_decorator.py took 0.055 seconds
[2025-08-12T15:59:45.850+0000] {processor.py:157} INFO - Started process (PID=27802) to work on /home/vscode/.local/lib/python3.10/site-packages/airflow/example_dags/example_short_circuit_decorator.py
[2025-08-12T15:59:45.851+0000] {processor.py:826} INFO - Processing file /home/vscode/.local/lib/python3.10/site-packages/airflow/example_dags/example_short_circuit_decorator.py for tasks to queue
[2025-08-12T15:59:45.851+0000] {logging_mixin.py:150} INFO - [2025-08-12T15:59:45.851+0000] {dagbag.py:541} INFO - Filling up the DagBag from /home/vscode/.local/lib/python3.10/site-packages/airflow/example_dags/example_short_circuit_decorator.py
[2025-08-12T15:59:45.858+0000] {processor.py:836} INFO - DAG(s) dict_keys(['example_short_circuit_decorator']) retrieved from /home/vscode/.local/lib/python3.10/site-packages/airflow/example_dags/example_short_circuit_decorator.py
[2025-08-12T15:59:45.871+0000] {logging_mixin.py:150} INFO - [2025-08-12T15:59:45.871+0000] {dag.py:2742} INFO - Sync 1 DAGs
[2025-08-12T15:59:45.885+0000] {logging_mixin.py:150} INFO - [2025-08-12T15:59:45.885+0000] {dag.py:3504} INFO - Setting next_dagrun for example_short_circuit_decorator to 2025-08-11T15:59:45.885274+00:00, run_after=2025-08-12T15:59:45.885274+00:00
[2025-08-12T15:59:45.901+0000] {processor.py:179} INFO - Processing /home/vscode/.local/lib/python3.10/site-packages/airflow/example_dags/example_short_circuit_decorator.py took 0.053 seconds
[2025-08-12T16:00:27.993+0000] {processor.py:157} INFO - Started process (PID=28083) to work on /home/vscode/.local/lib/python3.10/site-packages/airflow/example_dags/example_short_circuit_decorator.py
[2025-08-12T16:00:27.994+0000] {processor.py:826} INFO - Processing file /home/vscode/.local/lib/python3.10/site-packages/airflow/example_dags/example_short_circuit_decorator.py for tasks to queue
[2025-08-12T16:00:27.994+0000] {logging_mixin.py:150} INFO - [2025-08-12T16:00:27.994+0000] {dagbag.py:541} INFO - Filling up the DagBag from /home/vscode/.local/lib/python3.10/site-packages/airflow/example_dags/example_short_circuit_decorator.py
[2025-08-12T16:00:28.001+0000] {processor.py:836} INFO - DAG(s) dict_keys(['example_short_circuit_decorator']) retrieved from /home/vscode/.local/lib/python3.10/site-packages/airflow/example_dags/example_short_circuit_decorator.py
[2025-08-12T16:00:28.015+0000] {logging_mixin.py:150} INFO - [2025-08-12T16:00:28.015+0000] {dag.py:2742} INFO - Sync 1 DAGs
[2025-08-12T16:00:28.031+0000] {logging_mixin.py:150} INFO - [2025-08-12T16:00:28.031+0000] {dag.py:3504} INFO - Setting next_dagrun for example_short_circuit_decorator to 2025-08-11T16:00:28.031295+00:00, run_after=2025-08-12T16:00:28.031295+00:00
[2025-08-12T16:00:28.051+0000] {processor.py:179} INFO - Processing /home/vscode/.local/lib/python3.10/site-packages/airflow/example_dags/example_short_circuit_decorator.py took 0.060 seconds
[2025-08-12T16:01:11.363+0000] {processor.py:157} INFO - Started process (PID=28504) to work on /home/vscode/.local/lib/python3.10/site-packages/airflow/example_dags/example_short_circuit_decorator.py
[2025-08-12T16:01:11.364+0000] {processor.py:826} INFO - Processing file /home/vscode/.local/lib/python3.10/site-packages/airflow/example_dags/example_short_circuit_decorator.py for tasks to queue
[2025-08-12T16:01:11.364+0000] {logging_mixin.py:150} INFO - [2025-08-12T16:01:11.364+0000] {dagbag.py:541} INFO - Filling up the DagBag from /home/vscode/.local/lib/python3.10/site-packages/airflow/example_dags/example_short_circuit_decorator.py
[2025-08-12T16:01:11.371+0000] {processor.py:836} INFO - DAG(s) dict_keys(['example_short_circuit_decorator']) retrieved from /home/vscode/.local/lib/python3.10/site-packages/airflow/example_dags/example_short_circuit_decorator.py
[2025-08-12T16:01:11.385+0000] {logging_mixin.py:150} INFO - [2025-08-12T16:01:11.384+0000] {dag.py:2742} INFO - Sync 1 DAGs
[2025-08-12T16:01:11.399+0000] {logging_mixin.py:150} INFO - [2025-08-12T16:01:11.398+0000] {dag.py:3504} INFO - Setting next_dagrun for example_short_circuit_decorator to 2025-08-11T16:01:11.398825+00:00, run_after=2025-08-12T16:01:11.398825+00:00
[2025-08-12T16:01:11.415+0000] {processor.py:179} INFO - Processing /home/vscode/.local/lib/python3.10/site-packages/airflow/example_dags/example_short_circuit_decorator.py took 0.054 seconds
[2025-08-12T16:02:00.377+0000] {processor.py:157} INFO - Started process (PID=28858) to work on /home/vscode/.local/lib/python3.10/site-packages/airflow/example_dags/example_short_circuit_decorator.py
[2025-08-12T16:02:00.378+0000] {processor.py:826} INFO - Processing file /home/vscode/.local/lib/python3.10/site-packages/airflow/example_dags/example_short_circuit_decorator.py for tasks to queue
[2025-08-12T16:02:00.379+0000] {logging_mixin.py:150} INFO - [2025-08-12T16:02:00.378+0000] {dagbag.py:541} INFO - Filling up the DagBag from /home/vscode/.local/lib/python3.10/site-packages/airflow/example_dags/example_short_circuit_decorator.py
[2025-08-12T16:02:00.386+0000] {processor.py:836} INFO - DAG(s) dict_keys(['example_short_circuit_decorator']) retrieved from /home/vscode/.local/lib/python3.10/site-packages/airflow/example_dags/example_short_circuit_decorator.py
[2025-08-12T16:02:00.404+0000] {logging_mixin.py:150} INFO - [2025-08-12T16:02:00.404+0000] {dag.py:2742} INFO - Sync 1 DAGs
[2025-08-12T16:02:00.419+0000] {logging_mixin.py:150} INFO - [2025-08-12T16:02:00.419+0000] {dag.py:3504} INFO - Setting next_dagrun for example_short_circuit_decorator to 2025-08-11T16:02:00.419036+00:00, run_after=2025-08-12T16:02:00.419036+00:00
[2025-08-12T16:02:00.440+0000] {processor.py:179} INFO - Processing /home/vscode/.local/lib/python3.10/site-packages/airflow/example_dags/example_short_circuit_decorator.py took 0.064 seconds
[2025-08-12T16:02:40.883+0000] {processor.py:157} INFO - Started process (PID=29130) to work on /home/vscode/.local/lib/python3.10/site-packages/airflow/example_dags/example_short_circuit_decorator.py
[2025-08-12T16:02:40.883+0000] {processor.py:826} INFO - Processing file /home/vscode/.local/lib/python3.10/site-packages/airflow/example_dags/example_short_circuit_decorator.py for tasks to queue
[2025-08-12T16:02:40.884+0000] {logging_mixin.py:150} INFO - [2025-08-12T16:02:40.884+0000] {dagbag.py:541} INFO - Filling up the DagBag from /home/vscode/.local/lib/python3.10/site-packages/airflow/example_dags/example_short_circuit_decorator.py
[2025-08-12T16:02:40.891+0000] {processor.py:836} INFO - DAG(s) dict_keys(['example_short_circuit_decorator']) retrieved from /home/vscode/.local/lib/python3.10/site-packages/airflow/example_dags/example_short_circuit_decorator.py
[2025-08-12T16:02:40.904+0000] {logging_mixin.py:150} INFO - [2025-08-12T16:02:40.904+0000] {dag.py:2742} INFO - Sync 1 DAGs
[2025-08-12T16:02:40.919+0000] {logging_mixin.py:150} INFO - [2025-08-12T16:02:40.919+0000] {dag.py:3504} INFO - Setting next_dagrun for example_short_circuit_decorator to 2025-08-11T16:02:40.919576+00:00, run_after=2025-08-12T16:02:40.919576+00:00
[2025-08-12T16:02:40.936+0000] {processor.py:179} INFO - Processing /home/vscode/.local/lib/python3.10/site-packages/airflow/example_dags/example_short_circuit_decorator.py took 0.055 seconds
[2025-08-12T16:03:22.648+0000] {processor.py:157} INFO - Started process (PID=29409) to work on /home/vscode/.local/lib/python3.10/site-packages/airflow/example_dags/example_short_circuit_decorator.py
[2025-08-12T16:03:22.649+0000] {processor.py:826} INFO - Processing file /home/vscode/.local/lib/python3.10/site-packages/airflow/example_dags/example_short_circuit_decorator.py for tasks to queue
[2025-08-12T16:03:22.650+0000] {logging_mixin.py:150} INFO - [2025-08-12T16:03:22.649+0000] {dagbag.py:541} INFO - Filling up the DagBag from /home/vscode/.local/lib/python3.10/site-packages/airflow/example_dags/example_short_circuit_decorator.py
[2025-08-12T16:03:22.657+0000] {processor.py:836} INFO - DAG(s) dict_keys(['example_short_circuit_decorator']) retrieved from /home/vscode/.local/lib/python3.10/site-packages/airflow/example_dags/example_short_circuit_decorator.py
[2025-08-12T16:03:22.670+0000] {logging_mixin.py:150} INFO - [2025-08-12T16:03:22.670+0000] {dag.py:2742} INFO - Sync 1 DAGs
[2025-08-12T16:03:22.684+0000] {logging_mixin.py:150} INFO - [2025-08-12T16:03:22.684+0000] {dag.py:3504} INFO - Setting next_dagrun for example_short_circuit_decorator to 2025-08-11T16:03:22.684236+00:00, run_after=2025-08-12T16:03:22.684236+00:00
[2025-08-12T16:03:22.701+0000] {processor.py:179} INFO - Processing /home/vscode/.local/lib/python3.10/site-packages/airflow/example_dags/example_short_circuit_decorator.py took 0.054 seconds
[2025-08-12T16:04:07.448+0000] {processor.py:157} INFO - Started process (PID=29707) to work on /home/vscode/.local/lib/python3.10/site-packages/airflow/example_dags/example_short_circuit_decorator.py
[2025-08-12T16:04:07.449+0000] {processor.py:826} INFO - Processing file /home/vscode/.local/lib/python3.10/site-packages/airflow/example_dags/example_short_circuit_decorator.py for tasks to queue
[2025-08-12T16:04:07.450+0000] {logging_mixin.py:150} INFO - [2025-08-12T16:04:07.450+0000] {dagbag.py:541} INFO - Filling up the DagBag from /home/vscode/.local/lib/python3.10/site-packages/airflow/example_dags/example_short_circuit_decorator.py
[2025-08-12T16:04:07.460+0000] {processor.py:836} INFO - DAG(s) dict_keys(['example_short_circuit_decorator']) retrieved from /home/vscode/.local/lib/python3.10/site-packages/airflow/example_dags/example_short_circuit_decorator.py
[2025-08-12T16:04:07.478+0000] {logging_mixin.py:150} INFO - [2025-08-12T16:04:07.477+0000] {dag.py:2742} INFO - Sync 1 DAGs
[2025-08-12T16:04:07.494+0000] {logging_mixin.py:150} INFO - [2025-08-12T16:04:07.493+0000] {dag.py:3504} INFO - Setting next_dagrun for example_short_circuit_decorator to 2025-08-11T16:04:07.493798+00:00, run_after=2025-08-12T16:04:07.493798+00:00
[2025-08-12T16:04:07.511+0000] {processor.py:179} INFO - Processing /home/vscode/.local/lib/python3.10/site-packages/airflow/example_dags/example_short_circuit_decorator.py took 0.066 seconds
[2025-08-12T16:04:55.213+0000] {processor.py:157} INFO - Started process (PID=30029) to work on /home/vscode/.local/lib/python3.10/site-packages/airflow/example_dags/example_short_circuit_decorator.py
[2025-08-12T16:04:55.213+0000] {processor.py:826} INFO - Processing file /home/vscode/.local/lib/python3.10/site-packages/airflow/example_dags/example_short_circuit_decorator.py for tasks to queue
[2025-08-12T16:04:55.214+0000] {logging_mixin.py:150} INFO - [2025-08-12T16:04:55.214+0000] {dagbag.py:541} INFO - Filling up the DagBag from /home/vscode/.local/lib/python3.10/site-packages/airflow/example_dags/example_short_circuit_decorator.py
[2025-08-12T16:04:55.221+0000] {processor.py:836} INFO - DAG(s) dict_keys(['example_short_circuit_decorator']) retrieved from /home/vscode/.local/lib/python3.10/site-packages/airflow/example_dags/example_short_circuit_decorator.py
[2025-08-12T16:04:55.235+0000] {logging_mixin.py:150} INFO - [2025-08-12T16:04:55.235+0000] {dag.py:2742} INFO - Sync 1 DAGs
[2025-08-12T16:04:55.249+0000] {logging_mixin.py:150} INFO - [2025-08-12T16:04:55.249+0000] {dag.py:3504} INFO - Setting next_dagrun for example_short_circuit_decorator to 2025-08-11T16:04:55.249298+00:00, run_after=2025-08-12T16:04:55.249298+00:00
[2025-08-12T16:04:55.265+0000] {processor.py:179} INFO - Processing /home/vscode/.local/lib/python3.10/site-packages/airflow/example_dags/example_short_circuit_decorator.py took 0.054 seconds
[2025-08-12T16:05:37.678+0000] {processor.py:157} INFO - Started process (PID=30314) to work on /home/vscode/.local/lib/python3.10/site-packages/airflow/example_dags/example_short_circuit_decorator.py
[2025-08-12T16:05:37.679+0000] {processor.py:826} INFO - Processing file /home/vscode/.local/lib/python3.10/site-packages/airflow/example_dags/example_short_circuit_decorator.py for tasks to queue
[2025-08-12T16:05:37.680+0000] {logging_mixin.py:150} INFO - [2025-08-12T16:05:37.679+0000] {dagbag.py:541} INFO - Filling up the DagBag from /home/vscode/.local/lib/python3.10/site-packages/airflow/example_dags/example_short_circuit_decorator.py
[2025-08-12T16:05:37.687+0000] {processor.py:836} INFO - DAG(s) dict_keys(['example_short_circuit_decorator']) retrieved from /home/vscode/.local/lib/python3.10/site-packages/airflow/example_dags/example_short_circuit_decorator.py
[2025-08-12T16:05:37.700+0000] {logging_mixin.py:150} INFO - [2025-08-12T16:05:37.700+0000] {dag.py:2742} INFO - Sync 1 DAGs
[2025-08-12T16:05:37.713+0000] {logging_mixin.py:150} INFO - [2025-08-12T16:05:37.713+0000] {dag.py:3504} INFO - Setting next_dagrun for example_short_circuit_decorator to 2025-08-11T16:05:37.713696+00:00, run_after=2025-08-12T16:05:37.713696+00:00
[2025-08-12T16:05:37.728+0000] {processor.py:179} INFO - Processing /home/vscode/.local/lib/python3.10/site-packages/airflow/example_dags/example_short_circuit_decorator.py took 0.052 seconds
[2025-08-12T16:06:24.209+0000] {processor.py:157} INFO - Started process (PID=30612) to work on /home/vscode/.local/lib/python3.10/site-packages/airflow/example_dags/example_short_circuit_decorator.py
[2025-08-12T16:06:24.210+0000] {processor.py:826} INFO - Processing file /home/vscode/.local/lib/python3.10/site-packages/airflow/example_dags/example_short_circuit_decorator.py for tasks to queue
[2025-08-12T16:06:24.210+0000] {logging_mixin.py:150} INFO - [2025-08-12T16:06:24.210+0000] {dagbag.py:541} INFO - Filling up the DagBag from /home/vscode/.local/lib/python3.10/site-packages/airflow/example_dags/example_short_circuit_decorator.py
[2025-08-12T16:06:24.217+0000] {processor.py:836} INFO - DAG(s) dict_keys(['example_short_circuit_decorator']) retrieved from /home/vscode/.local/lib/python3.10/site-packages/airflow/example_dags/example_short_circuit_decorator.py
[2025-08-12T16:06:24.231+0000] {logging_mixin.py:150} INFO - [2025-08-12T16:06:24.231+0000] {dag.py:2742} INFO - Sync 1 DAGs
[2025-08-12T16:06:24.245+0000] {logging_mixin.py:150} INFO - [2025-08-12T16:06:24.245+0000] {dag.py:3504} INFO - Setting next_dagrun for example_short_circuit_decorator to 2025-08-11T16:06:24.245137+00:00, run_after=2025-08-12T16:06:24.245137+00:00
[2025-08-12T16:06:24.264+0000] {processor.py:179} INFO - Processing /home/vscode/.local/lib/python3.10/site-packages/airflow/example_dags/example_short_circuit_decorator.py took 0.057 seconds
[2025-08-12T16:07:07.284+0000] {processor.py:157} INFO - Started process (PID=30905) to work on /home/vscode/.local/lib/python3.10/site-packages/airflow/example_dags/example_short_circuit_decorator.py
[2025-08-12T16:07:07.284+0000] {processor.py:826} INFO - Processing file /home/vscode/.local/lib/python3.10/site-packages/airflow/example_dags/example_short_circuit_decorator.py for tasks to queue
[2025-08-12T16:07:07.285+0000] {logging_mixin.py:150} INFO - [2025-08-12T16:07:07.285+0000] {dagbag.py:541} INFO - Filling up the DagBag from /home/vscode/.local/lib/python3.10/site-packages/airflow/example_dags/example_short_circuit_decorator.py
[2025-08-12T16:07:07.292+0000] {processor.py:836} INFO - DAG(s) dict_keys(['example_short_circuit_decorator']) retrieved from /home/vscode/.local/lib/python3.10/site-packages/airflow/example_dags/example_short_circuit_decorator.py
[2025-08-12T16:07:07.305+0000] {logging_mixin.py:150} INFO - [2025-08-12T16:07:07.305+0000] {dag.py:2742} INFO - Sync 1 DAGs
[2025-08-12T16:07:07.320+0000] {logging_mixin.py:150} INFO - [2025-08-12T16:07:07.320+0000] {dag.py:3504} INFO - Setting next_dagrun for example_short_circuit_decorator to 2025-08-11T16:07:07.319839+00:00, run_after=2025-08-12T16:07:07.319839+00:00
[2025-08-12T16:07:07.336+0000] {processor.py:179} INFO - Processing /home/vscode/.local/lib/python3.10/site-packages/airflow/example_dags/example_short_circuit_decorator.py took 0.054 seconds
[2025-08-12T16:07:48.711+0000] {processor.py:157} INFO - Started process (PID=31187) to work on /home/vscode/.local/lib/python3.10/site-packages/airflow/example_dags/example_short_circuit_decorator.py
[2025-08-12T16:07:48.712+0000] {processor.py:826} INFO - Processing file /home/vscode/.local/lib/python3.10/site-packages/airflow/example_dags/example_short_circuit_decorator.py for tasks to queue
[2025-08-12T16:07:48.712+0000] {logging_mixin.py:150} INFO - [2025-08-12T16:07:48.712+0000] {dagbag.py:541} INFO - Filling up the DagBag from /home/vscode/.local/lib/python3.10/site-packages/airflow/example_dags/example_short_circuit_decorator.py
[2025-08-12T16:07:48.720+0000] {processor.py:836} INFO - DAG(s) dict_keys(['example_short_circuit_decorator']) retrieved from /home/vscode/.local/lib/python3.10/site-packages/airflow/example_dags/example_short_circuit_decorator.py
[2025-08-12T16:07:48.734+0000] {logging_mixin.py:150} INFO - [2025-08-12T16:07:48.734+0000] {dag.py:2742} INFO - Sync 1 DAGs
[2025-08-12T16:07:48.749+0000] {logging_mixin.py:150} INFO - [2025-08-12T16:07:48.749+0000] {dag.py:3504} INFO - Setting next_dagrun for example_short_circuit_decorator to 2025-08-11T16:07:48.749493+00:00, run_after=2025-08-12T16:07:48.749493+00:00
[2025-08-12T16:07:48.765+0000] {processor.py:179} INFO - Processing /home/vscode/.local/lib/python3.10/site-packages/airflow/example_dags/example_short_circuit_decorator.py took 0.056 seconds
[2025-08-12T16:08:29.806+0000] {processor.py:157} INFO - Started process (PID=31457) to work on /home/vscode/.local/lib/python3.10/site-packages/airflow/example_dags/example_short_circuit_decorator.py
[2025-08-12T16:08:29.807+0000] {processor.py:826} INFO - Processing file /home/vscode/.local/lib/python3.10/site-packages/airflow/example_dags/example_short_circuit_decorator.py for tasks to queue
[2025-08-12T16:08:29.807+0000] {logging_mixin.py:150} INFO - [2025-08-12T16:08:29.807+0000] {dagbag.py:541} INFO - Filling up the DagBag from /home/vscode/.local/lib/python3.10/site-packages/airflow/example_dags/example_short_circuit_decorator.py
[2025-08-12T16:08:29.814+0000] {processor.py:836} INFO - DAG(s) dict_keys(['example_short_circuit_decorator']) retrieved from /home/vscode/.local/lib/python3.10/site-packages/airflow/example_dags/example_short_circuit_decorator.py
[2025-08-12T16:08:29.827+0000] {logging_mixin.py:150} INFO - [2025-08-12T16:08:29.827+0000] {dag.py:2742} INFO - Sync 1 DAGs
[2025-08-12T16:08:29.841+0000] {logging_mixin.py:150} INFO - [2025-08-12T16:08:29.841+0000] {dag.py:3504} INFO - Setting next_dagrun for example_short_circuit_decorator to 2025-08-11T16:08:29.841569+00:00, run_after=2025-08-12T16:08:29.841569+00:00
[2025-08-12T16:08:29.857+0000] {processor.py:179} INFO - Processing /home/vscode/.local/lib/python3.10/site-packages/airflow/example_dags/example_short_circuit_decorator.py took 0.054 seconds
[2025-08-12T16:09:12.619+0000] {processor.py:157} INFO - Started process (PID=31741) to work on /home/vscode/.local/lib/python3.10/site-packages/airflow/example_dags/example_short_circuit_decorator.py
[2025-08-12T16:09:12.619+0000] {processor.py:826} INFO - Processing file /home/vscode/.local/lib/python3.10/site-packages/airflow/example_dags/example_short_circuit_decorator.py for tasks to queue
[2025-08-12T16:09:12.620+0000] {logging_mixin.py:150} INFO - [2025-08-12T16:09:12.620+0000] {dagbag.py:541} INFO - Filling up the DagBag from /home/vscode/.local/lib/python3.10/site-packages/airflow/example_dags/example_short_circuit_decorator.py
[2025-08-12T16:09:12.627+0000] {processor.py:836} INFO - DAG(s) dict_keys(['example_short_circuit_decorator']) retrieved from /home/vscode/.local/lib/python3.10/site-packages/airflow/example_dags/example_short_circuit_decorator.py
[2025-08-12T16:09:12.640+0000] {logging_mixin.py:150} INFO - [2025-08-12T16:09:12.640+0000] {dag.py:2742} INFO - Sync 1 DAGs
[2025-08-12T16:09:12.655+0000] {logging_mixin.py:150} INFO - [2025-08-12T16:09:12.655+0000] {dag.py:3504} INFO - Setting next_dagrun for example_short_circuit_decorator to 2025-08-11T16:09:12.655295+00:00, run_after=2025-08-12T16:09:12.655295+00:00
[2025-08-12T16:09:12.671+0000] {processor.py:179} INFO - Processing /home/vscode/.local/lib/python3.10/site-packages/airflow/example_dags/example_short_circuit_decorator.py took 0.054 seconds
[2025-08-12T16:09:58.290+0000] {processor.py:157} INFO - Started process (PID=32049) to work on /home/vscode/.local/lib/python3.10/site-packages/airflow/example_dags/example_short_circuit_decorator.py
[2025-08-12T16:09:58.291+0000] {processor.py:826} INFO - Processing file /home/vscode/.local/lib/python3.10/site-packages/airflow/example_dags/example_short_circuit_decorator.py for tasks to queue
[2025-08-12T16:09:58.291+0000] {logging_mixin.py:150} INFO - [2025-08-12T16:09:58.291+0000] {dagbag.py:541} INFO - Filling up the DagBag from /home/vscode/.local/lib/python3.10/site-packages/airflow/example_dags/example_short_circuit_decorator.py
[2025-08-12T16:09:58.298+0000] {processor.py:836} INFO - DAG(s) dict_keys(['example_short_circuit_decorator']) retrieved from /home/vscode/.local/lib/python3.10/site-packages/airflow/example_dags/example_short_circuit_decorator.py
[2025-08-12T16:09:58.311+0000] {logging_mixin.py:150} INFO - [2025-08-12T16:09:58.311+0000] {dag.py:2742} INFO - Sync 1 DAGs
[2025-08-12T16:09:58.325+0000] {logging_mixin.py:150} INFO - [2025-08-12T16:09:58.325+0000] {dag.py:3504} INFO - Setting next_dagrun for example_short_circuit_decorator to 2025-08-11T16:09:58.325496+00:00, run_after=2025-08-12T16:09:58.325496+00:00
[2025-08-12T16:09:58.341+0000] {processor.py:179} INFO - Processing /home/vscode/.local/lib/python3.10/site-packages/airflow/example_dags/example_short_circuit_decorator.py took 0.053 seconds
[2025-08-12T16:10:44.963+0000] {processor.py:157} INFO - Started process (PID=32353) to work on /home/vscode/.local/lib/python3.10/site-packages/airflow/example_dags/example_short_circuit_decorator.py
[2025-08-12T16:10:44.964+0000] {processor.py:826} INFO - Processing file /home/vscode/.local/lib/python3.10/site-packages/airflow/example_dags/example_short_circuit_decorator.py for tasks to queue
[2025-08-12T16:10:44.964+0000] {logging_mixin.py:150} INFO - [2025-08-12T16:10:44.964+0000] {dagbag.py:541} INFO - Filling up the DagBag from /home/vscode/.local/lib/python3.10/site-packages/airflow/example_dags/example_short_circuit_decorator.py
[2025-08-12T16:10:44.971+0000] {processor.py:836} INFO - DAG(s) dict_keys(['example_short_circuit_decorator']) retrieved from /home/vscode/.local/lib/python3.10/site-packages/airflow/example_dags/example_short_circuit_decorator.py
[2025-08-12T16:10:44.984+0000] {logging_mixin.py:150} INFO - [2025-08-12T16:10:44.984+0000] {dag.py:2742} INFO - Sync 1 DAGs
[2025-08-12T16:10:44.998+0000] {logging_mixin.py:150} INFO - [2025-08-12T16:10:44.998+0000] {dag.py:3504} INFO - Setting next_dagrun for example_short_circuit_decorator to 2025-08-11T16:10:44.998696+00:00, run_after=2025-08-12T16:10:44.998696+00:00
[2025-08-12T16:10:45.014+0000] {processor.py:179} INFO - Processing /home/vscode/.local/lib/python3.10/site-packages/airflow/example_dags/example_short_circuit_decorator.py took 0.053 seconds
[2025-08-12T16:11:28.269+0000] {processor.py:157} INFO - Started process (PID=32645) to work on /home/vscode/.local/lib/python3.10/site-packages/airflow/example_dags/example_short_circuit_decorator.py
[2025-08-12T16:11:28.269+0000] {processor.py:826} INFO - Processing file /home/vscode/.local/lib/python3.10/site-packages/airflow/example_dags/example_short_circuit_decorator.py for tasks to queue
[2025-08-12T16:11:28.270+0000] {logging_mixin.py:150} INFO - [2025-08-12T16:11:28.270+0000] {dagbag.py:541} INFO - Filling up the DagBag from /home/vscode/.local/lib/python3.10/site-packages/airflow/example_dags/example_short_circuit_decorator.py
[2025-08-12T16:11:28.277+0000] {processor.py:836} INFO - DAG(s) dict_keys(['example_short_circuit_decorator']) retrieved from /home/vscode/.local/lib/python3.10/site-packages/airflow/example_dags/example_short_circuit_decorator.py
[2025-08-12T16:11:28.290+0000] {logging_mixin.py:150} INFO - [2025-08-12T16:11:28.290+0000] {dag.py:2742} INFO - Sync 1 DAGs
[2025-08-12T16:11:28.309+0000] {logging_mixin.py:150} INFO - [2025-08-12T16:11:28.309+0000] {dag.py:3504} INFO - Setting next_dagrun for example_short_circuit_decorator to 2025-08-11T16:11:28.309280+00:00, run_after=2025-08-12T16:11:28.309280+00:00
[2025-08-12T16:11:28.327+0000] {processor.py:179} INFO - Processing /home/vscode/.local/lib/python3.10/site-packages/airflow/example_dags/example_short_circuit_decorator.py took 0.060 seconds
[2025-08-12T16:12:13.567+0000] {processor.py:157} INFO - Started process (PID=32946) to work on /home/vscode/.local/lib/python3.10/site-packages/airflow/example_dags/example_short_circuit_decorator.py
[2025-08-12T16:12:13.568+0000] {processor.py:826} INFO - Processing file /home/vscode/.local/lib/python3.10/site-packages/airflow/example_dags/example_short_circuit_decorator.py for tasks to queue
[2025-08-12T16:12:13.568+0000] {logging_mixin.py:150} INFO - [2025-08-12T16:12:13.568+0000] {dagbag.py:541} INFO - Filling up the DagBag from /home/vscode/.local/lib/python3.10/site-packages/airflow/example_dags/example_short_circuit_decorator.py
[2025-08-12T16:12:13.575+0000] {processor.py:836} INFO - DAG(s) dict_keys(['example_short_circuit_decorator']) retrieved from /home/vscode/.local/lib/python3.10/site-packages/airflow/example_dags/example_short_circuit_decorator.py
[2025-08-12T16:12:13.588+0000] {logging_mixin.py:150} INFO - [2025-08-12T16:12:13.588+0000] {dag.py:2742} INFO - Sync 1 DAGs
[2025-08-12T16:12:13.602+0000] {logging_mixin.py:150} INFO - [2025-08-12T16:12:13.602+0000] {dag.py:3504} INFO - Setting next_dagrun for example_short_circuit_decorator to 2025-08-11T16:12:13.601994+00:00, run_after=2025-08-12T16:12:13.601994+00:00
[2025-08-12T16:12:13.618+0000] {processor.py:179} INFO - Processing /home/vscode/.local/lib/python3.10/site-packages/airflow/example_dags/example_short_circuit_decorator.py took 0.053 seconds
[2025-08-12T16:13:00.682+0000] {processor.py:157} INFO - Started process (PID=33257) to work on /home/vscode/.local/lib/python3.10/site-packages/airflow/example_dags/example_short_circuit_decorator.py
[2025-08-12T16:13:00.682+0000] {processor.py:826} INFO - Processing file /home/vscode/.local/lib/python3.10/site-packages/airflow/example_dags/example_short_circuit_decorator.py for tasks to queue
[2025-08-12T16:13:00.683+0000] {logging_mixin.py:150} INFO - [2025-08-12T16:13:00.683+0000] {dagbag.py:541} INFO - Filling up the DagBag from /home/vscode/.local/lib/python3.10/site-packages/airflow/example_dags/example_short_circuit_decorator.py
[2025-08-12T16:13:00.690+0000] {processor.py:836} INFO - DAG(s) dict_keys(['example_short_circuit_decorator']) retrieved from /home/vscode/.local/lib/python3.10/site-packages/airflow/example_dags/example_short_circuit_decorator.py
[2025-08-12T16:13:00.703+0000] {logging_mixin.py:150} INFO - [2025-08-12T16:13:00.703+0000] {dag.py:2742} INFO - Sync 1 DAGs
[2025-08-12T16:13:00.718+0000] {logging_mixin.py:150} INFO - [2025-08-12T16:13:00.718+0000] {dag.py:3504} INFO - Setting next_dagrun for example_short_circuit_decorator to 2025-08-11T16:13:00.718251+00:00, run_after=2025-08-12T16:13:00.718251+00:00
[2025-08-12T16:13:00.734+0000] {processor.py:179} INFO - Processing /home/vscode/.local/lib/python3.10/site-packages/airflow/example_dags/example_short_circuit_decorator.py took 0.055 seconds
[2025-08-12T16:13:43.964+0000] {processor.py:157} INFO - Started process (PID=33544) to work on /home/vscode/.local/lib/python3.10/site-packages/airflow/example_dags/example_short_circuit_decorator.py
[2025-08-12T16:13:43.964+0000] {processor.py:826} INFO - Processing file /home/vscode/.local/lib/python3.10/site-packages/airflow/example_dags/example_short_circuit_decorator.py for tasks to queue
[2025-08-12T16:13:43.965+0000] {logging_mixin.py:150} INFO - [2025-08-12T16:13:43.965+0000] {dagbag.py:541} INFO - Filling up the DagBag from /home/vscode/.local/lib/python3.10/site-packages/airflow/example_dags/example_short_circuit_decorator.py
[2025-08-12T16:13:43.972+0000] {processor.py:836} INFO - DAG(s) dict_keys(['example_short_circuit_decorator']) retrieved from /home/vscode/.local/lib/python3.10/site-packages/airflow/example_dags/example_short_circuit_decorator.py
[2025-08-12T16:13:43.985+0000] {logging_mixin.py:150} INFO - [2025-08-12T16:13:43.984+0000] {dag.py:2742} INFO - Sync 1 DAGs
[2025-08-12T16:13:43.998+0000] {logging_mixin.py:150} INFO - [2025-08-12T16:13:43.998+0000] {dag.py:3504} INFO - Setting next_dagrun for example_short_circuit_decorator to 2025-08-11T16:13:43.998540+00:00, run_after=2025-08-12T16:13:43.998540+00:00
[2025-08-12T16:13:44.014+0000] {processor.py:179} INFO - Processing /home/vscode/.local/lib/python3.10/site-packages/airflow/example_dags/example_short_circuit_decorator.py took 0.052 seconds
[2025-08-12T16:14:32.565+0000] {processor.py:157} INFO - Started process (PID=33866) to work on /home/vscode/.local/lib/python3.10/site-packages/airflow/example_dags/example_short_circuit_decorator.py
[2025-08-12T16:14:32.566+0000] {processor.py:826} INFO - Processing file /home/vscode/.local/lib/python3.10/site-packages/airflow/example_dags/example_short_circuit_decorator.py for tasks to queue
[2025-08-12T16:14:32.566+0000] {logging_mixin.py:150} INFO - [2025-08-12T16:14:32.566+0000] {dagbag.py:541} INFO - Filling up the DagBag from /home/vscode/.local/lib/python3.10/site-packages/airflow/example_dags/example_short_circuit_decorator.py
[2025-08-12T16:14:32.573+0000] {processor.py:836} INFO - DAG(s) dict_keys(['example_short_circuit_decorator']) retrieved from /home/vscode/.local/lib/python3.10/site-packages/airflow/example_dags/example_short_circuit_decorator.py
[2025-08-12T16:14:32.586+0000] {logging_mixin.py:150} INFO - [2025-08-12T16:14:32.586+0000] {dag.py:2742} INFO - Sync 1 DAGs
[2025-08-12T16:14:32.600+0000] {logging_mixin.py:150} INFO - [2025-08-12T16:14:32.599+0000] {dag.py:3504} INFO - Setting next_dagrun for example_short_circuit_decorator to 2025-08-11T16:14:32.599823+00:00, run_after=2025-08-12T16:14:32.599823+00:00
[2025-08-12T16:14:32.617+0000] {processor.py:179} INFO - Processing /home/vscode/.local/lib/python3.10/site-packages/airflow/example_dags/example_short_circuit_decorator.py took 0.054 seconds
[2025-08-12T16:15:13.020+0000] {processor.py:157} INFO - Started process (PID=34136) to work on /home/vscode/.local/lib/python3.10/site-packages/airflow/example_dags/example_short_circuit_decorator.py
[2025-08-12T16:15:13.021+0000] {processor.py:826} INFO - Processing file /home/vscode/.local/lib/python3.10/site-packages/airflow/example_dags/example_short_circuit_decorator.py for tasks to queue
[2025-08-12T16:15:13.021+0000] {logging_mixin.py:150} INFO - [2025-08-12T16:15:13.021+0000] {dagbag.py:541} INFO - Filling up the DagBag from /home/vscode/.local/lib/python3.10/site-packages/airflow/example_dags/example_short_circuit_decorator.py
[2025-08-12T16:15:13.028+0000] {processor.py:836} INFO - DAG(s) dict_keys(['example_short_circuit_decorator']) retrieved from /home/vscode/.local/lib/python3.10/site-packages/airflow/example_dags/example_short_circuit_decorator.py
[2025-08-12T16:15:13.041+0000] {logging_mixin.py:150} INFO - [2025-08-12T16:15:13.041+0000] {dag.py:2742} INFO - Sync 1 DAGs
[2025-08-12T16:15:13.054+0000] {logging_mixin.py:150} INFO - [2025-08-12T16:15:13.054+0000] {dag.py:3504} INFO - Setting next_dagrun for example_short_circuit_decorator to 2025-08-11T16:15:13.054698+00:00, run_after=2025-08-12T16:15:13.054698+00:00
[2025-08-12T16:15:13.070+0000] {processor.py:179} INFO - Processing /home/vscode/.local/lib/python3.10/site-packages/airflow/example_dags/example_short_circuit_decorator.py took 0.053 seconds
[2025-08-12T16:15:55.392+0000] {processor.py:157} INFO - Started process (PID=34421) to work on /home/vscode/.local/lib/python3.10/site-packages/airflow/example_dags/example_short_circuit_decorator.py
[2025-08-12T16:15:55.393+0000] {processor.py:826} INFO - Processing file /home/vscode/.local/lib/python3.10/site-packages/airflow/example_dags/example_short_circuit_decorator.py for tasks to queue
[2025-08-12T16:15:55.393+0000] {logging_mixin.py:150} INFO - [2025-08-12T16:15:55.393+0000] {dagbag.py:541} INFO - Filling up the DagBag from /home/vscode/.local/lib/python3.10/site-packages/airflow/example_dags/example_short_circuit_decorator.py
[2025-08-12T16:15:55.400+0000] {processor.py:836} INFO - DAG(s) dict_keys(['example_short_circuit_decorator']) retrieved from /home/vscode/.local/lib/python3.10/site-packages/airflow/example_dags/example_short_circuit_decorator.py
[2025-08-12T16:15:55.413+0000] {logging_mixin.py:150} INFO - [2025-08-12T16:15:55.413+0000] {dag.py:2742} INFO - Sync 1 DAGs
[2025-08-12T16:15:55.428+0000] {logging_mixin.py:150} INFO - [2025-08-12T16:15:55.428+0000] {dag.py:3504} INFO - Setting next_dagrun for example_short_circuit_decorator to 2025-08-11T16:15:55.428367+00:00, run_after=2025-08-12T16:15:55.428367+00:00
[2025-08-12T16:15:55.444+0000] {processor.py:179} INFO - Processing /home/vscode/.local/lib/python3.10/site-packages/airflow/example_dags/example_short_circuit_decorator.py took 0.054 seconds
[2025-08-12T16:16:35.935+0000] {processor.py:157} INFO - Started process (PID=34690) to work on /home/vscode/.local/lib/python3.10/site-packages/airflow/example_dags/example_short_circuit_decorator.py
[2025-08-12T16:16:35.936+0000] {processor.py:826} INFO - Processing file /home/vscode/.local/lib/python3.10/site-packages/airflow/example_dags/example_short_circuit_decorator.py for tasks to queue
[2025-08-12T16:16:35.936+0000] {logging_mixin.py:150} INFO - [2025-08-12T16:16:35.936+0000] {dagbag.py:541} INFO - Filling up the DagBag from /home/vscode/.local/lib/python3.10/site-packages/airflow/example_dags/example_short_circuit_decorator.py
[2025-08-12T16:16:35.944+0000] {processor.py:836} INFO - DAG(s) dict_keys(['example_short_circuit_decorator']) retrieved from /home/vscode/.local/lib/python3.10/site-packages/airflow/example_dags/example_short_circuit_decorator.py
[2025-08-12T16:16:35.957+0000] {logging_mixin.py:150} INFO - [2025-08-12T16:16:35.957+0000] {dag.py:2742} INFO - Sync 1 DAGs
[2025-08-12T16:16:35.971+0000] {logging_mixin.py:150} INFO - [2025-08-12T16:16:35.971+0000] {dag.py:3504} INFO - Setting next_dagrun for example_short_circuit_decorator to 2025-08-11T16:16:35.971610+00:00, run_after=2025-08-12T16:16:35.971610+00:00
[2025-08-12T16:16:35.988+0000] {processor.py:179} INFO - Processing /home/vscode/.local/lib/python3.10/site-packages/airflow/example_dags/example_short_circuit_decorator.py took 0.055 seconds
[2025-08-12T16:17:17.965+0000] {processor.py:157} INFO - Started process (PID=34970) to work on /home/vscode/.local/lib/python3.10/site-packages/airflow/example_dags/example_short_circuit_decorator.py
[2025-08-12T16:17:17.965+0000] {processor.py:826} INFO - Processing file /home/vscode/.local/lib/python3.10/site-packages/airflow/example_dags/example_short_circuit_decorator.py for tasks to queue
[2025-08-12T16:17:17.966+0000] {logging_mixin.py:150} INFO - [2025-08-12T16:17:17.966+0000] {dagbag.py:541} INFO - Filling up the DagBag from /home/vscode/.local/lib/python3.10/site-packages/airflow/example_dags/example_short_circuit_decorator.py
[2025-08-12T16:17:17.973+0000] {processor.py:836} INFO - DAG(s) dict_keys(['example_short_circuit_decorator']) retrieved from /home/vscode/.local/lib/python3.10/site-packages/airflow/example_dags/example_short_circuit_decorator.py
[2025-08-12T16:17:17.986+0000] {logging_mixin.py:150} INFO - [2025-08-12T16:17:17.986+0000] {dag.py:2742} INFO - Sync 1 DAGs
[2025-08-12T16:17:18.000+0000] {logging_mixin.py:150} INFO - [2025-08-12T16:17:18.000+0000] {dag.py:3504} INFO - Setting next_dagrun for example_short_circuit_decorator to 2025-08-11T16:17:18.000630+00:00, run_after=2025-08-12T16:17:18.000630+00:00
[2025-08-12T16:17:18.017+0000] {processor.py:179} INFO - Processing /home/vscode/.local/lib/python3.10/site-packages/airflow/example_dags/example_short_circuit_decorator.py took 0.055 seconds
[2025-08-12T16:17:58.300+0000] {processor.py:157} INFO - Started process (PID=35237) to work on /home/vscode/.local/lib/python3.10/site-packages/airflow/example_dags/example_short_circuit_decorator.py
[2025-08-12T16:17:58.300+0000] {processor.py:826} INFO - Processing file /home/vscode/.local/lib/python3.10/site-packages/airflow/example_dags/example_short_circuit_decorator.py for tasks to queue
[2025-08-12T16:17:58.301+0000] {logging_mixin.py:150} INFO - [2025-08-12T16:17:58.301+0000] {dagbag.py:541} INFO - Filling up the DagBag from /home/vscode/.local/lib/python3.10/site-packages/airflow/example_dags/example_short_circuit_decorator.py
[2025-08-12T16:17:58.308+0000] {processor.py:836} INFO - DAG(s) dict_keys(['example_short_circuit_decorator']) retrieved from /home/vscode/.local/lib/python3.10/site-packages/airflow/example_dags/example_short_circuit_decorator.py
[2025-08-12T16:17:58.321+0000] {logging_mixin.py:150} INFO - [2025-08-12T16:17:58.320+0000] {dag.py:2742} INFO - Sync 1 DAGs
[2025-08-12T16:17:58.334+0000] {logging_mixin.py:150} INFO - [2025-08-12T16:17:58.334+0000] {dag.py:3504} INFO - Setting next_dagrun for example_short_circuit_decorator to 2025-08-11T16:17:58.334513+00:00, run_after=2025-08-12T16:17:58.334513+00:00
[2025-08-12T16:17:58.350+0000] {processor.py:179} INFO - Processing /home/vscode/.local/lib/python3.10/site-packages/airflow/example_dags/example_short_circuit_decorator.py took 0.053 seconds
[2025-08-12T16:18:38.686+0000] {processor.py:157} INFO - Started process (PID=35510) to work on /home/vscode/.local/lib/python3.10/site-packages/airflow/example_dags/example_short_circuit_decorator.py
[2025-08-12T16:18:38.687+0000] {processor.py:826} INFO - Processing file /home/vscode/.local/lib/python3.10/site-packages/airflow/example_dags/example_short_circuit_decorator.py for tasks to queue
[2025-08-12T16:18:38.687+0000] {logging_mixin.py:150} INFO - [2025-08-12T16:18:38.687+0000] {dagbag.py:541} INFO - Filling up the DagBag from /home/vscode/.local/lib/python3.10/site-packages/airflow/example_dags/example_short_circuit_decorator.py
[2025-08-12T16:18:38.694+0000] {processor.py:836} INFO - DAG(s) dict_keys(['example_short_circuit_decorator']) retrieved from /home/vscode/.local/lib/python3.10/site-packages/airflow/example_dags/example_short_circuit_decorator.py
[2025-08-12T16:18:38.707+0000] {logging_mixin.py:150} INFO - [2025-08-12T16:18:38.707+0000] {dag.py:2742} INFO - Sync 1 DAGs
[2025-08-12T16:18:38.721+0000] {logging_mixin.py:150} INFO - [2025-08-12T16:18:38.721+0000] {dag.py:3504} INFO - Setting next_dagrun for example_short_circuit_decorator to 2025-08-11T16:18:38.721340+00:00, run_after=2025-08-12T16:18:38.721340+00:00
[2025-08-12T16:18:38.737+0000] {processor.py:179} INFO - Processing /home/vscode/.local/lib/python3.10/site-packages/airflow/example_dags/example_short_circuit_decorator.py took 0.053 seconds
[2025-08-12T16:19:20.533+0000] {processor.py:157} INFO - Started process (PID=35788) to work on /home/vscode/.local/lib/python3.10/site-packages/airflow/example_dags/example_short_circuit_decorator.py
[2025-08-12T16:19:20.534+0000] {processor.py:826} INFO - Processing file /home/vscode/.local/lib/python3.10/site-packages/airflow/example_dags/example_short_circuit_decorator.py for tasks to queue
[2025-08-12T16:19:20.534+0000] {logging_mixin.py:150} INFO - [2025-08-12T16:19:20.534+0000] {dagbag.py:541} INFO - Filling up the DagBag from /home/vscode/.local/lib/python3.10/site-packages/airflow/example_dags/example_short_circuit_decorator.py
[2025-08-12T16:19:20.541+0000] {processor.py:836} INFO - DAG(s) dict_keys(['example_short_circuit_decorator']) retrieved from /home/vscode/.local/lib/python3.10/site-packages/airflow/example_dags/example_short_circuit_decorator.py
[2025-08-12T16:19:20.554+0000] {logging_mixin.py:150} INFO - [2025-08-12T16:19:20.554+0000] {dag.py:2742} INFO - Sync 1 DAGs
[2025-08-12T16:19:20.568+0000] {logging_mixin.py:150} INFO - [2025-08-12T16:19:20.568+0000] {dag.py:3504} INFO - Setting next_dagrun for example_short_circuit_decorator to 2025-08-11T16:19:20.567872+00:00, run_after=2025-08-12T16:19:20.567872+00:00
[2025-08-12T16:19:20.583+0000] {processor.py:179} INFO - Processing /home/vscode/.local/lib/python3.10/site-packages/airflow/example_dags/example_short_circuit_decorator.py took 0.052 seconds
[2025-08-12T16:20:10.199+0000] {processor.py:157} INFO - Started process (PID=36120) to work on /home/vscode/.local/lib/python3.10/site-packages/airflow/example_dags/example_short_circuit_decorator.py
[2025-08-12T16:20:10.200+0000] {processor.py:826} INFO - Processing file /home/vscode/.local/lib/python3.10/site-packages/airflow/example_dags/example_short_circuit_decorator.py for tasks to queue
[2025-08-12T16:20:10.200+0000] {logging_mixin.py:150} INFO - [2025-08-12T16:20:10.200+0000] {dagbag.py:541} INFO - Filling up the DagBag from /home/vscode/.local/lib/python3.10/site-packages/airflow/example_dags/example_short_circuit_decorator.py
[2025-08-12T16:20:10.207+0000] {processor.py:836} INFO - DAG(s) dict_keys(['example_short_circuit_decorator']) retrieved from /home/vscode/.local/lib/python3.10/site-packages/airflow/example_dags/example_short_circuit_decorator.py
[2025-08-12T16:20:10.221+0000] {logging_mixin.py:150} INFO - [2025-08-12T16:20:10.221+0000] {dag.py:2742} INFO - Sync 1 DAGs
[2025-08-12T16:20:10.235+0000] {logging_mixin.py:150} INFO - [2025-08-12T16:20:10.235+0000] {dag.py:3504} INFO - Setting next_dagrun for example_short_circuit_decorator to 2025-08-11T16:20:10.235106+00:00, run_after=2025-08-12T16:20:10.235106+00:00
[2025-08-12T16:20:10.251+0000] {processor.py:179} INFO - Processing /home/vscode/.local/lib/python3.10/site-packages/airflow/example_dags/example_short_circuit_decorator.py took 0.054 seconds
[2025-08-12T16:20:51.879+0000] {processor.py:157} INFO - Started process (PID=36400) to work on /home/vscode/.local/lib/python3.10/site-packages/airflow/example_dags/example_short_circuit_decorator.py
[2025-08-12T16:20:51.880+0000] {processor.py:826} INFO - Processing file /home/vscode/.local/lib/python3.10/site-packages/airflow/example_dags/example_short_circuit_decorator.py for tasks to queue
[2025-08-12T16:20:51.880+0000] {logging_mixin.py:150} INFO - [2025-08-12T16:20:51.880+0000] {dagbag.py:541} INFO - Filling up the DagBag from /home/vscode/.local/lib/python3.10/site-packages/airflow/example_dags/example_short_circuit_decorator.py
[2025-08-12T16:20:51.887+0000] {processor.py:836} INFO - DAG(s) dict_keys(['example_short_circuit_decorator']) retrieved from /home/vscode/.local/lib/python3.10/site-packages/airflow/example_dags/example_short_circuit_decorator.py
[2025-08-12T16:20:51.900+0000] {logging_mixin.py:150} INFO - [2025-08-12T16:20:51.900+0000] {dag.py:2742} INFO - Sync 1 DAGs
[2025-08-12T16:20:51.914+0000] {logging_mixin.py:150} INFO - [2025-08-12T16:20:51.914+0000] {dag.py:3504} INFO - Setting next_dagrun for example_short_circuit_decorator to 2025-08-11T16:20:51.914071+00:00, run_after=2025-08-12T16:20:51.914071+00:00
[2025-08-12T16:20:51.931+0000] {processor.py:179} INFO - Processing /home/vscode/.local/lib/python3.10/site-packages/airflow/example_dags/example_short_circuit_decorator.py took 0.054 seconds
[2025-08-12T16:21:37.102+0000] {processor.py:157} INFO - Started process (PID=36700) to work on /home/vscode/.local/lib/python3.10/site-packages/airflow/example_dags/example_short_circuit_decorator.py
[2025-08-12T16:21:37.103+0000] {processor.py:826} INFO - Processing file /home/vscode/.local/lib/python3.10/site-packages/airflow/example_dags/example_short_circuit_decorator.py for tasks to queue
[2025-08-12T16:21:37.104+0000] {logging_mixin.py:150} INFO - [2025-08-12T16:21:37.103+0000] {dagbag.py:541} INFO - Filling up the DagBag from /home/vscode/.local/lib/python3.10/site-packages/airflow/example_dags/example_short_circuit_decorator.py
[2025-08-12T16:21:37.111+0000] {processor.py:836} INFO - DAG(s) dict_keys(['example_short_circuit_decorator']) retrieved from /home/vscode/.local/lib/python3.10/site-packages/airflow/example_dags/example_short_circuit_decorator.py
[2025-08-12T16:21:37.124+0000] {logging_mixin.py:150} INFO - [2025-08-12T16:21:37.124+0000] {dag.py:2742} INFO - Sync 1 DAGs
[2025-08-12T16:21:37.138+0000] {logging_mixin.py:150} INFO - [2025-08-12T16:21:37.138+0000] {dag.py:3504} INFO - Setting next_dagrun for example_short_circuit_decorator to 2025-08-11T16:21:37.137978+00:00, run_after=2025-08-12T16:21:37.137978+00:00
[2025-08-12T16:21:37.154+0000] {processor.py:179} INFO - Processing /home/vscode/.local/lib/python3.10/site-packages/airflow/example_dags/example_short_circuit_decorator.py took 0.054 seconds
[2025-08-12T16:22:19.247+0000] {processor.py:157} INFO - Started process (PID=36972) to work on /home/vscode/.local/lib/python3.10/site-packages/airflow/example_dags/example_short_circuit_decorator.py
[2025-08-12T16:22:19.247+0000] {processor.py:826} INFO - Processing file /home/vscode/.local/lib/python3.10/site-packages/airflow/example_dags/example_short_circuit_decorator.py for tasks to queue
[2025-08-12T16:22:19.248+0000] {logging_mixin.py:150} INFO - [2025-08-12T16:22:19.247+0000] {dagbag.py:541} INFO - Filling up the DagBag from /home/vscode/.local/lib/python3.10/site-packages/airflow/example_dags/example_short_circuit_decorator.py
[2025-08-12T16:22:19.255+0000] {processor.py:836} INFO - DAG(s) dict_keys(['example_short_circuit_decorator']) retrieved from /home/vscode/.local/lib/python3.10/site-packages/airflow/example_dags/example_short_circuit_decorator.py
[2025-08-12T16:22:19.267+0000] {logging_mixin.py:150} INFO - [2025-08-12T16:22:19.267+0000] {dag.py:2742} INFO - Sync 1 DAGs
[2025-08-12T16:22:19.281+0000] {logging_mixin.py:150} INFO - [2025-08-12T16:22:19.281+0000] {dag.py:3504} INFO - Setting next_dagrun for example_short_circuit_decorator to 2025-08-11T16:22:19.281656+00:00, run_after=2025-08-12T16:22:19.281656+00:00
[2025-08-12T16:22:19.297+0000] {processor.py:179} INFO - Processing /home/vscode/.local/lib/python3.10/site-packages/airflow/example_dags/example_short_circuit_decorator.py took 0.053 seconds
[2025-08-12T16:23:02.052+0000] {processor.py:157} INFO - Started process (PID=37262) to work on /home/vscode/.local/lib/python3.10/site-packages/airflow/example_dags/example_short_circuit_decorator.py
[2025-08-12T16:23:02.053+0000] {processor.py:826} INFO - Processing file /home/vscode/.local/lib/python3.10/site-packages/airflow/example_dags/example_short_circuit_decorator.py for tasks to queue
[2025-08-12T16:23:02.053+0000] {logging_mixin.py:150} INFO - [2025-08-12T16:23:02.053+0000] {dagbag.py:541} INFO - Filling up the DagBag from /home/vscode/.local/lib/python3.10/site-packages/airflow/example_dags/example_short_circuit_decorator.py
[2025-08-12T16:23:02.060+0000] {processor.py:836} INFO - DAG(s) dict_keys(['example_short_circuit_decorator']) retrieved from /home/vscode/.local/lib/python3.10/site-packages/airflow/example_dags/example_short_circuit_decorator.py
[2025-08-12T16:23:02.073+0000] {logging_mixin.py:150} INFO - [2025-08-12T16:23:02.073+0000] {dag.py:2742} INFO - Sync 1 DAGs
[2025-08-12T16:23:02.087+0000] {logging_mixin.py:150} INFO - [2025-08-12T16:23:02.087+0000] {dag.py:3504} INFO - Setting next_dagrun for example_short_circuit_decorator to 2025-08-11T16:23:02.087310+00:00, run_after=2025-08-12T16:23:02.087310+00:00
[2025-08-12T16:23:02.103+0000] {processor.py:179} INFO - Processing /home/vscode/.local/lib/python3.10/site-packages/airflow/example_dags/example_short_circuit_decorator.py took 0.052 seconds
[2025-08-12T16:23:49.376+0000] {processor.py:157} INFO - Started process (PID=37572) to work on /home/vscode/.local/lib/python3.10/site-packages/airflow/example_dags/example_short_circuit_decorator.py
[2025-08-12T16:23:49.376+0000] {processor.py:826} INFO - Processing file /home/vscode/.local/lib/python3.10/site-packages/airflow/example_dags/example_short_circuit_decorator.py for tasks to queue
[2025-08-12T16:23:49.377+0000] {logging_mixin.py:150} INFO - [2025-08-12T16:23:49.377+0000] {dagbag.py:541} INFO - Filling up the DagBag from /home/vscode/.local/lib/python3.10/site-packages/airflow/example_dags/example_short_circuit_decorator.py
[2025-08-12T16:23:49.384+0000] {processor.py:836} INFO - DAG(s) dict_keys(['example_short_circuit_decorator']) retrieved from /home/vscode/.local/lib/python3.10/site-packages/airflow/example_dags/example_short_circuit_decorator.py
[2025-08-12T16:23:49.398+0000] {logging_mixin.py:150} INFO - [2025-08-12T16:23:49.397+0000] {dag.py:2742} INFO - Sync 1 DAGs
[2025-08-12T16:23:49.412+0000] {logging_mixin.py:150} INFO - [2025-08-12T16:23:49.412+0000] {dag.py:3504} INFO - Setting next_dagrun for example_short_circuit_decorator to 2025-08-11T16:23:49.412080+00:00, run_after=2025-08-12T16:23:49.412080+00:00
[2025-08-12T16:23:49.428+0000] {processor.py:179} INFO - Processing /home/vscode/.local/lib/python3.10/site-packages/airflow/example_dags/example_short_circuit_decorator.py took 0.054 seconds
[2025-08-12T16:24:32.888+0000] {processor.py:157} INFO - Started process (PID=37871) to work on /home/vscode/.local/lib/python3.10/site-packages/airflow/example_dags/example_short_circuit_decorator.py
[2025-08-12T16:24:32.889+0000] {processor.py:826} INFO - Processing file /home/vscode/.local/lib/python3.10/site-packages/airflow/example_dags/example_short_circuit_decorator.py for tasks to queue
[2025-08-12T16:24:32.889+0000] {logging_mixin.py:150} INFO - [2025-08-12T16:24:32.889+0000] {dagbag.py:541} INFO - Filling up the DagBag from /home/vscode/.local/lib/python3.10/site-packages/airflow/example_dags/example_short_circuit_decorator.py
[2025-08-12T16:24:32.896+0000] {processor.py:836} INFO - DAG(s) dict_keys(['example_short_circuit_decorator']) retrieved from /home/vscode/.local/lib/python3.10/site-packages/airflow/example_dags/example_short_circuit_decorator.py
[2025-08-12T16:24:32.909+0000] {logging_mixin.py:150} INFO - [2025-08-12T16:24:32.909+0000] {dag.py:2742} INFO - Sync 1 DAGs
[2025-08-12T16:24:32.924+0000] {logging_mixin.py:150} INFO - [2025-08-12T16:24:32.924+0000] {dag.py:3504} INFO - Setting next_dagrun for example_short_circuit_decorator to 2025-08-11T16:24:32.924425+00:00, run_after=2025-08-12T16:24:32.924425+00:00
[2025-08-12T16:24:32.940+0000] {processor.py:179} INFO - Processing /home/vscode/.local/lib/python3.10/site-packages/airflow/example_dags/example_short_circuit_decorator.py took 0.055 seconds
[2025-08-12T16:25:19.437+0000] {processor.py:157} INFO - Started process (PID=38174) to work on /home/vscode/.local/lib/python3.10/site-packages/airflow/example_dags/example_short_circuit_decorator.py
[2025-08-12T16:25:19.438+0000] {processor.py:826} INFO - Processing file /home/vscode/.local/lib/python3.10/site-packages/airflow/example_dags/example_short_circuit_decorator.py for tasks to queue
[2025-08-12T16:25:19.438+0000] {logging_mixin.py:150} INFO - [2025-08-12T16:25:19.438+0000] {dagbag.py:541} INFO - Filling up the DagBag from /home/vscode/.local/lib/python3.10/site-packages/airflow/example_dags/example_short_circuit_decorator.py
[2025-08-12T16:25:19.445+0000] {processor.py:836} INFO - DAG(s) dict_keys(['example_short_circuit_decorator']) retrieved from /home/vscode/.local/lib/python3.10/site-packages/airflow/example_dags/example_short_circuit_decorator.py
[2025-08-12T16:25:19.459+0000] {logging_mixin.py:150} INFO - [2025-08-12T16:25:19.458+0000] {dag.py:2742} INFO - Sync 1 DAGs
[2025-08-12T16:25:19.473+0000] {logging_mixin.py:150} INFO - [2025-08-12T16:25:19.473+0000] {dag.py:3504} INFO - Setting next_dagrun for example_short_circuit_decorator to 2025-08-11T16:25:19.473011+00:00, run_after=2025-08-12T16:25:19.473011+00:00
[2025-08-12T16:25:19.490+0000] {processor.py:179} INFO - Processing /home/vscode/.local/lib/python3.10/site-packages/airflow/example_dags/example_short_circuit_decorator.py took 0.054 seconds
[2025-08-12T16:26:04.666+0000] {processor.py:157} INFO - Started process (PID=38477) to work on /home/vscode/.local/lib/python3.10/site-packages/airflow/example_dags/example_short_circuit_decorator.py
[2025-08-12T16:26:04.667+0000] {processor.py:826} INFO - Processing file /home/vscode/.local/lib/python3.10/site-packages/airflow/example_dags/example_short_circuit_decorator.py for tasks to queue
[2025-08-12T16:26:04.667+0000] {logging_mixin.py:150} INFO - [2025-08-12T16:26:04.667+0000] {dagbag.py:541} INFO - Filling up the DagBag from /home/vscode/.local/lib/python3.10/site-packages/airflow/example_dags/example_short_circuit_decorator.py
[2025-08-12T16:26:04.677+0000] {processor.py:836} INFO - DAG(s) dict_keys(['example_short_circuit_decorator']) retrieved from /home/vscode/.local/lib/python3.10/site-packages/airflow/example_dags/example_short_circuit_decorator.py
[2025-08-12T16:26:04.695+0000] {logging_mixin.py:150} INFO - [2025-08-12T16:26:04.694+0000] {dag.py:2742} INFO - Sync 1 DAGs
[2025-08-12T16:26:04.709+0000] {logging_mixin.py:150} INFO - [2025-08-12T16:26:04.709+0000] {dag.py:3504} INFO - Setting next_dagrun for example_short_circuit_decorator to 2025-08-11T16:26:04.708958+00:00, run_after=2025-08-12T16:26:04.708958+00:00
[2025-08-12T16:26:04.724+0000] {processor.py:179} INFO - Processing /home/vscode/.local/lib/python3.10/site-packages/airflow/example_dags/example_short_circuit_decorator.py took 0.062 seconds
[2025-08-12T16:26:46.354+0000] {processor.py:157} INFO - Started process (PID=38758) to work on /home/vscode/.local/lib/python3.10/site-packages/airflow/example_dags/example_short_circuit_decorator.py
[2025-08-12T16:26:46.355+0000] {processor.py:826} INFO - Processing file /home/vscode/.local/lib/python3.10/site-packages/airflow/example_dags/example_short_circuit_decorator.py for tasks to queue
[2025-08-12T16:26:46.355+0000] {logging_mixin.py:150} INFO - [2025-08-12T16:26:46.355+0000] {dagbag.py:541} INFO - Filling up the DagBag from /home/vscode/.local/lib/python3.10/site-packages/airflow/example_dags/example_short_circuit_decorator.py
[2025-08-12T16:26:46.362+0000] {processor.py:836} INFO - DAG(s) dict_keys(['example_short_circuit_decorator']) retrieved from /home/vscode/.local/lib/python3.10/site-packages/airflow/example_dags/example_short_circuit_decorator.py
[2025-08-12T16:26:46.375+0000] {logging_mixin.py:150} INFO - [2025-08-12T16:26:46.375+0000] {dag.py:2742} INFO - Sync 1 DAGs
[2025-08-12T16:26:46.390+0000] {logging_mixin.py:150} INFO - [2025-08-12T16:26:46.390+0000] {dag.py:3504} INFO - Setting next_dagrun for example_short_circuit_decorator to 2025-08-11T16:26:46.390406+00:00, run_after=2025-08-12T16:26:46.390406+00:00
[2025-08-12T16:26:46.406+0000] {processor.py:179} INFO - Processing /home/vscode/.local/lib/python3.10/site-packages/airflow/example_dags/example_short_circuit_decorator.py took 0.054 seconds
[2025-08-12T16:27:29.154+0000] {processor.py:157} INFO - Started process (PID=39043) to work on /home/vscode/.local/lib/python3.10/site-packages/airflow/example_dags/example_short_circuit_decorator.py
[2025-08-12T16:27:29.154+0000] {processor.py:826} INFO - Processing file /home/vscode/.local/lib/python3.10/site-packages/airflow/example_dags/example_short_circuit_decorator.py for tasks to queue
[2025-08-12T16:27:29.155+0000] {logging_mixin.py:150} INFO - [2025-08-12T16:27:29.155+0000] {dagbag.py:541} INFO - Filling up the DagBag from /home/vscode/.local/lib/python3.10/site-packages/airflow/example_dags/example_short_circuit_decorator.py
[2025-08-12T16:27:29.162+0000] {processor.py:836} INFO - DAG(s) dict_keys(['example_short_circuit_decorator']) retrieved from /home/vscode/.local/lib/python3.10/site-packages/airflow/example_dags/example_short_circuit_decorator.py
[2025-08-12T16:27:29.175+0000] {logging_mixin.py:150} INFO - [2025-08-12T16:27:29.175+0000] {dag.py:2742} INFO - Sync 1 DAGs
[2025-08-12T16:27:29.194+0000] {logging_mixin.py:150} INFO - [2025-08-12T16:27:29.193+0000] {dag.py:3504} INFO - Setting next_dagrun for example_short_circuit_decorator to 2025-08-11T16:27:29.193596+00:00, run_after=2025-08-12T16:27:29.193596+00:00
[2025-08-12T16:27:29.218+0000] {processor.py:179} INFO - Processing /home/vscode/.local/lib/python3.10/site-packages/airflow/example_dags/example_short_circuit_decorator.py took 0.067 seconds
[2025-08-12T16:28:13.987+0000] {processor.py:157} INFO - Started process (PID=39343) to work on /home/vscode/.local/lib/python3.10/site-packages/airflow/example_dags/example_short_circuit_decorator.py
[2025-08-12T16:28:13.988+0000] {processor.py:826} INFO - Processing file /home/vscode/.local/lib/python3.10/site-packages/airflow/example_dags/example_short_circuit_decorator.py for tasks to queue
[2025-08-12T16:28:13.988+0000] {logging_mixin.py:150} INFO - [2025-08-12T16:28:13.988+0000] {dagbag.py:541} INFO - Filling up the DagBag from /home/vscode/.local/lib/python3.10/site-packages/airflow/example_dags/example_short_circuit_decorator.py
[2025-08-12T16:28:13.995+0000] {processor.py:836} INFO - DAG(s) dict_keys(['example_short_circuit_decorator']) retrieved from /home/vscode/.local/lib/python3.10/site-packages/airflow/example_dags/example_short_circuit_decorator.py
[2025-08-12T16:28:14.008+0000] {logging_mixin.py:150} INFO - [2025-08-12T16:28:14.008+0000] {dag.py:2742} INFO - Sync 1 DAGs
[2025-08-12T16:28:14.022+0000] {logging_mixin.py:150} INFO - [2025-08-12T16:28:14.022+0000] {dag.py:3504} INFO - Setting next_dagrun for example_short_circuit_decorator to 2025-08-11T16:28:14.022399+00:00, run_after=2025-08-12T16:28:14.022399+00:00
[2025-08-12T16:28:14.040+0000] {processor.py:179} INFO - Processing /home/vscode/.local/lib/python3.10/site-packages/airflow/example_dags/example_short_circuit_decorator.py took 0.055 seconds
[2025-08-12T16:28:59.088+0000] {processor.py:157} INFO - Started process (PID=39640) to work on /home/vscode/.local/lib/python3.10/site-packages/airflow/example_dags/example_short_circuit_decorator.py
[2025-08-12T16:28:59.089+0000] {processor.py:826} INFO - Processing file /home/vscode/.local/lib/python3.10/site-packages/airflow/example_dags/example_short_circuit_decorator.py for tasks to queue
[2025-08-12T16:28:59.089+0000] {logging_mixin.py:150} INFO - [2025-08-12T16:28:59.089+0000] {dagbag.py:541} INFO - Filling up the DagBag from /home/vscode/.local/lib/python3.10/site-packages/airflow/example_dags/example_short_circuit_decorator.py
[2025-08-12T16:28:59.096+0000] {processor.py:836} INFO - DAG(s) dict_keys(['example_short_circuit_decorator']) retrieved from /home/vscode/.local/lib/python3.10/site-packages/airflow/example_dags/example_short_circuit_decorator.py
[2025-08-12T16:28:59.110+0000] {logging_mixin.py:150} INFO - [2025-08-12T16:28:59.110+0000] {dag.py:2742} INFO - Sync 1 DAGs
[2025-08-12T16:28:59.125+0000] {logging_mixin.py:150} INFO - [2025-08-12T16:28:59.125+0000] {dag.py:3504} INFO - Setting next_dagrun for example_short_circuit_decorator to 2025-08-11T16:28:59.125147+00:00, run_after=2025-08-12T16:28:59.125147+00:00
[2025-08-12T16:28:59.141+0000] {processor.py:179} INFO - Processing /home/vscode/.local/lib/python3.10/site-packages/airflow/example_dags/example_short_circuit_decorator.py took 0.055 seconds
[2025-08-12T16:29:47.526+0000] {processor.py:157} INFO - Started process (PID=39958) to work on /home/vscode/.local/lib/python3.10/site-packages/airflow/example_dags/example_short_circuit_decorator.py
[2025-08-12T16:29:47.527+0000] {processor.py:826} INFO - Processing file /home/vscode/.local/lib/python3.10/site-packages/airflow/example_dags/example_short_circuit_decorator.py for tasks to queue
[2025-08-12T16:29:47.527+0000] {logging_mixin.py:150} INFO - [2025-08-12T16:29:47.527+0000] {dagbag.py:541} INFO - Filling up the DagBag from /home/vscode/.local/lib/python3.10/site-packages/airflow/example_dags/example_short_circuit_decorator.py
[2025-08-12T16:29:47.534+0000] {processor.py:836} INFO - DAG(s) dict_keys(['example_short_circuit_decorator']) retrieved from /home/vscode/.local/lib/python3.10/site-packages/airflow/example_dags/example_short_circuit_decorator.py
[2025-08-12T16:29:47.547+0000] {logging_mixin.py:150} INFO - [2025-08-12T16:29:47.547+0000] {dag.py:2742} INFO - Sync 1 DAGs
[2025-08-12T16:29:47.562+0000] {logging_mixin.py:150} INFO - [2025-08-12T16:29:47.562+0000] {dag.py:3504} INFO - Setting next_dagrun for example_short_circuit_decorator to 2025-08-11T16:29:47.561946+00:00, run_after=2025-08-12T16:29:47.561946+00:00
[2025-08-12T16:29:47.579+0000] {processor.py:179} INFO - Processing /home/vscode/.local/lib/python3.10/site-packages/airflow/example_dags/example_short_circuit_decorator.py took 0.055 seconds
