[2025-08-12T15:37:12.782+0000] {processor.py:157} INFO - Started process (PID=18039) to work on /home/vscode/.local/lib/python3.10/site-packages/airflow/example_dags/example_datasets.py
[2025-08-12T15:37:12.783+0000] {processor.py:826} INFO - Processing file /home/vscode/.local/lib/python3.10/site-packages/airflow/example_dags/example_datasets.py for tasks to queue
[2025-08-12T15:37:12.784+0000] {logging_mixin.py:150} INFO - [2025-08-12T15:37:12.783+0000] {dagbag.py:541} INFO - Filling up the DagBag from /home/vscode/.local/lib/python3.10/site-packages/airflow/example_dags/example_datasets.py
[2025-08-12T15:37:12.791+0000] {processor.py:836} INFO - DAG(s) dict_keys(['dataset_produces_1', 'dataset_consumes_1_and_2', 'dataset_produces_2', 'dataset_consumes_1', 'dataset_consumes_unknown_never_scheduled', 'dataset_consumes_1_never_scheduled']) retrieved from /home/vscode/.local/lib/python3.10/site-packages/airflow/example_dags/example_datasets.py
[2025-08-12T15:37:12.865+0000] {logging_mixin.py:150} INFO - [2025-08-12T15:37:12.865+0000] {manager.py:504} INFO - Created Permission View: can edit on DAG:dataset_produces_1
[2025-08-12T15:37:12.874+0000] {logging_mixin.py:150} INFO - [2025-08-12T15:37:12.874+0000] {manager.py:504} INFO - Created Permission View: can read on DAG:dataset_produces_1
[2025-08-12T15:37:12.881+0000] {logging_mixin.py:150} INFO - [2025-08-12T15:37:12.881+0000] {manager.py:504} INFO - Created Permission View: can delete on DAG:dataset_produces_1
[2025-08-12T15:37:12.901+0000] {logging_mixin.py:150} INFO - [2025-08-12T15:37:12.901+0000] {manager.py:504} INFO - Created Permission View: can edit on DAG:dataset_consumes_1_and_2
[2025-08-12T15:37:12.907+0000] {logging_mixin.py:150} INFO - [2025-08-12T15:37:12.907+0000] {manager.py:504} INFO - Created Permission View: can read on DAG:dataset_consumes_1_and_2
[2025-08-12T15:37:12.913+0000] {logging_mixin.py:150} INFO - [2025-08-12T15:37:12.913+0000] {manager.py:504} INFO - Created Permission View: can delete on DAG:dataset_consumes_1_and_2
[2025-08-12T15:37:12.930+0000] {logging_mixin.py:150} INFO - [2025-08-12T15:37:12.930+0000] {manager.py:504} INFO - Created Permission View: can edit on DAG:dataset_produces_2
[2025-08-12T15:37:12.937+0000] {logging_mixin.py:150} INFO - [2025-08-12T15:37:12.937+0000] {manager.py:504} INFO - Created Permission View: can read on DAG:dataset_produces_2
[2025-08-12T15:37:12.944+0000] {logging_mixin.py:150} INFO - [2025-08-12T15:37:12.944+0000] {manager.py:504} INFO - Created Permission View: can delete on DAG:dataset_produces_2
[2025-08-12T15:37:12.960+0000] {logging_mixin.py:150} INFO - [2025-08-12T15:37:12.959+0000] {manager.py:504} INFO - Created Permission View: can edit on DAG:dataset_consumes_1
[2025-08-12T15:37:12.966+0000] {logging_mixin.py:150} INFO - [2025-08-12T15:37:12.966+0000] {manager.py:504} INFO - Created Permission View: can read on DAG:dataset_consumes_1
[2025-08-12T15:37:12.972+0000] {logging_mixin.py:150} INFO - [2025-08-12T15:37:12.972+0000] {manager.py:504} INFO - Created Permission View: can delete on DAG:dataset_consumes_1
[2025-08-12T15:37:12.989+0000] {logging_mixin.py:150} INFO - [2025-08-12T15:37:12.989+0000] {manager.py:504} INFO - Created Permission View: can edit on DAG:dataset_consumes_unknown_never_scheduled
[2025-08-12T15:37:12.996+0000] {logging_mixin.py:150} INFO - [2025-08-12T15:37:12.996+0000] {manager.py:504} INFO - Created Permission View: can read on DAG:dataset_consumes_unknown_never_scheduled
[2025-08-12T15:37:13.002+0000] {logging_mixin.py:150} INFO - [2025-08-12T15:37:13.002+0000] {manager.py:504} INFO - Created Permission View: can delete on DAG:dataset_consumes_unknown_never_scheduled
[2025-08-12T15:37:13.019+0000] {logging_mixin.py:150} INFO - [2025-08-12T15:37:13.019+0000] {manager.py:504} INFO - Created Permission View: can edit on DAG:dataset_consumes_1_never_scheduled
[2025-08-12T15:37:13.026+0000] {logging_mixin.py:150} INFO - [2025-08-12T15:37:13.026+0000] {manager.py:504} INFO - Created Permission View: can read on DAG:dataset_consumes_1_never_scheduled
[2025-08-12T15:37:13.032+0000] {logging_mixin.py:150} INFO - [2025-08-12T15:37:13.032+0000] {manager.py:504} INFO - Created Permission View: can delete on DAG:dataset_consumes_1_never_scheduled
[2025-08-12T15:37:13.035+0000] {logging_mixin.py:150} INFO - [2025-08-12T15:37:13.035+0000] {dag.py:2742} INFO - Sync 6 DAGs
[2025-08-12T15:37:13.042+0000] {logging_mixin.py:150} INFO - [2025-08-12T15:37:13.042+0000] {dag.py:2763} INFO - Creating ORM DAG for dataset_produces_1
[2025-08-12T15:37:13.043+0000] {logging_mixin.py:150} INFO - [2025-08-12T15:37:13.043+0000] {dag.py:2763} INFO - Creating ORM DAG for dataset_consumes_1_never_scheduled
[2025-08-12T15:37:13.043+0000] {logging_mixin.py:150} INFO - [2025-08-12T15:37:13.043+0000] {dag.py:2763} INFO - Creating ORM DAG for dataset_produces_2
[2025-08-12T15:37:13.043+0000] {logging_mixin.py:150} INFO - [2025-08-12T15:37:13.043+0000] {dag.py:2763} INFO - Creating ORM DAG for dataset_consumes_1
[2025-08-12T15:37:13.044+0000] {logging_mixin.py:150} INFO - [2025-08-12T15:37:13.044+0000] {dag.py:2763} INFO - Creating ORM DAG for dataset_consumes_unknown_never_scheduled
[2025-08-12T15:37:13.044+0000] {logging_mixin.py:150} INFO - [2025-08-12T15:37:13.044+0000] {dag.py:2763} INFO - Creating ORM DAG for dataset_consumes_1_and_2
[2025-08-12T15:37:13.050+0000] {logging_mixin.py:150} INFO - [2025-08-12T15:37:13.050+0000] {dag.py:3504} INFO - Setting next_dagrun for dataset_consumes_1 to None, run_after=None
[2025-08-12T15:37:13.050+0000] {logging_mixin.py:150} INFO - [2025-08-12T15:37:13.050+0000] {dag.py:3504} INFO - Setting next_dagrun for dataset_consumes_1_and_2 to None, run_after=None
[2025-08-12T15:37:13.051+0000] {logging_mixin.py:150} INFO - [2025-08-12T15:37:13.051+0000] {dag.py:3504} INFO - Setting next_dagrun for dataset_consumes_1_never_scheduled to None, run_after=None
[2025-08-12T15:37:13.051+0000] {logging_mixin.py:150} INFO - [2025-08-12T15:37:13.051+0000] {dag.py:3504} INFO - Setting next_dagrun for dataset_consumes_unknown_never_scheduled to None, run_after=None
[2025-08-12T15:37:13.053+0000] {logging_mixin.py:150} INFO - [2025-08-12T15:37:13.053+0000] {dag.py:3504} INFO - Setting next_dagrun for dataset_produces_1 to 2025-08-11T00:00:00+00:00, run_after=2025-08-12T00:00:00+00:00
[2025-08-12T15:37:13.053+0000] {logging_mixin.py:150} INFO - [2025-08-12T15:37:13.053+0000] {dag.py:3504} INFO - Setting next_dagrun for dataset_produces_2 to None, run_after=None
[2025-08-12T15:37:13.080+0000] {processor.py:179} INFO - Processing /home/vscode/.local/lib/python3.10/site-packages/airflow/example_dags/example_datasets.py took 0.300 seconds
[2025-08-12T15:37:59.568+0000] {processor.py:157} INFO - Started process (PID=18406) to work on /home/vscode/.local/lib/python3.10/site-packages/airflow/example_dags/example_datasets.py
[2025-08-12T15:37:59.568+0000] {processor.py:826} INFO - Processing file /home/vscode/.local/lib/python3.10/site-packages/airflow/example_dags/example_datasets.py for tasks to queue
[2025-08-12T15:37:59.569+0000] {logging_mixin.py:150} INFO - [2025-08-12T15:37:59.569+0000] {dagbag.py:541} INFO - Filling up the DagBag from /home/vscode/.local/lib/python3.10/site-packages/airflow/example_dags/example_datasets.py
[2025-08-12T15:37:59.575+0000] {processor.py:836} INFO - DAG(s) dict_keys(['dataset_consumes_unknown_never_scheduled', 'dataset_consumes_1', 'dataset_produces_1', 'dataset_produces_2', 'dataset_consumes_1_and_2', 'dataset_consumes_1_never_scheduled']) retrieved from /home/vscode/.local/lib/python3.10/site-packages/airflow/example_dags/example_datasets.py
[2025-08-12T15:37:59.595+0000] {logging_mixin.py:150} INFO - [2025-08-12T15:37:59.595+0000] {dag.py:2742} INFO - Sync 6 DAGs
[2025-08-12T15:37:59.610+0000] {logging_mixin.py:150} INFO - [2025-08-12T15:37:59.610+0000] {dag.py:3504} INFO - Setting next_dagrun for dataset_consumes_1 to None, run_after=None
[2025-08-12T15:37:59.612+0000] {logging_mixin.py:150} INFO - [2025-08-12T15:37:59.612+0000] {dag.py:3504} INFO - Setting next_dagrun for dataset_consumes_1_and_2 to None, run_after=None
[2025-08-12T15:37:59.613+0000] {logging_mixin.py:150} INFO - [2025-08-12T15:37:59.613+0000] {dag.py:3504} INFO - Setting next_dagrun for dataset_consumes_1_never_scheduled to None, run_after=None
[2025-08-12T15:37:59.614+0000] {logging_mixin.py:150} INFO - [2025-08-12T15:37:59.613+0000] {dag.py:3504} INFO - Setting next_dagrun for dataset_consumes_unknown_never_scheduled to None, run_after=None
[2025-08-12T15:37:59.615+0000] {logging_mixin.py:150} INFO - [2025-08-12T15:37:59.615+0000] {dag.py:3504} INFO - Setting next_dagrun for dataset_produces_1 to 2025-08-11T00:00:00+00:00, run_after=2025-08-12T00:00:00+00:00
[2025-08-12T15:37:59.616+0000] {logging_mixin.py:150} INFO - [2025-08-12T15:37:59.616+0000] {dag.py:3504} INFO - Setting next_dagrun for dataset_produces_2 to None, run_after=None
[2025-08-12T15:37:59.637+0000] {processor.py:179} INFO - Processing /home/vscode/.local/lib/python3.10/site-packages/airflow/example_dags/example_datasets.py took 0.072 seconds
[2025-08-12T15:38:47.710+0000] {processor.py:157} INFO - Started process (PID=18761) to work on /home/vscode/.local/lib/python3.10/site-packages/airflow/example_dags/example_datasets.py
[2025-08-12T15:38:47.710+0000] {processor.py:826} INFO - Processing file /home/vscode/.local/lib/python3.10/site-packages/airflow/example_dags/example_datasets.py for tasks to queue
[2025-08-12T15:38:47.711+0000] {logging_mixin.py:150} INFO - [2025-08-12T15:38:47.711+0000] {dagbag.py:541} INFO - Filling up the DagBag from /home/vscode/.local/lib/python3.10/site-packages/airflow/example_dags/example_datasets.py
[2025-08-12T15:38:47.718+0000] {processor.py:836} INFO - DAG(s) dict_keys(['dataset_produces_1', 'dataset_consumes_unknown_never_scheduled', 'dataset_consumes_1_and_2', 'dataset_produces_2', 'dataset_consumes_1', 'dataset_consumes_1_never_scheduled']) retrieved from /home/vscode/.local/lib/python3.10/site-packages/airflow/example_dags/example_datasets.py
[2025-08-12T15:38:47.738+0000] {logging_mixin.py:150} INFO - [2025-08-12T15:38:47.738+0000] {dag.py:2742} INFO - Sync 6 DAGs
[2025-08-12T15:38:47.752+0000] {logging_mixin.py:150} INFO - [2025-08-12T15:38:47.752+0000] {dag.py:3504} INFO - Setting next_dagrun for dataset_consumes_1 to None, run_after=None
[2025-08-12T15:38:47.754+0000] {logging_mixin.py:150} INFO - [2025-08-12T15:38:47.754+0000] {dag.py:3504} INFO - Setting next_dagrun for dataset_consumes_1_and_2 to None, run_after=None
[2025-08-12T15:38:47.755+0000] {logging_mixin.py:150} INFO - [2025-08-12T15:38:47.755+0000] {dag.py:3504} INFO - Setting next_dagrun for dataset_consumes_1_never_scheduled to None, run_after=None
[2025-08-12T15:38:47.756+0000] {logging_mixin.py:150} INFO - [2025-08-12T15:38:47.755+0000] {dag.py:3504} INFO - Setting next_dagrun for dataset_consumes_unknown_never_scheduled to None, run_after=None
[2025-08-12T15:38:47.757+0000] {logging_mixin.py:150} INFO - [2025-08-12T15:38:47.757+0000] {dag.py:3504} INFO - Setting next_dagrun for dataset_produces_1 to 2025-08-11T00:00:00+00:00, run_after=2025-08-12T00:00:00+00:00
[2025-08-12T15:38:47.758+0000] {logging_mixin.py:150} INFO - [2025-08-12T15:38:47.758+0000] {dag.py:3504} INFO - Setting next_dagrun for dataset_produces_2 to None, run_after=None
[2025-08-12T15:38:47.779+0000] {processor.py:179} INFO - Processing /home/vscode/.local/lib/python3.10/site-packages/airflow/example_dags/example_datasets.py took 0.072 seconds
[2025-08-12T15:39:34.377+0000] {processor.py:157} INFO - Started process (PID=19145) to work on /home/vscode/.local/lib/python3.10/site-packages/airflow/example_dags/example_datasets.py
[2025-08-12T15:39:34.377+0000] {processor.py:826} INFO - Processing file /home/vscode/.local/lib/python3.10/site-packages/airflow/example_dags/example_datasets.py for tasks to queue
[2025-08-12T15:39:34.378+0000] {logging_mixin.py:150} INFO - [2025-08-12T15:39:34.378+0000] {dagbag.py:541} INFO - Filling up the DagBag from /home/vscode/.local/lib/python3.10/site-packages/airflow/example_dags/example_datasets.py
[2025-08-12T15:39:34.387+0000] {processor.py:836} INFO - DAG(s) dict_keys(['dataset_produces_1', 'dataset_consumes_1_never_scheduled', 'dataset_produces_2', 'dataset_consumes_unknown_never_scheduled', 'dataset_consumes_1', 'dataset_consumes_1_and_2']) retrieved from /home/vscode/.local/lib/python3.10/site-packages/airflow/example_dags/example_datasets.py
[2025-08-12T15:39:34.418+0000] {logging_mixin.py:150} INFO - [2025-08-12T15:39:34.418+0000] {dag.py:2742} INFO - Sync 6 DAGs
[2025-08-12T15:39:34.438+0000] {logging_mixin.py:150} INFO - [2025-08-12T15:39:34.438+0000] {dag.py:3504} INFO - Setting next_dagrun for dataset_consumes_1 to None, run_after=None
[2025-08-12T15:39:34.441+0000] {logging_mixin.py:150} INFO - [2025-08-12T15:39:34.440+0000] {dag.py:3504} INFO - Setting next_dagrun for dataset_consumes_1_and_2 to None, run_after=None
[2025-08-12T15:39:34.441+0000] {logging_mixin.py:150} INFO - [2025-08-12T15:39:34.441+0000] {dag.py:3504} INFO - Setting next_dagrun for dataset_consumes_1_never_scheduled to None, run_after=None
[2025-08-12T15:39:34.442+0000] {logging_mixin.py:150} INFO - [2025-08-12T15:39:34.442+0000] {dag.py:3504} INFO - Setting next_dagrun for dataset_consumes_unknown_never_scheduled to None, run_after=None
[2025-08-12T15:39:34.444+0000] {logging_mixin.py:150} INFO - [2025-08-12T15:39:34.443+0000] {dag.py:3504} INFO - Setting next_dagrun for dataset_produces_1 to 2025-08-11T00:00:00+00:00, run_after=2025-08-12T00:00:00+00:00
[2025-08-12T15:39:34.444+0000] {logging_mixin.py:150} INFO - [2025-08-12T15:39:34.444+0000] {dag.py:3504} INFO - Setting next_dagrun for dataset_produces_2 to None, run_after=None
[2025-08-12T15:39:34.467+0000] {processor.py:179} INFO - Processing /home/vscode/.local/lib/python3.10/site-packages/airflow/example_dags/example_datasets.py took 0.093 seconds
[2025-08-12T15:40:23.452+0000] {processor.py:157} INFO - Started process (PID=19470) to work on /home/vscode/.local/lib/python3.10/site-packages/airflow/example_dags/example_datasets.py
[2025-08-12T15:40:23.452+0000] {processor.py:826} INFO - Processing file /home/vscode/.local/lib/python3.10/site-packages/airflow/example_dags/example_datasets.py for tasks to queue
[2025-08-12T15:40:23.453+0000] {logging_mixin.py:150} INFO - [2025-08-12T15:40:23.452+0000] {dagbag.py:541} INFO - Filling up the DagBag from /home/vscode/.local/lib/python3.10/site-packages/airflow/example_dags/example_datasets.py
[2025-08-12T15:40:23.459+0000] {processor.py:836} INFO - DAG(s) dict_keys(['dataset_consumes_1_never_scheduled', 'dataset_consumes_unknown_never_scheduled', 'dataset_produces_1', 'dataset_consumes_1_and_2', 'dataset_consumes_1', 'dataset_produces_2']) retrieved from /home/vscode/.local/lib/python3.10/site-packages/airflow/example_dags/example_datasets.py
[2025-08-12T15:40:23.479+0000] {logging_mixin.py:150} INFO - [2025-08-12T15:40:23.479+0000] {dag.py:2742} INFO - Sync 6 DAGs
[2025-08-12T15:40:23.494+0000] {logging_mixin.py:150} INFO - [2025-08-12T15:40:23.494+0000] {dag.py:3504} INFO - Setting next_dagrun for dataset_consumes_1 to None, run_after=None
[2025-08-12T15:40:23.496+0000] {logging_mixin.py:150} INFO - [2025-08-12T15:40:23.496+0000] {dag.py:3504} INFO - Setting next_dagrun for dataset_consumes_1_and_2 to None, run_after=None
[2025-08-12T15:40:23.497+0000] {logging_mixin.py:150} INFO - [2025-08-12T15:40:23.497+0000] {dag.py:3504} INFO - Setting next_dagrun for dataset_consumes_1_never_scheduled to None, run_after=None
[2025-08-12T15:40:23.497+0000] {logging_mixin.py:150} INFO - [2025-08-12T15:40:23.497+0000] {dag.py:3504} INFO - Setting next_dagrun for dataset_consumes_unknown_never_scheduled to None, run_after=None
[2025-08-12T15:40:23.499+0000] {logging_mixin.py:150} INFO - [2025-08-12T15:40:23.499+0000] {dag.py:3504} INFO - Setting next_dagrun for dataset_produces_1 to 2025-08-11T00:00:00+00:00, run_after=2025-08-12T00:00:00+00:00
[2025-08-12T15:40:23.500+0000] {logging_mixin.py:150} INFO - [2025-08-12T15:40:23.500+0000] {dag.py:3504} INFO - Setting next_dagrun for dataset_produces_2 to None, run_after=None
[2025-08-12T15:40:23.523+0000] {processor.py:179} INFO - Processing /home/vscode/.local/lib/python3.10/site-packages/airflow/example_dags/example_datasets.py took 0.073 seconds
[2025-08-12T15:41:06.936+0000] {processor.py:157} INFO - Started process (PID=19768) to work on /home/vscode/.local/lib/python3.10/site-packages/airflow/example_dags/example_datasets.py
[2025-08-12T15:41:06.936+0000] {processor.py:826} INFO - Processing file /home/vscode/.local/lib/python3.10/site-packages/airflow/example_dags/example_datasets.py for tasks to queue
[2025-08-12T15:41:06.937+0000] {logging_mixin.py:150} INFO - [2025-08-12T15:41:06.937+0000] {dagbag.py:541} INFO - Filling up the DagBag from /home/vscode/.local/lib/python3.10/site-packages/airflow/example_dags/example_datasets.py
[2025-08-12T15:41:06.946+0000] {processor.py:836} INFO - DAG(s) dict_keys(['dataset_consumes_unknown_never_scheduled', 'dataset_produces_2', 'dataset_consumes_1_never_scheduled', 'dataset_produces_1', 'dataset_consumes_1', 'dataset_consumes_1_and_2']) retrieved from /home/vscode/.local/lib/python3.10/site-packages/airflow/example_dags/example_datasets.py
[2025-08-12T15:41:06.973+0000] {logging_mixin.py:150} INFO - [2025-08-12T15:41:06.973+0000] {dag.py:2742} INFO - Sync 6 DAGs
[2025-08-12T15:41:06.990+0000] {logging_mixin.py:150} INFO - [2025-08-12T15:41:06.990+0000] {dag.py:3504} INFO - Setting next_dagrun for dataset_consumes_1 to None, run_after=None
[2025-08-12T15:41:06.993+0000] {logging_mixin.py:150} INFO - [2025-08-12T15:41:06.993+0000] {dag.py:3504} INFO - Setting next_dagrun for dataset_consumes_1_and_2 to None, run_after=None
[2025-08-12T15:41:06.993+0000] {logging_mixin.py:150} INFO - [2025-08-12T15:41:06.993+0000] {dag.py:3504} INFO - Setting next_dagrun for dataset_consumes_1_never_scheduled to None, run_after=None
[2025-08-12T15:41:06.994+0000] {logging_mixin.py:150} INFO - [2025-08-12T15:41:06.994+0000] {dag.py:3504} INFO - Setting next_dagrun for dataset_consumes_unknown_never_scheduled to None, run_after=None
[2025-08-12T15:41:06.996+0000] {logging_mixin.py:150} INFO - [2025-08-12T15:41:06.996+0000] {dag.py:3504} INFO - Setting next_dagrun for dataset_produces_1 to 2025-08-11T00:00:00+00:00, run_after=2025-08-12T00:00:00+00:00
[2025-08-12T15:41:06.996+0000] {logging_mixin.py:150} INFO - [2025-08-12T15:41:06.996+0000] {dag.py:3504} INFO - Setting next_dagrun for dataset_produces_2 to None, run_after=None
[2025-08-12T15:41:07.018+0000] {processor.py:179} INFO - Processing /home/vscode/.local/lib/python3.10/site-packages/airflow/example_dags/example_datasets.py took 0.085 seconds
[2025-08-12T15:41:51.024+0000] {processor.py:157} INFO - Started process (PID=20056) to work on /home/vscode/.local/lib/python3.10/site-packages/airflow/example_dags/example_datasets.py
[2025-08-12T15:41:51.025+0000] {processor.py:826} INFO - Processing file /home/vscode/.local/lib/python3.10/site-packages/airflow/example_dags/example_datasets.py for tasks to queue
[2025-08-12T15:41:51.025+0000] {logging_mixin.py:150} INFO - [2025-08-12T15:41:51.025+0000] {dagbag.py:541} INFO - Filling up the DagBag from /home/vscode/.local/lib/python3.10/site-packages/airflow/example_dags/example_datasets.py
[2025-08-12T15:41:51.033+0000] {processor.py:836} INFO - DAG(s) dict_keys(['dataset_consumes_1_and_2', 'dataset_consumes_unknown_never_scheduled', 'dataset_consumes_1', 'dataset_produces_1', 'dataset_produces_2', 'dataset_consumes_1_never_scheduled']) retrieved from /home/vscode/.local/lib/python3.10/site-packages/airflow/example_dags/example_datasets.py
[2025-08-12T15:41:51.055+0000] {logging_mixin.py:150} INFO - [2025-08-12T15:41:51.055+0000] {dag.py:2742} INFO - Sync 6 DAGs
[2025-08-12T15:41:51.071+0000] {logging_mixin.py:150} INFO - [2025-08-12T15:41:51.071+0000] {dag.py:3504} INFO - Setting next_dagrun for dataset_consumes_1 to None, run_after=None
[2025-08-12T15:41:51.074+0000] {logging_mixin.py:150} INFO - [2025-08-12T15:41:51.074+0000] {dag.py:3504} INFO - Setting next_dagrun for dataset_consumes_1_and_2 to None, run_after=None
[2025-08-12T15:41:51.075+0000] {logging_mixin.py:150} INFO - [2025-08-12T15:41:51.075+0000] {dag.py:3504} INFO - Setting next_dagrun for dataset_consumes_1_never_scheduled to None, run_after=None
[2025-08-12T15:41:51.075+0000] {logging_mixin.py:150} INFO - [2025-08-12T15:41:51.075+0000] {dag.py:3504} INFO - Setting next_dagrun for dataset_consumes_unknown_never_scheduled to None, run_after=None
[2025-08-12T15:41:51.077+0000] {logging_mixin.py:150} INFO - [2025-08-12T15:41:51.077+0000] {dag.py:3504} INFO - Setting next_dagrun for dataset_produces_1 to 2025-08-11T00:00:00+00:00, run_after=2025-08-12T00:00:00+00:00
[2025-08-12T15:41:51.078+0000] {logging_mixin.py:150} INFO - [2025-08-12T15:41:51.078+0000] {dag.py:3504} INFO - Setting next_dagrun for dataset_produces_2 to None, run_after=None
[2025-08-12T15:41:51.102+0000] {processor.py:179} INFO - Processing /home/vscode/.local/lib/python3.10/site-packages/airflow/example_dags/example_datasets.py took 0.080 seconds
[2025-08-12T15:42:36.969+0000] {processor.py:157} INFO - Started process (PID=20367) to work on /home/vscode/.local/lib/python3.10/site-packages/airflow/example_dags/example_datasets.py
[2025-08-12T15:42:36.969+0000] {processor.py:826} INFO - Processing file /home/vscode/.local/lib/python3.10/site-packages/airflow/example_dags/example_datasets.py for tasks to queue
[2025-08-12T15:42:36.970+0000] {logging_mixin.py:150} INFO - [2025-08-12T15:42:36.970+0000] {dagbag.py:541} INFO - Filling up the DagBag from /home/vscode/.local/lib/python3.10/site-packages/airflow/example_dags/example_datasets.py
[2025-08-12T15:42:36.977+0000] {processor.py:836} INFO - DAG(s) dict_keys(['dataset_consumes_1', 'dataset_consumes_1_never_scheduled', 'dataset_consumes_1_and_2', 'dataset_produces_2', 'dataset_produces_1', 'dataset_consumes_unknown_never_scheduled']) retrieved from /home/vscode/.local/lib/python3.10/site-packages/airflow/example_dags/example_datasets.py
[2025-08-12T15:42:37.000+0000] {logging_mixin.py:150} INFO - [2025-08-12T15:42:36.999+0000] {dag.py:2742} INFO - Sync 6 DAGs
[2025-08-12T15:42:37.014+0000] {logging_mixin.py:150} INFO - [2025-08-12T15:42:37.014+0000] {dag.py:3504} INFO - Setting next_dagrun for dataset_consumes_1 to None, run_after=None
[2025-08-12T15:42:37.017+0000] {logging_mixin.py:150} INFO - [2025-08-12T15:42:37.016+0000] {dag.py:3504} INFO - Setting next_dagrun for dataset_consumes_1_and_2 to None, run_after=None
[2025-08-12T15:42:37.017+0000] {logging_mixin.py:150} INFO - [2025-08-12T15:42:37.017+0000] {dag.py:3504} INFO - Setting next_dagrun for dataset_consumes_1_never_scheduled to None, run_after=None
[2025-08-12T15:42:37.018+0000] {logging_mixin.py:150} INFO - [2025-08-12T15:42:37.018+0000] {dag.py:3504} INFO - Setting next_dagrun for dataset_consumes_unknown_never_scheduled to None, run_after=None
[2025-08-12T15:42:37.020+0000] {logging_mixin.py:150} INFO - [2025-08-12T15:42:37.020+0000] {dag.py:3504} INFO - Setting next_dagrun for dataset_produces_1 to 2025-08-11T00:00:00+00:00, run_after=2025-08-12T00:00:00+00:00
[2025-08-12T15:42:37.020+0000] {logging_mixin.py:150} INFO - [2025-08-12T15:42:37.020+0000] {dag.py:3504} INFO - Setting next_dagrun for dataset_produces_2 to None, run_after=None
[2025-08-12T15:42:37.043+0000] {processor.py:179} INFO - Processing /home/vscode/.local/lib/python3.10/site-packages/airflow/example_dags/example_datasets.py took 0.077 seconds
[2025-08-12T15:43:20.365+0000] {processor.py:157} INFO - Started process (PID=20652) to work on /home/vscode/.local/lib/python3.10/site-packages/airflow/example_dags/example_datasets.py
[2025-08-12T15:43:20.366+0000] {processor.py:826} INFO - Processing file /home/vscode/.local/lib/python3.10/site-packages/airflow/example_dags/example_datasets.py for tasks to queue
[2025-08-12T15:43:20.366+0000] {logging_mixin.py:150} INFO - [2025-08-12T15:43:20.366+0000] {dagbag.py:541} INFO - Filling up the DagBag from /home/vscode/.local/lib/python3.10/site-packages/airflow/example_dags/example_datasets.py
[2025-08-12T15:43:20.373+0000] {processor.py:836} INFO - DAG(s) dict_keys(['dataset_produces_2', 'dataset_consumes_1_never_scheduled', 'dataset_consumes_unknown_never_scheduled', 'dataset_consumes_1', 'dataset_consumes_1_and_2', 'dataset_produces_1']) retrieved from /home/vscode/.local/lib/python3.10/site-packages/airflow/example_dags/example_datasets.py
[2025-08-12T15:43:20.393+0000] {logging_mixin.py:150} INFO - [2025-08-12T15:43:20.393+0000] {dag.py:2742} INFO - Sync 6 DAGs
[2025-08-12T15:43:20.408+0000] {logging_mixin.py:150} INFO - [2025-08-12T15:43:20.408+0000] {dag.py:3504} INFO - Setting next_dagrun for dataset_consumes_1 to None, run_after=None
[2025-08-12T15:43:20.410+0000] {logging_mixin.py:150} INFO - [2025-08-12T15:43:20.410+0000] {dag.py:3504} INFO - Setting next_dagrun for dataset_consumes_1_and_2 to None, run_after=None
[2025-08-12T15:43:20.411+0000] {logging_mixin.py:150} INFO - [2025-08-12T15:43:20.411+0000] {dag.py:3504} INFO - Setting next_dagrun for dataset_consumes_1_never_scheduled to None, run_after=None
[2025-08-12T15:43:20.411+0000] {logging_mixin.py:150} INFO - [2025-08-12T15:43:20.411+0000] {dag.py:3504} INFO - Setting next_dagrun for dataset_consumes_unknown_never_scheduled to None, run_after=None
[2025-08-12T15:43:20.413+0000] {logging_mixin.py:150} INFO - [2025-08-12T15:43:20.413+0000] {dag.py:3504} INFO - Setting next_dagrun for dataset_produces_1 to 2025-08-11T00:00:00+00:00, run_after=2025-08-12T00:00:00+00:00
[2025-08-12T15:43:20.414+0000] {logging_mixin.py:150} INFO - [2025-08-12T15:43:20.414+0000] {dag.py:3504} INFO - Setting next_dagrun for dataset_produces_2 to None, run_after=None
[2025-08-12T15:43:20.435+0000] {processor.py:179} INFO - Processing /home/vscode/.local/lib/python3.10/site-packages/airflow/example_dags/example_datasets.py took 0.073 seconds
[2025-08-12T15:44:07.561+0000] {processor.py:157} INFO - Started process (PID=20967) to work on /home/vscode/.local/lib/python3.10/site-packages/airflow/example_dags/example_datasets.py
[2025-08-12T15:44:07.562+0000] {processor.py:826} INFO - Processing file /home/vscode/.local/lib/python3.10/site-packages/airflow/example_dags/example_datasets.py for tasks to queue
[2025-08-12T15:44:07.563+0000] {logging_mixin.py:150} INFO - [2025-08-12T15:44:07.562+0000] {dagbag.py:541} INFO - Filling up the DagBag from /home/vscode/.local/lib/python3.10/site-packages/airflow/example_dags/example_datasets.py
[2025-08-12T15:44:07.569+0000] {processor.py:836} INFO - DAG(s) dict_keys(['dataset_consumes_1_and_2', 'dataset_consumes_unknown_never_scheduled', 'dataset_consumes_1_never_scheduled', 'dataset_produces_2', 'dataset_consumes_1', 'dataset_produces_1']) retrieved from /home/vscode/.local/lib/python3.10/site-packages/airflow/example_dags/example_datasets.py
[2025-08-12T15:44:07.590+0000] {logging_mixin.py:150} INFO - [2025-08-12T15:44:07.590+0000] {dag.py:2742} INFO - Sync 6 DAGs
[2025-08-12T15:44:07.605+0000] {logging_mixin.py:150} INFO - [2025-08-12T15:44:07.605+0000] {dag.py:3504} INFO - Setting next_dagrun for dataset_consumes_1 to None, run_after=None
[2025-08-12T15:44:07.607+0000] {logging_mixin.py:150} INFO - [2025-08-12T15:44:07.607+0000] {dag.py:3504} INFO - Setting next_dagrun for dataset_consumes_1_and_2 to None, run_after=None
[2025-08-12T15:44:07.608+0000] {logging_mixin.py:150} INFO - [2025-08-12T15:44:07.608+0000] {dag.py:3504} INFO - Setting next_dagrun for dataset_consumes_1_never_scheduled to None, run_after=None
[2025-08-12T15:44:07.608+0000] {logging_mixin.py:150} INFO - [2025-08-12T15:44:07.608+0000] {dag.py:3504} INFO - Setting next_dagrun for dataset_consumes_unknown_never_scheduled to None, run_after=None
[2025-08-12T15:44:07.610+0000] {logging_mixin.py:150} INFO - [2025-08-12T15:44:07.610+0000] {dag.py:3504} INFO - Setting next_dagrun for dataset_produces_1 to 2025-08-11T00:00:00+00:00, run_after=2025-08-12T00:00:00+00:00
[2025-08-12T15:44:07.611+0000] {logging_mixin.py:150} INFO - [2025-08-12T15:44:07.611+0000] {dag.py:3504} INFO - Setting next_dagrun for dataset_produces_2 to None, run_after=None
[2025-08-12T15:44:07.633+0000] {processor.py:179} INFO - Processing /home/vscode/.local/lib/python3.10/site-packages/airflow/example_dags/example_datasets.py took 0.074 seconds
[2025-08-12T15:44:49.820+0000] {processor.py:157} INFO - Started process (PID=21252) to work on /home/vscode/.local/lib/python3.10/site-packages/airflow/example_dags/example_datasets.py
[2025-08-12T15:44:49.820+0000] {processor.py:826} INFO - Processing file /home/vscode/.local/lib/python3.10/site-packages/airflow/example_dags/example_datasets.py for tasks to queue
[2025-08-12T15:44:49.821+0000] {logging_mixin.py:150} INFO - [2025-08-12T15:44:49.821+0000] {dagbag.py:541} INFO - Filling up the DagBag from /home/vscode/.local/lib/python3.10/site-packages/airflow/example_dags/example_datasets.py
[2025-08-12T15:44:49.829+0000] {processor.py:836} INFO - DAG(s) dict_keys(['dataset_produces_2', 'dataset_consumes_1', 'dataset_produces_1', 'dataset_consumes_1_never_scheduled', 'dataset_consumes_unknown_never_scheduled', 'dataset_consumes_1_and_2']) retrieved from /home/vscode/.local/lib/python3.10/site-packages/airflow/example_dags/example_datasets.py
[2025-08-12T15:44:49.850+0000] {logging_mixin.py:150} INFO - [2025-08-12T15:44:49.850+0000] {dag.py:2742} INFO - Sync 6 DAGs
[2025-08-12T15:44:49.865+0000] {logging_mixin.py:150} INFO - [2025-08-12T15:44:49.865+0000] {dag.py:3504} INFO - Setting next_dagrun for dataset_consumes_1 to None, run_after=None
[2025-08-12T15:44:49.867+0000] {logging_mixin.py:150} INFO - [2025-08-12T15:44:49.867+0000] {dag.py:3504} INFO - Setting next_dagrun for dataset_consumes_1_and_2 to None, run_after=None
[2025-08-12T15:44:49.868+0000] {logging_mixin.py:150} INFO - [2025-08-12T15:44:49.868+0000] {dag.py:3504} INFO - Setting next_dagrun for dataset_consumes_1_never_scheduled to None, run_after=None
[2025-08-12T15:44:49.869+0000] {logging_mixin.py:150} INFO - [2025-08-12T15:44:49.869+0000] {dag.py:3504} INFO - Setting next_dagrun for dataset_consumes_unknown_never_scheduled to None, run_after=None
[2025-08-12T15:44:49.871+0000] {logging_mixin.py:150} INFO - [2025-08-12T15:44:49.870+0000] {dag.py:3504} INFO - Setting next_dagrun for dataset_produces_1 to 2025-08-11T00:00:00+00:00, run_after=2025-08-12T00:00:00+00:00
[2025-08-12T15:44:49.871+0000] {logging_mixin.py:150} INFO - [2025-08-12T15:44:49.871+0000] {dag.py:3504} INFO - Setting next_dagrun for dataset_produces_2 to None, run_after=None
[2025-08-12T15:44:49.894+0000] {processor.py:179} INFO - Processing /home/vscode/.local/lib/python3.10/site-packages/airflow/example_dags/example_datasets.py took 0.077 seconds
[2025-08-12T15:45:34.121+0000] {processor.py:157} INFO - Started process (PID=21539) to work on /home/vscode/.local/lib/python3.10/site-packages/airflow/example_dags/example_datasets.py
[2025-08-12T15:45:34.122+0000] {processor.py:826} INFO - Processing file /home/vscode/.local/lib/python3.10/site-packages/airflow/example_dags/example_datasets.py for tasks to queue
[2025-08-12T15:45:34.122+0000] {logging_mixin.py:150} INFO - [2025-08-12T15:45:34.122+0000] {dagbag.py:541} INFO - Filling up the DagBag from /home/vscode/.local/lib/python3.10/site-packages/airflow/example_dags/example_datasets.py
[2025-08-12T15:45:34.130+0000] {processor.py:836} INFO - DAG(s) dict_keys(['dataset_produces_2', 'dataset_produces_1', 'dataset_consumes_unknown_never_scheduled', 'dataset_consumes_1_never_scheduled', 'dataset_consumes_1_and_2', 'dataset_consumes_1']) retrieved from /home/vscode/.local/lib/python3.10/site-packages/airflow/example_dags/example_datasets.py
[2025-08-12T15:45:34.152+0000] {logging_mixin.py:150} INFO - [2025-08-12T15:45:34.152+0000] {dag.py:2742} INFO - Sync 6 DAGs
[2025-08-12T15:45:34.167+0000] {logging_mixin.py:150} INFO - [2025-08-12T15:45:34.167+0000] {dag.py:3504} INFO - Setting next_dagrun for dataset_consumes_1 to None, run_after=None
[2025-08-12T15:45:34.169+0000] {logging_mixin.py:150} INFO - [2025-08-12T15:45:34.169+0000] {dag.py:3504} INFO - Setting next_dagrun for dataset_consumes_1_and_2 to None, run_after=None
[2025-08-12T15:45:34.170+0000] {logging_mixin.py:150} INFO - [2025-08-12T15:45:34.170+0000] {dag.py:3504} INFO - Setting next_dagrun for dataset_consumes_1_never_scheduled to None, run_after=None
[2025-08-12T15:45:34.171+0000] {logging_mixin.py:150} INFO - [2025-08-12T15:45:34.171+0000] {dag.py:3504} INFO - Setting next_dagrun for dataset_consumes_unknown_never_scheduled to None, run_after=None
[2025-08-12T15:45:34.173+0000] {logging_mixin.py:150} INFO - [2025-08-12T15:45:34.172+0000] {dag.py:3504} INFO - Setting next_dagrun for dataset_produces_1 to 2025-08-11T00:00:00+00:00, run_after=2025-08-12T00:00:00+00:00
[2025-08-12T15:45:34.173+0000] {logging_mixin.py:150} INFO - [2025-08-12T15:45:34.173+0000] {dag.py:3504} INFO - Setting next_dagrun for dataset_produces_2 to None, run_after=None
[2025-08-12T15:45:34.197+0000] {processor.py:179} INFO - Processing /home/vscode/.local/lib/python3.10/site-packages/airflow/example_dags/example_datasets.py took 0.078 seconds
[2025-08-12T15:46:17.804+0000] {processor.py:157} INFO - Started process (PID=21832) to work on /home/vscode/.local/lib/python3.10/site-packages/airflow/example_dags/example_datasets.py
[2025-08-12T15:46:17.804+0000] {processor.py:826} INFO - Processing file /home/vscode/.local/lib/python3.10/site-packages/airflow/example_dags/example_datasets.py for tasks to queue
[2025-08-12T15:46:17.805+0000] {logging_mixin.py:150} INFO - [2025-08-12T15:46:17.805+0000] {dagbag.py:541} INFO - Filling up the DagBag from /home/vscode/.local/lib/python3.10/site-packages/airflow/example_dags/example_datasets.py
[2025-08-12T15:46:17.812+0000] {processor.py:836} INFO - DAG(s) dict_keys(['dataset_consumes_1_never_scheduled', 'dataset_produces_1', 'dataset_consumes_1_and_2', 'dataset_consumes_unknown_never_scheduled', 'dataset_produces_2', 'dataset_consumes_1']) retrieved from /home/vscode/.local/lib/python3.10/site-packages/airflow/example_dags/example_datasets.py
[2025-08-12T15:46:17.833+0000] {logging_mixin.py:150} INFO - [2025-08-12T15:46:17.833+0000] {dag.py:2742} INFO - Sync 6 DAGs
[2025-08-12T15:46:17.848+0000] {logging_mixin.py:150} INFO - [2025-08-12T15:46:17.847+0000] {dag.py:3504} INFO - Setting next_dagrun for dataset_consumes_1 to None, run_after=None
[2025-08-12T15:46:17.850+0000] {logging_mixin.py:150} INFO - [2025-08-12T15:46:17.850+0000] {dag.py:3504} INFO - Setting next_dagrun for dataset_consumes_1_and_2 to None, run_after=None
[2025-08-12T15:46:17.850+0000] {logging_mixin.py:150} INFO - [2025-08-12T15:46:17.850+0000] {dag.py:3504} INFO - Setting next_dagrun for dataset_consumes_1_never_scheduled to None, run_after=None
[2025-08-12T15:46:17.851+0000] {logging_mixin.py:150} INFO - [2025-08-12T15:46:17.851+0000] {dag.py:3504} INFO - Setting next_dagrun for dataset_consumes_unknown_never_scheduled to None, run_after=None
[2025-08-12T15:46:17.853+0000] {logging_mixin.py:150} INFO - [2025-08-12T15:46:17.853+0000] {dag.py:3504} INFO - Setting next_dagrun for dataset_produces_1 to 2025-08-11T00:00:00+00:00, run_after=2025-08-12T00:00:00+00:00
[2025-08-12T15:46:17.853+0000] {logging_mixin.py:150} INFO - [2025-08-12T15:46:17.853+0000] {dag.py:3504} INFO - Setting next_dagrun for dataset_produces_2 to None, run_after=None
[2025-08-12T15:46:17.877+0000] {processor.py:179} INFO - Processing /home/vscode/.local/lib/python3.10/site-packages/airflow/example_dags/example_datasets.py took 0.075 seconds
[2025-08-12T15:47:01.141+0000] {processor.py:157} INFO - Started process (PID=22125) to work on /home/vscode/.local/lib/python3.10/site-packages/airflow/example_dags/example_datasets.py
[2025-08-12T15:47:01.142+0000] {processor.py:826} INFO - Processing file /home/vscode/.local/lib/python3.10/site-packages/airflow/example_dags/example_datasets.py for tasks to queue
[2025-08-12T15:47:01.142+0000] {logging_mixin.py:150} INFO - [2025-08-12T15:47:01.142+0000] {dagbag.py:541} INFO - Filling up the DagBag from /home/vscode/.local/lib/python3.10/site-packages/airflow/example_dags/example_datasets.py
[2025-08-12T15:47:01.149+0000] {processor.py:836} INFO - DAG(s) dict_keys(['dataset_produces_2', 'dataset_produces_1', 'dataset_consumes_1_never_scheduled', 'dataset_consumes_1_and_2', 'dataset_consumes_1', 'dataset_consumes_unknown_never_scheduled']) retrieved from /home/vscode/.local/lib/python3.10/site-packages/airflow/example_dags/example_datasets.py
[2025-08-12T15:47:01.170+0000] {logging_mixin.py:150} INFO - [2025-08-12T15:47:01.170+0000] {dag.py:2742} INFO - Sync 6 DAGs
[2025-08-12T15:47:01.186+0000] {logging_mixin.py:150} INFO - [2025-08-12T15:47:01.186+0000] {dag.py:3504} INFO - Setting next_dagrun for dataset_consumes_1 to None, run_after=None
[2025-08-12T15:47:01.188+0000] {logging_mixin.py:150} INFO - [2025-08-12T15:47:01.188+0000] {dag.py:3504} INFO - Setting next_dagrun for dataset_consumes_1_and_2 to None, run_after=None
[2025-08-12T15:47:01.189+0000] {logging_mixin.py:150} INFO - [2025-08-12T15:47:01.188+0000] {dag.py:3504} INFO - Setting next_dagrun for dataset_consumes_1_never_scheduled to None, run_after=None
[2025-08-12T15:47:01.189+0000] {logging_mixin.py:150} INFO - [2025-08-12T15:47:01.189+0000] {dag.py:3504} INFO - Setting next_dagrun for dataset_consumes_unknown_never_scheduled to None, run_after=None
[2025-08-12T15:47:01.191+0000] {logging_mixin.py:150} INFO - [2025-08-12T15:47:01.191+0000] {dag.py:3504} INFO - Setting next_dagrun for dataset_produces_1 to 2025-08-11T00:00:00+00:00, run_after=2025-08-12T00:00:00+00:00
[2025-08-12T15:47:01.192+0000] {logging_mixin.py:150} INFO - [2025-08-12T15:47:01.192+0000] {dag.py:3504} INFO - Setting next_dagrun for dataset_produces_2 to None, run_after=None
[2025-08-12T15:47:01.213+0000] {processor.py:179} INFO - Processing /home/vscode/.local/lib/python3.10/site-packages/airflow/example_dags/example_datasets.py took 0.074 seconds
[2025-08-12T15:47:42.334+0000] {processor.py:157} INFO - Started process (PID=22401) to work on /home/vscode/.local/lib/python3.10/site-packages/airflow/example_dags/example_datasets.py
[2025-08-12T15:47:42.334+0000] {processor.py:826} INFO - Processing file /home/vscode/.local/lib/python3.10/site-packages/airflow/example_dags/example_datasets.py for tasks to queue
[2025-08-12T15:47:42.335+0000] {logging_mixin.py:150} INFO - [2025-08-12T15:47:42.335+0000] {dagbag.py:541} INFO - Filling up the DagBag from /home/vscode/.local/lib/python3.10/site-packages/airflow/example_dags/example_datasets.py
[2025-08-12T15:47:42.343+0000] {processor.py:836} INFO - DAG(s) dict_keys(['dataset_produces_2', 'dataset_consumes_unknown_never_scheduled', 'dataset_consumes_1', 'dataset_consumes_1_never_scheduled', 'dataset_produces_1', 'dataset_consumes_1_and_2']) retrieved from /home/vscode/.local/lib/python3.10/site-packages/airflow/example_dags/example_datasets.py
[2025-08-12T15:47:42.364+0000] {logging_mixin.py:150} INFO - [2025-08-12T15:47:42.364+0000] {dag.py:2742} INFO - Sync 6 DAGs
[2025-08-12T15:47:42.379+0000] {logging_mixin.py:150} INFO - [2025-08-12T15:47:42.378+0000] {dag.py:3504} INFO - Setting next_dagrun for dataset_consumes_1 to None, run_after=None
[2025-08-12T15:47:42.381+0000] {logging_mixin.py:150} INFO - [2025-08-12T15:47:42.381+0000] {dag.py:3504} INFO - Setting next_dagrun for dataset_consumes_1_and_2 to None, run_after=None
[2025-08-12T15:47:42.381+0000] {logging_mixin.py:150} INFO - [2025-08-12T15:47:42.381+0000] {dag.py:3504} INFO - Setting next_dagrun for dataset_consumes_1_never_scheduled to None, run_after=None
[2025-08-12T15:47:42.382+0000] {logging_mixin.py:150} INFO - [2025-08-12T15:47:42.382+0000] {dag.py:3504} INFO - Setting next_dagrun for dataset_consumes_unknown_never_scheduled to None, run_after=None
[2025-08-12T15:47:42.384+0000] {logging_mixin.py:150} INFO - [2025-08-12T15:47:42.384+0000] {dag.py:3504} INFO - Setting next_dagrun for dataset_produces_1 to 2025-08-11T00:00:00+00:00, run_after=2025-08-12T00:00:00+00:00
[2025-08-12T15:47:42.384+0000] {logging_mixin.py:150} INFO - [2025-08-12T15:47:42.384+0000] {dag.py:3504} INFO - Setting next_dagrun for dataset_produces_2 to None, run_after=None
[2025-08-12T15:47:42.406+0000] {processor.py:179} INFO - Processing /home/vscode/.local/lib/python3.10/site-packages/airflow/example_dags/example_datasets.py took 0.075 seconds
[2025-08-12T15:48:34.714+0000] {processor.py:157} INFO - Started process (PID=22743) to work on /home/vscode/.local/lib/python3.10/site-packages/airflow/example_dags/example_datasets.py
[2025-08-12T15:48:34.715+0000] {processor.py:826} INFO - Processing file /home/vscode/.local/lib/python3.10/site-packages/airflow/example_dags/example_datasets.py for tasks to queue
[2025-08-12T15:48:34.716+0000] {logging_mixin.py:150} INFO - [2025-08-12T15:48:34.715+0000] {dagbag.py:541} INFO - Filling up the DagBag from /home/vscode/.local/lib/python3.10/site-packages/airflow/example_dags/example_datasets.py
[2025-08-12T15:48:34.722+0000] {processor.py:836} INFO - DAG(s) dict_keys(['dataset_consumes_1', 'dataset_consumes_1_and_2', 'dataset_produces_2', 'dataset_consumes_unknown_never_scheduled', 'dataset_consumes_1_never_scheduled', 'dataset_produces_1']) retrieved from /home/vscode/.local/lib/python3.10/site-packages/airflow/example_dags/example_datasets.py
[2025-08-12T15:48:34.743+0000] {logging_mixin.py:150} INFO - [2025-08-12T15:48:34.743+0000] {dag.py:2742} INFO - Sync 6 DAGs
[2025-08-12T15:48:34.759+0000] {logging_mixin.py:150} INFO - [2025-08-12T15:48:34.759+0000] {dag.py:3504} INFO - Setting next_dagrun for dataset_consumes_1 to None, run_after=None
[2025-08-12T15:48:34.762+0000] {logging_mixin.py:150} INFO - [2025-08-12T15:48:34.762+0000] {dag.py:3504} INFO - Setting next_dagrun for dataset_consumes_1_and_2 to None, run_after=None
[2025-08-12T15:48:34.762+0000] {logging_mixin.py:150} INFO - [2025-08-12T15:48:34.762+0000] {dag.py:3504} INFO - Setting next_dagrun for dataset_consumes_1_never_scheduled to None, run_after=None
[2025-08-12T15:48:34.763+0000] {logging_mixin.py:150} INFO - [2025-08-12T15:48:34.763+0000] {dag.py:3504} INFO - Setting next_dagrun for dataset_consumes_unknown_never_scheduled to None, run_after=None
[2025-08-12T15:48:34.765+0000] {logging_mixin.py:150} INFO - [2025-08-12T15:48:34.765+0000] {dag.py:3504} INFO - Setting next_dagrun for dataset_produces_1 to 2025-08-11T00:00:00+00:00, run_after=2025-08-12T00:00:00+00:00
[2025-08-12T15:48:34.765+0000] {logging_mixin.py:150} INFO - [2025-08-12T15:48:34.765+0000] {dag.py:3504} INFO - Setting next_dagrun for dataset_produces_2 to None, run_after=None
[2025-08-12T15:48:34.787+0000] {processor.py:179} INFO - Processing /home/vscode/.local/lib/python3.10/site-packages/airflow/example_dags/example_datasets.py took 0.075 seconds
[2025-08-12T15:49:15.979+0000] {processor.py:157} INFO - Started process (PID=23048) to work on /home/vscode/.local/lib/python3.10/site-packages/airflow/example_dags/example_datasets.py
[2025-08-12T15:49:15.980+0000] {processor.py:826} INFO - Processing file /home/vscode/.local/lib/python3.10/site-packages/airflow/example_dags/example_datasets.py for tasks to queue
[2025-08-12T15:49:15.980+0000] {logging_mixin.py:150} INFO - [2025-08-12T15:49:15.980+0000] {dagbag.py:541} INFO - Filling up the DagBag from /home/vscode/.local/lib/python3.10/site-packages/airflow/example_dags/example_datasets.py
[2025-08-12T15:49:15.987+0000] {processor.py:836} INFO - DAG(s) dict_keys(['dataset_consumes_1_and_2', 'dataset_produces_2', 'dataset_consumes_1_never_scheduled', 'dataset_consumes_1', 'dataset_produces_1', 'dataset_consumes_unknown_never_scheduled']) retrieved from /home/vscode/.local/lib/python3.10/site-packages/airflow/example_dags/example_datasets.py
[2025-08-12T15:49:16.007+0000] {logging_mixin.py:150} INFO - [2025-08-12T15:49:16.007+0000] {dag.py:2742} INFO - Sync 6 DAGs
[2025-08-12T15:49:16.022+0000] {logging_mixin.py:150} INFO - [2025-08-12T15:49:16.022+0000] {dag.py:3504} INFO - Setting next_dagrun for dataset_consumes_1 to None, run_after=None
[2025-08-12T15:49:16.024+0000] {logging_mixin.py:150} INFO - [2025-08-12T15:49:16.024+0000] {dag.py:3504} INFO - Setting next_dagrun for dataset_consumes_1_and_2 to None, run_after=None
[2025-08-12T15:49:16.025+0000] {logging_mixin.py:150} INFO - [2025-08-12T15:49:16.025+0000] {dag.py:3504} INFO - Setting next_dagrun for dataset_consumes_1_never_scheduled to None, run_after=None
[2025-08-12T15:49:16.026+0000] {logging_mixin.py:150} INFO - [2025-08-12T15:49:16.025+0000] {dag.py:3504} INFO - Setting next_dagrun for dataset_consumes_unknown_never_scheduled to None, run_after=None
[2025-08-12T15:49:16.028+0000] {logging_mixin.py:150} INFO - [2025-08-12T15:49:16.028+0000] {dag.py:3504} INFO - Setting next_dagrun for dataset_produces_1 to 2025-08-11T00:00:00+00:00, run_after=2025-08-12T00:00:00+00:00
[2025-08-12T15:49:16.029+0000] {logging_mixin.py:150} INFO - [2025-08-12T15:49:16.029+0000] {dag.py:3504} INFO - Setting next_dagrun for dataset_produces_2 to None, run_after=None
[2025-08-12T15:49:16.051+0000] {processor.py:179} INFO - Processing /home/vscode/.local/lib/python3.10/site-packages/airflow/example_dags/example_datasets.py took 0.074 seconds
[2025-08-12T15:49:58.503+0000] {processor.py:157} INFO - Started process (PID=23404) to work on /home/vscode/.local/lib/python3.10/site-packages/airflow/example_dags/example_datasets.py
[2025-08-12T15:49:58.504+0000] {processor.py:826} INFO - Processing file /home/vscode/.local/lib/python3.10/site-packages/airflow/example_dags/example_datasets.py for tasks to queue
[2025-08-12T15:49:58.504+0000] {logging_mixin.py:150} INFO - [2025-08-12T15:49:58.504+0000] {dagbag.py:541} INFO - Filling up the DagBag from /home/vscode/.local/lib/python3.10/site-packages/airflow/example_dags/example_datasets.py
[2025-08-12T15:49:58.511+0000] {processor.py:836} INFO - DAG(s) dict_keys(['dataset_produces_1', 'dataset_consumes_1', 'dataset_consumes_1_and_2', 'dataset_consumes_unknown_never_scheduled', 'dataset_produces_2', 'dataset_consumes_1_never_scheduled']) retrieved from /home/vscode/.local/lib/python3.10/site-packages/airflow/example_dags/example_datasets.py
[2025-08-12T15:49:58.532+0000] {logging_mixin.py:150} INFO - [2025-08-12T15:49:58.532+0000] {dag.py:2742} INFO - Sync 6 DAGs
[2025-08-12T15:49:58.548+0000] {logging_mixin.py:150} INFO - [2025-08-12T15:49:58.548+0000] {dag.py:3504} INFO - Setting next_dagrun for dataset_consumes_1 to None, run_after=None
[2025-08-12T15:49:58.550+0000] {logging_mixin.py:150} INFO - [2025-08-12T15:49:58.550+0000] {dag.py:3504} INFO - Setting next_dagrun for dataset_consumes_1_and_2 to None, run_after=None
[2025-08-12T15:49:58.551+0000] {logging_mixin.py:150} INFO - [2025-08-12T15:49:58.551+0000] {dag.py:3504} INFO - Setting next_dagrun for dataset_consumes_1_never_scheduled to None, run_after=None
[2025-08-12T15:49:58.552+0000] {logging_mixin.py:150} INFO - [2025-08-12T15:49:58.552+0000] {dag.py:3504} INFO - Setting next_dagrun for dataset_consumes_unknown_never_scheduled to None, run_after=None
[2025-08-12T15:49:58.554+0000] {logging_mixin.py:150} INFO - [2025-08-12T15:49:58.554+0000] {dag.py:3504} INFO - Setting next_dagrun for dataset_produces_1 to 2025-08-11T00:00:00+00:00, run_after=2025-08-12T00:00:00+00:00
[2025-08-12T15:49:58.555+0000] {logging_mixin.py:150} INFO - [2025-08-12T15:49:58.554+0000] {dag.py:3504} INFO - Setting next_dagrun for dataset_produces_2 to None, run_after=None
[2025-08-12T15:49:58.577+0000] {processor.py:179} INFO - Processing /home/vscode/.local/lib/python3.10/site-packages/airflow/example_dags/example_datasets.py took 0.076 seconds
[2025-08-12T15:50:43.926+0000] {processor.py:157} INFO - Started process (PID=23862) to work on /home/vscode/.local/lib/python3.10/site-packages/airflow/example_dags/example_datasets.py
[2025-08-12T15:50:43.927+0000] {processor.py:826} INFO - Processing file /home/vscode/.local/lib/python3.10/site-packages/airflow/example_dags/example_datasets.py for tasks to queue
[2025-08-12T15:50:43.927+0000] {logging_mixin.py:150} INFO - [2025-08-12T15:50:43.927+0000] {dagbag.py:541} INFO - Filling up the DagBag from /home/vscode/.local/lib/python3.10/site-packages/airflow/example_dags/example_datasets.py
[2025-08-12T15:50:43.934+0000] {processor.py:836} INFO - DAG(s) dict_keys(['dataset_consumes_1_never_scheduled', 'dataset_produces_1', 'dataset_produces_2', 'dataset_consumes_unknown_never_scheduled', 'dataset_consumes_1', 'dataset_consumes_1_and_2']) retrieved from /home/vscode/.local/lib/python3.10/site-packages/airflow/example_dags/example_datasets.py
[2025-08-12T15:50:43.954+0000] {logging_mixin.py:150} INFO - [2025-08-12T15:50:43.954+0000] {dag.py:2742} INFO - Sync 6 DAGs
[2025-08-12T15:50:43.969+0000] {logging_mixin.py:150} INFO - [2025-08-12T15:50:43.969+0000] {dag.py:3504} INFO - Setting next_dagrun for dataset_consumes_1 to None, run_after=None
[2025-08-12T15:50:43.971+0000] {logging_mixin.py:150} INFO - [2025-08-12T15:50:43.971+0000] {dag.py:3504} INFO - Setting next_dagrun for dataset_consumes_1_and_2 to None, run_after=None
[2025-08-12T15:50:43.972+0000] {logging_mixin.py:150} INFO - [2025-08-12T15:50:43.972+0000] {dag.py:3504} INFO - Setting next_dagrun for dataset_consumes_1_never_scheduled to None, run_after=None
[2025-08-12T15:50:43.973+0000] {logging_mixin.py:150} INFO - [2025-08-12T15:50:43.973+0000] {dag.py:3504} INFO - Setting next_dagrun for dataset_consumes_unknown_never_scheduled to None, run_after=None
[2025-08-12T15:50:43.974+0000] {logging_mixin.py:150} INFO - [2025-08-12T15:50:43.974+0000] {dag.py:3504} INFO - Setting next_dagrun for dataset_produces_1 to 2025-08-11T00:00:00+00:00, run_after=2025-08-12T00:00:00+00:00
[2025-08-12T15:50:43.975+0000] {logging_mixin.py:150} INFO - [2025-08-12T15:50:43.975+0000] {dag.py:3504} INFO - Setting next_dagrun for dataset_produces_2 to None, run_after=None
[2025-08-12T15:50:43.997+0000] {processor.py:179} INFO - Processing /home/vscode/.local/lib/python3.10/site-packages/airflow/example_dags/example_datasets.py took 0.073 seconds
[2025-08-12T15:51:27.743+0000] {processor.py:157} INFO - Started process (PID=24155) to work on /home/vscode/.local/lib/python3.10/site-packages/airflow/example_dags/example_datasets.py
[2025-08-12T15:51:27.744+0000] {processor.py:826} INFO - Processing file /home/vscode/.local/lib/python3.10/site-packages/airflow/example_dags/example_datasets.py for tasks to queue
[2025-08-12T15:51:27.744+0000] {logging_mixin.py:150} INFO - [2025-08-12T15:51:27.744+0000] {dagbag.py:541} INFO - Filling up the DagBag from /home/vscode/.local/lib/python3.10/site-packages/airflow/example_dags/example_datasets.py
[2025-08-12T15:51:27.751+0000] {processor.py:836} INFO - DAG(s) dict_keys(['dataset_consumes_unknown_never_scheduled', 'dataset_consumes_1_never_scheduled', 'dataset_produces_2', 'dataset_consumes_1_and_2', 'dataset_produces_1', 'dataset_consumes_1']) retrieved from /home/vscode/.local/lib/python3.10/site-packages/airflow/example_dags/example_datasets.py
[2025-08-12T15:51:27.772+0000] {logging_mixin.py:150} INFO - [2025-08-12T15:51:27.772+0000] {dag.py:2742} INFO - Sync 6 DAGs
[2025-08-12T15:51:27.787+0000] {logging_mixin.py:150} INFO - [2025-08-12T15:51:27.787+0000] {dag.py:3504} INFO - Setting next_dagrun for dataset_consumes_1 to None, run_after=None
[2025-08-12T15:51:27.789+0000] {logging_mixin.py:150} INFO - [2025-08-12T15:51:27.789+0000] {dag.py:3504} INFO - Setting next_dagrun for dataset_consumes_1_and_2 to None, run_after=None
[2025-08-12T15:51:27.790+0000] {logging_mixin.py:150} INFO - [2025-08-12T15:51:27.790+0000] {dag.py:3504} INFO - Setting next_dagrun for dataset_consumes_1_never_scheduled to None, run_after=None
[2025-08-12T15:51:27.791+0000] {logging_mixin.py:150} INFO - [2025-08-12T15:51:27.791+0000] {dag.py:3504} INFO - Setting next_dagrun for dataset_consumes_unknown_never_scheduled to None, run_after=None
[2025-08-12T15:51:27.792+0000] {logging_mixin.py:150} INFO - [2025-08-12T15:51:27.792+0000] {dag.py:3504} INFO - Setting next_dagrun for dataset_produces_1 to 2025-08-11T00:00:00+00:00, run_after=2025-08-12T00:00:00+00:00
[2025-08-12T15:51:27.793+0000] {logging_mixin.py:150} INFO - [2025-08-12T15:51:27.793+0000] {dag.py:3504} INFO - Setting next_dagrun for dataset_produces_2 to None, run_after=None
[2025-08-12T15:51:27.815+0000] {processor.py:179} INFO - Processing /home/vscode/.local/lib/python3.10/site-packages/airflow/example_dags/example_datasets.py took 0.074 seconds
[2025-08-12T15:52:11.574+0000] {processor.py:157} INFO - Started process (PID=24449) to work on /home/vscode/.local/lib/python3.10/site-packages/airflow/example_dags/example_datasets.py
[2025-08-12T15:52:11.574+0000] {processor.py:826} INFO - Processing file /home/vscode/.local/lib/python3.10/site-packages/airflow/example_dags/example_datasets.py for tasks to queue
[2025-08-12T15:52:11.575+0000] {logging_mixin.py:150} INFO - [2025-08-12T15:52:11.574+0000] {dagbag.py:541} INFO - Filling up the DagBag from /home/vscode/.local/lib/python3.10/site-packages/airflow/example_dags/example_datasets.py
[2025-08-12T15:52:11.581+0000] {processor.py:836} INFO - DAG(s) dict_keys(['dataset_consumes_1', 'dataset_consumes_1_and_2', 'dataset_produces_2', 'dataset_consumes_unknown_never_scheduled', 'dataset_consumes_1_never_scheduled', 'dataset_produces_1']) retrieved from /home/vscode/.local/lib/python3.10/site-packages/airflow/example_dags/example_datasets.py
[2025-08-12T15:52:11.602+0000] {logging_mixin.py:150} INFO - [2025-08-12T15:52:11.601+0000] {dag.py:2742} INFO - Sync 6 DAGs
[2025-08-12T15:52:11.616+0000] {logging_mixin.py:150} INFO - [2025-08-12T15:52:11.616+0000] {dag.py:3504} INFO - Setting next_dagrun for dataset_consumes_1 to None, run_after=None
[2025-08-12T15:52:11.618+0000] {logging_mixin.py:150} INFO - [2025-08-12T15:52:11.618+0000] {dag.py:3504} INFO - Setting next_dagrun for dataset_consumes_1_and_2 to None, run_after=None
[2025-08-12T15:52:11.619+0000] {logging_mixin.py:150} INFO - [2025-08-12T15:52:11.619+0000] {dag.py:3504} INFO - Setting next_dagrun for dataset_consumes_1_never_scheduled to None, run_after=None
[2025-08-12T15:52:11.620+0000] {logging_mixin.py:150} INFO - [2025-08-12T15:52:11.619+0000] {dag.py:3504} INFO - Setting next_dagrun for dataset_consumes_unknown_never_scheduled to None, run_after=None
[2025-08-12T15:52:11.621+0000] {logging_mixin.py:150} INFO - [2025-08-12T15:52:11.621+0000] {dag.py:3504} INFO - Setting next_dagrun for dataset_produces_1 to 2025-08-11T00:00:00+00:00, run_after=2025-08-12T00:00:00+00:00
[2025-08-12T15:52:11.622+0000] {logging_mixin.py:150} INFO - [2025-08-12T15:52:11.622+0000] {dag.py:3504} INFO - Setting next_dagrun for dataset_produces_2 to None, run_after=None
[2025-08-12T15:52:11.644+0000] {processor.py:179} INFO - Processing /home/vscode/.local/lib/python3.10/site-packages/airflow/example_dags/example_datasets.py took 0.072 seconds
[2025-08-12T15:52:54.405+0000] {processor.py:157} INFO - Started process (PID=24763) to work on /home/vscode/.local/lib/python3.10/site-packages/airflow/example_dags/example_datasets.py
[2025-08-12T15:52:54.405+0000] {processor.py:826} INFO - Processing file /home/vscode/.local/lib/python3.10/site-packages/airflow/example_dags/example_datasets.py for tasks to queue
[2025-08-12T15:52:54.406+0000] {logging_mixin.py:150} INFO - [2025-08-12T15:52:54.406+0000] {dagbag.py:541} INFO - Filling up the DagBag from /home/vscode/.local/lib/python3.10/site-packages/airflow/example_dags/example_datasets.py
[2025-08-12T15:52:54.412+0000] {processor.py:836} INFO - DAG(s) dict_keys(['dataset_consumes_1_and_2', 'dataset_produces_2', 'dataset_produces_1', 'dataset_consumes_unknown_never_scheduled', 'dataset_consumes_1_never_scheduled', 'dataset_consumes_1']) retrieved from /home/vscode/.local/lib/python3.10/site-packages/airflow/example_dags/example_datasets.py
[2025-08-12T15:52:54.434+0000] {logging_mixin.py:150} INFO - [2025-08-12T15:52:54.434+0000] {dag.py:2742} INFO - Sync 6 DAGs
[2025-08-12T15:52:54.449+0000] {logging_mixin.py:150} INFO - [2025-08-12T15:52:54.449+0000] {dag.py:3504} INFO - Setting next_dagrun for dataset_consumes_1 to None, run_after=None
[2025-08-12T15:52:54.452+0000] {logging_mixin.py:150} INFO - [2025-08-12T15:52:54.452+0000] {dag.py:3504} INFO - Setting next_dagrun for dataset_consumes_1_and_2 to None, run_after=None
[2025-08-12T15:52:54.452+0000] {logging_mixin.py:150} INFO - [2025-08-12T15:52:54.452+0000] {dag.py:3504} INFO - Setting next_dagrun for dataset_consumes_1_never_scheduled to None, run_after=None
[2025-08-12T15:52:54.453+0000] {logging_mixin.py:150} INFO - [2025-08-12T15:52:54.453+0000] {dag.py:3504} INFO - Setting next_dagrun for dataset_consumes_unknown_never_scheduled to None, run_after=None
[2025-08-12T15:52:54.455+0000] {logging_mixin.py:150} INFO - [2025-08-12T15:52:54.455+0000] {dag.py:3504} INFO - Setting next_dagrun for dataset_produces_1 to 2025-08-11T00:00:00+00:00, run_after=2025-08-12T00:00:00+00:00
[2025-08-12T15:52:54.456+0000] {logging_mixin.py:150} INFO - [2025-08-12T15:52:54.455+0000] {dag.py:3504} INFO - Setting next_dagrun for dataset_produces_2 to None, run_after=None
[2025-08-12T15:52:54.477+0000] {processor.py:179} INFO - Processing /home/vscode/.local/lib/python3.10/site-packages/airflow/example_dags/example_datasets.py took 0.075 seconds
[2025-08-12T15:53:37.823+0000] {processor.py:157} INFO - Started process (PID=25094) to work on /home/vscode/.local/lib/python3.10/site-packages/airflow/example_dags/example_datasets.py
[2025-08-12T15:53:37.823+0000] {processor.py:826} INFO - Processing file /home/vscode/.local/lib/python3.10/site-packages/airflow/example_dags/example_datasets.py for tasks to queue
[2025-08-12T15:53:37.824+0000] {logging_mixin.py:150} INFO - [2025-08-12T15:53:37.824+0000] {dagbag.py:541} INFO - Filling up the DagBag from /home/vscode/.local/lib/python3.10/site-packages/airflow/example_dags/example_datasets.py
[2025-08-12T15:53:37.831+0000] {processor.py:836} INFO - DAG(s) dict_keys(['dataset_consumes_1_and_2', 'dataset_consumes_1_never_scheduled', 'dataset_produces_2', 'dataset_produces_1', 'dataset_consumes_1', 'dataset_consumes_unknown_never_scheduled']) retrieved from /home/vscode/.local/lib/python3.10/site-packages/airflow/example_dags/example_datasets.py
[2025-08-12T15:53:37.853+0000] {logging_mixin.py:150} INFO - [2025-08-12T15:53:37.853+0000] {dag.py:2742} INFO - Sync 6 DAGs
[2025-08-12T15:53:37.868+0000] {logging_mixin.py:150} INFO - [2025-08-12T15:53:37.868+0000] {dag.py:3504} INFO - Setting next_dagrun for dataset_consumes_1 to None, run_after=None
[2025-08-12T15:53:37.870+0000] {logging_mixin.py:150} INFO - [2025-08-12T15:53:37.870+0000] {dag.py:3504} INFO - Setting next_dagrun for dataset_consumes_1_and_2 to None, run_after=None
[2025-08-12T15:53:37.871+0000] {logging_mixin.py:150} INFO - [2025-08-12T15:53:37.871+0000] {dag.py:3504} INFO - Setting next_dagrun for dataset_consumes_1_never_scheduled to None, run_after=None
[2025-08-12T15:53:37.871+0000] {logging_mixin.py:150} INFO - [2025-08-12T15:53:37.871+0000] {dag.py:3504} INFO - Setting next_dagrun for dataset_consumes_unknown_never_scheduled to None, run_after=None
[2025-08-12T15:53:37.873+0000] {logging_mixin.py:150} INFO - [2025-08-12T15:53:37.873+0000] {dag.py:3504} INFO - Setting next_dagrun for dataset_produces_1 to 2025-08-11T00:00:00+00:00, run_after=2025-08-12T00:00:00+00:00
[2025-08-12T15:53:37.874+0000] {logging_mixin.py:150} INFO - [2025-08-12T15:53:37.874+0000] {dag.py:3504} INFO - Setting next_dagrun for dataset_produces_2 to None, run_after=None
[2025-08-12T15:53:37.897+0000] {processor.py:179} INFO - Processing /home/vscode/.local/lib/python3.10/site-packages/airflow/example_dags/example_datasets.py took 0.076 seconds
[2025-08-12T15:54:19.940+0000] {processor.py:157} INFO - Started process (PID=25422) to work on /home/vscode/.local/lib/python3.10/site-packages/airflow/example_dags/example_datasets.py
[2025-08-12T15:54:19.940+0000] {processor.py:826} INFO - Processing file /home/vscode/.local/lib/python3.10/site-packages/airflow/example_dags/example_datasets.py for tasks to queue
[2025-08-12T15:54:19.941+0000] {logging_mixin.py:150} INFO - [2025-08-12T15:54:19.941+0000] {dagbag.py:541} INFO - Filling up the DagBag from /home/vscode/.local/lib/python3.10/site-packages/airflow/example_dags/example_datasets.py
[2025-08-12T15:54:19.948+0000] {processor.py:836} INFO - DAG(s) dict_keys(['dataset_produces_1', 'dataset_produces_2', 'dataset_consumes_unknown_never_scheduled', 'dataset_consumes_1_never_scheduled', 'dataset_consumes_1', 'dataset_consumes_1_and_2']) retrieved from /home/vscode/.local/lib/python3.10/site-packages/airflow/example_dags/example_datasets.py
[2025-08-12T15:54:19.969+0000] {logging_mixin.py:150} INFO - [2025-08-12T15:54:19.968+0000] {dag.py:2742} INFO - Sync 6 DAGs
[2025-08-12T15:54:19.986+0000] {logging_mixin.py:150} INFO - [2025-08-12T15:54:19.986+0000] {dag.py:3504} INFO - Setting next_dagrun for dataset_consumes_1 to None, run_after=None
[2025-08-12T15:54:19.988+0000] {logging_mixin.py:150} INFO - [2025-08-12T15:54:19.988+0000] {dag.py:3504} INFO - Setting next_dagrun for dataset_consumes_1_and_2 to None, run_after=None
[2025-08-12T15:54:19.989+0000] {logging_mixin.py:150} INFO - [2025-08-12T15:54:19.989+0000] {dag.py:3504} INFO - Setting next_dagrun for dataset_consumes_1_never_scheduled to None, run_after=None
[2025-08-12T15:54:19.989+0000] {logging_mixin.py:150} INFO - [2025-08-12T15:54:19.989+0000] {dag.py:3504} INFO - Setting next_dagrun for dataset_consumes_unknown_never_scheduled to None, run_after=None
[2025-08-12T15:54:19.991+0000] {logging_mixin.py:150} INFO - [2025-08-12T15:54:19.991+0000] {dag.py:3504} INFO - Setting next_dagrun for dataset_produces_1 to 2025-08-11T00:00:00+00:00, run_after=2025-08-12T00:00:00+00:00
[2025-08-12T15:54:19.992+0000] {logging_mixin.py:150} INFO - [2025-08-12T15:54:19.992+0000] {dag.py:3504} INFO - Setting next_dagrun for dataset_produces_2 to None, run_after=None
[2025-08-12T15:54:20.015+0000] {processor.py:179} INFO - Processing /home/vscode/.local/lib/python3.10/site-packages/airflow/example_dags/example_datasets.py took 0.077 seconds
[2025-08-12T15:55:04.049+0000] {processor.py:157} INFO - Started process (PID=25758) to work on /home/vscode/.local/lib/python3.10/site-packages/airflow/example_dags/example_datasets.py
[2025-08-12T15:55:04.049+0000] {processor.py:826} INFO - Processing file /home/vscode/.local/lib/python3.10/site-packages/airflow/example_dags/example_datasets.py for tasks to queue
[2025-08-12T15:55:04.050+0000] {logging_mixin.py:150} INFO - [2025-08-12T15:55:04.050+0000] {dagbag.py:541} INFO - Filling up the DagBag from /home/vscode/.local/lib/python3.10/site-packages/airflow/example_dags/example_datasets.py
[2025-08-12T15:55:04.057+0000] {processor.py:836} INFO - DAG(s) dict_keys(['dataset_consumes_1', 'dataset_consumes_unknown_never_scheduled', 'dataset_produces_1', 'dataset_consumes_1_and_2', 'dataset_produces_2', 'dataset_consumes_1_never_scheduled']) retrieved from /home/vscode/.local/lib/python3.10/site-packages/airflow/example_dags/example_datasets.py
[2025-08-12T15:55:04.078+0000] {logging_mixin.py:150} INFO - [2025-08-12T15:55:04.078+0000] {dag.py:2742} INFO - Sync 6 DAGs
[2025-08-12T15:55:04.093+0000] {logging_mixin.py:150} INFO - [2025-08-12T15:55:04.093+0000] {dag.py:3504} INFO - Setting next_dagrun for dataset_consumes_1 to None, run_after=None
[2025-08-12T15:55:04.095+0000] {logging_mixin.py:150} INFO - [2025-08-12T15:55:04.095+0000] {dag.py:3504} INFO - Setting next_dagrun for dataset_consumes_1_and_2 to None, run_after=None
[2025-08-12T15:55:04.096+0000] {logging_mixin.py:150} INFO - [2025-08-12T15:55:04.095+0000] {dag.py:3504} INFO - Setting next_dagrun for dataset_consumes_1_never_scheduled to None, run_after=None
[2025-08-12T15:55:04.096+0000] {logging_mixin.py:150} INFO - [2025-08-12T15:55:04.096+0000] {dag.py:3504} INFO - Setting next_dagrun for dataset_consumes_unknown_never_scheduled to None, run_after=None
[2025-08-12T15:55:04.098+0000] {logging_mixin.py:150} INFO - [2025-08-12T15:55:04.098+0000] {dag.py:3504} INFO - Setting next_dagrun for dataset_produces_1 to 2025-08-11T00:00:00+00:00, run_after=2025-08-12T00:00:00+00:00
[2025-08-12T15:55:04.099+0000] {logging_mixin.py:150} INFO - [2025-08-12T15:55:04.098+0000] {dag.py:3504} INFO - Setting next_dagrun for dataset_produces_2 to None, run_after=None
[2025-08-12T15:55:04.121+0000] {processor.py:179} INFO - Processing /home/vscode/.local/lib/python3.10/site-packages/airflow/example_dags/example_datasets.py took 0.075 seconds
[2025-08-12T15:55:46.670+0000] {processor.py:157} INFO - Started process (PID=26088) to work on /home/vscode/.local/lib/python3.10/site-packages/airflow/example_dags/example_datasets.py
[2025-08-12T15:55:46.671+0000] {processor.py:826} INFO - Processing file /home/vscode/.local/lib/python3.10/site-packages/airflow/example_dags/example_datasets.py for tasks to queue
[2025-08-12T15:55:46.671+0000] {logging_mixin.py:150} INFO - [2025-08-12T15:55:46.671+0000] {dagbag.py:541} INFO - Filling up the DagBag from /home/vscode/.local/lib/python3.10/site-packages/airflow/example_dags/example_datasets.py
[2025-08-12T15:55:46.679+0000] {processor.py:836} INFO - DAG(s) dict_keys(['dataset_consumes_unknown_never_scheduled', 'dataset_consumes_1_and_2', 'dataset_produces_2', 'dataset_produces_1', 'dataset_consumes_1_never_scheduled', 'dataset_consumes_1']) retrieved from /home/vscode/.local/lib/python3.10/site-packages/airflow/example_dags/example_datasets.py
[2025-08-12T15:55:46.699+0000] {logging_mixin.py:150} INFO - [2025-08-12T15:55:46.699+0000] {dag.py:2742} INFO - Sync 6 DAGs
[2025-08-12T15:55:46.717+0000] {logging_mixin.py:150} INFO - [2025-08-12T15:55:46.717+0000] {dag.py:3504} INFO - Setting next_dagrun for dataset_consumes_1 to None, run_after=None
[2025-08-12T15:55:46.719+0000] {logging_mixin.py:150} INFO - [2025-08-12T15:55:46.719+0000] {dag.py:3504} INFO - Setting next_dagrun for dataset_consumes_1_and_2 to None, run_after=None
[2025-08-12T15:55:46.720+0000] {logging_mixin.py:150} INFO - [2025-08-12T15:55:46.720+0000] {dag.py:3504} INFO - Setting next_dagrun for dataset_consumes_1_never_scheduled to None, run_after=None
[2025-08-12T15:55:46.721+0000] {logging_mixin.py:150} INFO - [2025-08-12T15:55:46.721+0000] {dag.py:3504} INFO - Setting next_dagrun for dataset_consumes_unknown_never_scheduled to None, run_after=None
[2025-08-12T15:55:46.723+0000] {logging_mixin.py:150} INFO - [2025-08-12T15:55:46.722+0000] {dag.py:3504} INFO - Setting next_dagrun for dataset_produces_1 to 2025-08-11T00:00:00+00:00, run_after=2025-08-12T00:00:00+00:00
[2025-08-12T15:55:46.723+0000] {logging_mixin.py:150} INFO - [2025-08-12T15:55:46.723+0000] {dag.py:3504} INFO - Setting next_dagrun for dataset_produces_2 to None, run_after=None
[2025-08-12T15:55:46.745+0000] {processor.py:179} INFO - Processing /home/vscode/.local/lib/python3.10/site-packages/airflow/example_dags/example_datasets.py took 0.077 seconds
[2025-08-12T15:56:33.216+0000] {processor.py:157} INFO - Started process (PID=26443) to work on /home/vscode/.local/lib/python3.10/site-packages/airflow/example_dags/example_datasets.py
[2025-08-12T15:56:33.217+0000] {processor.py:826} INFO - Processing file /home/vscode/.local/lib/python3.10/site-packages/airflow/example_dags/example_datasets.py for tasks to queue
[2025-08-12T15:56:33.218+0000] {logging_mixin.py:150} INFO - [2025-08-12T15:56:33.217+0000] {dagbag.py:541} INFO - Filling up the DagBag from /home/vscode/.local/lib/python3.10/site-packages/airflow/example_dags/example_datasets.py
[2025-08-12T15:56:33.224+0000] {processor.py:836} INFO - DAG(s) dict_keys(['dataset_consumes_unknown_never_scheduled', 'dataset_consumes_1', 'dataset_produces_2', 'dataset_consumes_1_and_2', 'dataset_consumes_1_never_scheduled', 'dataset_produces_1']) retrieved from /home/vscode/.local/lib/python3.10/site-packages/airflow/example_dags/example_datasets.py
[2025-08-12T15:56:33.244+0000] {logging_mixin.py:150} INFO - [2025-08-12T15:56:33.244+0000] {dag.py:2742} INFO - Sync 6 DAGs
[2025-08-12T15:56:33.259+0000] {logging_mixin.py:150} INFO - [2025-08-12T15:56:33.259+0000] {dag.py:3504} INFO - Setting next_dagrun for dataset_consumes_1 to None, run_after=None
[2025-08-12T15:56:33.261+0000] {logging_mixin.py:150} INFO - [2025-08-12T15:56:33.261+0000] {dag.py:3504} INFO - Setting next_dagrun for dataset_consumes_1_and_2 to None, run_after=None
[2025-08-12T15:56:33.262+0000] {logging_mixin.py:150} INFO - [2025-08-12T15:56:33.262+0000] {dag.py:3504} INFO - Setting next_dagrun for dataset_consumes_1_never_scheduled to None, run_after=None
[2025-08-12T15:56:33.263+0000] {logging_mixin.py:150} INFO - [2025-08-12T15:56:33.263+0000] {dag.py:3504} INFO - Setting next_dagrun for dataset_consumes_unknown_never_scheduled to None, run_after=None
[2025-08-12T15:56:33.264+0000] {logging_mixin.py:150} INFO - [2025-08-12T15:56:33.264+0000] {dag.py:3504} INFO - Setting next_dagrun for dataset_produces_1 to 2025-08-11T00:00:00+00:00, run_after=2025-08-12T00:00:00+00:00
[2025-08-12T15:56:33.265+0000] {logging_mixin.py:150} INFO - [2025-08-12T15:56:33.265+0000] {dag.py:3504} INFO - Setting next_dagrun for dataset_produces_2 to None, run_after=None
[2025-08-12T15:56:33.287+0000] {processor.py:179} INFO - Processing /home/vscode/.local/lib/python3.10/site-packages/airflow/example_dags/example_datasets.py took 0.073 seconds
[2025-08-12T15:57:24.616+0000] {processor.py:157} INFO - Started process (PID=26838) to work on /home/vscode/.local/lib/python3.10/site-packages/airflow/example_dags/example_datasets.py
[2025-08-12T15:57:24.617+0000] {processor.py:826} INFO - Processing file /home/vscode/.local/lib/python3.10/site-packages/airflow/example_dags/example_datasets.py for tasks to queue
[2025-08-12T15:57:24.617+0000] {logging_mixin.py:150} INFO - [2025-08-12T15:57:24.617+0000] {dagbag.py:541} INFO - Filling up the DagBag from /home/vscode/.local/lib/python3.10/site-packages/airflow/example_dags/example_datasets.py
[2025-08-12T15:57:24.624+0000] {processor.py:836} INFO - DAG(s) dict_keys(['dataset_consumes_1_and_2', 'dataset_consumes_1_never_scheduled', 'dataset_produces_1', 'dataset_consumes_unknown_never_scheduled', 'dataset_produces_2', 'dataset_consumes_1']) retrieved from /home/vscode/.local/lib/python3.10/site-packages/airflow/example_dags/example_datasets.py
[2025-08-12T15:57:24.645+0000] {logging_mixin.py:150} INFO - [2025-08-12T15:57:24.645+0000] {dag.py:2742} INFO - Sync 6 DAGs
[2025-08-12T15:57:24.660+0000] {logging_mixin.py:150} INFO - [2025-08-12T15:57:24.660+0000] {dag.py:3504} INFO - Setting next_dagrun for dataset_consumes_1 to None, run_after=None
[2025-08-12T15:57:24.662+0000] {logging_mixin.py:150} INFO - [2025-08-12T15:57:24.662+0000] {dag.py:3504} INFO - Setting next_dagrun for dataset_consumes_1_and_2 to None, run_after=None
[2025-08-12T15:57:24.663+0000] {logging_mixin.py:150} INFO - [2025-08-12T15:57:24.663+0000] {dag.py:3504} INFO - Setting next_dagrun for dataset_consumes_1_never_scheduled to None, run_after=None
[2025-08-12T15:57:24.663+0000] {logging_mixin.py:150} INFO - [2025-08-12T15:57:24.663+0000] {dag.py:3504} INFO - Setting next_dagrun for dataset_consumes_unknown_never_scheduled to None, run_after=None
[2025-08-12T15:57:24.665+0000] {logging_mixin.py:150} INFO - [2025-08-12T15:57:24.665+0000] {dag.py:3504} INFO - Setting next_dagrun for dataset_produces_1 to 2025-08-11T00:00:00+00:00, run_after=2025-08-12T00:00:00+00:00
[2025-08-12T15:57:24.666+0000] {logging_mixin.py:150} INFO - [2025-08-12T15:57:24.666+0000] {dag.py:3504} INFO - Setting next_dagrun for dataset_produces_2 to None, run_after=None
[2025-08-12T15:57:24.688+0000] {processor.py:179} INFO - Processing /home/vscode/.local/lib/python3.10/site-packages/airflow/example_dags/example_datasets.py took 0.074 seconds
[2025-08-12T15:58:10.350+0000] {processor.py:157} INFO - Started process (PID=27155) to work on /home/vscode/.local/lib/python3.10/site-packages/airflow/example_dags/example_datasets.py
[2025-08-12T15:58:10.351+0000] {processor.py:826} INFO - Processing file /home/vscode/.local/lib/python3.10/site-packages/airflow/example_dags/example_datasets.py for tasks to queue
[2025-08-12T15:58:10.351+0000] {logging_mixin.py:150} INFO - [2025-08-12T15:58:10.351+0000] {dagbag.py:541} INFO - Filling up the DagBag from /home/vscode/.local/lib/python3.10/site-packages/airflow/example_dags/example_datasets.py
[2025-08-12T15:58:10.358+0000] {processor.py:836} INFO - DAG(s) dict_keys(['dataset_consumes_1', 'dataset_consumes_1_and_2', 'dataset_produces_1', 'dataset_produces_2', 'dataset_consumes_unknown_never_scheduled', 'dataset_consumes_1_never_scheduled']) retrieved from /home/vscode/.local/lib/python3.10/site-packages/airflow/example_dags/example_datasets.py
[2025-08-12T15:58:10.378+0000] {logging_mixin.py:150} INFO - [2025-08-12T15:58:10.378+0000] {dag.py:2742} INFO - Sync 6 DAGs
[2025-08-12T15:58:10.393+0000] {logging_mixin.py:150} INFO - [2025-08-12T15:58:10.393+0000] {dag.py:3504} INFO - Setting next_dagrun for dataset_consumes_1 to None, run_after=None
[2025-08-12T15:58:10.395+0000] {logging_mixin.py:150} INFO - [2025-08-12T15:58:10.395+0000] {dag.py:3504} INFO - Setting next_dagrun for dataset_consumes_1_and_2 to None, run_after=None
[2025-08-12T15:58:10.395+0000] {logging_mixin.py:150} INFO - [2025-08-12T15:58:10.395+0000] {dag.py:3504} INFO - Setting next_dagrun for dataset_consumes_1_never_scheduled to None, run_after=None
[2025-08-12T15:58:10.396+0000] {logging_mixin.py:150} INFO - [2025-08-12T15:58:10.396+0000] {dag.py:3504} INFO - Setting next_dagrun for dataset_consumes_unknown_never_scheduled to None, run_after=None
[2025-08-12T15:58:10.398+0000] {logging_mixin.py:150} INFO - [2025-08-12T15:58:10.398+0000] {dag.py:3504} INFO - Setting next_dagrun for dataset_produces_1 to 2025-08-11T00:00:00+00:00, run_after=2025-08-12T00:00:00+00:00
[2025-08-12T15:58:10.399+0000] {logging_mixin.py:150} INFO - [2025-08-12T15:58:10.398+0000] {dag.py:3504} INFO - Setting next_dagrun for dataset_produces_2 to None, run_after=None
[2025-08-12T15:58:10.420+0000] {processor.py:179} INFO - Processing /home/vscode/.local/lib/python3.10/site-packages/airflow/example_dags/example_datasets.py took 0.072 seconds
[2025-08-12T15:58:56.626+0000] {processor.py:157} INFO - Started process (PID=27471) to work on /home/vscode/.local/lib/python3.10/site-packages/airflow/example_dags/example_datasets.py
[2025-08-12T15:58:56.627+0000] {processor.py:826} INFO - Processing file /home/vscode/.local/lib/python3.10/site-packages/airflow/example_dags/example_datasets.py for tasks to queue
[2025-08-12T15:58:56.628+0000] {logging_mixin.py:150} INFO - [2025-08-12T15:58:56.627+0000] {dagbag.py:541} INFO - Filling up the DagBag from /home/vscode/.local/lib/python3.10/site-packages/airflow/example_dags/example_datasets.py
[2025-08-12T15:58:56.634+0000] {processor.py:836} INFO - DAG(s) dict_keys(['dataset_produces_1', 'dataset_consumes_1_never_scheduled', 'dataset_consumes_1', 'dataset_produces_2', 'dataset_consumes_1_and_2', 'dataset_consumes_unknown_never_scheduled']) retrieved from /home/vscode/.local/lib/python3.10/site-packages/airflow/example_dags/example_datasets.py
[2025-08-12T15:58:56.655+0000] {logging_mixin.py:150} INFO - [2025-08-12T15:58:56.654+0000] {dag.py:2742} INFO - Sync 6 DAGs
[2025-08-12T15:58:56.669+0000] {logging_mixin.py:150} INFO - [2025-08-12T15:58:56.669+0000] {dag.py:3504} INFO - Setting next_dagrun for dataset_consumes_1 to None, run_after=None
[2025-08-12T15:58:56.671+0000] {logging_mixin.py:150} INFO - [2025-08-12T15:58:56.671+0000] {dag.py:3504} INFO - Setting next_dagrun for dataset_consumes_1_and_2 to None, run_after=None
[2025-08-12T15:58:56.672+0000] {logging_mixin.py:150} INFO - [2025-08-12T15:58:56.672+0000] {dag.py:3504} INFO - Setting next_dagrun for dataset_consumes_1_never_scheduled to None, run_after=None
[2025-08-12T15:58:56.673+0000] {logging_mixin.py:150} INFO - [2025-08-12T15:58:56.673+0000] {dag.py:3504} INFO - Setting next_dagrun for dataset_consumes_unknown_never_scheduled to None, run_after=None
[2025-08-12T15:58:56.675+0000] {logging_mixin.py:150} INFO - [2025-08-12T15:58:56.674+0000] {dag.py:3504} INFO - Setting next_dagrun for dataset_produces_1 to 2025-08-11T00:00:00+00:00, run_after=2025-08-12T00:00:00+00:00
[2025-08-12T15:58:56.675+0000] {logging_mixin.py:150} INFO - [2025-08-12T15:58:56.675+0000] {dag.py:3504} INFO - Setting next_dagrun for dataset_produces_2 to None, run_after=None
[2025-08-12T15:58:56.697+0000] {processor.py:179} INFO - Processing /home/vscode/.local/lib/python3.10/site-packages/airflow/example_dags/example_datasets.py took 0.073 seconds
[2025-08-12T15:59:36.605+0000] {processor.py:157} INFO - Started process (PID=27735) to work on /home/vscode/.local/lib/python3.10/site-packages/airflow/example_dags/example_datasets.py
[2025-08-12T15:59:36.606+0000] {processor.py:826} INFO - Processing file /home/vscode/.local/lib/python3.10/site-packages/airflow/example_dags/example_datasets.py for tasks to queue
[2025-08-12T15:59:36.606+0000] {logging_mixin.py:150} INFO - [2025-08-12T15:59:36.606+0000] {dagbag.py:541} INFO - Filling up the DagBag from /home/vscode/.local/lib/python3.10/site-packages/airflow/example_dags/example_datasets.py
[2025-08-12T15:59:36.613+0000] {processor.py:836} INFO - DAG(s) dict_keys(['dataset_produces_1', 'dataset_consumes_unknown_never_scheduled', 'dataset_consumes_1', 'dataset_produces_2', 'dataset_consumes_1_and_2', 'dataset_consumes_1_never_scheduled']) retrieved from /home/vscode/.local/lib/python3.10/site-packages/airflow/example_dags/example_datasets.py
[2025-08-12T15:59:36.633+0000] {logging_mixin.py:150} INFO - [2025-08-12T15:59:36.633+0000] {dag.py:2742} INFO - Sync 6 DAGs
[2025-08-12T15:59:36.648+0000] {logging_mixin.py:150} INFO - [2025-08-12T15:59:36.648+0000] {dag.py:3504} INFO - Setting next_dagrun for dataset_consumes_1 to None, run_after=None
[2025-08-12T15:59:36.650+0000] {logging_mixin.py:150} INFO - [2025-08-12T15:59:36.650+0000] {dag.py:3504} INFO - Setting next_dagrun for dataset_consumes_1_and_2 to None, run_after=None
[2025-08-12T15:59:36.650+0000] {logging_mixin.py:150} INFO - [2025-08-12T15:59:36.650+0000] {dag.py:3504} INFO - Setting next_dagrun for dataset_consumes_1_never_scheduled to None, run_after=None
[2025-08-12T15:59:36.651+0000] {logging_mixin.py:150} INFO - [2025-08-12T15:59:36.651+0000] {dag.py:3504} INFO - Setting next_dagrun for dataset_consumes_unknown_never_scheduled to None, run_after=None
[2025-08-12T15:59:36.653+0000] {logging_mixin.py:150} INFO - [2025-08-12T15:59:36.653+0000] {dag.py:3504} INFO - Setting next_dagrun for dataset_produces_1 to 2025-08-11T00:00:00+00:00, run_after=2025-08-12T00:00:00+00:00
[2025-08-12T15:59:36.653+0000] {logging_mixin.py:150} INFO - [2025-08-12T15:59:36.653+0000] {dag.py:3504} INFO - Setting next_dagrun for dataset_produces_2 to None, run_after=None
[2025-08-12T15:59:36.676+0000] {processor.py:179} INFO - Processing /home/vscode/.local/lib/python3.10/site-packages/airflow/example_dags/example_datasets.py took 0.073 seconds
[2025-08-12T16:00:21.715+0000] {processor.py:157} INFO - Started process (PID=28035) to work on /home/vscode/.local/lib/python3.10/site-packages/airflow/example_dags/example_datasets.py
[2025-08-12T16:00:21.715+0000] {processor.py:826} INFO - Processing file /home/vscode/.local/lib/python3.10/site-packages/airflow/example_dags/example_datasets.py for tasks to queue
[2025-08-12T16:00:21.716+0000] {logging_mixin.py:150} INFO - [2025-08-12T16:00:21.716+0000] {dagbag.py:541} INFO - Filling up the DagBag from /home/vscode/.local/lib/python3.10/site-packages/airflow/example_dags/example_datasets.py
[2025-08-12T16:00:21.723+0000] {processor.py:836} INFO - DAG(s) dict_keys(['dataset_consumes_1', 'dataset_consumes_1_never_scheduled', 'dataset_produces_2', 'dataset_produces_1', 'dataset_consumes_1_and_2', 'dataset_consumes_unknown_never_scheduled']) retrieved from /home/vscode/.local/lib/python3.10/site-packages/airflow/example_dags/example_datasets.py
[2025-08-12T16:00:21.751+0000] {logging_mixin.py:150} INFO - [2025-08-12T16:00:21.751+0000] {dag.py:2742} INFO - Sync 6 DAGs
[2025-08-12T16:00:21.772+0000] {logging_mixin.py:150} INFO - [2025-08-12T16:00:21.772+0000] {dag.py:3504} INFO - Setting next_dagrun for dataset_consumes_1 to None, run_after=None
[2025-08-12T16:00:21.775+0000] {logging_mixin.py:150} INFO - [2025-08-12T16:00:21.775+0000] {dag.py:3504} INFO - Setting next_dagrun for dataset_consumes_1_and_2 to None, run_after=None
[2025-08-12T16:00:21.775+0000] {logging_mixin.py:150} INFO - [2025-08-12T16:00:21.775+0000] {dag.py:3504} INFO - Setting next_dagrun for dataset_consumes_1_never_scheduled to None, run_after=None
[2025-08-12T16:00:21.776+0000] {logging_mixin.py:150} INFO - [2025-08-12T16:00:21.776+0000] {dag.py:3504} INFO - Setting next_dagrun for dataset_consumes_unknown_never_scheduled to None, run_after=None
[2025-08-12T16:00:21.778+0000] {logging_mixin.py:150} INFO - [2025-08-12T16:00:21.778+0000] {dag.py:3504} INFO - Setting next_dagrun for dataset_produces_1 to 2025-08-11T00:00:00+00:00, run_after=2025-08-12T00:00:00+00:00
[2025-08-12T16:00:21.778+0000] {logging_mixin.py:150} INFO - [2025-08-12T16:00:21.778+0000] {dag.py:3504} INFO - Setting next_dagrun for dataset_produces_2 to None, run_after=None
[2025-08-12T16:00:21.800+0000] {processor.py:179} INFO - Processing /home/vscode/.local/lib/python3.10/site-packages/airflow/example_dags/example_datasets.py took 0.088 seconds
[2025-08-12T16:01:04.930+0000] {processor.py:157} INFO - Started process (PID=28451) to work on /home/vscode/.local/lib/python3.10/site-packages/airflow/example_dags/example_datasets.py
[2025-08-12T16:01:04.931+0000] {processor.py:826} INFO - Processing file /home/vscode/.local/lib/python3.10/site-packages/airflow/example_dags/example_datasets.py for tasks to queue
[2025-08-12T16:01:04.932+0000] {logging_mixin.py:150} INFO - [2025-08-12T16:01:04.931+0000] {dagbag.py:541} INFO - Filling up the DagBag from /home/vscode/.local/lib/python3.10/site-packages/airflow/example_dags/example_datasets.py
[2025-08-12T16:01:04.939+0000] {processor.py:836} INFO - DAG(s) dict_keys(['dataset_consumes_1_never_scheduled', 'dataset_produces_1', 'dataset_produces_2', 'dataset_consumes_1_and_2', 'dataset_consumes_1', 'dataset_consumes_unknown_never_scheduled']) retrieved from /home/vscode/.local/lib/python3.10/site-packages/airflow/example_dags/example_datasets.py
[2025-08-12T16:01:04.959+0000] {logging_mixin.py:150} INFO - [2025-08-12T16:01:04.959+0000] {dag.py:2742} INFO - Sync 6 DAGs
[2025-08-12T16:01:04.982+0000] {logging_mixin.py:150} INFO - [2025-08-12T16:01:04.982+0000] {dag.py:3504} INFO - Setting next_dagrun for dataset_consumes_1 to None, run_after=None
[2025-08-12T16:01:04.985+0000] {logging_mixin.py:150} INFO - [2025-08-12T16:01:04.985+0000] {dag.py:3504} INFO - Setting next_dagrun for dataset_consumes_1_and_2 to None, run_after=None
[2025-08-12T16:01:04.986+0000] {logging_mixin.py:150} INFO - [2025-08-12T16:01:04.985+0000] {dag.py:3504} INFO - Setting next_dagrun for dataset_consumes_1_never_scheduled to None, run_after=None
[2025-08-12T16:01:04.990+0000] {logging_mixin.py:150} INFO - [2025-08-12T16:01:04.990+0000] {dag.py:3504} INFO - Setting next_dagrun for dataset_consumes_unknown_never_scheduled to None, run_after=None
[2025-08-12T16:01:04.995+0000] {logging_mixin.py:150} INFO - [2025-08-12T16:01:04.995+0000] {dag.py:3504} INFO - Setting next_dagrun for dataset_produces_1 to 2025-08-11T00:00:00+00:00, run_after=2025-08-12T00:00:00+00:00
[2025-08-12T16:01:04.996+0000] {logging_mixin.py:150} INFO - [2025-08-12T16:01:04.996+0000] {dag.py:3504} INFO - Setting next_dagrun for dataset_produces_2 to None, run_after=None
[2025-08-12T16:01:05.055+0000] {processor.py:179} INFO - Processing /home/vscode/.local/lib/python3.10/site-packages/airflow/example_dags/example_datasets.py took 0.127 seconds
[2025-08-12T16:01:53.055+0000] {processor.py:157} INFO - Started process (PID=28814) to work on /home/vscode/.local/lib/python3.10/site-packages/airflow/example_dags/example_datasets.py
[2025-08-12T16:01:53.055+0000] {processor.py:826} INFO - Processing file /home/vscode/.local/lib/python3.10/site-packages/airflow/example_dags/example_datasets.py for tasks to queue
[2025-08-12T16:01:53.056+0000] {logging_mixin.py:150} INFO - [2025-08-12T16:01:53.056+0000] {dagbag.py:541} INFO - Filling up the DagBag from /home/vscode/.local/lib/python3.10/site-packages/airflow/example_dags/example_datasets.py
[2025-08-12T16:01:53.063+0000] {processor.py:836} INFO - DAG(s) dict_keys(['dataset_produces_1', 'dataset_produces_2', 'dataset_consumes_unknown_never_scheduled', 'dataset_consumes_1', 'dataset_consumes_1_and_2', 'dataset_consumes_1_never_scheduled']) retrieved from /home/vscode/.local/lib/python3.10/site-packages/airflow/example_dags/example_datasets.py
[2025-08-12T16:01:53.084+0000] {logging_mixin.py:150} INFO - [2025-08-12T16:01:53.084+0000] {dag.py:2742} INFO - Sync 6 DAGs
[2025-08-12T16:01:53.098+0000] {logging_mixin.py:150} INFO - [2025-08-12T16:01:53.098+0000] {dag.py:3504} INFO - Setting next_dagrun for dataset_consumes_1 to None, run_after=None
[2025-08-12T16:01:53.101+0000] {logging_mixin.py:150} INFO - [2025-08-12T16:01:53.100+0000] {dag.py:3504} INFO - Setting next_dagrun for dataset_consumes_1_and_2 to None, run_after=None
[2025-08-12T16:01:53.101+0000] {logging_mixin.py:150} INFO - [2025-08-12T16:01:53.101+0000] {dag.py:3504} INFO - Setting next_dagrun for dataset_consumes_1_never_scheduled to None, run_after=None
[2025-08-12T16:01:53.102+0000] {logging_mixin.py:150} INFO - [2025-08-12T16:01:53.102+0000] {dag.py:3504} INFO - Setting next_dagrun for dataset_consumes_unknown_never_scheduled to None, run_after=None
[2025-08-12T16:01:53.104+0000] {logging_mixin.py:150} INFO - [2025-08-12T16:01:53.104+0000] {dag.py:3504} INFO - Setting next_dagrun for dataset_produces_1 to 2025-08-11T00:00:00+00:00, run_after=2025-08-12T00:00:00+00:00
[2025-08-12T16:01:53.104+0000] {logging_mixin.py:150} INFO - [2025-08-12T16:01:53.104+0000] {dag.py:3504} INFO - Setting next_dagrun for dataset_produces_2 to None, run_after=None
[2025-08-12T16:01:53.127+0000] {processor.py:179} INFO - Processing /home/vscode/.local/lib/python3.10/site-packages/airflow/example_dags/example_datasets.py took 0.074 seconds
[2025-08-12T16:02:36.191+0000] {processor.py:157} INFO - Started process (PID=29101) to work on /home/vscode/.local/lib/python3.10/site-packages/airflow/example_dags/example_datasets.py
[2025-08-12T16:02:36.192+0000] {processor.py:826} INFO - Processing file /home/vscode/.local/lib/python3.10/site-packages/airflow/example_dags/example_datasets.py for tasks to queue
[2025-08-12T16:02:36.192+0000] {logging_mixin.py:150} INFO - [2025-08-12T16:02:36.192+0000] {dagbag.py:541} INFO - Filling up the DagBag from /home/vscode/.local/lib/python3.10/site-packages/airflow/example_dags/example_datasets.py
[2025-08-12T16:02:36.199+0000] {processor.py:836} INFO - DAG(s) dict_keys(['dataset_consumes_1', 'dataset_consumes_1_and_2', 'dataset_consumes_unknown_never_scheduled', 'dataset_produces_2', 'dataset_produces_1', 'dataset_consumes_1_never_scheduled']) retrieved from /home/vscode/.local/lib/python3.10/site-packages/airflow/example_dags/example_datasets.py
[2025-08-12T16:02:36.219+0000] {logging_mixin.py:150} INFO - [2025-08-12T16:02:36.219+0000] {dag.py:2742} INFO - Sync 6 DAGs
[2025-08-12T16:02:36.234+0000] {logging_mixin.py:150} INFO - [2025-08-12T16:02:36.234+0000] {dag.py:3504} INFO - Setting next_dagrun for dataset_consumes_1 to None, run_after=None
[2025-08-12T16:02:36.236+0000] {logging_mixin.py:150} INFO - [2025-08-12T16:02:36.236+0000] {dag.py:3504} INFO - Setting next_dagrun for dataset_consumes_1_and_2 to None, run_after=None
[2025-08-12T16:02:36.237+0000] {logging_mixin.py:150} INFO - [2025-08-12T16:02:36.237+0000] {dag.py:3504} INFO - Setting next_dagrun for dataset_consumes_1_never_scheduled to None, run_after=None
[2025-08-12T16:02:36.237+0000] {logging_mixin.py:150} INFO - [2025-08-12T16:02:36.237+0000] {dag.py:3504} INFO - Setting next_dagrun for dataset_consumes_unknown_never_scheduled to None, run_after=None
[2025-08-12T16:02:36.239+0000] {logging_mixin.py:150} INFO - [2025-08-12T16:02:36.239+0000] {dag.py:3504} INFO - Setting next_dagrun for dataset_produces_1 to 2025-08-11T00:00:00+00:00, run_after=2025-08-12T00:00:00+00:00
[2025-08-12T16:02:36.240+0000] {logging_mixin.py:150} INFO - [2025-08-12T16:02:36.240+0000] {dag.py:3504} INFO - Setting next_dagrun for dataset_produces_2 to None, run_after=None
[2025-08-12T16:02:36.261+0000] {processor.py:179} INFO - Processing /home/vscode/.local/lib/python3.10/site-packages/airflow/example_dags/example_datasets.py took 0.072 seconds
[2025-08-12T16:03:30.655+0000] {processor.py:157} INFO - Started process (PID=29462) to work on /home/vscode/.local/lib/python3.10/site-packages/airflow/example_dags/example_datasets.py
[2025-08-12T16:03:30.656+0000] {processor.py:826} INFO - Processing file /home/vscode/.local/lib/python3.10/site-packages/airflow/example_dags/example_datasets.py for tasks to queue
[2025-08-12T16:03:30.657+0000] {logging_mixin.py:150} INFO - [2025-08-12T16:03:30.656+0000] {dagbag.py:541} INFO - Filling up the DagBag from /home/vscode/.local/lib/python3.10/site-packages/airflow/example_dags/example_datasets.py
[2025-08-12T16:03:30.663+0000] {processor.py:836} INFO - DAG(s) dict_keys(['dataset_consumes_1_never_scheduled', 'dataset_consumes_1', 'dataset_consumes_unknown_never_scheduled', 'dataset_consumes_1_and_2', 'dataset_produces_2', 'dataset_produces_1']) retrieved from /home/vscode/.local/lib/python3.10/site-packages/airflow/example_dags/example_datasets.py
[2025-08-12T16:03:30.685+0000] {logging_mixin.py:150} INFO - [2025-08-12T16:03:30.684+0000] {dag.py:2742} INFO - Sync 6 DAGs
[2025-08-12T16:03:30.701+0000] {logging_mixin.py:150} INFO - [2025-08-12T16:03:30.701+0000] {dag.py:3504} INFO - Setting next_dagrun for dataset_consumes_1 to None, run_after=None
[2025-08-12T16:03:30.704+0000] {logging_mixin.py:150} INFO - [2025-08-12T16:03:30.703+0000] {dag.py:3504} INFO - Setting next_dagrun for dataset_consumes_1_and_2 to None, run_after=None
[2025-08-12T16:03:30.704+0000] {logging_mixin.py:150} INFO - [2025-08-12T16:03:30.704+0000] {dag.py:3504} INFO - Setting next_dagrun for dataset_consumes_1_never_scheduled to None, run_after=None
[2025-08-12T16:03:30.705+0000] {logging_mixin.py:150} INFO - [2025-08-12T16:03:30.705+0000] {dag.py:3504} INFO - Setting next_dagrun for dataset_consumes_unknown_never_scheduled to None, run_after=None
[2025-08-12T16:03:30.707+0000] {logging_mixin.py:150} INFO - [2025-08-12T16:03:30.707+0000] {dag.py:3504} INFO - Setting next_dagrun for dataset_produces_1 to 2025-08-11T00:00:00+00:00, run_after=2025-08-12T00:00:00+00:00
[2025-08-12T16:03:30.707+0000] {logging_mixin.py:150} INFO - [2025-08-12T16:03:30.707+0000] {dag.py:3504} INFO - Setting next_dagrun for dataset_produces_2 to None, run_after=None
[2025-08-12T16:03:30.731+0000] {processor.py:179} INFO - Processing /home/vscode/.local/lib/python3.10/site-packages/airflow/example_dags/example_datasets.py took 0.078 seconds
[2025-08-12T16:04:16.917+0000] {processor.py:157} INFO - Started process (PID=29770) to work on /home/vscode/.local/lib/python3.10/site-packages/airflow/example_dags/example_datasets.py
[2025-08-12T16:04:16.917+0000] {processor.py:826} INFO - Processing file /home/vscode/.local/lib/python3.10/site-packages/airflow/example_dags/example_datasets.py for tasks to queue
[2025-08-12T16:04:16.918+0000] {logging_mixin.py:150} INFO - [2025-08-12T16:04:16.918+0000] {dagbag.py:541} INFO - Filling up the DagBag from /home/vscode/.local/lib/python3.10/site-packages/airflow/example_dags/example_datasets.py
[2025-08-12T16:04:16.925+0000] {processor.py:836} INFO - DAG(s) dict_keys(['dataset_produces_1', 'dataset_consumes_1_and_2', 'dataset_consumes_1_never_scheduled', 'dataset_produces_2', 'dataset_consumes_1', 'dataset_consumes_unknown_never_scheduled']) retrieved from /home/vscode/.local/lib/python3.10/site-packages/airflow/example_dags/example_datasets.py
[2025-08-12T16:04:16.946+0000] {logging_mixin.py:150} INFO - [2025-08-12T16:04:16.946+0000] {dag.py:2742} INFO - Sync 6 DAGs
[2025-08-12T16:04:16.961+0000] {logging_mixin.py:150} INFO - [2025-08-12T16:04:16.961+0000] {dag.py:3504} INFO - Setting next_dagrun for dataset_consumes_1 to None, run_after=None
[2025-08-12T16:04:16.964+0000] {logging_mixin.py:150} INFO - [2025-08-12T16:04:16.963+0000] {dag.py:3504} INFO - Setting next_dagrun for dataset_consumes_1_and_2 to None, run_after=None
[2025-08-12T16:04:16.964+0000] {logging_mixin.py:150} INFO - [2025-08-12T16:04:16.964+0000] {dag.py:3504} INFO - Setting next_dagrun for dataset_consumes_1_never_scheduled to None, run_after=None
[2025-08-12T16:04:16.965+0000] {logging_mixin.py:150} INFO - [2025-08-12T16:04:16.965+0000] {dag.py:3504} INFO - Setting next_dagrun for dataset_consumes_unknown_never_scheduled to None, run_after=None
[2025-08-12T16:04:16.967+0000] {logging_mixin.py:150} INFO - [2025-08-12T16:04:16.966+0000] {dag.py:3504} INFO - Setting next_dagrun for dataset_produces_1 to 2025-08-11T00:00:00+00:00, run_after=2025-08-12T00:00:00+00:00
[2025-08-12T16:04:16.967+0000] {logging_mixin.py:150} INFO - [2025-08-12T16:04:16.967+0000] {dag.py:3504} INFO - Setting next_dagrun for dataset_produces_2 to None, run_after=None
[2025-08-12T16:04:16.989+0000] {processor.py:179} INFO - Processing /home/vscode/.local/lib/python3.10/site-packages/airflow/example_dags/example_datasets.py took 0.075 seconds
[2025-08-12T16:05:04.363+0000] {processor.py:157} INFO - Started process (PID=30089) to work on /home/vscode/.local/lib/python3.10/site-packages/airflow/example_dags/example_datasets.py
[2025-08-12T16:05:04.364+0000] {processor.py:826} INFO - Processing file /home/vscode/.local/lib/python3.10/site-packages/airflow/example_dags/example_datasets.py for tasks to queue
[2025-08-12T16:05:04.364+0000] {logging_mixin.py:150} INFO - [2025-08-12T16:05:04.364+0000] {dagbag.py:541} INFO - Filling up the DagBag from /home/vscode/.local/lib/python3.10/site-packages/airflow/example_dags/example_datasets.py
[2025-08-12T16:05:04.371+0000] {processor.py:836} INFO - DAG(s) dict_keys(['dataset_produces_2', 'dataset_consumes_1', 'dataset_consumes_unknown_never_scheduled', 'dataset_consumes_1_never_scheduled', 'dataset_produces_1', 'dataset_consumes_1_and_2']) retrieved from /home/vscode/.local/lib/python3.10/site-packages/airflow/example_dags/example_datasets.py
[2025-08-12T16:05:04.392+0000] {logging_mixin.py:150} INFO - [2025-08-12T16:05:04.392+0000] {dag.py:2742} INFO - Sync 6 DAGs
[2025-08-12T16:05:04.409+0000] {logging_mixin.py:150} INFO - [2025-08-12T16:05:04.409+0000] {dag.py:3504} INFO - Setting next_dagrun for dataset_consumes_1 to None, run_after=None
[2025-08-12T16:05:04.411+0000] {logging_mixin.py:150} INFO - [2025-08-12T16:05:04.411+0000] {dag.py:3504} INFO - Setting next_dagrun for dataset_consumes_1_and_2 to None, run_after=None
[2025-08-12T16:05:04.412+0000] {logging_mixin.py:150} INFO - [2025-08-12T16:05:04.412+0000] {dag.py:3504} INFO - Setting next_dagrun for dataset_consumes_1_never_scheduled to None, run_after=None
[2025-08-12T16:05:04.413+0000] {logging_mixin.py:150} INFO - [2025-08-12T16:05:04.412+0000] {dag.py:3504} INFO - Setting next_dagrun for dataset_consumes_unknown_never_scheduled to None, run_after=None
[2025-08-12T16:05:04.414+0000] {logging_mixin.py:150} INFO - [2025-08-12T16:05:04.414+0000] {dag.py:3504} INFO - Setting next_dagrun for dataset_produces_1 to 2025-08-11T00:00:00+00:00, run_after=2025-08-12T00:00:00+00:00
[2025-08-12T16:05:04.415+0000] {logging_mixin.py:150} INFO - [2025-08-12T16:05:04.415+0000] {dag.py:3504} INFO - Setting next_dagrun for dataset_produces_2 to None, run_after=None
[2025-08-12T16:05:04.437+0000] {processor.py:179} INFO - Processing /home/vscode/.local/lib/python3.10/site-packages/airflow/example_dags/example_datasets.py took 0.076 seconds
[2025-08-12T16:05:56.806+0000] {processor.py:157} INFO - Started process (PID=30437) to work on /home/vscode/.local/lib/python3.10/site-packages/airflow/example_dags/example_datasets.py
[2025-08-12T16:05:56.807+0000] {processor.py:826} INFO - Processing file /home/vscode/.local/lib/python3.10/site-packages/airflow/example_dags/example_datasets.py for tasks to queue
[2025-08-12T16:05:56.808+0000] {logging_mixin.py:150} INFO - [2025-08-12T16:05:56.807+0000] {dagbag.py:541} INFO - Filling up the DagBag from /home/vscode/.local/lib/python3.10/site-packages/airflow/example_dags/example_datasets.py
[2025-08-12T16:05:56.814+0000] {processor.py:836} INFO - DAG(s) dict_keys(['dataset_consumes_1_and_2', 'dataset_produces_2', 'dataset_consumes_unknown_never_scheduled', 'dataset_consumes_1_never_scheduled', 'dataset_produces_1', 'dataset_consumes_1']) retrieved from /home/vscode/.local/lib/python3.10/site-packages/airflow/example_dags/example_datasets.py
[2025-08-12T16:05:56.834+0000] {logging_mixin.py:150} INFO - [2025-08-12T16:05:56.834+0000] {dag.py:2742} INFO - Sync 6 DAGs
[2025-08-12T16:05:56.850+0000] {logging_mixin.py:150} INFO - [2025-08-12T16:05:56.850+0000] {dag.py:3504} INFO - Setting next_dagrun for dataset_consumes_1 to None, run_after=None
[2025-08-12T16:05:56.852+0000] {logging_mixin.py:150} INFO - [2025-08-12T16:05:56.852+0000] {dag.py:3504} INFO - Setting next_dagrun for dataset_consumes_1_and_2 to None, run_after=None
[2025-08-12T16:05:56.853+0000] {logging_mixin.py:150} INFO - [2025-08-12T16:05:56.853+0000] {dag.py:3504} INFO - Setting next_dagrun for dataset_consumes_1_never_scheduled to None, run_after=None
[2025-08-12T16:05:56.854+0000] {logging_mixin.py:150} INFO - [2025-08-12T16:05:56.853+0000] {dag.py:3504} INFO - Setting next_dagrun for dataset_consumes_unknown_never_scheduled to None, run_after=None
[2025-08-12T16:05:56.855+0000] {logging_mixin.py:150} INFO - [2025-08-12T16:05:56.855+0000] {dag.py:3504} INFO - Setting next_dagrun for dataset_produces_1 to 2025-08-11T00:00:00+00:00, run_after=2025-08-12T00:00:00+00:00
[2025-08-12T16:05:56.856+0000] {logging_mixin.py:150} INFO - [2025-08-12T16:05:56.856+0000] {dag.py:3504} INFO - Setting next_dagrun for dataset_produces_2 to None, run_after=None
[2025-08-12T16:05:56.878+0000] {processor.py:179} INFO - Processing /home/vscode/.local/lib/python3.10/site-packages/airflow/example_dags/example_datasets.py took 0.073 seconds
[2025-08-12T16:06:45.863+0000] {processor.py:157} INFO - Started process (PID=30764) to work on /home/vscode/.local/lib/python3.10/site-packages/airflow/example_dags/example_datasets.py
[2025-08-12T16:06:45.864+0000] {processor.py:826} INFO - Processing file /home/vscode/.local/lib/python3.10/site-packages/airflow/example_dags/example_datasets.py for tasks to queue
[2025-08-12T16:06:45.865+0000] {logging_mixin.py:150} INFO - [2025-08-12T16:06:45.864+0000] {dagbag.py:541} INFO - Filling up the DagBag from /home/vscode/.local/lib/python3.10/site-packages/airflow/example_dags/example_datasets.py
[2025-08-12T16:06:45.874+0000] {processor.py:836} INFO - DAG(s) dict_keys(['dataset_consumes_1', 'dataset_consumes_1_never_scheduled', 'dataset_produces_1', 'dataset_consumes_unknown_never_scheduled', 'dataset_consumes_1_and_2', 'dataset_produces_2']) retrieved from /home/vscode/.local/lib/python3.10/site-packages/airflow/example_dags/example_datasets.py
[2025-08-12T16:06:45.897+0000] {logging_mixin.py:150} INFO - [2025-08-12T16:06:45.897+0000] {dag.py:2742} INFO - Sync 6 DAGs
[2025-08-12T16:06:45.912+0000] {logging_mixin.py:150} INFO - [2025-08-12T16:06:45.912+0000] {dag.py:3504} INFO - Setting next_dagrun for dataset_consumes_1 to None, run_after=None
[2025-08-12T16:06:45.914+0000] {logging_mixin.py:150} INFO - [2025-08-12T16:06:45.914+0000] {dag.py:3504} INFO - Setting next_dagrun for dataset_consumes_1_and_2 to None, run_after=None
[2025-08-12T16:06:45.915+0000] {logging_mixin.py:150} INFO - [2025-08-12T16:06:45.915+0000] {dag.py:3504} INFO - Setting next_dagrun for dataset_consumes_1_never_scheduled to None, run_after=None
[2025-08-12T16:06:45.915+0000] {logging_mixin.py:150} INFO - [2025-08-12T16:06:45.915+0000] {dag.py:3504} INFO - Setting next_dagrun for dataset_consumes_unknown_never_scheduled to None, run_after=None
[2025-08-12T16:06:45.917+0000] {logging_mixin.py:150} INFO - [2025-08-12T16:06:45.917+0000] {dag.py:3504} INFO - Setting next_dagrun for dataset_produces_1 to 2025-08-11T00:00:00+00:00, run_after=2025-08-12T00:00:00+00:00
[2025-08-12T16:06:45.918+0000] {logging_mixin.py:150} INFO - [2025-08-12T16:06:45.918+0000] {dag.py:3504} INFO - Setting next_dagrun for dataset_produces_2 to None, run_after=None
[2025-08-12T16:06:45.940+0000] {processor.py:179} INFO - Processing /home/vscode/.local/lib/python3.10/site-packages/airflow/example_dags/example_datasets.py took 0.079 seconds
[2025-08-12T16:07:29.292+0000] {processor.py:157} INFO - Started process (PID=31051) to work on /home/vscode/.local/lib/python3.10/site-packages/airflow/example_dags/example_datasets.py
[2025-08-12T16:07:29.293+0000] {processor.py:826} INFO - Processing file /home/vscode/.local/lib/python3.10/site-packages/airflow/example_dags/example_datasets.py for tasks to queue
[2025-08-12T16:07:29.293+0000] {logging_mixin.py:150} INFO - [2025-08-12T16:07:29.293+0000] {dagbag.py:541} INFO - Filling up the DagBag from /home/vscode/.local/lib/python3.10/site-packages/airflow/example_dags/example_datasets.py
[2025-08-12T16:07:29.300+0000] {processor.py:836} INFO - DAG(s) dict_keys(['dataset_produces_2', 'dataset_consumes_1_never_scheduled', 'dataset_consumes_unknown_never_scheduled', 'dataset_produces_1', 'dataset_consumes_1_and_2', 'dataset_consumes_1']) retrieved from /home/vscode/.local/lib/python3.10/site-packages/airflow/example_dags/example_datasets.py
[2025-08-12T16:07:29.321+0000] {logging_mixin.py:150} INFO - [2025-08-12T16:07:29.321+0000] {dag.py:2742} INFO - Sync 6 DAGs
[2025-08-12T16:07:29.339+0000] {logging_mixin.py:150} INFO - [2025-08-12T16:07:29.339+0000] {dag.py:3504} INFO - Setting next_dagrun for dataset_consumes_1 to None, run_after=None
[2025-08-12T16:07:29.342+0000] {logging_mixin.py:150} INFO - [2025-08-12T16:07:29.341+0000] {dag.py:3504} INFO - Setting next_dagrun for dataset_consumes_1_and_2 to None, run_after=None
[2025-08-12T16:07:29.342+0000] {logging_mixin.py:150} INFO - [2025-08-12T16:07:29.342+0000] {dag.py:3504} INFO - Setting next_dagrun for dataset_consumes_1_never_scheduled to None, run_after=None
[2025-08-12T16:07:29.343+0000] {logging_mixin.py:150} INFO - [2025-08-12T16:07:29.343+0000] {dag.py:3504} INFO - Setting next_dagrun for dataset_consumes_unknown_never_scheduled to None, run_after=None
[2025-08-12T16:07:29.345+0000] {logging_mixin.py:150} INFO - [2025-08-12T16:07:29.345+0000] {dag.py:3504} INFO - Setting next_dagrun for dataset_produces_1 to 2025-08-11T00:00:00+00:00, run_after=2025-08-12T00:00:00+00:00
[2025-08-12T16:07:29.345+0000] {logging_mixin.py:150} INFO - [2025-08-12T16:07:29.345+0000] {dag.py:3504} INFO - Setting next_dagrun for dataset_produces_2 to None, run_after=None
[2025-08-12T16:07:29.367+0000] {processor.py:179} INFO - Processing /home/vscode/.local/lib/python3.10/site-packages/airflow/example_dags/example_datasets.py took 0.078 seconds
[2025-08-12T16:08:10.668+0000] {processor.py:157} INFO - Started process (PID=31328) to work on /home/vscode/.local/lib/python3.10/site-packages/airflow/example_dags/example_datasets.py
[2025-08-12T16:08:10.669+0000] {processor.py:826} INFO - Processing file /home/vscode/.local/lib/python3.10/site-packages/airflow/example_dags/example_datasets.py for tasks to queue
[2025-08-12T16:08:10.669+0000] {logging_mixin.py:150} INFO - [2025-08-12T16:08:10.669+0000] {dagbag.py:541} INFO - Filling up the DagBag from /home/vscode/.local/lib/python3.10/site-packages/airflow/example_dags/example_datasets.py
[2025-08-12T16:08:10.676+0000] {processor.py:836} INFO - DAG(s) dict_keys(['dataset_consumes_1_never_scheduled', 'dataset_produces_1', 'dataset_consumes_unknown_never_scheduled', 'dataset_consumes_1', 'dataset_produces_2', 'dataset_consumes_1_and_2']) retrieved from /home/vscode/.local/lib/python3.10/site-packages/airflow/example_dags/example_datasets.py
[2025-08-12T16:08:10.698+0000] {logging_mixin.py:150} INFO - [2025-08-12T16:08:10.698+0000] {dag.py:2742} INFO - Sync 6 DAGs
[2025-08-12T16:08:10.714+0000] {logging_mixin.py:150} INFO - [2025-08-12T16:08:10.714+0000] {dag.py:3504} INFO - Setting next_dagrun for dataset_consumes_1 to None, run_after=None
[2025-08-12T16:08:10.716+0000] {logging_mixin.py:150} INFO - [2025-08-12T16:08:10.716+0000] {dag.py:3504} INFO - Setting next_dagrun for dataset_consumes_1_and_2 to None, run_after=None
[2025-08-12T16:08:10.717+0000] {logging_mixin.py:150} INFO - [2025-08-12T16:08:10.717+0000] {dag.py:3504} INFO - Setting next_dagrun for dataset_consumes_1_never_scheduled to None, run_after=None
[2025-08-12T16:08:10.717+0000] {logging_mixin.py:150} INFO - [2025-08-12T16:08:10.717+0000] {dag.py:3504} INFO - Setting next_dagrun for dataset_consumes_unknown_never_scheduled to None, run_after=None
[2025-08-12T16:08:10.719+0000] {logging_mixin.py:150} INFO - [2025-08-12T16:08:10.719+0000] {dag.py:3504} INFO - Setting next_dagrun for dataset_produces_1 to 2025-08-11T00:00:00+00:00, run_after=2025-08-12T00:00:00+00:00
[2025-08-12T16:08:10.720+0000] {logging_mixin.py:150} INFO - [2025-08-12T16:08:10.720+0000] {dag.py:3504} INFO - Setting next_dagrun for dataset_produces_2 to None, run_after=None
[2025-08-12T16:08:10.743+0000] {processor.py:179} INFO - Processing /home/vscode/.local/lib/python3.10/site-packages/airflow/example_dags/example_datasets.py took 0.077 seconds
[2025-08-12T16:09:05.791+0000] {processor.py:157} INFO - Started process (PID=31696) to work on /home/vscode/.local/lib/python3.10/site-packages/airflow/example_dags/example_datasets.py
[2025-08-12T16:09:05.792+0000] {processor.py:826} INFO - Processing file /home/vscode/.local/lib/python3.10/site-packages/airflow/example_dags/example_datasets.py for tasks to queue
[2025-08-12T16:09:05.793+0000] {logging_mixin.py:150} INFO - [2025-08-12T16:09:05.792+0000] {dagbag.py:541} INFO - Filling up the DagBag from /home/vscode/.local/lib/python3.10/site-packages/airflow/example_dags/example_datasets.py
[2025-08-12T16:09:05.799+0000] {processor.py:836} INFO - DAG(s) dict_keys(['dataset_consumes_1_and_2', 'dataset_consumes_1', 'dataset_produces_2', 'dataset_produces_1', 'dataset_consumes_1_never_scheduled', 'dataset_consumes_unknown_never_scheduled']) retrieved from /home/vscode/.local/lib/python3.10/site-packages/airflow/example_dags/example_datasets.py
[2025-08-12T16:09:05.819+0000] {logging_mixin.py:150} INFO - [2025-08-12T16:09:05.819+0000] {dag.py:2742} INFO - Sync 6 DAGs
[2025-08-12T16:09:05.834+0000] {logging_mixin.py:150} INFO - [2025-08-12T16:09:05.834+0000] {dag.py:3504} INFO - Setting next_dagrun for dataset_consumes_1 to None, run_after=None
[2025-08-12T16:09:05.836+0000] {logging_mixin.py:150} INFO - [2025-08-12T16:09:05.836+0000] {dag.py:3504} INFO - Setting next_dagrun for dataset_consumes_1_and_2 to None, run_after=None
[2025-08-12T16:09:05.837+0000] {logging_mixin.py:150} INFO - [2025-08-12T16:09:05.836+0000] {dag.py:3504} INFO - Setting next_dagrun for dataset_consumes_1_never_scheduled to None, run_after=None
[2025-08-12T16:09:05.837+0000] {logging_mixin.py:150} INFO - [2025-08-12T16:09:05.837+0000] {dag.py:3504} INFO - Setting next_dagrun for dataset_consumes_unknown_never_scheduled to None, run_after=None
[2025-08-12T16:09:05.839+0000] {logging_mixin.py:150} INFO - [2025-08-12T16:09:05.839+0000] {dag.py:3504} INFO - Setting next_dagrun for dataset_produces_1 to 2025-08-11T00:00:00+00:00, run_after=2025-08-12T00:00:00+00:00
[2025-08-12T16:09:05.840+0000] {logging_mixin.py:150} INFO - [2025-08-12T16:09:05.839+0000] {dag.py:3504} INFO - Setting next_dagrun for dataset_produces_2 to None, run_after=None
[2025-08-12T16:09:05.861+0000] {processor.py:179} INFO - Processing /home/vscode/.local/lib/python3.10/site-packages/airflow/example_dags/example_datasets.py took 0.072 seconds
[2025-08-12T16:09:50.276+0000] {processor.py:157} INFO - Started process (PID=31991) to work on /home/vscode/.local/lib/python3.10/site-packages/airflow/example_dags/example_datasets.py
[2025-08-12T16:09:50.277+0000] {processor.py:826} INFO - Processing file /home/vscode/.local/lib/python3.10/site-packages/airflow/example_dags/example_datasets.py for tasks to queue
[2025-08-12T16:09:50.277+0000] {logging_mixin.py:150} INFO - [2025-08-12T16:09:50.277+0000] {dagbag.py:541} INFO - Filling up the DagBag from /home/vscode/.local/lib/python3.10/site-packages/airflow/example_dags/example_datasets.py
[2025-08-12T16:09:50.285+0000] {processor.py:836} INFO - DAG(s) dict_keys(['dataset_produces_1', 'dataset_consumes_1_and_2', 'dataset_consumes_unknown_never_scheduled', 'dataset_consumes_1', 'dataset_consumes_1_never_scheduled', 'dataset_produces_2']) retrieved from /home/vscode/.local/lib/python3.10/site-packages/airflow/example_dags/example_datasets.py
[2025-08-12T16:09:50.305+0000] {logging_mixin.py:150} INFO - [2025-08-12T16:09:50.305+0000] {dag.py:2742} INFO - Sync 6 DAGs
[2025-08-12T16:09:50.321+0000] {logging_mixin.py:150} INFO - [2025-08-12T16:09:50.320+0000] {dag.py:3504} INFO - Setting next_dagrun for dataset_consumes_1 to None, run_after=None
[2025-08-12T16:09:50.323+0000] {logging_mixin.py:150} INFO - [2025-08-12T16:09:50.323+0000] {dag.py:3504} INFO - Setting next_dagrun for dataset_consumes_1_and_2 to None, run_after=None
[2025-08-12T16:09:50.323+0000] {logging_mixin.py:150} INFO - [2025-08-12T16:09:50.323+0000] {dag.py:3504} INFO - Setting next_dagrun for dataset_consumes_1_never_scheduled to None, run_after=None
[2025-08-12T16:09:50.324+0000] {logging_mixin.py:150} INFO - [2025-08-12T16:09:50.324+0000] {dag.py:3504} INFO - Setting next_dagrun for dataset_consumes_unknown_never_scheduled to None, run_after=None
[2025-08-12T16:09:50.326+0000] {logging_mixin.py:150} INFO - [2025-08-12T16:09:50.326+0000] {dag.py:3504} INFO - Setting next_dagrun for dataset_produces_1 to 2025-08-11T00:00:00+00:00, run_after=2025-08-12T00:00:00+00:00
[2025-08-12T16:09:50.327+0000] {logging_mixin.py:150} INFO - [2025-08-12T16:09:50.327+0000] {dag.py:3504} INFO - Setting next_dagrun for dataset_produces_2 to None, run_after=None
[2025-08-12T16:09:50.351+0000] {processor.py:179} INFO - Processing /home/vscode/.local/lib/python3.10/site-packages/airflow/example_dags/example_datasets.py took 0.077 seconds
[2025-08-12T16:10:38.218+0000] {processor.py:157} INFO - Started process (PID=32308) to work on /home/vscode/.local/lib/python3.10/site-packages/airflow/example_dags/example_datasets.py
[2025-08-12T16:10:38.218+0000] {processor.py:826} INFO - Processing file /home/vscode/.local/lib/python3.10/site-packages/airflow/example_dags/example_datasets.py for tasks to queue
[2025-08-12T16:10:38.219+0000] {logging_mixin.py:150} INFO - [2025-08-12T16:10:38.219+0000] {dagbag.py:541} INFO - Filling up the DagBag from /home/vscode/.local/lib/python3.10/site-packages/airflow/example_dags/example_datasets.py
[2025-08-12T16:10:38.226+0000] {processor.py:836} INFO - DAG(s) dict_keys(['dataset_produces_2', 'dataset_consumes_1_never_scheduled', 'dataset_produces_1', 'dataset_consumes_1_and_2', 'dataset_consumes_unknown_never_scheduled', 'dataset_consumes_1']) retrieved from /home/vscode/.local/lib/python3.10/site-packages/airflow/example_dags/example_datasets.py
[2025-08-12T16:10:38.246+0000] {logging_mixin.py:150} INFO - [2025-08-12T16:10:38.246+0000] {dag.py:2742} INFO - Sync 6 DAGs
[2025-08-12T16:10:38.261+0000] {logging_mixin.py:150} INFO - [2025-08-12T16:10:38.261+0000] {dag.py:3504} INFO - Setting next_dagrun for dataset_consumes_1 to None, run_after=None
[2025-08-12T16:10:38.263+0000] {logging_mixin.py:150} INFO - [2025-08-12T16:10:38.263+0000] {dag.py:3504} INFO - Setting next_dagrun for dataset_consumes_1_and_2 to None, run_after=None
[2025-08-12T16:10:38.264+0000] {logging_mixin.py:150} INFO - [2025-08-12T16:10:38.264+0000] {dag.py:3504} INFO - Setting next_dagrun for dataset_consumes_1_never_scheduled to None, run_after=None
[2025-08-12T16:10:38.265+0000] {logging_mixin.py:150} INFO - [2025-08-12T16:10:38.265+0000] {dag.py:3504} INFO - Setting next_dagrun for dataset_consumes_unknown_never_scheduled to None, run_after=None
[2025-08-12T16:10:38.267+0000] {logging_mixin.py:150} INFO - [2025-08-12T16:10:38.267+0000] {dag.py:3504} INFO - Setting next_dagrun for dataset_produces_1 to 2025-08-11T00:00:00+00:00, run_after=2025-08-12T00:00:00+00:00
[2025-08-12T16:10:38.267+0000] {logging_mixin.py:150} INFO - [2025-08-12T16:10:38.267+0000] {dag.py:3504} INFO - Setting next_dagrun for dataset_produces_2 to None, run_after=None
[2025-08-12T16:10:38.289+0000] {processor.py:179} INFO - Processing /home/vscode/.local/lib/python3.10/site-packages/airflow/example_dags/example_datasets.py took 0.074 seconds
[2025-08-12T16:11:21.485+0000] {processor.py:157} INFO - Started process (PID=32595) to work on /home/vscode/.local/lib/python3.10/site-packages/airflow/example_dags/example_datasets.py
[2025-08-12T16:11:21.485+0000] {processor.py:826} INFO - Processing file /home/vscode/.local/lib/python3.10/site-packages/airflow/example_dags/example_datasets.py for tasks to queue
[2025-08-12T16:11:21.486+0000] {logging_mixin.py:150} INFO - [2025-08-12T16:11:21.486+0000] {dagbag.py:541} INFO - Filling up the DagBag from /home/vscode/.local/lib/python3.10/site-packages/airflow/example_dags/example_datasets.py
[2025-08-12T16:11:21.493+0000] {processor.py:836} INFO - DAG(s) dict_keys(['dataset_consumes_1', 'dataset_produces_1', 'dataset_consumes_1_and_2', 'dataset_consumes_1_never_scheduled', 'dataset_produces_2', 'dataset_consumes_unknown_never_scheduled']) retrieved from /home/vscode/.local/lib/python3.10/site-packages/airflow/example_dags/example_datasets.py
[2025-08-12T16:11:21.513+0000] {logging_mixin.py:150} INFO - [2025-08-12T16:11:21.513+0000] {dag.py:2742} INFO - Sync 6 DAGs
[2025-08-12T16:11:21.528+0000] {logging_mixin.py:150} INFO - [2025-08-12T16:11:21.528+0000] {dag.py:3504} INFO - Setting next_dagrun for dataset_consumes_1 to None, run_after=None
[2025-08-12T16:11:21.530+0000] {logging_mixin.py:150} INFO - [2025-08-12T16:11:21.530+0000] {dag.py:3504} INFO - Setting next_dagrun for dataset_consumes_1_and_2 to None, run_after=None
[2025-08-12T16:11:21.531+0000] {logging_mixin.py:150} INFO - [2025-08-12T16:11:21.531+0000] {dag.py:3504} INFO - Setting next_dagrun for dataset_consumes_1_never_scheduled to None, run_after=None
[2025-08-12T16:11:21.532+0000] {logging_mixin.py:150} INFO - [2025-08-12T16:11:21.532+0000] {dag.py:3504} INFO - Setting next_dagrun for dataset_consumes_unknown_never_scheduled to None, run_after=None
[2025-08-12T16:11:21.534+0000] {logging_mixin.py:150} INFO - [2025-08-12T16:11:21.534+0000] {dag.py:3504} INFO - Setting next_dagrun for dataset_produces_1 to 2025-08-11T00:00:00+00:00, run_after=2025-08-12T00:00:00+00:00
[2025-08-12T16:11:21.535+0000] {logging_mixin.py:150} INFO - [2025-08-12T16:11:21.535+0000] {dag.py:3504} INFO - Setting next_dagrun for dataset_produces_2 to None, run_after=None
[2025-08-12T16:11:21.563+0000] {processor.py:179} INFO - Processing /home/vscode/.local/lib/python3.10/site-packages/airflow/example_dags/example_datasets.py took 0.081 seconds
[2025-08-12T16:12:06.434+0000] {processor.py:157} INFO - Started process (PID=32891) to work on /home/vscode/.local/lib/python3.10/site-packages/airflow/example_dags/example_datasets.py
[2025-08-12T16:12:06.435+0000] {processor.py:826} INFO - Processing file /home/vscode/.local/lib/python3.10/site-packages/airflow/example_dags/example_datasets.py for tasks to queue
[2025-08-12T16:12:06.435+0000] {logging_mixin.py:150} INFO - [2025-08-12T16:12:06.435+0000] {dagbag.py:541} INFO - Filling up the DagBag from /home/vscode/.local/lib/python3.10/site-packages/airflow/example_dags/example_datasets.py
[2025-08-12T16:12:06.443+0000] {processor.py:836} INFO - DAG(s) dict_keys(['dataset_consumes_unknown_never_scheduled', 'dataset_produces_1', 'dataset_consumes_1_never_scheduled', 'dataset_consumes_1_and_2', 'dataset_consumes_1', 'dataset_produces_2']) retrieved from /home/vscode/.local/lib/python3.10/site-packages/airflow/example_dags/example_datasets.py
[2025-08-12T16:12:06.464+0000] {logging_mixin.py:150} INFO - [2025-08-12T16:12:06.464+0000] {dag.py:2742} INFO - Sync 6 DAGs
[2025-08-12T16:12:06.479+0000] {logging_mixin.py:150} INFO - [2025-08-12T16:12:06.479+0000] {dag.py:3504} INFO - Setting next_dagrun for dataset_consumes_1 to None, run_after=None
[2025-08-12T16:12:06.481+0000] {logging_mixin.py:150} INFO - [2025-08-12T16:12:06.481+0000] {dag.py:3504} INFO - Setting next_dagrun for dataset_consumes_1_and_2 to None, run_after=None
[2025-08-12T16:12:06.482+0000] {logging_mixin.py:150} INFO - [2025-08-12T16:12:06.482+0000] {dag.py:3504} INFO - Setting next_dagrun for dataset_consumes_1_never_scheduled to None, run_after=None
[2025-08-12T16:12:06.482+0000] {logging_mixin.py:150} INFO - [2025-08-12T16:12:06.482+0000] {dag.py:3504} INFO - Setting next_dagrun for dataset_consumes_unknown_never_scheduled to None, run_after=None
[2025-08-12T16:12:06.484+0000] {logging_mixin.py:150} INFO - [2025-08-12T16:12:06.484+0000] {dag.py:3504} INFO - Setting next_dagrun for dataset_produces_1 to 2025-08-11T00:00:00+00:00, run_after=2025-08-12T00:00:00+00:00
[2025-08-12T16:12:06.485+0000] {logging_mixin.py:150} INFO - [2025-08-12T16:12:06.485+0000] {dag.py:3504} INFO - Setting next_dagrun for dataset_produces_2 to None, run_after=None
[2025-08-12T16:12:06.506+0000] {processor.py:179} INFO - Processing /home/vscode/.local/lib/python3.10/site-packages/airflow/example_dags/example_datasets.py took 0.074 seconds
[2025-08-12T16:12:51.537+0000] {processor.py:157} INFO - Started process (PID=33197) to work on /home/vscode/.local/lib/python3.10/site-packages/airflow/example_dags/example_datasets.py
[2025-08-12T16:12:51.538+0000] {processor.py:826} INFO - Processing file /home/vscode/.local/lib/python3.10/site-packages/airflow/example_dags/example_datasets.py for tasks to queue
[2025-08-12T16:12:51.538+0000] {logging_mixin.py:150} INFO - [2025-08-12T16:12:51.538+0000] {dagbag.py:541} INFO - Filling up the DagBag from /home/vscode/.local/lib/python3.10/site-packages/airflow/example_dags/example_datasets.py
[2025-08-12T16:12:51.545+0000] {processor.py:836} INFO - DAG(s) dict_keys(['dataset_produces_2', 'dataset_consumes_1_and_2', 'dataset_consumes_unknown_never_scheduled', 'dataset_produces_1', 'dataset_consumes_1', 'dataset_consumes_1_never_scheduled']) retrieved from /home/vscode/.local/lib/python3.10/site-packages/airflow/example_dags/example_datasets.py
[2025-08-12T16:12:51.565+0000] {logging_mixin.py:150} INFO - [2025-08-12T16:12:51.565+0000] {dag.py:2742} INFO - Sync 6 DAGs
[2025-08-12T16:12:51.580+0000] {logging_mixin.py:150} INFO - [2025-08-12T16:12:51.580+0000] {dag.py:3504} INFO - Setting next_dagrun for dataset_consumes_1 to None, run_after=None
[2025-08-12T16:12:51.582+0000] {logging_mixin.py:150} INFO - [2025-08-12T16:12:51.582+0000] {dag.py:3504} INFO - Setting next_dagrun for dataset_consumes_1_and_2 to None, run_after=None
[2025-08-12T16:12:51.582+0000] {logging_mixin.py:150} INFO - [2025-08-12T16:12:51.582+0000] {dag.py:3504} INFO - Setting next_dagrun for dataset_consumes_1_never_scheduled to None, run_after=None
[2025-08-12T16:12:51.583+0000] {logging_mixin.py:150} INFO - [2025-08-12T16:12:51.583+0000] {dag.py:3504} INFO - Setting next_dagrun for dataset_consumes_unknown_never_scheduled to None, run_after=None
[2025-08-12T16:12:51.585+0000] {logging_mixin.py:150} INFO - [2025-08-12T16:12:51.585+0000] {dag.py:3504} INFO - Setting next_dagrun for dataset_produces_1 to 2025-08-11T00:00:00+00:00, run_after=2025-08-12T00:00:00+00:00
[2025-08-12T16:12:51.585+0000] {logging_mixin.py:150} INFO - [2025-08-12T16:12:51.585+0000] {dag.py:3504} INFO - Setting next_dagrun for dataset_produces_2 to None, run_after=None
[2025-08-12T16:12:51.606+0000] {processor.py:179} INFO - Processing /home/vscode/.local/lib/python3.10/site-packages/airflow/example_dags/example_datasets.py took 0.072 seconds
[2025-08-12T16:13:36.116+0000] {processor.py:157} INFO - Started process (PID=33493) to work on /home/vscode/.local/lib/python3.10/site-packages/airflow/example_dags/example_datasets.py
[2025-08-12T16:13:36.117+0000] {processor.py:826} INFO - Processing file /home/vscode/.local/lib/python3.10/site-packages/airflow/example_dags/example_datasets.py for tasks to queue
[2025-08-12T16:13:36.118+0000] {logging_mixin.py:150} INFO - [2025-08-12T16:13:36.117+0000] {dagbag.py:541} INFO - Filling up the DagBag from /home/vscode/.local/lib/python3.10/site-packages/airflow/example_dags/example_datasets.py
[2025-08-12T16:13:36.125+0000] {processor.py:836} INFO - DAG(s) dict_keys(['dataset_consumes_1_never_scheduled', 'dataset_consumes_1', 'dataset_produces_1', 'dataset_consumes_1_and_2', 'dataset_produces_2', 'dataset_consumes_unknown_never_scheduled']) retrieved from /home/vscode/.local/lib/python3.10/site-packages/airflow/example_dags/example_datasets.py
[2025-08-12T16:13:36.146+0000] {logging_mixin.py:150} INFO - [2025-08-12T16:13:36.146+0000] {dag.py:2742} INFO - Sync 6 DAGs
[2025-08-12T16:13:36.161+0000] {logging_mixin.py:150} INFO - [2025-08-12T16:13:36.161+0000] {dag.py:3504} INFO - Setting next_dagrun for dataset_consumes_1 to None, run_after=None
[2025-08-12T16:13:36.163+0000] {logging_mixin.py:150} INFO - [2025-08-12T16:13:36.163+0000] {dag.py:3504} INFO - Setting next_dagrun for dataset_consumes_1_and_2 to None, run_after=None
[2025-08-12T16:13:36.163+0000] {logging_mixin.py:150} INFO - [2025-08-12T16:13:36.163+0000] {dag.py:3504} INFO - Setting next_dagrun for dataset_consumes_1_never_scheduled to None, run_after=None
[2025-08-12T16:13:36.164+0000] {logging_mixin.py:150} INFO - [2025-08-12T16:13:36.164+0000] {dag.py:3504} INFO - Setting next_dagrun for dataset_consumes_unknown_never_scheduled to None, run_after=None
[2025-08-12T16:13:36.166+0000] {logging_mixin.py:150} INFO - [2025-08-12T16:13:36.166+0000] {dag.py:3504} INFO - Setting next_dagrun for dataset_produces_1 to 2025-08-11T00:00:00+00:00, run_after=2025-08-12T00:00:00+00:00
[2025-08-12T16:13:36.166+0000] {logging_mixin.py:150} INFO - [2025-08-12T16:13:36.166+0000] {dag.py:3504} INFO - Setting next_dagrun for dataset_produces_2 to None, run_after=None
[2025-08-12T16:13:36.189+0000] {processor.py:179} INFO - Processing /home/vscode/.local/lib/python3.10/site-packages/airflow/example_dags/example_datasets.py took 0.074 seconds
[2025-08-12T16:14:18.881+0000] {processor.py:157} INFO - Started process (PID=33779) to work on /home/vscode/.local/lib/python3.10/site-packages/airflow/example_dags/example_datasets.py
[2025-08-12T16:14:18.882+0000] {processor.py:826} INFO - Processing file /home/vscode/.local/lib/python3.10/site-packages/airflow/example_dags/example_datasets.py for tasks to queue
[2025-08-12T16:14:18.883+0000] {logging_mixin.py:150} INFO - [2025-08-12T16:14:18.882+0000] {dagbag.py:541} INFO - Filling up the DagBag from /home/vscode/.local/lib/python3.10/site-packages/airflow/example_dags/example_datasets.py
[2025-08-12T16:14:18.890+0000] {processor.py:836} INFO - DAG(s) dict_keys(['dataset_consumes_1_and_2', 'dataset_consumes_1_never_scheduled', 'dataset_produces_1', 'dataset_consumes_unknown_never_scheduled', 'dataset_produces_2', 'dataset_consumes_1']) retrieved from /home/vscode/.local/lib/python3.10/site-packages/airflow/example_dags/example_datasets.py
[2025-08-12T16:14:18.910+0000] {logging_mixin.py:150} INFO - [2025-08-12T16:14:18.910+0000] {dag.py:2742} INFO - Sync 6 DAGs
[2025-08-12T16:14:18.926+0000] {logging_mixin.py:150} INFO - [2025-08-12T16:14:18.925+0000] {dag.py:3504} INFO - Setting next_dagrun for dataset_consumes_1 to None, run_after=None
[2025-08-12T16:14:18.928+0000] {logging_mixin.py:150} INFO - [2025-08-12T16:14:18.928+0000] {dag.py:3504} INFO - Setting next_dagrun for dataset_consumes_1_and_2 to None, run_after=None
[2025-08-12T16:14:18.928+0000] {logging_mixin.py:150} INFO - [2025-08-12T16:14:18.928+0000] {dag.py:3504} INFO - Setting next_dagrun for dataset_consumes_1_never_scheduled to None, run_after=None
[2025-08-12T16:14:18.929+0000] {logging_mixin.py:150} INFO - [2025-08-12T16:14:18.929+0000] {dag.py:3504} INFO - Setting next_dagrun for dataset_consumes_unknown_never_scheduled to None, run_after=None
[2025-08-12T16:14:18.931+0000] {logging_mixin.py:150} INFO - [2025-08-12T16:14:18.931+0000] {dag.py:3504} INFO - Setting next_dagrun for dataset_produces_1 to 2025-08-11T00:00:00+00:00, run_after=2025-08-12T00:00:00+00:00
[2025-08-12T16:14:18.931+0000] {logging_mixin.py:150} INFO - [2025-08-12T16:14:18.931+0000] {dag.py:3504} INFO - Setting next_dagrun for dataset_produces_2 to None, run_after=None
[2025-08-12T16:14:18.953+0000] {processor.py:179} INFO - Processing /home/vscode/.local/lib/python3.10/site-packages/airflow/example_dags/example_datasets.py took 0.074 seconds
[2025-08-12T16:15:01.170+0000] {processor.py:157} INFO - Started process (PID=34064) to work on /home/vscode/.local/lib/python3.10/site-packages/airflow/example_dags/example_datasets.py
[2025-08-12T16:15:01.171+0000] {processor.py:826} INFO - Processing file /home/vscode/.local/lib/python3.10/site-packages/airflow/example_dags/example_datasets.py for tasks to queue
[2025-08-12T16:15:01.171+0000] {logging_mixin.py:150} INFO - [2025-08-12T16:15:01.171+0000] {dagbag.py:541} INFO - Filling up the DagBag from /home/vscode/.local/lib/python3.10/site-packages/airflow/example_dags/example_datasets.py
[2025-08-12T16:15:01.180+0000] {processor.py:836} INFO - DAG(s) dict_keys(['dataset_consumes_1_and_2', 'dataset_produces_2', 'dataset_consumes_1_never_scheduled', 'dataset_consumes_1', 'dataset_produces_1', 'dataset_consumes_unknown_never_scheduled']) retrieved from /home/vscode/.local/lib/python3.10/site-packages/airflow/example_dags/example_datasets.py
[2025-08-12T16:15:01.203+0000] {logging_mixin.py:150} INFO - [2025-08-12T16:15:01.203+0000] {dag.py:2742} INFO - Sync 6 DAGs
[2025-08-12T16:15:01.218+0000] {logging_mixin.py:150} INFO - [2025-08-12T16:15:01.218+0000] {dag.py:3504} INFO - Setting next_dagrun for dataset_consumes_1 to None, run_after=None
[2025-08-12T16:15:01.220+0000] {logging_mixin.py:150} INFO - [2025-08-12T16:15:01.220+0000] {dag.py:3504} INFO - Setting next_dagrun for dataset_consumes_1_and_2 to None, run_after=None
[2025-08-12T16:15:01.221+0000] {logging_mixin.py:150} INFO - [2025-08-12T16:15:01.221+0000] {dag.py:3504} INFO - Setting next_dagrun for dataset_consumes_1_never_scheduled to None, run_after=None
[2025-08-12T16:15:01.221+0000] {logging_mixin.py:150} INFO - [2025-08-12T16:15:01.221+0000] {dag.py:3504} INFO - Setting next_dagrun for dataset_consumes_unknown_never_scheduled to None, run_after=None
[2025-08-12T16:15:01.223+0000] {logging_mixin.py:150} INFO - [2025-08-12T16:15:01.223+0000] {dag.py:3504} INFO - Setting next_dagrun for dataset_produces_1 to 2025-08-11T00:00:00+00:00, run_after=2025-08-12T00:00:00+00:00
[2025-08-12T16:15:01.224+0000] {logging_mixin.py:150} INFO - [2025-08-12T16:15:01.224+0000] {dag.py:3504} INFO - Setting next_dagrun for dataset_produces_2 to None, run_after=None
[2025-08-12T16:15:01.245+0000] {processor.py:179} INFO - Processing /home/vscode/.local/lib/python3.10/site-packages/airflow/example_dags/example_datasets.py took 0.077 seconds
[2025-08-12T16:15:42.156+0000] {processor.py:157} INFO - Started process (PID=34334) to work on /home/vscode/.local/lib/python3.10/site-packages/airflow/example_dags/example_datasets.py
[2025-08-12T16:15:42.157+0000] {processor.py:826} INFO - Processing file /home/vscode/.local/lib/python3.10/site-packages/airflow/example_dags/example_datasets.py for tasks to queue
[2025-08-12T16:15:42.157+0000] {logging_mixin.py:150} INFO - [2025-08-12T16:15:42.157+0000] {dagbag.py:541} INFO - Filling up the DagBag from /home/vscode/.local/lib/python3.10/site-packages/airflow/example_dags/example_datasets.py
[2025-08-12T16:15:42.164+0000] {processor.py:836} INFO - DAG(s) dict_keys(['dataset_produces_2', 'dataset_consumes_1_never_scheduled', 'dataset_consumes_unknown_never_scheduled', 'dataset_consumes_1', 'dataset_produces_1', 'dataset_consumes_1_and_2']) retrieved from /home/vscode/.local/lib/python3.10/site-packages/airflow/example_dags/example_datasets.py
[2025-08-12T16:15:42.185+0000] {logging_mixin.py:150} INFO - [2025-08-12T16:15:42.185+0000] {dag.py:2742} INFO - Sync 6 DAGs
[2025-08-12T16:15:42.201+0000] {logging_mixin.py:150} INFO - [2025-08-12T16:15:42.201+0000] {dag.py:3504} INFO - Setting next_dagrun for dataset_consumes_1 to None, run_after=None
[2025-08-12T16:15:42.204+0000] {logging_mixin.py:150} INFO - [2025-08-12T16:15:42.203+0000] {dag.py:3504} INFO - Setting next_dagrun for dataset_consumes_1_and_2 to None, run_after=None
[2025-08-12T16:15:42.204+0000] {logging_mixin.py:150} INFO - [2025-08-12T16:15:42.204+0000] {dag.py:3504} INFO - Setting next_dagrun for dataset_consumes_1_never_scheduled to None, run_after=None
[2025-08-12T16:15:42.205+0000] {logging_mixin.py:150} INFO - [2025-08-12T16:15:42.205+0000] {dag.py:3504} INFO - Setting next_dagrun for dataset_consumes_unknown_never_scheduled to None, run_after=None
[2025-08-12T16:15:42.207+0000] {logging_mixin.py:150} INFO - [2025-08-12T16:15:42.207+0000] {dag.py:3504} INFO - Setting next_dagrun for dataset_produces_1 to 2025-08-11T00:00:00+00:00, run_after=2025-08-12T00:00:00+00:00
[2025-08-12T16:15:42.207+0000] {logging_mixin.py:150} INFO - [2025-08-12T16:15:42.207+0000] {dag.py:3504} INFO - Setting next_dagrun for dataset_produces_2 to None, run_after=None
[2025-08-12T16:15:42.230+0000] {processor.py:179} INFO - Processing /home/vscode/.local/lib/python3.10/site-packages/airflow/example_dags/example_datasets.py took 0.076 seconds
[2025-08-12T16:16:23.388+0000] {processor.py:157} INFO - Started process (PID=34611) to work on /home/vscode/.local/lib/python3.10/site-packages/airflow/example_dags/example_datasets.py
[2025-08-12T16:16:23.389+0000] {processor.py:826} INFO - Processing file /home/vscode/.local/lib/python3.10/site-packages/airflow/example_dags/example_datasets.py for tasks to queue
[2025-08-12T16:16:23.389+0000] {logging_mixin.py:150} INFO - [2025-08-12T16:16:23.389+0000] {dagbag.py:541} INFO - Filling up the DagBag from /home/vscode/.local/lib/python3.10/site-packages/airflow/example_dags/example_datasets.py
[2025-08-12T16:16:23.396+0000] {processor.py:836} INFO - DAG(s) dict_keys(['dataset_consumes_unknown_never_scheduled', 'dataset_produces_2', 'dataset_produces_1', 'dataset_consumes_1', 'dataset_consumes_1_never_scheduled', 'dataset_consumes_1_and_2']) retrieved from /home/vscode/.local/lib/python3.10/site-packages/airflow/example_dags/example_datasets.py
[2025-08-12T16:16:23.416+0000] {logging_mixin.py:150} INFO - [2025-08-12T16:16:23.416+0000] {dag.py:2742} INFO - Sync 6 DAGs
[2025-08-12T16:16:23.430+0000] {logging_mixin.py:150} INFO - [2025-08-12T16:16:23.430+0000] {dag.py:3504} INFO - Setting next_dagrun for dataset_consumes_1 to None, run_after=None
[2025-08-12T16:16:23.432+0000] {logging_mixin.py:150} INFO - [2025-08-12T16:16:23.432+0000] {dag.py:3504} INFO - Setting next_dagrun for dataset_consumes_1_and_2 to None, run_after=None
[2025-08-12T16:16:23.433+0000] {logging_mixin.py:150} INFO - [2025-08-12T16:16:23.433+0000] {dag.py:3504} INFO - Setting next_dagrun for dataset_consumes_1_never_scheduled to None, run_after=None
[2025-08-12T16:16:23.434+0000] {logging_mixin.py:150} INFO - [2025-08-12T16:16:23.434+0000] {dag.py:3504} INFO - Setting next_dagrun for dataset_consumes_unknown_never_scheduled to None, run_after=None
[2025-08-12T16:16:23.436+0000] {logging_mixin.py:150} INFO - [2025-08-12T16:16:23.436+0000] {dag.py:3504} INFO - Setting next_dagrun for dataset_produces_1 to 2025-08-11T00:00:00+00:00, run_after=2025-08-12T00:00:00+00:00
[2025-08-12T16:16:23.436+0000] {logging_mixin.py:150} INFO - [2025-08-12T16:16:23.436+0000] {dag.py:3504} INFO - Setting next_dagrun for dataset_produces_2 to None, run_after=None
[2025-08-12T16:16:23.458+0000] {processor.py:179} INFO - Processing /home/vscode/.local/lib/python3.10/site-packages/airflow/example_dags/example_datasets.py took 0.072 seconds
[2025-08-12T16:17:07.475+0000] {processor.py:157} INFO - Started process (PID=34899) to work on /home/vscode/.local/lib/python3.10/site-packages/airflow/example_dags/example_datasets.py
[2025-08-12T16:17:07.476+0000] {processor.py:826} INFO - Processing file /home/vscode/.local/lib/python3.10/site-packages/airflow/example_dags/example_datasets.py for tasks to queue
[2025-08-12T16:17:07.477+0000] {logging_mixin.py:150} INFO - [2025-08-12T16:17:07.476+0000] {dagbag.py:541} INFO - Filling up the DagBag from /home/vscode/.local/lib/python3.10/site-packages/airflow/example_dags/example_datasets.py
[2025-08-12T16:17:07.484+0000] {processor.py:836} INFO - DAG(s) dict_keys(['dataset_produces_2', 'dataset_consumes_1_and_2', 'dataset_consumes_unknown_never_scheduled', 'dataset_consumes_1', 'dataset_consumes_1_never_scheduled', 'dataset_produces_1']) retrieved from /home/vscode/.local/lib/python3.10/site-packages/airflow/example_dags/example_datasets.py
[2025-08-12T16:17:07.504+0000] {logging_mixin.py:150} INFO - [2025-08-12T16:17:07.504+0000] {dag.py:2742} INFO - Sync 6 DAGs
[2025-08-12T16:17:07.519+0000] {logging_mixin.py:150} INFO - [2025-08-12T16:17:07.519+0000] {dag.py:3504} INFO - Setting next_dagrun for dataset_consumes_1 to None, run_after=None
[2025-08-12T16:17:07.521+0000] {logging_mixin.py:150} INFO - [2025-08-12T16:17:07.521+0000] {dag.py:3504} INFO - Setting next_dagrun for dataset_consumes_1_and_2 to None, run_after=None
[2025-08-12T16:17:07.522+0000] {logging_mixin.py:150} INFO - [2025-08-12T16:17:07.522+0000] {dag.py:3504} INFO - Setting next_dagrun for dataset_consumes_1_never_scheduled to None, run_after=None
[2025-08-12T16:17:07.523+0000] {logging_mixin.py:150} INFO - [2025-08-12T16:17:07.523+0000] {dag.py:3504} INFO - Setting next_dagrun for dataset_consumes_unknown_never_scheduled to None, run_after=None
[2025-08-12T16:17:07.525+0000] {logging_mixin.py:150} INFO - [2025-08-12T16:17:07.524+0000] {dag.py:3504} INFO - Setting next_dagrun for dataset_produces_1 to 2025-08-11T00:00:00+00:00, run_after=2025-08-12T00:00:00+00:00
[2025-08-12T16:17:07.525+0000] {logging_mixin.py:150} INFO - [2025-08-12T16:17:07.525+0000] {dag.py:3504} INFO - Setting next_dagrun for dataset_produces_2 to None, run_after=None
[2025-08-12T16:17:07.547+0000] {processor.py:179} INFO - Processing /home/vscode/.local/lib/python3.10/site-packages/airflow/example_dags/example_datasets.py took 0.073 seconds
[2025-08-12T16:17:48.014+0000] {processor.py:157} INFO - Started process (PID=35168) to work on /home/vscode/.local/lib/python3.10/site-packages/airflow/example_dags/example_datasets.py
[2025-08-12T16:17:48.014+0000] {processor.py:826} INFO - Processing file /home/vscode/.local/lib/python3.10/site-packages/airflow/example_dags/example_datasets.py for tasks to queue
[2025-08-12T16:17:48.015+0000] {logging_mixin.py:150} INFO - [2025-08-12T16:17:48.015+0000] {dagbag.py:541} INFO - Filling up the DagBag from /home/vscode/.local/lib/python3.10/site-packages/airflow/example_dags/example_datasets.py
[2025-08-12T16:17:48.022+0000] {processor.py:836} INFO - DAG(s) dict_keys(['dataset_produces_1', 'dataset_consumes_1_and_2', 'dataset_consumes_1', 'dataset_consumes_unknown_never_scheduled', 'dataset_consumes_1_never_scheduled', 'dataset_produces_2']) retrieved from /home/vscode/.local/lib/python3.10/site-packages/airflow/example_dags/example_datasets.py
[2025-08-12T16:17:48.043+0000] {logging_mixin.py:150} INFO - [2025-08-12T16:17:48.042+0000] {dag.py:2742} INFO - Sync 6 DAGs
[2025-08-12T16:17:48.057+0000] {logging_mixin.py:150} INFO - [2025-08-12T16:17:48.057+0000] {dag.py:3504} INFO - Setting next_dagrun for dataset_consumes_1 to None, run_after=None
[2025-08-12T16:17:48.059+0000] {logging_mixin.py:150} INFO - [2025-08-12T16:17:48.059+0000] {dag.py:3504} INFO - Setting next_dagrun for dataset_consumes_1_and_2 to None, run_after=None
[2025-08-12T16:17:48.060+0000] {logging_mixin.py:150} INFO - [2025-08-12T16:17:48.060+0000] {dag.py:3504} INFO - Setting next_dagrun for dataset_consumes_1_never_scheduled to None, run_after=None
[2025-08-12T16:17:48.061+0000] {logging_mixin.py:150} INFO - [2025-08-12T16:17:48.061+0000] {dag.py:3504} INFO - Setting next_dagrun for dataset_consumes_unknown_never_scheduled to None, run_after=None
[2025-08-12T16:17:48.063+0000] {logging_mixin.py:150} INFO - [2025-08-12T16:17:48.062+0000] {dag.py:3504} INFO - Setting next_dagrun for dataset_produces_1 to 2025-08-11T00:00:00+00:00, run_after=2025-08-12T00:00:00+00:00
[2025-08-12T16:17:48.063+0000] {logging_mixin.py:150} INFO - [2025-08-12T16:17:48.063+0000] {dag.py:3504} INFO - Setting next_dagrun for dataset_produces_2 to None, run_after=None
[2025-08-12T16:17:48.085+0000] {processor.py:179} INFO - Processing /home/vscode/.local/lib/python3.10/site-packages/airflow/example_dags/example_datasets.py took 0.073 seconds
[2025-08-12T16:18:41.165+0000] {processor.py:157} INFO - Started process (PID=35527) to work on /home/vscode/.local/lib/python3.10/site-packages/airflow/example_dags/example_datasets.py
[2025-08-12T16:18:41.166+0000] {processor.py:826} INFO - Processing file /home/vscode/.local/lib/python3.10/site-packages/airflow/example_dags/example_datasets.py for tasks to queue
[2025-08-12T16:18:41.166+0000] {logging_mixin.py:150} INFO - [2025-08-12T16:18:41.166+0000] {dagbag.py:541} INFO - Filling up the DagBag from /home/vscode/.local/lib/python3.10/site-packages/airflow/example_dags/example_datasets.py
[2025-08-12T16:18:41.173+0000] {processor.py:836} INFO - DAG(s) dict_keys(['dataset_consumes_1', 'dataset_produces_2', 'dataset_consumes_1_never_scheduled', 'dataset_produces_1', 'dataset_consumes_1_and_2', 'dataset_consumes_unknown_never_scheduled']) retrieved from /home/vscode/.local/lib/python3.10/site-packages/airflow/example_dags/example_datasets.py
[2025-08-12T16:18:41.193+0000] {logging_mixin.py:150} INFO - [2025-08-12T16:18:41.193+0000] {dag.py:2742} INFO - Sync 6 DAGs
[2025-08-12T16:18:41.208+0000] {logging_mixin.py:150} INFO - [2025-08-12T16:18:41.208+0000] {dag.py:3504} INFO - Setting next_dagrun for dataset_consumes_1 to None, run_after=None
[2025-08-12T16:18:41.210+0000] {logging_mixin.py:150} INFO - [2025-08-12T16:18:41.210+0000] {dag.py:3504} INFO - Setting next_dagrun for dataset_consumes_1_and_2 to None, run_after=None
[2025-08-12T16:18:41.211+0000] {logging_mixin.py:150} INFO - [2025-08-12T16:18:41.211+0000] {dag.py:3504} INFO - Setting next_dagrun for dataset_consumes_1_never_scheduled to None, run_after=None
[2025-08-12T16:18:41.211+0000] {logging_mixin.py:150} INFO - [2025-08-12T16:18:41.211+0000] {dag.py:3504} INFO - Setting next_dagrun for dataset_consumes_unknown_never_scheduled to None, run_after=None
[2025-08-12T16:18:41.213+0000] {logging_mixin.py:150} INFO - [2025-08-12T16:18:41.213+0000] {dag.py:3504} INFO - Setting next_dagrun for dataset_produces_1 to 2025-08-11T00:00:00+00:00, run_after=2025-08-12T00:00:00+00:00
[2025-08-12T16:18:41.214+0000] {logging_mixin.py:150} INFO - [2025-08-12T16:18:41.214+0000] {dag.py:3504} INFO - Setting next_dagrun for dataset_produces_2 to None, run_after=None
[2025-08-12T16:18:41.235+0000] {processor.py:179} INFO - Processing /home/vscode/.local/lib/python3.10/site-packages/airflow/example_dags/example_datasets.py took 0.072 seconds
[2025-08-12T16:19:24.690+0000] {processor.py:157} INFO - Started process (PID=35814) to work on /home/vscode/.local/lib/python3.10/site-packages/airflow/example_dags/example_datasets.py
[2025-08-12T16:19:24.691+0000] {processor.py:826} INFO - Processing file /home/vscode/.local/lib/python3.10/site-packages/airflow/example_dags/example_datasets.py for tasks to queue
[2025-08-12T16:19:24.691+0000] {logging_mixin.py:150} INFO - [2025-08-12T16:19:24.691+0000] {dagbag.py:541} INFO - Filling up the DagBag from /home/vscode/.local/lib/python3.10/site-packages/airflow/example_dags/example_datasets.py
[2025-08-12T16:19:24.698+0000] {processor.py:836} INFO - DAG(s) dict_keys(['dataset_produces_1', 'dataset_consumes_unknown_never_scheduled', 'dataset_produces_2', 'dataset_consumes_1', 'dataset_consumes_1_and_2', 'dataset_consumes_1_never_scheduled']) retrieved from /home/vscode/.local/lib/python3.10/site-packages/airflow/example_dags/example_datasets.py
[2025-08-12T16:19:24.719+0000] {logging_mixin.py:150} INFO - [2025-08-12T16:19:24.719+0000] {dag.py:2742} INFO - Sync 6 DAGs
[2025-08-12T16:19:24.734+0000] {logging_mixin.py:150} INFO - [2025-08-12T16:19:24.734+0000] {dag.py:3504} INFO - Setting next_dagrun for dataset_consumes_1 to None, run_after=None
[2025-08-12T16:19:24.736+0000] {logging_mixin.py:150} INFO - [2025-08-12T16:19:24.736+0000] {dag.py:3504} INFO - Setting next_dagrun for dataset_consumes_1_and_2 to None, run_after=None
[2025-08-12T16:19:24.736+0000] {logging_mixin.py:150} INFO - [2025-08-12T16:19:24.736+0000] {dag.py:3504} INFO - Setting next_dagrun for dataset_consumes_1_never_scheduled to None, run_after=None
[2025-08-12T16:19:24.737+0000] {logging_mixin.py:150} INFO - [2025-08-12T16:19:24.737+0000] {dag.py:3504} INFO - Setting next_dagrun for dataset_consumes_unknown_never_scheduled to None, run_after=None
[2025-08-12T16:19:24.739+0000] {logging_mixin.py:150} INFO - [2025-08-12T16:19:24.739+0000] {dag.py:3504} INFO - Setting next_dagrun for dataset_produces_1 to 2025-08-11T00:00:00+00:00, run_after=2025-08-12T00:00:00+00:00
[2025-08-12T16:19:24.739+0000] {logging_mixin.py:150} INFO - [2025-08-12T16:19:24.739+0000] {dag.py:3504} INFO - Setting next_dagrun for dataset_produces_2 to None, run_after=None
[2025-08-12T16:19:24.761+0000] {processor.py:179} INFO - Processing /home/vscode/.local/lib/python3.10/site-packages/airflow/example_dags/example_datasets.py took 0.074 seconds
[2025-08-12T16:20:13.753+0000] {processor.py:157} INFO - Started process (PID=36140) to work on /home/vscode/.local/lib/python3.10/site-packages/airflow/example_dags/example_datasets.py
[2025-08-12T16:20:13.753+0000] {processor.py:826} INFO - Processing file /home/vscode/.local/lib/python3.10/site-packages/airflow/example_dags/example_datasets.py for tasks to queue
[2025-08-12T16:20:13.754+0000] {logging_mixin.py:150} INFO - [2025-08-12T16:20:13.754+0000] {dagbag.py:541} INFO - Filling up the DagBag from /home/vscode/.local/lib/python3.10/site-packages/airflow/example_dags/example_datasets.py
[2025-08-12T16:20:13.761+0000] {processor.py:836} INFO - DAG(s) dict_keys(['dataset_consumes_unknown_never_scheduled', 'dataset_produces_2', 'dataset_consumes_1_never_scheduled', 'dataset_consumes_1', 'dataset_produces_1', 'dataset_consumes_1_and_2']) retrieved from /home/vscode/.local/lib/python3.10/site-packages/airflow/example_dags/example_datasets.py
[2025-08-12T16:20:13.782+0000] {logging_mixin.py:150} INFO - [2025-08-12T16:20:13.781+0000] {dag.py:2742} INFO - Sync 6 DAGs
[2025-08-12T16:20:13.797+0000] {logging_mixin.py:150} INFO - [2025-08-12T16:20:13.797+0000] {dag.py:3504} INFO - Setting next_dagrun for dataset_consumes_1 to None, run_after=None
[2025-08-12T16:20:13.799+0000] {logging_mixin.py:150} INFO - [2025-08-12T16:20:13.799+0000] {dag.py:3504} INFO - Setting next_dagrun for dataset_consumes_1_and_2 to None, run_after=None
[2025-08-12T16:20:13.800+0000] {logging_mixin.py:150} INFO - [2025-08-12T16:20:13.800+0000] {dag.py:3504} INFO - Setting next_dagrun for dataset_consumes_1_never_scheduled to None, run_after=None
[2025-08-12T16:20:13.800+0000] {logging_mixin.py:150} INFO - [2025-08-12T16:20:13.800+0000] {dag.py:3504} INFO - Setting next_dagrun for dataset_consumes_unknown_never_scheduled to None, run_after=None
[2025-08-12T16:20:13.802+0000] {logging_mixin.py:150} INFO - [2025-08-12T16:20:13.802+0000] {dag.py:3504} INFO - Setting next_dagrun for dataset_produces_1 to 2025-08-11T00:00:00+00:00, run_after=2025-08-12T00:00:00+00:00
[2025-08-12T16:20:13.803+0000] {logging_mixin.py:150} INFO - [2025-08-12T16:20:13.803+0000] {dag.py:3504} INFO - Setting next_dagrun for dataset_produces_2 to None, run_after=None
[2025-08-12T16:20:13.825+0000] {processor.py:179} INFO - Processing /home/vscode/.local/lib/python3.10/site-packages/airflow/example_dags/example_datasets.py took 0.075 seconds
[2025-08-12T16:20:56.004+0000] {processor.py:157} INFO - Started process (PID=36426) to work on /home/vscode/.local/lib/python3.10/site-packages/airflow/example_dags/example_datasets.py
[2025-08-12T16:20:56.005+0000] {processor.py:826} INFO - Processing file /home/vscode/.local/lib/python3.10/site-packages/airflow/example_dags/example_datasets.py for tasks to queue
[2025-08-12T16:20:56.005+0000] {logging_mixin.py:150} INFO - [2025-08-12T16:20:56.005+0000] {dagbag.py:541} INFO - Filling up the DagBag from /home/vscode/.local/lib/python3.10/site-packages/airflow/example_dags/example_datasets.py
[2025-08-12T16:20:56.012+0000] {processor.py:836} INFO - DAG(s) dict_keys(['dataset_consumes_1', 'dataset_produces_1', 'dataset_consumes_1_and_2', 'dataset_consumes_unknown_never_scheduled', 'dataset_consumes_1_never_scheduled', 'dataset_produces_2']) retrieved from /home/vscode/.local/lib/python3.10/site-packages/airflow/example_dags/example_datasets.py
[2025-08-12T16:20:56.032+0000] {logging_mixin.py:150} INFO - [2025-08-12T16:20:56.032+0000] {dag.py:2742} INFO - Sync 6 DAGs
[2025-08-12T16:20:56.048+0000] {logging_mixin.py:150} INFO - [2025-08-12T16:20:56.047+0000] {dag.py:3504} INFO - Setting next_dagrun for dataset_consumes_1 to None, run_after=None
[2025-08-12T16:20:56.050+0000] {logging_mixin.py:150} INFO - [2025-08-12T16:20:56.050+0000] {dag.py:3504} INFO - Setting next_dagrun for dataset_consumes_1_and_2 to None, run_after=None
[2025-08-12T16:20:56.050+0000] {logging_mixin.py:150} INFO - [2025-08-12T16:20:56.050+0000] {dag.py:3504} INFO - Setting next_dagrun for dataset_consumes_1_never_scheduled to None, run_after=None
[2025-08-12T16:20:56.051+0000] {logging_mixin.py:150} INFO - [2025-08-12T16:20:56.051+0000] {dag.py:3504} INFO - Setting next_dagrun for dataset_consumes_unknown_never_scheduled to None, run_after=None
[2025-08-12T16:20:56.053+0000] {logging_mixin.py:150} INFO - [2025-08-12T16:20:56.053+0000] {dag.py:3504} INFO - Setting next_dagrun for dataset_produces_1 to 2025-08-11T00:00:00+00:00, run_after=2025-08-12T00:00:00+00:00
[2025-08-12T16:20:56.053+0000] {logging_mixin.py:150} INFO - [2025-08-12T16:20:56.053+0000] {dag.py:3504} INFO - Setting next_dagrun for dataset_produces_2 to None, run_after=None
[2025-08-12T16:20:56.075+0000] {processor.py:179} INFO - Processing /home/vscode/.local/lib/python3.10/site-packages/airflow/example_dags/example_datasets.py took 0.073 seconds
[2025-08-12T16:21:41.419+0000] {processor.py:157} INFO - Started process (PID=36727) to work on /home/vscode/.local/lib/python3.10/site-packages/airflow/example_dags/example_datasets.py
[2025-08-12T16:21:41.419+0000] {processor.py:826} INFO - Processing file /home/vscode/.local/lib/python3.10/site-packages/airflow/example_dags/example_datasets.py for tasks to queue
[2025-08-12T16:21:41.420+0000] {logging_mixin.py:150} INFO - [2025-08-12T16:21:41.420+0000] {dagbag.py:541} INFO - Filling up the DagBag from /home/vscode/.local/lib/python3.10/site-packages/airflow/example_dags/example_datasets.py
[2025-08-12T16:21:41.427+0000] {processor.py:836} INFO - DAG(s) dict_keys(['dataset_consumes_1_and_2', 'dataset_consumes_1_never_scheduled', 'dataset_consumes_1', 'dataset_consumes_unknown_never_scheduled', 'dataset_produces_1', 'dataset_produces_2']) retrieved from /home/vscode/.local/lib/python3.10/site-packages/airflow/example_dags/example_datasets.py
[2025-08-12T16:21:41.447+0000] {logging_mixin.py:150} INFO - [2025-08-12T16:21:41.447+0000] {dag.py:2742} INFO - Sync 6 DAGs
[2025-08-12T16:21:41.462+0000] {logging_mixin.py:150} INFO - [2025-08-12T16:21:41.462+0000] {dag.py:3504} INFO - Setting next_dagrun for dataset_consumes_1 to None, run_after=None
[2025-08-12T16:21:41.465+0000] {logging_mixin.py:150} INFO - [2025-08-12T16:21:41.464+0000] {dag.py:3504} INFO - Setting next_dagrun for dataset_consumes_1_and_2 to None, run_after=None
[2025-08-12T16:21:41.465+0000] {logging_mixin.py:150} INFO - [2025-08-12T16:21:41.465+0000] {dag.py:3504} INFO - Setting next_dagrun for dataset_consumes_1_never_scheduled to None, run_after=None
[2025-08-12T16:21:41.466+0000] {logging_mixin.py:150} INFO - [2025-08-12T16:21:41.466+0000] {dag.py:3504} INFO - Setting next_dagrun for dataset_consumes_unknown_never_scheduled to None, run_after=None
[2025-08-12T16:21:41.468+0000] {logging_mixin.py:150} INFO - [2025-08-12T16:21:41.467+0000] {dag.py:3504} INFO - Setting next_dagrun for dataset_produces_1 to 2025-08-11T00:00:00+00:00, run_after=2025-08-12T00:00:00+00:00
[2025-08-12T16:21:41.468+0000] {logging_mixin.py:150} INFO - [2025-08-12T16:21:41.468+0000] {dag.py:3504} INFO - Setting next_dagrun for dataset_produces_2 to None, run_after=None
[2025-08-12T16:21:41.491+0000] {processor.py:179} INFO - Processing /home/vscode/.local/lib/python3.10/site-packages/airflow/example_dags/example_datasets.py took 0.075 seconds
[2025-08-12T16:22:34.364+0000] {processor.py:157} INFO - Started process (PID=37080) to work on /home/vscode/.local/lib/python3.10/site-packages/airflow/example_dags/example_datasets.py
[2025-08-12T16:22:34.365+0000] {processor.py:826} INFO - Processing file /home/vscode/.local/lib/python3.10/site-packages/airflow/example_dags/example_datasets.py for tasks to queue
[2025-08-12T16:22:34.365+0000] {logging_mixin.py:150} INFO - [2025-08-12T16:22:34.365+0000] {dagbag.py:541} INFO - Filling up the DagBag from /home/vscode/.local/lib/python3.10/site-packages/airflow/example_dags/example_datasets.py
[2025-08-12T16:22:34.372+0000] {processor.py:836} INFO - DAG(s) dict_keys(['dataset_produces_1', 'dataset_consumes_1', 'dataset_produces_2', 'dataset_consumes_1_and_2', 'dataset_consumes_unknown_never_scheduled', 'dataset_consumes_1_never_scheduled']) retrieved from /home/vscode/.local/lib/python3.10/site-packages/airflow/example_dags/example_datasets.py
[2025-08-12T16:22:34.393+0000] {logging_mixin.py:150} INFO - [2025-08-12T16:22:34.392+0000] {dag.py:2742} INFO - Sync 6 DAGs
[2025-08-12T16:22:34.407+0000] {logging_mixin.py:150} INFO - [2025-08-12T16:22:34.407+0000] {dag.py:3504} INFO - Setting next_dagrun for dataset_consumes_1 to None, run_after=None
[2025-08-12T16:22:34.409+0000] {logging_mixin.py:150} INFO - [2025-08-12T16:22:34.409+0000] {dag.py:3504} INFO - Setting next_dagrun for dataset_consumes_1_and_2 to None, run_after=None
[2025-08-12T16:22:34.410+0000] {logging_mixin.py:150} INFO - [2025-08-12T16:22:34.410+0000] {dag.py:3504} INFO - Setting next_dagrun for dataset_consumes_1_never_scheduled to None, run_after=None
[2025-08-12T16:22:34.411+0000] {logging_mixin.py:150} INFO - [2025-08-12T16:22:34.411+0000] {dag.py:3504} INFO - Setting next_dagrun for dataset_consumes_unknown_never_scheduled to None, run_after=None
[2025-08-12T16:22:34.413+0000] {logging_mixin.py:150} INFO - [2025-08-12T16:22:34.412+0000] {dag.py:3504} INFO - Setting next_dagrun for dataset_produces_1 to 2025-08-11T00:00:00+00:00, run_after=2025-08-12T00:00:00+00:00
[2025-08-12T16:22:34.413+0000] {logging_mixin.py:150} INFO - [2025-08-12T16:22:34.413+0000] {dag.py:3504} INFO - Setting next_dagrun for dataset_produces_2 to None, run_after=None
[2025-08-12T16:22:34.434+0000] {processor.py:179} INFO - Processing /home/vscode/.local/lib/python3.10/site-packages/airflow/example_dags/example_datasets.py took 0.073 seconds
[2025-08-12T16:23:18.671+0000] {processor.py:157} INFO - Started process (PID=37368) to work on /home/vscode/.local/lib/python3.10/site-packages/airflow/example_dags/example_datasets.py
[2025-08-12T16:23:18.672+0000] {processor.py:826} INFO - Processing file /home/vscode/.local/lib/python3.10/site-packages/airflow/example_dags/example_datasets.py for tasks to queue
[2025-08-12T16:23:18.673+0000] {logging_mixin.py:150} INFO - [2025-08-12T16:23:18.672+0000] {dagbag.py:541} INFO - Filling up the DagBag from /home/vscode/.local/lib/python3.10/site-packages/airflow/example_dags/example_datasets.py
[2025-08-12T16:23:18.682+0000] {processor.py:836} INFO - DAG(s) dict_keys(['dataset_consumes_unknown_never_scheduled', 'dataset_produces_1', 'dataset_consumes_1', 'dataset_consumes_1_and_2', 'dataset_produces_2', 'dataset_consumes_1_never_scheduled']) retrieved from /home/vscode/.local/lib/python3.10/site-packages/airflow/example_dags/example_datasets.py
[2025-08-12T16:23:18.712+0000] {logging_mixin.py:150} INFO - [2025-08-12T16:23:18.712+0000] {dag.py:2742} INFO - Sync 6 DAGs
[2025-08-12T16:23:18.729+0000] {logging_mixin.py:150} INFO - [2025-08-12T16:23:18.729+0000] {dag.py:3504} INFO - Setting next_dagrun for dataset_consumes_1 to None, run_after=None
[2025-08-12T16:23:18.731+0000] {logging_mixin.py:150} INFO - [2025-08-12T16:23:18.731+0000] {dag.py:3504} INFO - Setting next_dagrun for dataset_consumes_1_and_2 to None, run_after=None
[2025-08-12T16:23:18.732+0000] {logging_mixin.py:150} INFO - [2025-08-12T16:23:18.732+0000] {dag.py:3504} INFO - Setting next_dagrun for dataset_consumes_1_never_scheduled to None, run_after=None
[2025-08-12T16:23:18.733+0000] {logging_mixin.py:150} INFO - [2025-08-12T16:23:18.732+0000] {dag.py:3504} INFO - Setting next_dagrun for dataset_consumes_unknown_never_scheduled to None, run_after=None
[2025-08-12T16:23:18.734+0000] {logging_mixin.py:150} INFO - [2025-08-12T16:23:18.734+0000] {dag.py:3504} INFO - Setting next_dagrun for dataset_produces_1 to 2025-08-11T00:00:00+00:00, run_after=2025-08-12T00:00:00+00:00
[2025-08-12T16:23:18.735+0000] {logging_mixin.py:150} INFO - [2025-08-12T16:23:18.735+0000] {dag.py:3504} INFO - Setting next_dagrun for dataset_produces_2 to None, run_after=None
[2025-08-12T16:23:18.756+0000] {processor.py:179} INFO - Processing /home/vscode/.local/lib/python3.10/site-packages/airflow/example_dags/example_datasets.py took 0.088 seconds
[2025-08-12T16:24:04.900+0000] {processor.py:157} INFO - Started process (PID=37683) to work on /home/vscode/.local/lib/python3.10/site-packages/airflow/example_dags/example_datasets.py
[2025-08-12T16:24:04.900+0000] {processor.py:826} INFO - Processing file /home/vscode/.local/lib/python3.10/site-packages/airflow/example_dags/example_datasets.py for tasks to queue
[2025-08-12T16:24:04.901+0000] {logging_mixin.py:150} INFO - [2025-08-12T16:24:04.901+0000] {dagbag.py:541} INFO - Filling up the DagBag from /home/vscode/.local/lib/python3.10/site-packages/airflow/example_dags/example_datasets.py
[2025-08-12T16:24:04.908+0000] {processor.py:836} INFO - DAG(s) dict_keys(['dataset_consumes_unknown_never_scheduled', 'dataset_consumes_1_and_2', 'dataset_consumes_1_never_scheduled', 'dataset_produces_1', 'dataset_produces_2', 'dataset_consumes_1']) retrieved from /home/vscode/.local/lib/python3.10/site-packages/airflow/example_dags/example_datasets.py
[2025-08-12T16:24:04.931+0000] {logging_mixin.py:150} INFO - [2025-08-12T16:24:04.930+0000] {dag.py:2742} INFO - Sync 6 DAGs
[2025-08-12T16:24:04.947+0000] {logging_mixin.py:150} INFO - [2025-08-12T16:24:04.947+0000] {dag.py:3504} INFO - Setting next_dagrun for dataset_consumes_1 to None, run_after=None
[2025-08-12T16:24:04.949+0000] {logging_mixin.py:150} INFO - [2025-08-12T16:24:04.949+0000] {dag.py:3504} INFO - Setting next_dagrun for dataset_consumes_1_and_2 to None, run_after=None
[2025-08-12T16:24:04.950+0000] {logging_mixin.py:150} INFO - [2025-08-12T16:24:04.950+0000] {dag.py:3504} INFO - Setting next_dagrun for dataset_consumes_1_never_scheduled to None, run_after=None
[2025-08-12T16:24:04.950+0000] {logging_mixin.py:150} INFO - [2025-08-12T16:24:04.950+0000] {dag.py:3504} INFO - Setting next_dagrun for dataset_consumes_unknown_never_scheduled to None, run_after=None
[2025-08-12T16:24:04.952+0000] {logging_mixin.py:150} INFO - [2025-08-12T16:24:04.952+0000] {dag.py:3504} INFO - Setting next_dagrun for dataset_produces_1 to 2025-08-11T00:00:00+00:00, run_after=2025-08-12T00:00:00+00:00
[2025-08-12T16:24:04.953+0000] {logging_mixin.py:150} INFO - [2025-08-12T16:24:04.953+0000] {dag.py:3504} INFO - Setting next_dagrun for dataset_produces_2 to None, run_after=None
[2025-08-12T16:24:04.975+0000] {processor.py:179} INFO - Processing /home/vscode/.local/lib/python3.10/site-packages/airflow/example_dags/example_datasets.py took 0.077 seconds
[2025-08-12T16:24:49.155+0000] {processor.py:157} INFO - Started process (PID=37975) to work on /home/vscode/.local/lib/python3.10/site-packages/airflow/example_dags/example_datasets.py
[2025-08-12T16:24:49.156+0000] {processor.py:826} INFO - Processing file /home/vscode/.local/lib/python3.10/site-packages/airflow/example_dags/example_datasets.py for tasks to queue
[2025-08-12T16:24:49.156+0000] {logging_mixin.py:150} INFO - [2025-08-12T16:24:49.156+0000] {dagbag.py:541} INFO - Filling up the DagBag from /home/vscode/.local/lib/python3.10/site-packages/airflow/example_dags/example_datasets.py
[2025-08-12T16:24:49.163+0000] {processor.py:836} INFO - DAG(s) dict_keys(['dataset_produces_1', 'dataset_produces_2', 'dataset_consumes_1', 'dataset_consumes_1_never_scheduled', 'dataset_consumes_1_and_2', 'dataset_consumes_unknown_never_scheduled']) retrieved from /home/vscode/.local/lib/python3.10/site-packages/airflow/example_dags/example_datasets.py
[2025-08-12T16:24:49.185+0000] {logging_mixin.py:150} INFO - [2025-08-12T16:24:49.184+0000] {dag.py:2742} INFO - Sync 6 DAGs
[2025-08-12T16:24:49.200+0000] {logging_mixin.py:150} INFO - [2025-08-12T16:24:49.200+0000] {dag.py:3504} INFO - Setting next_dagrun for dataset_consumes_1 to None, run_after=None
[2025-08-12T16:24:49.202+0000] {logging_mixin.py:150} INFO - [2025-08-12T16:24:49.202+0000] {dag.py:3504} INFO - Setting next_dagrun for dataset_consumes_1_and_2 to None, run_after=None
[2025-08-12T16:24:49.203+0000] {logging_mixin.py:150} INFO - [2025-08-12T16:24:49.203+0000] {dag.py:3504} INFO - Setting next_dagrun for dataset_consumes_1_never_scheduled to None, run_after=None
[2025-08-12T16:24:49.204+0000] {logging_mixin.py:150} INFO - [2025-08-12T16:24:49.204+0000] {dag.py:3504} INFO - Setting next_dagrun for dataset_consumes_unknown_never_scheduled to None, run_after=None
[2025-08-12T16:24:49.205+0000] {logging_mixin.py:150} INFO - [2025-08-12T16:24:49.205+0000] {dag.py:3504} INFO - Setting next_dagrun for dataset_produces_1 to 2025-08-11T00:00:00+00:00, run_after=2025-08-12T00:00:00+00:00
[2025-08-12T16:24:49.206+0000] {logging_mixin.py:150} INFO - [2025-08-12T16:24:49.206+0000] {dag.py:3504} INFO - Setting next_dagrun for dataset_produces_2 to None, run_after=None
[2025-08-12T16:24:49.228+0000] {processor.py:179} INFO - Processing /home/vscode/.local/lib/python3.10/site-packages/airflow/example_dags/example_datasets.py took 0.075 seconds
[2025-08-12T16:25:33.418+0000] {processor.py:157} INFO - Started process (PID=38268) to work on /home/vscode/.local/lib/python3.10/site-packages/airflow/example_dags/example_datasets.py
[2025-08-12T16:25:33.419+0000] {processor.py:826} INFO - Processing file /home/vscode/.local/lib/python3.10/site-packages/airflow/example_dags/example_datasets.py for tasks to queue
[2025-08-12T16:25:33.419+0000] {logging_mixin.py:150} INFO - [2025-08-12T16:25:33.419+0000] {dagbag.py:541} INFO - Filling up the DagBag from /home/vscode/.local/lib/python3.10/site-packages/airflow/example_dags/example_datasets.py
[2025-08-12T16:25:33.426+0000] {processor.py:836} INFO - DAG(s) dict_keys(['dataset_produces_1', 'dataset_consumes_1', 'dataset_consumes_1_never_scheduled', 'dataset_consumes_unknown_never_scheduled', 'dataset_consumes_1_and_2', 'dataset_produces_2']) retrieved from /home/vscode/.local/lib/python3.10/site-packages/airflow/example_dags/example_datasets.py
[2025-08-12T16:25:33.446+0000] {logging_mixin.py:150} INFO - [2025-08-12T16:25:33.446+0000] {dag.py:2742} INFO - Sync 6 DAGs
[2025-08-12T16:25:33.461+0000] {logging_mixin.py:150} INFO - [2025-08-12T16:25:33.461+0000] {dag.py:3504} INFO - Setting next_dagrun for dataset_consumes_1 to None, run_after=None
[2025-08-12T16:25:33.463+0000] {logging_mixin.py:150} INFO - [2025-08-12T16:25:33.463+0000] {dag.py:3504} INFO - Setting next_dagrun for dataset_consumes_1_and_2 to None, run_after=None
[2025-08-12T16:25:33.464+0000] {logging_mixin.py:150} INFO - [2025-08-12T16:25:33.463+0000] {dag.py:3504} INFO - Setting next_dagrun for dataset_consumes_1_never_scheduled to None, run_after=None
[2025-08-12T16:25:33.464+0000] {logging_mixin.py:150} INFO - [2025-08-12T16:25:33.464+0000] {dag.py:3504} INFO - Setting next_dagrun for dataset_consumes_unknown_never_scheduled to None, run_after=None
[2025-08-12T16:25:33.466+0000] {logging_mixin.py:150} INFO - [2025-08-12T16:25:33.466+0000] {dag.py:3504} INFO - Setting next_dagrun for dataset_produces_1 to 2025-08-11T00:00:00+00:00, run_after=2025-08-12T00:00:00+00:00
[2025-08-12T16:25:33.467+0000] {logging_mixin.py:150} INFO - [2025-08-12T16:25:33.467+0000] {dag.py:3504} INFO - Setting next_dagrun for dataset_produces_2 to None, run_after=None
[2025-08-12T16:25:33.488+0000] {processor.py:179} INFO - Processing /home/vscode/.local/lib/python3.10/site-packages/airflow/example_dags/example_datasets.py took 0.072 seconds
[2025-08-12T16:26:18.842+0000] {processor.py:157} INFO - Started process (PID=38570) to work on /home/vscode/.local/lib/python3.10/site-packages/airflow/example_dags/example_datasets.py
[2025-08-12T16:26:18.843+0000] {processor.py:826} INFO - Processing file /home/vscode/.local/lib/python3.10/site-packages/airflow/example_dags/example_datasets.py for tasks to queue
[2025-08-12T16:26:18.843+0000] {logging_mixin.py:150} INFO - [2025-08-12T16:26:18.843+0000] {dagbag.py:541} INFO - Filling up the DagBag from /home/vscode/.local/lib/python3.10/site-packages/airflow/example_dags/example_datasets.py
[2025-08-12T16:26:18.850+0000] {processor.py:836} INFO - DAG(s) dict_keys(['dataset_produces_1', 'dataset_consumes_1_never_scheduled', 'dataset_produces_2', 'dataset_consumes_1', 'dataset_consumes_1_and_2', 'dataset_consumes_unknown_never_scheduled']) retrieved from /home/vscode/.local/lib/python3.10/site-packages/airflow/example_dags/example_datasets.py
[2025-08-12T16:26:18.871+0000] {logging_mixin.py:150} INFO - [2025-08-12T16:26:18.871+0000] {dag.py:2742} INFO - Sync 6 DAGs
[2025-08-12T16:26:18.886+0000] {logging_mixin.py:150} INFO - [2025-08-12T16:26:18.885+0000] {dag.py:3504} INFO - Setting next_dagrun for dataset_consumes_1 to None, run_after=None
[2025-08-12T16:26:18.888+0000] {logging_mixin.py:150} INFO - [2025-08-12T16:26:18.888+0000] {dag.py:3504} INFO - Setting next_dagrun for dataset_consumes_1_and_2 to None, run_after=None
[2025-08-12T16:26:18.888+0000] {logging_mixin.py:150} INFO - [2025-08-12T16:26:18.888+0000] {dag.py:3504} INFO - Setting next_dagrun for dataset_consumes_1_never_scheduled to None, run_after=None
[2025-08-12T16:26:18.889+0000] {logging_mixin.py:150} INFO - [2025-08-12T16:26:18.889+0000] {dag.py:3504} INFO - Setting next_dagrun for dataset_consumes_unknown_never_scheduled to None, run_after=None
[2025-08-12T16:26:18.891+0000] {logging_mixin.py:150} INFO - [2025-08-12T16:26:18.891+0000] {dag.py:3504} INFO - Setting next_dagrun for dataset_produces_1 to 2025-08-11T00:00:00+00:00, run_after=2025-08-12T00:00:00+00:00
[2025-08-12T16:26:18.891+0000] {logging_mixin.py:150} INFO - [2025-08-12T16:26:18.891+0000] {dag.py:3504} INFO - Setting next_dagrun for dataset_produces_2 to None, run_after=None
[2025-08-12T16:26:18.922+0000] {processor.py:179} INFO - Processing /home/vscode/.local/lib/python3.10/site-packages/airflow/example_dags/example_datasets.py took 0.082 seconds
[2025-08-12T16:27:11.095+0000] {processor.py:157} INFO - Started process (PID=38915) to work on /home/vscode/.local/lib/python3.10/site-packages/airflow/example_dags/example_datasets.py
[2025-08-12T16:27:11.096+0000] {processor.py:826} INFO - Processing file /home/vscode/.local/lib/python3.10/site-packages/airflow/example_dags/example_datasets.py for tasks to queue
[2025-08-12T16:27:11.097+0000] {logging_mixin.py:150} INFO - [2025-08-12T16:27:11.096+0000] {dagbag.py:541} INFO - Filling up the DagBag from /home/vscode/.local/lib/python3.10/site-packages/airflow/example_dags/example_datasets.py
[2025-08-12T16:27:11.103+0000] {processor.py:836} INFO - DAG(s) dict_keys(['dataset_produces_1', 'dataset_consumes_1_never_scheduled', 'dataset_consumes_1_and_2', 'dataset_produces_2', 'dataset_consumes_unknown_never_scheduled', 'dataset_consumes_1']) retrieved from /home/vscode/.local/lib/python3.10/site-packages/airflow/example_dags/example_datasets.py
[2025-08-12T16:27:11.123+0000] {logging_mixin.py:150} INFO - [2025-08-12T16:27:11.123+0000] {dag.py:2742} INFO - Sync 6 DAGs
[2025-08-12T16:27:11.138+0000] {logging_mixin.py:150} INFO - [2025-08-12T16:27:11.138+0000] {dag.py:3504} INFO - Setting next_dagrun for dataset_consumes_1 to None, run_after=None
[2025-08-12T16:27:11.140+0000] {logging_mixin.py:150} INFO - [2025-08-12T16:27:11.140+0000] {dag.py:3504} INFO - Setting next_dagrun for dataset_consumes_1_and_2 to None, run_after=None
[2025-08-12T16:27:11.141+0000] {logging_mixin.py:150} INFO - [2025-08-12T16:27:11.141+0000] {dag.py:3504} INFO - Setting next_dagrun for dataset_consumes_1_never_scheduled to None, run_after=None
[2025-08-12T16:27:11.141+0000] {logging_mixin.py:150} INFO - [2025-08-12T16:27:11.141+0000] {dag.py:3504} INFO - Setting next_dagrun for dataset_consumes_unknown_never_scheduled to None, run_after=None
[2025-08-12T16:27:11.143+0000] {logging_mixin.py:150} INFO - [2025-08-12T16:27:11.143+0000] {dag.py:3504} INFO - Setting next_dagrun for dataset_produces_1 to 2025-08-11T00:00:00+00:00, run_after=2025-08-12T00:00:00+00:00
[2025-08-12T16:27:11.144+0000] {logging_mixin.py:150} INFO - [2025-08-12T16:27:11.144+0000] {dag.py:3504} INFO - Setting next_dagrun for dataset_produces_2 to None, run_after=None
[2025-08-12T16:27:11.167+0000] {processor.py:179} INFO - Processing /home/vscode/.local/lib/python3.10/site-packages/airflow/example_dags/example_datasets.py took 0.073 seconds
[2025-08-12T16:27:54.567+0000] {processor.py:157} INFO - Started process (PID=39209) to work on /home/vscode/.local/lib/python3.10/site-packages/airflow/example_dags/example_datasets.py
[2025-08-12T16:27:54.567+0000] {processor.py:826} INFO - Processing file /home/vscode/.local/lib/python3.10/site-packages/airflow/example_dags/example_datasets.py for tasks to queue
[2025-08-12T16:27:54.568+0000] {logging_mixin.py:150} INFO - [2025-08-12T16:27:54.568+0000] {dagbag.py:541} INFO - Filling up the DagBag from /home/vscode/.local/lib/python3.10/site-packages/airflow/example_dags/example_datasets.py
[2025-08-12T16:27:54.574+0000] {processor.py:836} INFO - DAG(s) dict_keys(['dataset_consumes_unknown_never_scheduled', 'dataset_consumes_1_and_2', 'dataset_produces_1', 'dataset_produces_2', 'dataset_consumes_1_never_scheduled', 'dataset_consumes_1']) retrieved from /home/vscode/.local/lib/python3.10/site-packages/airflow/example_dags/example_datasets.py
[2025-08-12T16:27:54.594+0000] {logging_mixin.py:150} INFO - [2025-08-12T16:27:54.594+0000] {dag.py:2742} INFO - Sync 6 DAGs
[2025-08-12T16:27:54.608+0000] {logging_mixin.py:150} INFO - [2025-08-12T16:27:54.608+0000] {dag.py:3504} INFO - Setting next_dagrun for dataset_consumes_1 to None, run_after=None
[2025-08-12T16:27:54.611+0000] {logging_mixin.py:150} INFO - [2025-08-12T16:27:54.611+0000] {dag.py:3504} INFO - Setting next_dagrun for dataset_consumes_1_and_2 to None, run_after=None
[2025-08-12T16:27:54.612+0000] {logging_mixin.py:150} INFO - [2025-08-12T16:27:54.612+0000] {dag.py:3504} INFO - Setting next_dagrun for dataset_consumes_1_never_scheduled to None, run_after=None
[2025-08-12T16:27:54.612+0000] {logging_mixin.py:150} INFO - [2025-08-12T16:27:54.612+0000] {dag.py:3504} INFO - Setting next_dagrun for dataset_consumes_unknown_never_scheduled to None, run_after=None
[2025-08-12T16:27:54.614+0000] {logging_mixin.py:150} INFO - [2025-08-12T16:27:54.614+0000] {dag.py:3504} INFO - Setting next_dagrun for dataset_produces_1 to 2025-08-11T00:00:00+00:00, run_after=2025-08-12T00:00:00+00:00
[2025-08-12T16:27:54.615+0000] {logging_mixin.py:150} INFO - [2025-08-12T16:27:54.615+0000] {dag.py:3504} INFO - Setting next_dagrun for dataset_produces_2 to None, run_after=None
[2025-08-12T16:27:54.636+0000] {processor.py:179} INFO - Processing /home/vscode/.local/lib/python3.10/site-packages/airflow/example_dags/example_datasets.py took 0.071 seconds
[2025-08-12T16:28:40.401+0000] {processor.py:157} INFO - Started process (PID=39519) to work on /home/vscode/.local/lib/python3.10/site-packages/airflow/example_dags/example_datasets.py
[2025-08-12T16:28:40.402+0000] {processor.py:826} INFO - Processing file /home/vscode/.local/lib/python3.10/site-packages/airflow/example_dags/example_datasets.py for tasks to queue
[2025-08-12T16:28:40.402+0000] {logging_mixin.py:150} INFO - [2025-08-12T16:28:40.402+0000] {dagbag.py:541} INFO - Filling up the DagBag from /home/vscode/.local/lib/python3.10/site-packages/airflow/example_dags/example_datasets.py
[2025-08-12T16:28:40.409+0000] {processor.py:836} INFO - DAG(s) dict_keys(['dataset_produces_1', 'dataset_consumes_1_never_scheduled', 'dataset_consumes_1_and_2', 'dataset_produces_2', 'dataset_consumes_1', 'dataset_consumes_unknown_never_scheduled']) retrieved from /home/vscode/.local/lib/python3.10/site-packages/airflow/example_dags/example_datasets.py
[2025-08-12T16:28:40.430+0000] {logging_mixin.py:150} INFO - [2025-08-12T16:28:40.430+0000] {dag.py:2742} INFO - Sync 6 DAGs
[2025-08-12T16:28:40.444+0000] {logging_mixin.py:150} INFO - [2025-08-12T16:28:40.444+0000] {dag.py:3504} INFO - Setting next_dagrun for dataset_consumes_1 to None, run_after=None
[2025-08-12T16:28:40.446+0000] {logging_mixin.py:150} INFO - [2025-08-12T16:28:40.446+0000] {dag.py:3504} INFO - Setting next_dagrun for dataset_consumes_1_and_2 to None, run_after=None
[2025-08-12T16:28:40.447+0000] {logging_mixin.py:150} INFO - [2025-08-12T16:28:40.447+0000] {dag.py:3504} INFO - Setting next_dagrun for dataset_consumes_1_never_scheduled to None, run_after=None
[2025-08-12T16:28:40.448+0000] {logging_mixin.py:150} INFO - [2025-08-12T16:28:40.448+0000] {dag.py:3504} INFO - Setting next_dagrun for dataset_consumes_unknown_never_scheduled to None, run_after=None
[2025-08-12T16:28:40.449+0000] {logging_mixin.py:150} INFO - [2025-08-12T16:28:40.449+0000] {dag.py:3504} INFO - Setting next_dagrun for dataset_produces_1 to 2025-08-11T00:00:00+00:00, run_after=2025-08-12T00:00:00+00:00
[2025-08-12T16:28:40.450+0000] {logging_mixin.py:150} INFO - [2025-08-12T16:28:40.450+0000] {dag.py:3504} INFO - Setting next_dagrun for dataset_produces_2 to None, run_after=None
[2025-08-12T16:28:40.471+0000] {processor.py:179} INFO - Processing /home/vscode/.local/lib/python3.10/site-packages/airflow/example_dags/example_datasets.py took 0.072 seconds
[2025-08-12T16:29:27.244+0000] {processor.py:157} INFO - Started process (PID=39821) to work on /home/vscode/.local/lib/python3.10/site-packages/airflow/example_dags/example_datasets.py
[2025-08-12T16:29:27.244+0000] {processor.py:826} INFO - Processing file /home/vscode/.local/lib/python3.10/site-packages/airflow/example_dags/example_datasets.py for tasks to queue
[2025-08-12T16:29:27.245+0000] {logging_mixin.py:150} INFO - [2025-08-12T16:29:27.245+0000] {dagbag.py:541} INFO - Filling up the DagBag from /home/vscode/.local/lib/python3.10/site-packages/airflow/example_dags/example_datasets.py
[2025-08-12T16:29:27.252+0000] {processor.py:836} INFO - DAG(s) dict_keys(['dataset_consumes_1', 'dataset_consumes_unknown_never_scheduled', 'dataset_consumes_1_and_2', 'dataset_produces_2', 'dataset_consumes_1_never_scheduled', 'dataset_produces_1']) retrieved from /home/vscode/.local/lib/python3.10/site-packages/airflow/example_dags/example_datasets.py
[2025-08-12T16:29:27.271+0000] {logging_mixin.py:150} INFO - [2025-08-12T16:29:27.271+0000] {dag.py:2742} INFO - Sync 6 DAGs
[2025-08-12T16:29:27.286+0000] {logging_mixin.py:150} INFO - [2025-08-12T16:29:27.286+0000] {dag.py:3504} INFO - Setting next_dagrun for dataset_consumes_1 to None, run_after=None
[2025-08-12T16:29:27.288+0000] {logging_mixin.py:150} INFO - [2025-08-12T16:29:27.288+0000] {dag.py:3504} INFO - Setting next_dagrun for dataset_consumes_1_and_2 to None, run_after=None
[2025-08-12T16:29:27.289+0000] {logging_mixin.py:150} INFO - [2025-08-12T16:29:27.289+0000] {dag.py:3504} INFO - Setting next_dagrun for dataset_consumes_1_never_scheduled to None, run_after=None
[2025-08-12T16:29:27.290+0000] {logging_mixin.py:150} INFO - [2025-08-12T16:29:27.290+0000] {dag.py:3504} INFO - Setting next_dagrun for dataset_consumes_unknown_never_scheduled to None, run_after=None
[2025-08-12T16:29:27.291+0000] {logging_mixin.py:150} INFO - [2025-08-12T16:29:27.291+0000] {dag.py:3504} INFO - Setting next_dagrun for dataset_produces_1 to 2025-08-11T00:00:00+00:00, run_after=2025-08-12T00:00:00+00:00
[2025-08-12T16:29:27.292+0000] {logging_mixin.py:150} INFO - [2025-08-12T16:29:27.292+0000] {dag.py:3504} INFO - Setting next_dagrun for dataset_produces_2 to None, run_after=None
[2025-08-12T16:29:27.314+0000] {processor.py:179} INFO - Processing /home/vscode/.local/lib/python3.10/site-packages/airflow/example_dags/example_datasets.py took 0.072 seconds
[2025-08-12T16:30:10.670+0000] {processor.py:157} INFO - Started process (PID=40114) to work on /home/vscode/.local/lib/python3.10/site-packages/airflow/example_dags/example_datasets.py
[2025-08-12T16:30:10.671+0000] {processor.py:826} INFO - Processing file /home/vscode/.local/lib/python3.10/site-packages/airflow/example_dags/example_datasets.py for tasks to queue
[2025-08-12T16:30:10.671+0000] {logging_mixin.py:150} INFO - [2025-08-12T16:30:10.671+0000] {dagbag.py:541} INFO - Filling up the DagBag from /home/vscode/.local/lib/python3.10/site-packages/airflow/example_dags/example_datasets.py
[2025-08-12T16:30:10.678+0000] {processor.py:836} INFO - DAG(s) dict_keys(['dataset_produces_1', 'dataset_consumes_1_never_scheduled', 'dataset_consumes_1', 'dataset_consumes_unknown_never_scheduled', 'dataset_consumes_1_and_2', 'dataset_produces_2']) retrieved from /home/vscode/.local/lib/python3.10/site-packages/airflow/example_dags/example_datasets.py
[2025-08-12T16:30:10.698+0000] {logging_mixin.py:150} INFO - [2025-08-12T16:30:10.698+0000] {dag.py:2742} INFO - Sync 6 DAGs
[2025-08-12T16:30:10.713+0000] {logging_mixin.py:150} INFO - [2025-08-12T16:30:10.713+0000] {dag.py:3504} INFO - Setting next_dagrun for dataset_consumes_1 to None, run_after=None
[2025-08-12T16:30:10.715+0000] {logging_mixin.py:150} INFO - [2025-08-12T16:30:10.715+0000] {dag.py:3504} INFO - Setting next_dagrun for dataset_consumes_1_and_2 to None, run_after=None
[2025-08-12T16:30:10.716+0000] {logging_mixin.py:150} INFO - [2025-08-12T16:30:10.716+0000] {dag.py:3504} INFO - Setting next_dagrun for dataset_consumes_1_never_scheduled to None, run_after=None
[2025-08-12T16:30:10.716+0000] {logging_mixin.py:150} INFO - [2025-08-12T16:30:10.716+0000] {dag.py:3504} INFO - Setting next_dagrun for dataset_consumes_unknown_never_scheduled to None, run_after=None
[2025-08-12T16:30:10.718+0000] {logging_mixin.py:150} INFO - [2025-08-12T16:30:10.718+0000] {dag.py:3504} INFO - Setting next_dagrun for dataset_produces_1 to 2025-08-11T00:00:00+00:00, run_after=2025-08-12T00:00:00+00:00
[2025-08-12T16:30:10.719+0000] {logging_mixin.py:150} INFO - [2025-08-12T16:30:10.719+0000] {dag.py:3504} INFO - Setting next_dagrun for dataset_produces_2 to None, run_after=None
[2025-08-12T16:30:10.741+0000] {processor.py:179} INFO - Processing /home/vscode/.local/lib/python3.10/site-packages/airflow/example_dags/example_datasets.py took 0.073 seconds
