[2025-08-12T15:36:46.272+0000] {processor.py:157} INFO - Started process (PID=17852) to work on /home/vscode/.local/lib/python3.10/site-packages/airflow/example_dags/example_trigger_controller_dag.py
[2025-08-12T15:36:46.273+0000] {processor.py:826} INFO - Processing file /home/vscode/.local/lib/python3.10/site-packages/airflow/example_dags/example_trigger_controller_dag.py for tasks to queue
[2025-08-12T15:36:46.273+0000] {logging_mixin.py:150} INFO - [2025-08-12T15:36:46.273+0000] {dagbag.py:541} INFO - Filling up the DagBag from /home/vscode/.local/lib/python3.10/site-packages/airflow/example_dags/example_trigger_controller_dag.py
[2025-08-12T15:36:46.279+0000] {processor.py:836} INFO - DAG(s) dict_keys(['example_trigger_controller_dag']) retrieved from /home/vscode/.local/lib/python3.10/site-packages/airflow/example_dags/example_trigger_controller_dag.py
[2025-08-12T15:36:46.356+0000] {logging_mixin.py:150} INFO - [2025-08-12T15:36:46.356+0000] {manager.py:504} INFO - Created Permission View: can edit on DAG:example_trigger_controller_dag
[2025-08-12T15:36:46.367+0000] {logging_mixin.py:150} INFO - [2025-08-12T15:36:46.367+0000] {manager.py:504} INFO - Created Permission View: can read on DAG:example_trigger_controller_dag
[2025-08-12T15:36:46.375+0000] {logging_mixin.py:150} INFO - [2025-08-12T15:36:46.375+0000] {manager.py:504} INFO - Created Permission View: can delete on DAG:example_trigger_controller_dag
[2025-08-12T15:36:46.386+0000] {logging_mixin.py:150} INFO - [2025-08-12T15:36:46.386+0000] {dag.py:2742} INFO - Sync 1 DAGs
[2025-08-12T15:36:46.398+0000] {logging_mixin.py:150} INFO - [2025-08-12T15:36:46.398+0000] {dag.py:2763} INFO - Creating ORM DAG for example_trigger_controller_dag
[2025-08-12T15:36:46.408+0000] {logging_mixin.py:150} INFO - [2025-08-12T15:36:46.408+0000] {dag.py:3504} INFO - Setting next_dagrun for example_trigger_controller_dag to 2021-01-01T00:00:00+00:00, run_after=2021-01-01T00:00:00+00:00
[2025-08-12T15:36:46.434+0000] {processor.py:179} INFO - Processing /home/vscode/.local/lib/python3.10/site-packages/airflow/example_dags/example_trigger_controller_dag.py took 0.164 seconds
[2025-08-12T15:37:33.870+0000] {processor.py:157} INFO - Started process (PID=18208) to work on /home/vscode/.local/lib/python3.10/site-packages/airflow/example_dags/example_trigger_controller_dag.py
[2025-08-12T15:37:33.871+0000] {processor.py:826} INFO - Processing file /home/vscode/.local/lib/python3.10/site-packages/airflow/example_dags/example_trigger_controller_dag.py for tasks to queue
[2025-08-12T15:37:33.872+0000] {logging_mixin.py:150} INFO - [2025-08-12T15:37:33.871+0000] {dagbag.py:541} INFO - Filling up the DagBag from /home/vscode/.local/lib/python3.10/site-packages/airflow/example_dags/example_trigger_controller_dag.py
[2025-08-12T15:37:33.877+0000] {processor.py:836} INFO - DAG(s) dict_keys(['example_trigger_controller_dag']) retrieved from /home/vscode/.local/lib/python3.10/site-packages/airflow/example_dags/example_trigger_controller_dag.py
[2025-08-12T15:37:33.896+0000] {logging_mixin.py:150} INFO - [2025-08-12T15:37:33.896+0000] {dag.py:2742} INFO - Sync 1 DAGs
[2025-08-12T15:37:33.917+0000] {logging_mixin.py:150} INFO - [2025-08-12T15:37:33.917+0000] {dag.py:3504} INFO - Setting next_dagrun for example_trigger_controller_dag to 2021-01-01T00:00:00+00:00, run_after=2021-01-01T00:00:00+00:00
[2025-08-12T15:37:33.945+0000] {processor.py:179} INFO - Processing /home/vscode/.local/lib/python3.10/site-packages/airflow/example_dags/example_trigger_controller_dag.py took 0.078 seconds
[2025-08-12T15:38:19.639+0000] {processor.py:157} INFO - Started process (PID=18570) to work on /home/vscode/.local/lib/python3.10/site-packages/airflow/example_dags/example_trigger_controller_dag.py
[2025-08-12T15:38:19.639+0000] {processor.py:826} INFO - Processing file /home/vscode/.local/lib/python3.10/site-packages/airflow/example_dags/example_trigger_controller_dag.py for tasks to queue
[2025-08-12T15:38:19.640+0000] {logging_mixin.py:150} INFO - [2025-08-12T15:38:19.640+0000] {dagbag.py:541} INFO - Filling up the DagBag from /home/vscode/.local/lib/python3.10/site-packages/airflow/example_dags/example_trigger_controller_dag.py
[2025-08-12T15:38:19.644+0000] {processor.py:836} INFO - DAG(s) dict_keys(['example_trigger_controller_dag']) retrieved from /home/vscode/.local/lib/python3.10/site-packages/airflow/example_dags/example_trigger_controller_dag.py
[2025-08-12T15:38:19.656+0000] {logging_mixin.py:150} INFO - [2025-08-12T15:38:19.656+0000] {dag.py:2742} INFO - Sync 1 DAGs
[2025-08-12T15:38:19.671+0000] {logging_mixin.py:150} INFO - [2025-08-12T15:38:19.671+0000] {dag.py:3504} INFO - Setting next_dagrun for example_trigger_controller_dag to 2021-01-01T00:00:00+00:00, run_after=2021-01-01T00:00:00+00:00
[2025-08-12T15:38:19.687+0000] {processor.py:179} INFO - Processing /home/vscode/.local/lib/python3.10/site-packages/airflow/example_dags/example_trigger_controller_dag.py took 0.050 seconds
[2025-08-12T15:39:07.841+0000] {processor.py:157} INFO - Started process (PID=18970) to work on /home/vscode/.local/lib/python3.10/site-packages/airflow/example_dags/example_trigger_controller_dag.py
[2025-08-12T15:39:07.842+0000] {processor.py:826} INFO - Processing file /home/vscode/.local/lib/python3.10/site-packages/airflow/example_dags/example_trigger_controller_dag.py for tasks to queue
[2025-08-12T15:39:07.842+0000] {logging_mixin.py:150} INFO - [2025-08-12T15:39:07.842+0000] {dagbag.py:541} INFO - Filling up the DagBag from /home/vscode/.local/lib/python3.10/site-packages/airflow/example_dags/example_trigger_controller_dag.py
[2025-08-12T15:39:07.846+0000] {processor.py:836} INFO - DAG(s) dict_keys(['example_trigger_controller_dag']) retrieved from /home/vscode/.local/lib/python3.10/site-packages/airflow/example_dags/example_trigger_controller_dag.py
[2025-08-12T15:39:07.857+0000] {logging_mixin.py:150} INFO - [2025-08-12T15:39:07.857+0000] {dag.py:2742} INFO - Sync 1 DAGs
[2025-08-12T15:39:07.871+0000] {logging_mixin.py:150} INFO - [2025-08-12T15:39:07.871+0000] {dag.py:3504} INFO - Setting next_dagrun for example_trigger_controller_dag to 2021-01-01T00:00:00+00:00, run_after=2021-01-01T00:00:00+00:00
[2025-08-12T15:39:07.888+0000] {processor.py:179} INFO - Processing /home/vscode/.local/lib/python3.10/site-packages/airflow/example_dags/example_trigger_controller_dag.py took 0.049 seconds
[2025-08-12T15:39:49.667+0000] {processor.py:157} INFO - Started process (PID=19253) to work on /home/vscode/.local/lib/python3.10/site-packages/airflow/example_dags/example_trigger_controller_dag.py
[2025-08-12T15:39:49.668+0000] {processor.py:826} INFO - Processing file /home/vscode/.local/lib/python3.10/site-packages/airflow/example_dags/example_trigger_controller_dag.py for tasks to queue
[2025-08-12T15:39:49.669+0000] {logging_mixin.py:150} INFO - [2025-08-12T15:39:49.668+0000] {dagbag.py:541} INFO - Filling up the DagBag from /home/vscode/.local/lib/python3.10/site-packages/airflow/example_dags/example_trigger_controller_dag.py
[2025-08-12T15:39:49.672+0000] {processor.py:836} INFO - DAG(s) dict_keys(['example_trigger_controller_dag']) retrieved from /home/vscode/.local/lib/python3.10/site-packages/airflow/example_dags/example_trigger_controller_dag.py
[2025-08-12T15:39:49.684+0000] {logging_mixin.py:150} INFO - [2025-08-12T15:39:49.684+0000] {dag.py:2742} INFO - Sync 1 DAGs
[2025-08-12T15:39:49.698+0000] {logging_mixin.py:150} INFO - [2025-08-12T15:39:49.698+0000] {dag.py:3504} INFO - Setting next_dagrun for example_trigger_controller_dag to 2021-01-01T00:00:00+00:00, run_after=2021-01-01T00:00:00+00:00
[2025-08-12T15:39:49.714+0000] {processor.py:179} INFO - Processing /home/vscode/.local/lib/python3.10/site-packages/airflow/example_dags/example_trigger_controller_dag.py took 0.049 seconds
[2025-08-12T15:40:37.836+0000] {processor.py:157} INFO - Started process (PID=19566) to work on /home/vscode/.local/lib/python3.10/site-packages/airflow/example_dags/example_trigger_controller_dag.py
[2025-08-12T15:40:37.836+0000] {processor.py:826} INFO - Processing file /home/vscode/.local/lib/python3.10/site-packages/airflow/example_dags/example_trigger_controller_dag.py for tasks to queue
[2025-08-12T15:40:37.837+0000] {logging_mixin.py:150} INFO - [2025-08-12T15:40:37.837+0000] {dagbag.py:541} INFO - Filling up the DagBag from /home/vscode/.local/lib/python3.10/site-packages/airflow/example_dags/example_trigger_controller_dag.py
[2025-08-12T15:40:37.840+0000] {processor.py:836} INFO - DAG(s) dict_keys(['example_trigger_controller_dag']) retrieved from /home/vscode/.local/lib/python3.10/site-packages/airflow/example_dags/example_trigger_controller_dag.py
[2025-08-12T15:40:37.853+0000] {logging_mixin.py:150} INFO - [2025-08-12T15:40:37.853+0000] {dag.py:2742} INFO - Sync 1 DAGs
[2025-08-12T15:40:37.872+0000] {logging_mixin.py:150} INFO - [2025-08-12T15:40:37.872+0000] {dag.py:3504} INFO - Setting next_dagrun for example_trigger_controller_dag to 2021-01-01T00:00:00+00:00, run_after=2021-01-01T00:00:00+00:00
[2025-08-12T15:40:37.895+0000] {processor.py:179} INFO - Processing /home/vscode/.local/lib/python3.10/site-packages/airflow/example_dags/example_trigger_controller_dag.py took 0.061 seconds
[2025-08-12T15:41:20.179+0000] {processor.py:157} INFO - Started process (PID=19849) to work on /home/vscode/.local/lib/python3.10/site-packages/airflow/example_dags/example_trigger_controller_dag.py
[2025-08-12T15:41:20.179+0000] {processor.py:826} INFO - Processing file /home/vscode/.local/lib/python3.10/site-packages/airflow/example_dags/example_trigger_controller_dag.py for tasks to queue
[2025-08-12T15:41:20.180+0000] {logging_mixin.py:150} INFO - [2025-08-12T15:41:20.180+0000] {dagbag.py:541} INFO - Filling up the DagBag from /home/vscode/.local/lib/python3.10/site-packages/airflow/example_dags/example_trigger_controller_dag.py
[2025-08-12T15:41:20.183+0000] {processor.py:836} INFO - DAG(s) dict_keys(['example_trigger_controller_dag']) retrieved from /home/vscode/.local/lib/python3.10/site-packages/airflow/example_dags/example_trigger_controller_dag.py
[2025-08-12T15:41:20.195+0000] {logging_mixin.py:150} INFO - [2025-08-12T15:41:20.195+0000] {dag.py:2742} INFO - Sync 1 DAGs
[2025-08-12T15:41:20.209+0000] {logging_mixin.py:150} INFO - [2025-08-12T15:41:20.209+0000] {dag.py:3504} INFO - Setting next_dagrun for example_trigger_controller_dag to 2021-01-01T00:00:00+00:00, run_after=2021-01-01T00:00:00+00:00
[2025-08-12T15:41:20.225+0000] {processor.py:179} INFO - Processing /home/vscode/.local/lib/python3.10/site-packages/airflow/example_dags/example_trigger_controller_dag.py took 0.048 seconds
[2025-08-12T15:42:06.466+0000] {processor.py:157} INFO - Started process (PID=20164) to work on /home/vscode/.local/lib/python3.10/site-packages/airflow/example_dags/example_trigger_controller_dag.py
[2025-08-12T15:42:06.466+0000] {processor.py:826} INFO - Processing file /home/vscode/.local/lib/python3.10/site-packages/airflow/example_dags/example_trigger_controller_dag.py for tasks to queue
[2025-08-12T15:42:06.467+0000] {logging_mixin.py:150} INFO - [2025-08-12T15:42:06.466+0000] {dagbag.py:541} INFO - Filling up the DagBag from /home/vscode/.local/lib/python3.10/site-packages/airflow/example_dags/example_trigger_controller_dag.py
[2025-08-12T15:42:06.470+0000] {processor.py:836} INFO - DAG(s) dict_keys(['example_trigger_controller_dag']) retrieved from /home/vscode/.local/lib/python3.10/site-packages/airflow/example_dags/example_trigger_controller_dag.py
[2025-08-12T15:42:06.483+0000] {logging_mixin.py:150} INFO - [2025-08-12T15:42:06.483+0000] {dag.py:2742} INFO - Sync 1 DAGs
[2025-08-12T15:42:06.498+0000] {logging_mixin.py:150} INFO - [2025-08-12T15:42:06.498+0000] {dag.py:3504} INFO - Setting next_dagrun for example_trigger_controller_dag to 2021-01-01T00:00:00+00:00, run_after=2021-01-01T00:00:00+00:00
[2025-08-12T15:42:06.514+0000] {processor.py:179} INFO - Processing /home/vscode/.local/lib/python3.10/site-packages/airflow/example_dags/example_trigger_controller_dag.py took 0.052 seconds
[2025-08-12T15:42:49.524+0000] {processor.py:157} INFO - Started process (PID=20452) to work on /home/vscode/.local/lib/python3.10/site-packages/airflow/example_dags/example_trigger_controller_dag.py
[2025-08-12T15:42:49.524+0000] {processor.py:826} INFO - Processing file /home/vscode/.local/lib/python3.10/site-packages/airflow/example_dags/example_trigger_controller_dag.py for tasks to queue
[2025-08-12T15:42:49.525+0000] {logging_mixin.py:150} INFO - [2025-08-12T15:42:49.525+0000] {dagbag.py:541} INFO - Filling up the DagBag from /home/vscode/.local/lib/python3.10/site-packages/airflow/example_dags/example_trigger_controller_dag.py
[2025-08-12T15:42:49.528+0000] {processor.py:836} INFO - DAG(s) dict_keys(['example_trigger_controller_dag']) retrieved from /home/vscode/.local/lib/python3.10/site-packages/airflow/example_dags/example_trigger_controller_dag.py
[2025-08-12T15:42:49.540+0000] {logging_mixin.py:150} INFO - [2025-08-12T15:42:49.540+0000] {dag.py:2742} INFO - Sync 1 DAGs
[2025-08-12T15:42:49.554+0000] {logging_mixin.py:150} INFO - [2025-08-12T15:42:49.554+0000] {dag.py:3504} INFO - Setting next_dagrun for example_trigger_controller_dag to 2021-01-01T00:00:00+00:00, run_after=2021-01-01T00:00:00+00:00
[2025-08-12T15:42:49.569+0000] {processor.py:179} INFO - Processing /home/vscode/.local/lib/python3.10/site-packages/airflow/example_dags/example_trigger_controller_dag.py took 0.047 seconds
[2025-08-12T15:43:29.513+0000] {processor.py:157} INFO - Started process (PID=20712) to work on /home/vscode/.local/lib/python3.10/site-packages/airflow/example_dags/example_trigger_controller_dag.py
[2025-08-12T15:43:29.514+0000] {processor.py:826} INFO - Processing file /home/vscode/.local/lib/python3.10/site-packages/airflow/example_dags/example_trigger_controller_dag.py for tasks to queue
[2025-08-12T15:43:29.514+0000] {logging_mixin.py:150} INFO - [2025-08-12T15:43:29.514+0000] {dagbag.py:541} INFO - Filling up the DagBag from /home/vscode/.local/lib/python3.10/site-packages/airflow/example_dags/example_trigger_controller_dag.py
[2025-08-12T15:43:29.517+0000] {processor.py:836} INFO - DAG(s) dict_keys(['example_trigger_controller_dag']) retrieved from /home/vscode/.local/lib/python3.10/site-packages/airflow/example_dags/example_trigger_controller_dag.py
[2025-08-12T15:43:29.529+0000] {logging_mixin.py:150} INFO - [2025-08-12T15:43:29.528+0000] {dag.py:2742} INFO - Sync 1 DAGs
[2025-08-12T15:43:29.542+0000] {logging_mixin.py:150} INFO - [2025-08-12T15:43:29.542+0000] {dag.py:3504} INFO - Setting next_dagrun for example_trigger_controller_dag to 2021-01-01T00:00:00+00:00, run_after=2021-01-01T00:00:00+00:00
[2025-08-12T15:43:29.557+0000] {processor.py:179} INFO - Processing /home/vscode/.local/lib/python3.10/site-packages/airflow/example_dags/example_trigger_controller_dag.py took 0.047 seconds
[2025-08-12T15:44:14.131+0000] {processor.py:157} INFO - Started process (PID=21005) to work on /home/vscode/.local/lib/python3.10/site-packages/airflow/example_dags/example_trigger_controller_dag.py
[2025-08-12T15:44:14.132+0000] {processor.py:826} INFO - Processing file /home/vscode/.local/lib/python3.10/site-packages/airflow/example_dags/example_trigger_controller_dag.py for tasks to queue
[2025-08-12T15:44:14.133+0000] {logging_mixin.py:150} INFO - [2025-08-12T15:44:14.132+0000] {dagbag.py:541} INFO - Filling up the DagBag from /home/vscode/.local/lib/python3.10/site-packages/airflow/example_dags/example_trigger_controller_dag.py
[2025-08-12T15:44:14.136+0000] {processor.py:836} INFO - DAG(s) dict_keys(['example_trigger_controller_dag']) retrieved from /home/vscode/.local/lib/python3.10/site-packages/airflow/example_dags/example_trigger_controller_dag.py
[2025-08-12T15:44:14.149+0000] {logging_mixin.py:150} INFO - [2025-08-12T15:44:14.148+0000] {dag.py:2742} INFO - Sync 1 DAGs
[2025-08-12T15:44:14.167+0000] {logging_mixin.py:150} INFO - [2025-08-12T15:44:14.167+0000] {dag.py:3504} INFO - Setting next_dagrun for example_trigger_controller_dag to 2021-01-01T00:00:00+00:00, run_after=2021-01-01T00:00:00+00:00
[2025-08-12T15:44:14.185+0000] {processor.py:179} INFO - Processing /home/vscode/.local/lib/python3.10/site-packages/airflow/example_dags/example_trigger_controller_dag.py took 0.056 seconds
[2025-08-12T15:44:54.680+0000] {processor.py:157} INFO - Started process (PID=21280) to work on /home/vscode/.local/lib/python3.10/site-packages/airflow/example_dags/example_trigger_controller_dag.py
[2025-08-12T15:44:54.680+0000] {processor.py:826} INFO - Processing file /home/vscode/.local/lib/python3.10/site-packages/airflow/example_dags/example_trigger_controller_dag.py for tasks to queue
[2025-08-12T15:44:54.681+0000] {logging_mixin.py:150} INFO - [2025-08-12T15:44:54.681+0000] {dagbag.py:541} INFO - Filling up the DagBag from /home/vscode/.local/lib/python3.10/site-packages/airflow/example_dags/example_trigger_controller_dag.py
[2025-08-12T15:44:54.684+0000] {processor.py:836} INFO - DAG(s) dict_keys(['example_trigger_controller_dag']) retrieved from /home/vscode/.local/lib/python3.10/site-packages/airflow/example_dags/example_trigger_controller_dag.py
[2025-08-12T15:44:54.696+0000] {logging_mixin.py:150} INFO - [2025-08-12T15:44:54.695+0000] {dag.py:2742} INFO - Sync 1 DAGs
[2025-08-12T15:44:54.710+0000] {logging_mixin.py:150} INFO - [2025-08-12T15:44:54.710+0000] {dag.py:3504} INFO - Setting next_dagrun for example_trigger_controller_dag to 2021-01-01T00:00:00+00:00, run_after=2021-01-01T00:00:00+00:00
[2025-08-12T15:44:54.725+0000] {processor.py:179} INFO - Processing /home/vscode/.local/lib/python3.10/site-packages/airflow/example_dags/example_trigger_controller_dag.py took 0.047 seconds
[2025-08-12T15:45:38.622+0000] {processor.py:157} INFO - Started process (PID=21573) to work on /home/vscode/.local/lib/python3.10/site-packages/airflow/example_dags/example_trigger_controller_dag.py
[2025-08-12T15:45:38.622+0000] {processor.py:826} INFO - Processing file /home/vscode/.local/lib/python3.10/site-packages/airflow/example_dags/example_trigger_controller_dag.py for tasks to queue
[2025-08-12T15:45:38.623+0000] {logging_mixin.py:150} INFO - [2025-08-12T15:45:38.623+0000] {dagbag.py:541} INFO - Filling up the DagBag from /home/vscode/.local/lib/python3.10/site-packages/airflow/example_dags/example_trigger_controller_dag.py
[2025-08-12T15:45:38.627+0000] {processor.py:836} INFO - DAG(s) dict_keys(['example_trigger_controller_dag']) retrieved from /home/vscode/.local/lib/python3.10/site-packages/airflow/example_dags/example_trigger_controller_dag.py
[2025-08-12T15:45:38.639+0000] {logging_mixin.py:150} INFO - [2025-08-12T15:45:38.638+0000] {dag.py:2742} INFO - Sync 1 DAGs
[2025-08-12T15:45:38.653+0000] {logging_mixin.py:150} INFO - [2025-08-12T15:45:38.652+0000] {dag.py:3504} INFO - Setting next_dagrun for example_trigger_controller_dag to 2021-01-01T00:00:00+00:00, run_after=2021-01-01T00:00:00+00:00
[2025-08-12T15:45:38.668+0000] {processor.py:179} INFO - Processing /home/vscode/.local/lib/python3.10/site-packages/airflow/example_dags/example_trigger_controller_dag.py took 0.049 seconds
[2025-08-12T15:46:22.447+0000] {processor.py:157} INFO - Started process (PID=21865) to work on /home/vscode/.local/lib/python3.10/site-packages/airflow/example_dags/example_trigger_controller_dag.py
[2025-08-12T15:46:22.448+0000] {processor.py:826} INFO - Processing file /home/vscode/.local/lib/python3.10/site-packages/airflow/example_dags/example_trigger_controller_dag.py for tasks to queue
[2025-08-12T15:46:22.448+0000] {logging_mixin.py:150} INFO - [2025-08-12T15:46:22.448+0000] {dagbag.py:541} INFO - Filling up the DagBag from /home/vscode/.local/lib/python3.10/site-packages/airflow/example_dags/example_trigger_controller_dag.py
[2025-08-12T15:46:22.452+0000] {processor.py:836} INFO - DAG(s) dict_keys(['example_trigger_controller_dag']) retrieved from /home/vscode/.local/lib/python3.10/site-packages/airflow/example_dags/example_trigger_controller_dag.py
[2025-08-12T15:46:22.464+0000] {logging_mixin.py:150} INFO - [2025-08-12T15:46:22.464+0000] {dag.py:2742} INFO - Sync 1 DAGs
[2025-08-12T15:46:22.479+0000] {logging_mixin.py:150} INFO - [2025-08-12T15:46:22.479+0000] {dag.py:3504} INFO - Setting next_dagrun for example_trigger_controller_dag to 2021-01-01T00:00:00+00:00, run_after=2021-01-01T00:00:00+00:00
[2025-08-12T15:46:22.495+0000] {processor.py:179} INFO - Processing /home/vscode/.local/lib/python3.10/site-packages/airflow/example_dags/example_trigger_controller_dag.py took 0.050 seconds
[2025-08-12T15:47:04.311+0000] {processor.py:157} INFO - Started process (PID=22145) to work on /home/vscode/.local/lib/python3.10/site-packages/airflow/example_dags/example_trigger_controller_dag.py
[2025-08-12T15:47:04.311+0000] {processor.py:826} INFO - Processing file /home/vscode/.local/lib/python3.10/site-packages/airflow/example_dags/example_trigger_controller_dag.py for tasks to queue
[2025-08-12T15:47:04.312+0000] {logging_mixin.py:150} INFO - [2025-08-12T15:47:04.312+0000] {dagbag.py:541} INFO - Filling up the DagBag from /home/vscode/.local/lib/python3.10/site-packages/airflow/example_dags/example_trigger_controller_dag.py
[2025-08-12T15:47:04.315+0000] {processor.py:836} INFO - DAG(s) dict_keys(['example_trigger_controller_dag']) retrieved from /home/vscode/.local/lib/python3.10/site-packages/airflow/example_dags/example_trigger_controller_dag.py
[2025-08-12T15:47:04.328+0000] {logging_mixin.py:150} INFO - [2025-08-12T15:47:04.328+0000] {dag.py:2742} INFO - Sync 1 DAGs
[2025-08-12T15:47:04.343+0000] {logging_mixin.py:150} INFO - [2025-08-12T15:47:04.342+0000] {dag.py:3504} INFO - Setting next_dagrun for example_trigger_controller_dag to 2021-01-01T00:00:00+00:00, run_after=2021-01-01T00:00:00+00:00
[2025-08-12T15:47:04.359+0000] {processor.py:179} INFO - Processing /home/vscode/.local/lib/python3.10/site-packages/airflow/example_dags/example_trigger_controller_dag.py took 0.051 seconds
[2025-08-12T15:47:46.190+0000] {processor.py:157} INFO - Started process (PID=22422) to work on /home/vscode/.local/lib/python3.10/site-packages/airflow/example_dags/example_trigger_controller_dag.py
[2025-08-12T15:47:46.191+0000] {processor.py:826} INFO - Processing file /home/vscode/.local/lib/python3.10/site-packages/airflow/example_dags/example_trigger_controller_dag.py for tasks to queue
[2025-08-12T15:47:46.192+0000] {logging_mixin.py:150} INFO - [2025-08-12T15:47:46.191+0000] {dagbag.py:541} INFO - Filling up the DagBag from /home/vscode/.local/lib/python3.10/site-packages/airflow/example_dags/example_trigger_controller_dag.py
[2025-08-12T15:47:46.195+0000] {processor.py:836} INFO - DAG(s) dict_keys(['example_trigger_controller_dag']) retrieved from /home/vscode/.local/lib/python3.10/site-packages/airflow/example_dags/example_trigger_controller_dag.py
[2025-08-12T15:47:46.207+0000] {logging_mixin.py:150} INFO - [2025-08-12T15:47:46.207+0000] {dag.py:2742} INFO - Sync 1 DAGs
[2025-08-12T15:47:46.221+0000] {logging_mixin.py:150} INFO - [2025-08-12T15:47:46.221+0000] {dag.py:3504} INFO - Setting next_dagrun for example_trigger_controller_dag to 2021-01-01T00:00:00+00:00, run_after=2021-01-01T00:00:00+00:00
[2025-08-12T15:47:46.236+0000] {processor.py:179} INFO - Processing /home/vscode/.local/lib/python3.10/site-packages/airflow/example_dags/example_trigger_controller_dag.py took 0.049 seconds
[2025-08-12T15:48:25.274+0000] {processor.py:157} INFO - Started process (PID=22687) to work on /home/vscode/.local/lib/python3.10/site-packages/airflow/example_dags/example_trigger_controller_dag.py
[2025-08-12T15:48:25.274+0000] {processor.py:826} INFO - Processing file /home/vscode/.local/lib/python3.10/site-packages/airflow/example_dags/example_trigger_controller_dag.py for tasks to queue
[2025-08-12T15:48:25.275+0000] {logging_mixin.py:150} INFO - [2025-08-12T15:48:25.275+0000] {dagbag.py:541} INFO - Filling up the DagBag from /home/vscode/.local/lib/python3.10/site-packages/airflow/example_dags/example_trigger_controller_dag.py
[2025-08-12T15:48:25.278+0000] {processor.py:836} INFO - DAG(s) dict_keys(['example_trigger_controller_dag']) retrieved from /home/vscode/.local/lib/python3.10/site-packages/airflow/example_dags/example_trigger_controller_dag.py
[2025-08-12T15:48:25.290+0000] {logging_mixin.py:150} INFO - [2025-08-12T15:48:25.289+0000] {dag.py:2742} INFO - Sync 1 DAGs
[2025-08-12T15:48:25.303+0000] {logging_mixin.py:150} INFO - [2025-08-12T15:48:25.303+0000] {dag.py:3504} INFO - Setting next_dagrun for example_trigger_controller_dag to 2021-01-01T00:00:00+00:00, run_after=2021-01-01T00:00:00+00:00
[2025-08-12T15:48:25.324+0000] {processor.py:179} INFO - Processing /home/vscode/.local/lib/python3.10/site-packages/airflow/example_dags/example_trigger_controller_dag.py took 0.052 seconds
[2025-08-12T15:49:06.979+0000] {processor.py:157} INFO - Started process (PID=22983) to work on /home/vscode/.local/lib/python3.10/site-packages/airflow/example_dags/example_trigger_controller_dag.py
[2025-08-12T15:49:06.980+0000] {processor.py:826} INFO - Processing file /home/vscode/.local/lib/python3.10/site-packages/airflow/example_dags/example_trigger_controller_dag.py for tasks to queue
[2025-08-12T15:49:06.980+0000] {logging_mixin.py:150} INFO - [2025-08-12T15:49:06.980+0000] {dagbag.py:541} INFO - Filling up the DagBag from /home/vscode/.local/lib/python3.10/site-packages/airflow/example_dags/example_trigger_controller_dag.py
[2025-08-12T15:49:06.984+0000] {processor.py:836} INFO - DAG(s) dict_keys(['example_trigger_controller_dag']) retrieved from /home/vscode/.local/lib/python3.10/site-packages/airflow/example_dags/example_trigger_controller_dag.py
[2025-08-12T15:49:06.996+0000] {logging_mixin.py:150} INFO - [2025-08-12T15:49:06.996+0000] {dag.py:2742} INFO - Sync 1 DAGs
[2025-08-12T15:49:07.011+0000] {logging_mixin.py:150} INFO - [2025-08-12T15:49:07.011+0000] {dag.py:3504} INFO - Setting next_dagrun for example_trigger_controller_dag to 2021-01-01T00:00:00+00:00, run_after=2021-01-01T00:00:00+00:00
[2025-08-12T15:49:07.027+0000] {processor.py:179} INFO - Processing /home/vscode/.local/lib/python3.10/site-packages/airflow/example_dags/example_trigger_controller_dag.py took 0.050 seconds
[2025-08-12T15:49:48.217+0000] {processor.py:157} INFO - Started process (PID=23290) to work on /home/vscode/.local/lib/python3.10/site-packages/airflow/example_dags/example_trigger_controller_dag.py
[2025-08-12T15:49:48.217+0000] {processor.py:826} INFO - Processing file /home/vscode/.local/lib/python3.10/site-packages/airflow/example_dags/example_trigger_controller_dag.py for tasks to queue
[2025-08-12T15:49:48.218+0000] {logging_mixin.py:150} INFO - [2025-08-12T15:49:48.218+0000] {dagbag.py:541} INFO - Filling up the DagBag from /home/vscode/.local/lib/python3.10/site-packages/airflow/example_dags/example_trigger_controller_dag.py
[2025-08-12T15:49:48.221+0000] {processor.py:836} INFO - DAG(s) dict_keys(['example_trigger_controller_dag']) retrieved from /home/vscode/.local/lib/python3.10/site-packages/airflow/example_dags/example_trigger_controller_dag.py
[2025-08-12T15:49:48.233+0000] {logging_mixin.py:150} INFO - [2025-08-12T15:49:48.233+0000] {dag.py:2742} INFO - Sync 1 DAGs
[2025-08-12T15:49:48.248+0000] {logging_mixin.py:150} INFO - [2025-08-12T15:49:48.247+0000] {dag.py:3504} INFO - Setting next_dagrun for example_trigger_controller_dag to 2021-01-01T00:00:00+00:00, run_after=2021-01-01T00:00:00+00:00
[2025-08-12T15:49:48.265+0000] {processor.py:179} INFO - Processing /home/vscode/.local/lib/python3.10/site-packages/airflow/example_dags/example_trigger_controller_dag.py took 0.050 seconds
[2025-08-12T15:50:22.491+0000] {processor.py:157} INFO - Started process (PID=23657) to work on /home/vscode/.local/lib/python3.10/site-packages/airflow/example_dags/example_trigger_controller_dag.py
[2025-08-12T15:50:22.491+0000] {processor.py:826} INFO - Processing file /home/vscode/.local/lib/python3.10/site-packages/airflow/example_dags/example_trigger_controller_dag.py for tasks to queue
[2025-08-12T15:50:22.492+0000] {logging_mixin.py:150} INFO - [2025-08-12T15:50:22.491+0000] {dagbag.py:541} INFO - Filling up the DagBag from /home/vscode/.local/lib/python3.10/site-packages/airflow/example_dags/example_trigger_controller_dag.py
[2025-08-12T15:50:22.495+0000] {processor.py:836} INFO - DAG(s) dict_keys(['example_trigger_controller_dag']) retrieved from /home/vscode/.local/lib/python3.10/site-packages/airflow/example_dags/example_trigger_controller_dag.py
[2025-08-12T15:50:22.507+0000] {logging_mixin.py:150} INFO - [2025-08-12T15:50:22.506+0000] {dag.py:2742} INFO - Sync 1 DAGs
[2025-08-12T15:50:22.524+0000] {logging_mixin.py:150} INFO - [2025-08-12T15:50:22.524+0000] {dag.py:3504} INFO - Setting next_dagrun for example_trigger_controller_dag to 2021-01-01T00:00:00+00:00, run_after=2021-01-01T00:00:00+00:00
[2025-08-12T15:50:22.543+0000] {processor.py:179} INFO - Processing /home/vscode/.local/lib/python3.10/site-packages/airflow/example_dags/example_trigger_controller_dag.py took 0.055 seconds
[2025-08-12T15:51:06.484+0000] {processor.py:157} INFO - Started process (PID=24009) to work on /home/vscode/.local/lib/python3.10/site-packages/airflow/example_dags/example_trigger_controller_dag.py
[2025-08-12T15:51:06.484+0000] {processor.py:826} INFO - Processing file /home/vscode/.local/lib/python3.10/site-packages/airflow/example_dags/example_trigger_controller_dag.py for tasks to queue
[2025-08-12T15:51:06.485+0000] {logging_mixin.py:150} INFO - [2025-08-12T15:51:06.485+0000] {dagbag.py:541} INFO - Filling up the DagBag from /home/vscode/.local/lib/python3.10/site-packages/airflow/example_dags/example_trigger_controller_dag.py
[2025-08-12T15:51:06.488+0000] {processor.py:836} INFO - DAG(s) dict_keys(['example_trigger_controller_dag']) retrieved from /home/vscode/.local/lib/python3.10/site-packages/airflow/example_dags/example_trigger_controller_dag.py
[2025-08-12T15:51:06.502+0000] {logging_mixin.py:150} INFO - [2025-08-12T15:51:06.501+0000] {dag.py:2742} INFO - Sync 1 DAGs
[2025-08-12T15:51:06.516+0000] {logging_mixin.py:150} INFO - [2025-08-12T15:51:06.516+0000] {dag.py:3504} INFO - Setting next_dagrun for example_trigger_controller_dag to 2021-01-01T00:00:00+00:00, run_after=2021-01-01T00:00:00+00:00
[2025-08-12T15:51:06.533+0000] {processor.py:179} INFO - Processing /home/vscode/.local/lib/python3.10/site-packages/airflow/example_dags/example_trigger_controller_dag.py took 0.052 seconds
[2025-08-12T15:51:51.424+0000] {processor.py:157} INFO - Started process (PID=24311) to work on /home/vscode/.local/lib/python3.10/site-packages/airflow/example_dags/example_trigger_controller_dag.py
[2025-08-12T15:51:51.424+0000] {processor.py:826} INFO - Processing file /home/vscode/.local/lib/python3.10/site-packages/airflow/example_dags/example_trigger_controller_dag.py for tasks to queue
[2025-08-12T15:51:51.425+0000] {logging_mixin.py:150} INFO - [2025-08-12T15:51:51.425+0000] {dagbag.py:541} INFO - Filling up the DagBag from /home/vscode/.local/lib/python3.10/site-packages/airflow/example_dags/example_trigger_controller_dag.py
[2025-08-12T15:51:51.430+0000] {processor.py:836} INFO - DAG(s) dict_keys(['example_trigger_controller_dag']) retrieved from /home/vscode/.local/lib/python3.10/site-packages/airflow/example_dags/example_trigger_controller_dag.py
[2025-08-12T15:51:51.447+0000] {logging_mixin.py:150} INFO - [2025-08-12T15:51:51.447+0000] {dag.py:2742} INFO - Sync 1 DAGs
[2025-08-12T15:51:51.468+0000] {logging_mixin.py:150} INFO - [2025-08-12T15:51:51.468+0000] {dag.py:3504} INFO - Setting next_dagrun for example_trigger_controller_dag to 2021-01-01T00:00:00+00:00, run_after=2021-01-01T00:00:00+00:00
[2025-08-12T15:51:51.484+0000] {processor.py:179} INFO - Processing /home/vscode/.local/lib/python3.10/site-packages/airflow/example_dags/example_trigger_controller_dag.py took 0.063 seconds
[2025-08-12T15:52:33.882+0000] {processor.py:157} INFO - Started process (PID=24608) to work on /home/vscode/.local/lib/python3.10/site-packages/airflow/example_dags/example_trigger_controller_dag.py
[2025-08-12T15:52:33.883+0000] {processor.py:826} INFO - Processing file /home/vscode/.local/lib/python3.10/site-packages/airflow/example_dags/example_trigger_controller_dag.py for tasks to queue
[2025-08-12T15:52:33.883+0000] {logging_mixin.py:150} INFO - [2025-08-12T15:52:33.883+0000] {dagbag.py:541} INFO - Filling up the DagBag from /home/vscode/.local/lib/python3.10/site-packages/airflow/example_dags/example_trigger_controller_dag.py
[2025-08-12T15:52:33.887+0000] {processor.py:836} INFO - DAG(s) dict_keys(['example_trigger_controller_dag']) retrieved from /home/vscode/.local/lib/python3.10/site-packages/airflow/example_dags/example_trigger_controller_dag.py
[2025-08-12T15:52:33.898+0000] {logging_mixin.py:150} INFO - [2025-08-12T15:52:33.898+0000] {dag.py:2742} INFO - Sync 1 DAGs
[2025-08-12T15:52:33.912+0000] {logging_mixin.py:150} INFO - [2025-08-12T15:52:33.912+0000] {dag.py:3504} INFO - Setting next_dagrun for example_trigger_controller_dag to 2021-01-01T00:00:00+00:00, run_after=2021-01-01T00:00:00+00:00
[2025-08-12T15:52:33.928+0000] {processor.py:179} INFO - Processing /home/vscode/.local/lib/python3.10/site-packages/airflow/example_dags/example_trigger_controller_dag.py took 0.048 seconds
[2025-08-12T15:53:17.679+0000] {processor.py:157} INFO - Started process (PID=24937) to work on /home/vscode/.local/lib/python3.10/site-packages/airflow/example_dags/example_trigger_controller_dag.py
[2025-08-12T15:53:17.679+0000] {processor.py:826} INFO - Processing file /home/vscode/.local/lib/python3.10/site-packages/airflow/example_dags/example_trigger_controller_dag.py for tasks to queue
[2025-08-12T15:53:17.680+0000] {logging_mixin.py:150} INFO - [2025-08-12T15:53:17.680+0000] {dagbag.py:541} INFO - Filling up the DagBag from /home/vscode/.local/lib/python3.10/site-packages/airflow/example_dags/example_trigger_controller_dag.py
[2025-08-12T15:53:17.683+0000] {processor.py:836} INFO - DAG(s) dict_keys(['example_trigger_controller_dag']) retrieved from /home/vscode/.local/lib/python3.10/site-packages/airflow/example_dags/example_trigger_controller_dag.py
[2025-08-12T15:53:17.695+0000] {logging_mixin.py:150} INFO - [2025-08-12T15:53:17.695+0000] {dag.py:2742} INFO - Sync 1 DAGs
[2025-08-12T15:53:17.708+0000] {logging_mixin.py:150} INFO - [2025-08-12T15:53:17.708+0000] {dag.py:3504} INFO - Setting next_dagrun for example_trigger_controller_dag to 2021-01-01T00:00:00+00:00, run_after=2021-01-01T00:00:00+00:00
[2025-08-12T15:53:17.724+0000] {processor.py:179} INFO - Processing /home/vscode/.local/lib/python3.10/site-packages/airflow/example_dags/example_trigger_controller_dag.py took 0.048 seconds
[2025-08-12T15:53:58.391+0000] {processor.py:157} INFO - Started process (PID=25243) to work on /home/vscode/.local/lib/python3.10/site-packages/airflow/example_dags/example_trigger_controller_dag.py
[2025-08-12T15:53:58.392+0000] {processor.py:826} INFO - Processing file /home/vscode/.local/lib/python3.10/site-packages/airflow/example_dags/example_trigger_controller_dag.py for tasks to queue
[2025-08-12T15:53:58.392+0000] {logging_mixin.py:150} INFO - [2025-08-12T15:53:58.392+0000] {dagbag.py:541} INFO - Filling up the DagBag from /home/vscode/.local/lib/python3.10/site-packages/airflow/example_dags/example_trigger_controller_dag.py
[2025-08-12T15:53:58.396+0000] {processor.py:836} INFO - DAG(s) dict_keys(['example_trigger_controller_dag']) retrieved from /home/vscode/.local/lib/python3.10/site-packages/airflow/example_dags/example_trigger_controller_dag.py
[2025-08-12T15:53:58.409+0000] {logging_mixin.py:150} INFO - [2025-08-12T15:53:58.409+0000] {dag.py:2742} INFO - Sync 1 DAGs
[2025-08-12T15:53:58.425+0000] {logging_mixin.py:150} INFO - [2025-08-12T15:53:58.425+0000] {dag.py:3504} INFO - Setting next_dagrun for example_trigger_controller_dag to 2021-01-01T00:00:00+00:00, run_after=2021-01-01T00:00:00+00:00
[2025-08-12T15:53:58.442+0000] {processor.py:179} INFO - Processing /home/vscode/.local/lib/python3.10/site-packages/airflow/example_dags/example_trigger_controller_dag.py took 0.053 seconds
[2025-08-12T15:54:42.399+0000] {processor.py:157} INFO - Started process (PID=25597) to work on /home/vscode/.local/lib/python3.10/site-packages/airflow/example_dags/example_trigger_controller_dag.py
[2025-08-12T15:54:42.400+0000] {processor.py:826} INFO - Processing file /home/vscode/.local/lib/python3.10/site-packages/airflow/example_dags/example_trigger_controller_dag.py for tasks to queue
[2025-08-12T15:54:42.400+0000] {logging_mixin.py:150} INFO - [2025-08-12T15:54:42.400+0000] {dagbag.py:541} INFO - Filling up the DagBag from /home/vscode/.local/lib/python3.10/site-packages/airflow/example_dags/example_trigger_controller_dag.py
[2025-08-12T15:54:42.403+0000] {processor.py:836} INFO - DAG(s) dict_keys(['example_trigger_controller_dag']) retrieved from /home/vscode/.local/lib/python3.10/site-packages/airflow/example_dags/example_trigger_controller_dag.py
[2025-08-12T15:54:42.416+0000] {logging_mixin.py:150} INFO - [2025-08-12T15:54:42.416+0000] {dag.py:2742} INFO - Sync 1 DAGs
[2025-08-12T15:54:42.430+0000] {logging_mixin.py:150} INFO - [2025-08-12T15:54:42.430+0000] {dag.py:3504} INFO - Setting next_dagrun for example_trigger_controller_dag to 2021-01-01T00:00:00+00:00, run_after=2021-01-01T00:00:00+00:00
[2025-08-12T15:54:42.446+0000] {processor.py:179} INFO - Processing /home/vscode/.local/lib/python3.10/site-packages/airflow/example_dags/example_trigger_controller_dag.py took 0.050 seconds
[2025-08-12T15:55:24.614+0000] {processor.py:157} INFO - Started process (PID=25917) to work on /home/vscode/.local/lib/python3.10/site-packages/airflow/example_dags/example_trigger_controller_dag.py
[2025-08-12T15:55:24.615+0000] {processor.py:826} INFO - Processing file /home/vscode/.local/lib/python3.10/site-packages/airflow/example_dags/example_trigger_controller_dag.py for tasks to queue
[2025-08-12T15:55:24.616+0000] {logging_mixin.py:150} INFO - [2025-08-12T15:55:24.615+0000] {dagbag.py:541} INFO - Filling up the DagBag from /home/vscode/.local/lib/python3.10/site-packages/airflow/example_dags/example_trigger_controller_dag.py
[2025-08-12T15:55:24.619+0000] {processor.py:836} INFO - DAG(s) dict_keys(['example_trigger_controller_dag']) retrieved from /home/vscode/.local/lib/python3.10/site-packages/airflow/example_dags/example_trigger_controller_dag.py
[2025-08-12T15:55:24.632+0000] {logging_mixin.py:150} INFO - [2025-08-12T15:55:24.631+0000] {dag.py:2742} INFO - Sync 1 DAGs
[2025-08-12T15:55:24.646+0000] {logging_mixin.py:150} INFO - [2025-08-12T15:55:24.645+0000] {dag.py:3504} INFO - Setting next_dagrun for example_trigger_controller_dag to 2021-01-01T00:00:00+00:00, run_after=2021-01-01T00:00:00+00:00
[2025-08-12T15:55:24.662+0000] {processor.py:179} INFO - Processing /home/vscode/.local/lib/python3.10/site-packages/airflow/example_dags/example_trigger_controller_dag.py took 0.050 seconds
[2025-08-12T15:56:09.744+0000] {processor.py:157} INFO - Started process (PID=26257) to work on /home/vscode/.local/lib/python3.10/site-packages/airflow/example_dags/example_trigger_controller_dag.py
[2025-08-12T15:56:09.745+0000] {processor.py:826} INFO - Processing file /home/vscode/.local/lib/python3.10/site-packages/airflow/example_dags/example_trigger_controller_dag.py for tasks to queue
[2025-08-12T15:56:09.746+0000] {logging_mixin.py:150} INFO - [2025-08-12T15:56:09.745+0000] {dagbag.py:541} INFO - Filling up the DagBag from /home/vscode/.local/lib/python3.10/site-packages/airflow/example_dags/example_trigger_controller_dag.py
[2025-08-12T15:56:09.749+0000] {processor.py:836} INFO - DAG(s) dict_keys(['example_trigger_controller_dag']) retrieved from /home/vscode/.local/lib/python3.10/site-packages/airflow/example_dags/example_trigger_controller_dag.py
[2025-08-12T15:56:09.761+0000] {logging_mixin.py:150} INFO - [2025-08-12T15:56:09.760+0000] {dag.py:2742} INFO - Sync 1 DAGs
[2025-08-12T15:56:09.774+0000] {logging_mixin.py:150} INFO - [2025-08-12T15:56:09.774+0000] {dag.py:3504} INFO - Setting next_dagrun for example_trigger_controller_dag to 2021-01-01T00:00:00+00:00, run_after=2021-01-01T00:00:00+00:00
[2025-08-12T15:56:09.789+0000] {processor.py:179} INFO - Processing /home/vscode/.local/lib/python3.10/site-packages/airflow/example_dags/example_trigger_controller_dag.py took 0.047 seconds
[2025-08-12T15:56:51.940+0000] {processor.py:157} INFO - Started process (PID=26593) to work on /home/vscode/.local/lib/python3.10/site-packages/airflow/example_dags/example_trigger_controller_dag.py
[2025-08-12T15:56:51.941+0000] {processor.py:826} INFO - Processing file /home/vscode/.local/lib/python3.10/site-packages/airflow/example_dags/example_trigger_controller_dag.py for tasks to queue
[2025-08-12T15:56:51.941+0000] {logging_mixin.py:150} INFO - [2025-08-12T15:56:51.941+0000] {dagbag.py:541} INFO - Filling up the DagBag from /home/vscode/.local/lib/python3.10/site-packages/airflow/example_dags/example_trigger_controller_dag.py
[2025-08-12T15:56:51.944+0000] {processor.py:836} INFO - DAG(s) dict_keys(['example_trigger_controller_dag']) retrieved from /home/vscode/.local/lib/python3.10/site-packages/airflow/example_dags/example_trigger_controller_dag.py
[2025-08-12T15:56:51.958+0000] {logging_mixin.py:150} INFO - [2025-08-12T15:56:51.958+0000] {dag.py:2742} INFO - Sync 1 DAGs
[2025-08-12T15:56:51.972+0000] {logging_mixin.py:150} INFO - [2025-08-12T15:56:51.972+0000] {dag.py:3504} INFO - Setting next_dagrun for example_trigger_controller_dag to 2021-01-01T00:00:00+00:00, run_after=2021-01-01T00:00:00+00:00
[2025-08-12T15:56:51.987+0000] {processor.py:179} INFO - Processing /home/vscode/.local/lib/python3.10/site-packages/airflow/example_dags/example_trigger_controller_dag.py took 0.050 seconds
[2025-08-12T15:57:31.930+0000] {processor.py:157} INFO - Started process (PID=26893) to work on /home/vscode/.local/lib/python3.10/site-packages/airflow/example_dags/example_trigger_controller_dag.py
[2025-08-12T15:57:31.931+0000] {processor.py:826} INFO - Processing file /home/vscode/.local/lib/python3.10/site-packages/airflow/example_dags/example_trigger_controller_dag.py for tasks to queue
[2025-08-12T15:57:31.931+0000] {logging_mixin.py:150} INFO - [2025-08-12T15:57:31.931+0000] {dagbag.py:541} INFO - Filling up the DagBag from /home/vscode/.local/lib/python3.10/site-packages/airflow/example_dags/example_trigger_controller_dag.py
[2025-08-12T15:57:31.935+0000] {processor.py:836} INFO - DAG(s) dict_keys(['example_trigger_controller_dag']) retrieved from /home/vscode/.local/lib/python3.10/site-packages/airflow/example_dags/example_trigger_controller_dag.py
[2025-08-12T15:57:31.948+0000] {logging_mixin.py:150} INFO - [2025-08-12T15:57:31.948+0000] {dag.py:2742} INFO - Sync 1 DAGs
[2025-08-12T15:57:31.964+0000] {logging_mixin.py:150} INFO - [2025-08-12T15:57:31.964+0000] {dag.py:3504} INFO - Setting next_dagrun for example_trigger_controller_dag to 2021-01-01T00:00:00+00:00, run_after=2021-01-01T00:00:00+00:00
[2025-08-12T15:57:31.981+0000] {processor.py:179} INFO - Processing /home/vscode/.local/lib/python3.10/site-packages/airflow/example_dags/example_trigger_controller_dag.py took 0.053 seconds
[2025-08-12T15:58:17.223+0000] {processor.py:157} INFO - Started process (PID=27211) to work on /home/vscode/.local/lib/python3.10/site-packages/airflow/example_dags/example_trigger_controller_dag.py
[2025-08-12T15:58:17.224+0000] {processor.py:826} INFO - Processing file /home/vscode/.local/lib/python3.10/site-packages/airflow/example_dags/example_trigger_controller_dag.py for tasks to queue
[2025-08-12T15:58:17.224+0000] {logging_mixin.py:150} INFO - [2025-08-12T15:58:17.224+0000] {dagbag.py:541} INFO - Filling up the DagBag from /home/vscode/.local/lib/python3.10/site-packages/airflow/example_dags/example_trigger_controller_dag.py
[2025-08-12T15:58:17.227+0000] {processor.py:836} INFO - DAG(s) dict_keys(['example_trigger_controller_dag']) retrieved from /home/vscode/.local/lib/python3.10/site-packages/airflow/example_dags/example_trigger_controller_dag.py
[2025-08-12T15:58:17.239+0000] {logging_mixin.py:150} INFO - [2025-08-12T15:58:17.239+0000] {dag.py:2742} INFO - Sync 1 DAGs
[2025-08-12T15:58:17.253+0000] {logging_mixin.py:150} INFO - [2025-08-12T15:58:17.253+0000] {dag.py:3504} INFO - Setting next_dagrun for example_trigger_controller_dag to 2021-01-01T00:00:00+00:00, run_after=2021-01-01T00:00:00+00:00
[2025-08-12T15:58:17.279+0000] {processor.py:179} INFO - Processing /home/vscode/.local/lib/python3.10/site-packages/airflow/example_dags/example_trigger_controller_dag.py took 0.058 seconds
[2025-08-12T15:58:51.494+0000] {processor.py:157} INFO - Started process (PID=27437) to work on /home/vscode/.local/lib/python3.10/site-packages/airflow/example_dags/example_trigger_controller_dag.py
[2025-08-12T15:58:51.495+0000] {processor.py:826} INFO - Processing file /home/vscode/.local/lib/python3.10/site-packages/airflow/example_dags/example_trigger_controller_dag.py for tasks to queue
[2025-08-12T15:58:51.496+0000] {logging_mixin.py:150} INFO - [2025-08-12T15:58:51.495+0000] {dagbag.py:541} INFO - Filling up the DagBag from /home/vscode/.local/lib/python3.10/site-packages/airflow/example_dags/example_trigger_controller_dag.py
[2025-08-12T15:58:51.499+0000] {processor.py:836} INFO - DAG(s) dict_keys(['example_trigger_controller_dag']) retrieved from /home/vscode/.local/lib/python3.10/site-packages/airflow/example_dags/example_trigger_controller_dag.py
[2025-08-12T15:58:51.512+0000] {logging_mixin.py:150} INFO - [2025-08-12T15:58:51.511+0000] {dag.py:2742} INFO - Sync 1 DAGs
[2025-08-12T15:58:51.526+0000] {logging_mixin.py:150} INFO - [2025-08-12T15:58:51.526+0000] {dag.py:3504} INFO - Setting next_dagrun for example_trigger_controller_dag to 2021-01-01T00:00:00+00:00, run_after=2021-01-01T00:00:00+00:00
[2025-08-12T15:58:51.541+0000] {processor.py:179} INFO - Processing /home/vscode/.local/lib/python3.10/site-packages/airflow/example_dags/example_trigger_controller_dag.py took 0.049 seconds
[2025-08-12T15:59:32.608+0000] {processor.py:157} INFO - Started process (PID=27708) to work on /home/vscode/.local/lib/python3.10/site-packages/airflow/example_dags/example_trigger_controller_dag.py
[2025-08-12T15:59:32.608+0000] {processor.py:826} INFO - Processing file /home/vscode/.local/lib/python3.10/site-packages/airflow/example_dags/example_trigger_controller_dag.py for tasks to queue
[2025-08-12T15:59:32.609+0000] {logging_mixin.py:150} INFO - [2025-08-12T15:59:32.608+0000] {dagbag.py:541} INFO - Filling up the DagBag from /home/vscode/.local/lib/python3.10/site-packages/airflow/example_dags/example_trigger_controller_dag.py
[2025-08-12T15:59:32.612+0000] {processor.py:836} INFO - DAG(s) dict_keys(['example_trigger_controller_dag']) retrieved from /home/vscode/.local/lib/python3.10/site-packages/airflow/example_dags/example_trigger_controller_dag.py
[2025-08-12T15:59:32.624+0000] {logging_mixin.py:150} INFO - [2025-08-12T15:59:32.624+0000] {dag.py:2742} INFO - Sync 1 DAGs
[2025-08-12T15:59:32.641+0000] {logging_mixin.py:150} INFO - [2025-08-12T15:59:32.641+0000] {dag.py:3504} INFO - Setting next_dagrun for example_trigger_controller_dag to 2021-01-01T00:00:00+00:00, run_after=2021-01-01T00:00:00+00:00
[2025-08-12T15:59:32.662+0000] {processor.py:179} INFO - Processing /home/vscode/.local/lib/python3.10/site-packages/airflow/example_dags/example_trigger_controller_dag.py took 0.057 seconds
[2025-08-12T16:00:12.576+0000] {processor.py:157} INFO - Started process (PID=27982) to work on /home/vscode/.local/lib/python3.10/site-packages/airflow/example_dags/example_trigger_controller_dag.py
[2025-08-12T16:00:12.576+0000] {processor.py:826} INFO - Processing file /home/vscode/.local/lib/python3.10/site-packages/airflow/example_dags/example_trigger_controller_dag.py for tasks to queue
[2025-08-12T16:00:12.577+0000] {logging_mixin.py:150} INFO - [2025-08-12T16:00:12.577+0000] {dagbag.py:541} INFO - Filling up the DagBag from /home/vscode/.local/lib/python3.10/site-packages/airflow/example_dags/example_trigger_controller_dag.py
[2025-08-12T16:00:12.580+0000] {processor.py:836} INFO - DAG(s) dict_keys(['example_trigger_controller_dag']) retrieved from /home/vscode/.local/lib/python3.10/site-packages/airflow/example_dags/example_trigger_controller_dag.py
[2025-08-12T16:00:12.592+0000] {logging_mixin.py:150} INFO - [2025-08-12T16:00:12.592+0000] {dag.py:2742} INFO - Sync 1 DAGs
[2025-08-12T16:00:12.606+0000] {logging_mixin.py:150} INFO - [2025-08-12T16:00:12.606+0000] {dag.py:3504} INFO - Setting next_dagrun for example_trigger_controller_dag to 2021-01-01T00:00:00+00:00, run_after=2021-01-01T00:00:00+00:00
[2025-08-12T16:00:12.622+0000] {processor.py:179} INFO - Processing /home/vscode/.local/lib/python3.10/site-packages/airflow/example_dags/example_trigger_controller_dag.py took 0.048 seconds
[2025-08-12T16:00:56.532+0000] {processor.py:157} INFO - Started process (PID=28387) to work on /home/vscode/.local/lib/python3.10/site-packages/airflow/example_dags/example_trigger_controller_dag.py
[2025-08-12T16:00:56.533+0000] {processor.py:826} INFO - Processing file /home/vscode/.local/lib/python3.10/site-packages/airflow/example_dags/example_trigger_controller_dag.py for tasks to queue
[2025-08-12T16:00:56.534+0000] {logging_mixin.py:150} INFO - [2025-08-12T16:00:56.533+0000] {dagbag.py:541} INFO - Filling up the DagBag from /home/vscode/.local/lib/python3.10/site-packages/airflow/example_dags/example_trigger_controller_dag.py
[2025-08-12T16:00:56.537+0000] {processor.py:836} INFO - DAG(s) dict_keys(['example_trigger_controller_dag']) retrieved from /home/vscode/.local/lib/python3.10/site-packages/airflow/example_dags/example_trigger_controller_dag.py
[2025-08-12T16:00:56.549+0000] {logging_mixin.py:150} INFO - [2025-08-12T16:00:56.549+0000] {dag.py:2742} INFO - Sync 1 DAGs
[2025-08-12T16:00:56.563+0000] {logging_mixin.py:150} INFO - [2025-08-12T16:00:56.563+0000] {dag.py:3504} INFO - Setting next_dagrun for example_trigger_controller_dag to 2021-01-01T00:00:00+00:00, run_after=2021-01-01T00:00:00+00:00
[2025-08-12T16:00:56.579+0000] {processor.py:179} INFO - Processing /home/vscode/.local/lib/python3.10/site-packages/airflow/example_dags/example_trigger_controller_dag.py took 0.048 seconds
[2025-08-12T16:01:42.823+0000] {processor.py:157} INFO - Started process (PID=28741) to work on /home/vscode/.local/lib/python3.10/site-packages/airflow/example_dags/example_trigger_controller_dag.py
[2025-08-12T16:01:42.824+0000] {processor.py:826} INFO - Processing file /home/vscode/.local/lib/python3.10/site-packages/airflow/example_dags/example_trigger_controller_dag.py for tasks to queue
[2025-08-12T16:01:42.825+0000] {logging_mixin.py:150} INFO - [2025-08-12T16:01:42.824+0000] {dagbag.py:541} INFO - Filling up the DagBag from /home/vscode/.local/lib/python3.10/site-packages/airflow/example_dags/example_trigger_controller_dag.py
[2025-08-12T16:01:42.828+0000] {processor.py:836} INFO - DAG(s) dict_keys(['example_trigger_controller_dag']) retrieved from /home/vscode/.local/lib/python3.10/site-packages/airflow/example_dags/example_trigger_controller_dag.py
[2025-08-12T16:01:42.840+0000] {logging_mixin.py:150} INFO - [2025-08-12T16:01:42.840+0000] {dag.py:2742} INFO - Sync 1 DAGs
[2025-08-12T16:01:42.855+0000] {logging_mixin.py:150} INFO - [2025-08-12T16:01:42.855+0000] {dag.py:3504} INFO - Setting next_dagrun for example_trigger_controller_dag to 2021-01-01T00:00:00+00:00, run_after=2021-01-01T00:00:00+00:00
[2025-08-12T16:01:42.870+0000] {processor.py:179} INFO - Processing /home/vscode/.local/lib/python3.10/site-packages/airflow/example_dags/example_trigger_controller_dag.py took 0.049 seconds
[2025-08-12T16:02:26.192+0000] {processor.py:157} INFO - Started process (PID=29033) to work on /home/vscode/.local/lib/python3.10/site-packages/airflow/example_dags/example_trigger_controller_dag.py
[2025-08-12T16:02:26.192+0000] {processor.py:826} INFO - Processing file /home/vscode/.local/lib/python3.10/site-packages/airflow/example_dags/example_trigger_controller_dag.py for tasks to queue
[2025-08-12T16:02:26.193+0000] {logging_mixin.py:150} INFO - [2025-08-12T16:02:26.193+0000] {dagbag.py:541} INFO - Filling up the DagBag from /home/vscode/.local/lib/python3.10/site-packages/airflow/example_dags/example_trigger_controller_dag.py
[2025-08-12T16:02:26.197+0000] {processor.py:836} INFO - DAG(s) dict_keys(['example_trigger_controller_dag']) retrieved from /home/vscode/.local/lib/python3.10/site-packages/airflow/example_dags/example_trigger_controller_dag.py
[2025-08-12T16:02:26.209+0000] {logging_mixin.py:150} INFO - [2025-08-12T16:02:26.209+0000] {dag.py:2742} INFO - Sync 1 DAGs
[2025-08-12T16:02:26.223+0000] {logging_mixin.py:150} INFO - [2025-08-12T16:02:26.223+0000] {dag.py:3504} INFO - Setting next_dagrun for example_trigger_controller_dag to 2021-01-01T00:00:00+00:00, run_after=2021-01-01T00:00:00+00:00
[2025-08-12T16:02:26.239+0000] {processor.py:179} INFO - Processing /home/vscode/.local/lib/python3.10/site-packages/airflow/example_dags/example_trigger_controller_dag.py took 0.050 seconds
[2025-08-12T16:03:04.848+0000] {processor.py:157} INFO - Started process (PID=29296) to work on /home/vscode/.local/lib/python3.10/site-packages/airflow/example_dags/example_trigger_controller_dag.py
[2025-08-12T16:03:04.849+0000] {processor.py:826} INFO - Processing file /home/vscode/.local/lib/python3.10/site-packages/airflow/example_dags/example_trigger_controller_dag.py for tasks to queue
[2025-08-12T16:03:04.849+0000] {logging_mixin.py:150} INFO - [2025-08-12T16:03:04.849+0000] {dagbag.py:541} INFO - Filling up the DagBag from /home/vscode/.local/lib/python3.10/site-packages/airflow/example_dags/example_trigger_controller_dag.py
[2025-08-12T16:03:04.853+0000] {processor.py:836} INFO - DAG(s) dict_keys(['example_trigger_controller_dag']) retrieved from /home/vscode/.local/lib/python3.10/site-packages/airflow/example_dags/example_trigger_controller_dag.py
[2025-08-12T16:03:04.864+0000] {logging_mixin.py:150} INFO - [2025-08-12T16:03:04.864+0000] {dag.py:2742} INFO - Sync 1 DAGs
[2025-08-12T16:03:04.879+0000] {logging_mixin.py:150} INFO - [2025-08-12T16:03:04.878+0000] {dag.py:3504} INFO - Setting next_dagrun for example_trigger_controller_dag to 2021-01-01T00:00:00+00:00, run_after=2021-01-01T00:00:00+00:00
[2025-08-12T16:03:04.894+0000] {processor.py:179} INFO - Processing /home/vscode/.local/lib/python3.10/site-packages/airflow/example_dags/example_trigger_controller_dag.py took 0.048 seconds
[2025-08-12T16:03:49.440+0000] {processor.py:157} INFO - Started process (PID=29590) to work on /home/vscode/.local/lib/python3.10/site-packages/airflow/example_dags/example_trigger_controller_dag.py
[2025-08-12T16:03:49.440+0000] {processor.py:826} INFO - Processing file /home/vscode/.local/lib/python3.10/site-packages/airflow/example_dags/example_trigger_controller_dag.py for tasks to queue
[2025-08-12T16:03:49.441+0000] {logging_mixin.py:150} INFO - [2025-08-12T16:03:49.441+0000] {dagbag.py:541} INFO - Filling up the DagBag from /home/vscode/.local/lib/python3.10/site-packages/airflow/example_dags/example_trigger_controller_dag.py
[2025-08-12T16:03:49.444+0000] {processor.py:836} INFO - DAG(s) dict_keys(['example_trigger_controller_dag']) retrieved from /home/vscode/.local/lib/python3.10/site-packages/airflow/example_dags/example_trigger_controller_dag.py
[2025-08-12T16:03:49.456+0000] {logging_mixin.py:150} INFO - [2025-08-12T16:03:49.456+0000] {dag.py:2742} INFO - Sync 1 DAGs
[2025-08-12T16:03:49.470+0000] {logging_mixin.py:150} INFO - [2025-08-12T16:03:49.470+0000] {dag.py:3504} INFO - Setting next_dagrun for example_trigger_controller_dag to 2021-01-01T00:00:00+00:00, run_after=2021-01-01T00:00:00+00:00
[2025-08-12T16:03:49.486+0000] {processor.py:179} INFO - Processing /home/vscode/.local/lib/python3.10/site-packages/airflow/example_dags/example_trigger_controller_dag.py took 0.048 seconds
[2025-08-12T16:04:37.878+0000] {processor.py:157} INFO - Started process (PID=29909) to work on /home/vscode/.local/lib/python3.10/site-packages/airflow/example_dags/example_trigger_controller_dag.py
[2025-08-12T16:04:37.879+0000] {processor.py:826} INFO - Processing file /home/vscode/.local/lib/python3.10/site-packages/airflow/example_dags/example_trigger_controller_dag.py for tasks to queue
[2025-08-12T16:04:37.879+0000] {logging_mixin.py:150} INFO - [2025-08-12T16:04:37.879+0000] {dagbag.py:541} INFO - Filling up the DagBag from /home/vscode/.local/lib/python3.10/site-packages/airflow/example_dags/example_trigger_controller_dag.py
[2025-08-12T16:04:37.882+0000] {processor.py:836} INFO - DAG(s) dict_keys(['example_trigger_controller_dag']) retrieved from /home/vscode/.local/lib/python3.10/site-packages/airflow/example_dags/example_trigger_controller_dag.py
[2025-08-12T16:04:37.895+0000] {logging_mixin.py:150} INFO - [2025-08-12T16:04:37.895+0000] {dag.py:2742} INFO - Sync 1 DAGs
[2025-08-12T16:04:37.909+0000] {logging_mixin.py:150} INFO - [2025-08-12T16:04:37.908+0000] {dag.py:3504} INFO - Setting next_dagrun for example_trigger_controller_dag to 2021-01-01T00:00:00+00:00, run_after=2021-01-01T00:00:00+00:00
[2025-08-12T16:04:37.925+0000] {processor.py:179} INFO - Processing /home/vscode/.local/lib/python3.10/site-packages/airflow/example_dags/example_trigger_controller_dag.py took 0.049 seconds
[2025-08-12T16:05:21.407+0000] {processor.py:157} INFO - Started process (PID=30203) to work on /home/vscode/.local/lib/python3.10/site-packages/airflow/example_dags/example_trigger_controller_dag.py
[2025-08-12T16:05:21.408+0000] {processor.py:826} INFO - Processing file /home/vscode/.local/lib/python3.10/site-packages/airflow/example_dags/example_trigger_controller_dag.py for tasks to queue
[2025-08-12T16:05:21.408+0000] {logging_mixin.py:150} INFO - [2025-08-12T16:05:21.408+0000] {dagbag.py:541} INFO - Filling up the DagBag from /home/vscode/.local/lib/python3.10/site-packages/airflow/example_dags/example_trigger_controller_dag.py
[2025-08-12T16:05:21.412+0000] {processor.py:836} INFO - DAG(s) dict_keys(['example_trigger_controller_dag']) retrieved from /home/vscode/.local/lib/python3.10/site-packages/airflow/example_dags/example_trigger_controller_dag.py
[2025-08-12T16:05:21.423+0000] {logging_mixin.py:150} INFO - [2025-08-12T16:05:21.423+0000] {dag.py:2742} INFO - Sync 1 DAGs
[2025-08-12T16:05:21.438+0000] {logging_mixin.py:150} INFO - [2025-08-12T16:05:21.437+0000] {dag.py:3504} INFO - Setting next_dagrun for example_trigger_controller_dag to 2021-01-01T00:00:00+00:00, run_after=2021-01-01T00:00:00+00:00
[2025-08-12T16:05:21.453+0000] {processor.py:179} INFO - Processing /home/vscode/.local/lib/python3.10/site-packages/airflow/example_dags/example_trigger_controller_dag.py took 0.048 seconds
[2025-08-12T16:06:05.951+0000] {processor.py:157} INFO - Started process (PID=30497) to work on /home/vscode/.local/lib/python3.10/site-packages/airflow/example_dags/example_trigger_controller_dag.py
[2025-08-12T16:06:05.951+0000] {processor.py:826} INFO - Processing file /home/vscode/.local/lib/python3.10/site-packages/airflow/example_dags/example_trigger_controller_dag.py for tasks to queue
[2025-08-12T16:06:05.952+0000] {logging_mixin.py:150} INFO - [2025-08-12T16:06:05.952+0000] {dagbag.py:541} INFO - Filling up the DagBag from /home/vscode/.local/lib/python3.10/site-packages/airflow/example_dags/example_trigger_controller_dag.py
[2025-08-12T16:06:05.955+0000] {processor.py:836} INFO - DAG(s) dict_keys(['example_trigger_controller_dag']) retrieved from /home/vscode/.local/lib/python3.10/site-packages/airflow/example_dags/example_trigger_controller_dag.py
[2025-08-12T16:06:05.967+0000] {logging_mixin.py:150} INFO - [2025-08-12T16:06:05.967+0000] {dag.py:2742} INFO - Sync 1 DAGs
[2025-08-12T16:06:05.980+0000] {logging_mixin.py:150} INFO - [2025-08-12T16:06:05.980+0000] {dag.py:3504} INFO - Setting next_dagrun for example_trigger_controller_dag to 2021-01-01T00:00:00+00:00, run_after=2021-01-01T00:00:00+00:00
[2025-08-12T16:06:05.995+0000] {processor.py:179} INFO - Processing /home/vscode/.local/lib/python3.10/site-packages/airflow/example_dags/example_trigger_controller_dag.py took 0.047 seconds
[2025-08-12T16:06:53.289+0000] {processor.py:157} INFO - Started process (PID=30814) to work on /home/vscode/.local/lib/python3.10/site-packages/airflow/example_dags/example_trigger_controller_dag.py
[2025-08-12T16:06:53.290+0000] {processor.py:826} INFO - Processing file /home/vscode/.local/lib/python3.10/site-packages/airflow/example_dags/example_trigger_controller_dag.py for tasks to queue
[2025-08-12T16:06:53.291+0000] {logging_mixin.py:150} INFO - [2025-08-12T16:06:53.290+0000] {dagbag.py:541} INFO - Filling up the DagBag from /home/vscode/.local/lib/python3.10/site-packages/airflow/example_dags/example_trigger_controller_dag.py
[2025-08-12T16:06:53.295+0000] {processor.py:836} INFO - DAG(s) dict_keys(['example_trigger_controller_dag']) retrieved from /home/vscode/.local/lib/python3.10/site-packages/airflow/example_dags/example_trigger_controller_dag.py
[2025-08-12T16:06:53.308+0000] {logging_mixin.py:150} INFO - [2025-08-12T16:06:53.308+0000] {dag.py:2742} INFO - Sync 1 DAGs
[2025-08-12T16:06:53.322+0000] {logging_mixin.py:150} INFO - [2025-08-12T16:06:53.322+0000] {dag.py:3504} INFO - Setting next_dagrun for example_trigger_controller_dag to 2021-01-01T00:00:00+00:00, run_after=2021-01-01T00:00:00+00:00
[2025-08-12T16:06:53.338+0000] {processor.py:179} INFO - Processing /home/vscode/.local/lib/python3.10/site-packages/airflow/example_dags/example_trigger_controller_dag.py took 0.052 seconds
[2025-08-12T16:07:34.428+0000] {processor.py:157} INFO - Started process (PID=31085) to work on /home/vscode/.local/lib/python3.10/site-packages/airflow/example_dags/example_trigger_controller_dag.py
[2025-08-12T16:07:34.429+0000] {processor.py:826} INFO - Processing file /home/vscode/.local/lib/python3.10/site-packages/airflow/example_dags/example_trigger_controller_dag.py for tasks to queue
[2025-08-12T16:07:34.429+0000] {logging_mixin.py:150} INFO - [2025-08-12T16:07:34.429+0000] {dagbag.py:541} INFO - Filling up the DagBag from /home/vscode/.local/lib/python3.10/site-packages/airflow/example_dags/example_trigger_controller_dag.py
[2025-08-12T16:07:34.432+0000] {processor.py:836} INFO - DAG(s) dict_keys(['example_trigger_controller_dag']) retrieved from /home/vscode/.local/lib/python3.10/site-packages/airflow/example_dags/example_trigger_controller_dag.py
[2025-08-12T16:07:34.444+0000] {logging_mixin.py:150} INFO - [2025-08-12T16:07:34.444+0000] {dag.py:2742} INFO - Sync 1 DAGs
[2025-08-12T16:07:34.459+0000] {logging_mixin.py:150} INFO - [2025-08-12T16:07:34.458+0000] {dag.py:3504} INFO - Setting next_dagrun for example_trigger_controller_dag to 2021-01-01T00:00:00+00:00, run_after=2021-01-01T00:00:00+00:00
[2025-08-12T16:07:34.474+0000] {processor.py:179} INFO - Processing /home/vscode/.local/lib/python3.10/site-packages/airflow/example_dags/example_trigger_controller_dag.py took 0.048 seconds
[2025-08-12T16:08:16.642+0000] {processor.py:157} INFO - Started process (PID=31370) to work on /home/vscode/.local/lib/python3.10/site-packages/airflow/example_dags/example_trigger_controller_dag.py
[2025-08-12T16:08:16.642+0000] {processor.py:826} INFO - Processing file /home/vscode/.local/lib/python3.10/site-packages/airflow/example_dags/example_trigger_controller_dag.py for tasks to queue
[2025-08-12T16:08:16.643+0000] {logging_mixin.py:150} INFO - [2025-08-12T16:08:16.643+0000] {dagbag.py:541} INFO - Filling up the DagBag from /home/vscode/.local/lib/python3.10/site-packages/airflow/example_dags/example_trigger_controller_dag.py
[2025-08-12T16:08:16.646+0000] {processor.py:836} INFO - DAG(s) dict_keys(['example_trigger_controller_dag']) retrieved from /home/vscode/.local/lib/python3.10/site-packages/airflow/example_dags/example_trigger_controller_dag.py
[2025-08-12T16:08:16.658+0000] {logging_mixin.py:150} INFO - [2025-08-12T16:08:16.658+0000] {dag.py:2742} INFO - Sync 1 DAGs
[2025-08-12T16:08:16.675+0000] {logging_mixin.py:150} INFO - [2025-08-12T16:08:16.675+0000] {dag.py:3504} INFO - Setting next_dagrun for example_trigger_controller_dag to 2021-01-01T00:00:00+00:00, run_after=2021-01-01T00:00:00+00:00
[2025-08-12T16:08:16.690+0000] {processor.py:179} INFO - Processing /home/vscode/.local/lib/python3.10/site-packages/airflow/example_dags/example_trigger_controller_dag.py took 0.051 seconds
[2025-08-12T16:08:57.779+0000] {processor.py:157} INFO - Started process (PID=31644) to work on /home/vscode/.local/lib/python3.10/site-packages/airflow/example_dags/example_trigger_controller_dag.py
[2025-08-12T16:08:57.780+0000] {processor.py:826} INFO - Processing file /home/vscode/.local/lib/python3.10/site-packages/airflow/example_dags/example_trigger_controller_dag.py for tasks to queue
[2025-08-12T16:08:57.780+0000] {logging_mixin.py:150} INFO - [2025-08-12T16:08:57.780+0000] {dagbag.py:541} INFO - Filling up the DagBag from /home/vscode/.local/lib/python3.10/site-packages/airflow/example_dags/example_trigger_controller_dag.py
[2025-08-12T16:08:57.783+0000] {processor.py:836} INFO - DAG(s) dict_keys(['example_trigger_controller_dag']) retrieved from /home/vscode/.local/lib/python3.10/site-packages/airflow/example_dags/example_trigger_controller_dag.py
[2025-08-12T16:08:57.795+0000] {logging_mixin.py:150} INFO - [2025-08-12T16:08:57.795+0000] {dag.py:2742} INFO - Sync 1 DAGs
[2025-08-12T16:08:57.809+0000] {logging_mixin.py:150} INFO - [2025-08-12T16:08:57.809+0000] {dag.py:3504} INFO - Setting next_dagrun for example_trigger_controller_dag to 2021-01-01T00:00:00+00:00, run_after=2021-01-01T00:00:00+00:00
[2025-08-12T16:08:57.825+0000] {processor.py:179} INFO - Processing /home/vscode/.local/lib/python3.10/site-packages/airflow/example_dags/example_trigger_controller_dag.py took 0.048 seconds
[2025-08-12T16:09:41.885+0000] {processor.py:157} INFO - Started process (PID=31939) to work on /home/vscode/.local/lib/python3.10/site-packages/airflow/example_dags/example_trigger_controller_dag.py
[2025-08-12T16:09:41.886+0000] {processor.py:826} INFO - Processing file /home/vscode/.local/lib/python3.10/site-packages/airflow/example_dags/example_trigger_controller_dag.py for tasks to queue
[2025-08-12T16:09:41.887+0000] {logging_mixin.py:150} INFO - [2025-08-12T16:09:41.886+0000] {dagbag.py:541} INFO - Filling up the DagBag from /home/vscode/.local/lib/python3.10/site-packages/airflow/example_dags/example_trigger_controller_dag.py
[2025-08-12T16:09:41.890+0000] {processor.py:836} INFO - DAG(s) dict_keys(['example_trigger_controller_dag']) retrieved from /home/vscode/.local/lib/python3.10/site-packages/airflow/example_dags/example_trigger_controller_dag.py
[2025-08-12T16:09:41.902+0000] {logging_mixin.py:150} INFO - [2025-08-12T16:09:41.902+0000] {dag.py:2742} INFO - Sync 1 DAGs
[2025-08-12T16:09:41.916+0000] {logging_mixin.py:150} INFO - [2025-08-12T16:09:41.916+0000] {dag.py:3504} INFO - Setting next_dagrun for example_trigger_controller_dag to 2021-01-01T00:00:00+00:00, run_after=2021-01-01T00:00:00+00:00
[2025-08-12T16:09:41.930+0000] {processor.py:179} INFO - Processing /home/vscode/.local/lib/python3.10/site-packages/airflow/example_dags/example_trigger_controller_dag.py took 0.047 seconds
[2025-08-12T16:10:29.074+0000] {processor.py:157} INFO - Started process (PID=32248) to work on /home/vscode/.local/lib/python3.10/site-packages/airflow/example_dags/example_trigger_controller_dag.py
[2025-08-12T16:10:29.074+0000] {processor.py:826} INFO - Processing file /home/vscode/.local/lib/python3.10/site-packages/airflow/example_dags/example_trigger_controller_dag.py for tasks to queue
[2025-08-12T16:10:29.075+0000] {logging_mixin.py:150} INFO - [2025-08-12T16:10:29.075+0000] {dagbag.py:541} INFO - Filling up the DagBag from /home/vscode/.local/lib/python3.10/site-packages/airflow/example_dags/example_trigger_controller_dag.py
[2025-08-12T16:10:29.079+0000] {processor.py:836} INFO - DAG(s) dict_keys(['example_trigger_controller_dag']) retrieved from /home/vscode/.local/lib/python3.10/site-packages/airflow/example_dags/example_trigger_controller_dag.py
[2025-08-12T16:10:29.091+0000] {logging_mixin.py:150} INFO - [2025-08-12T16:10:29.091+0000] {dag.py:2742} INFO - Sync 1 DAGs
[2025-08-12T16:10:29.106+0000] {logging_mixin.py:150} INFO - [2025-08-12T16:10:29.105+0000] {dag.py:3504} INFO - Setting next_dagrun for example_trigger_controller_dag to 2021-01-01T00:00:00+00:00, run_after=2021-01-01T00:00:00+00:00
[2025-08-12T16:10:29.121+0000] {processor.py:179} INFO - Processing /home/vscode/.local/lib/python3.10/site-packages/airflow/example_dags/example_trigger_controller_dag.py took 0.050 seconds
[2025-08-12T16:11:12.935+0000] {processor.py:157} INFO - Started process (PID=32542) to work on /home/vscode/.local/lib/python3.10/site-packages/airflow/example_dags/example_trigger_controller_dag.py
[2025-08-12T16:11:12.936+0000] {processor.py:826} INFO - Processing file /home/vscode/.local/lib/python3.10/site-packages/airflow/example_dags/example_trigger_controller_dag.py for tasks to queue
[2025-08-12T16:11:12.937+0000] {logging_mixin.py:150} INFO - [2025-08-12T16:11:12.936+0000] {dagbag.py:541} INFO - Filling up the DagBag from /home/vscode/.local/lib/python3.10/site-packages/airflow/example_dags/example_trigger_controller_dag.py
[2025-08-12T16:11:12.940+0000] {processor.py:836} INFO - DAG(s) dict_keys(['example_trigger_controller_dag']) retrieved from /home/vscode/.local/lib/python3.10/site-packages/airflow/example_dags/example_trigger_controller_dag.py
[2025-08-12T16:11:12.952+0000] {logging_mixin.py:150} INFO - [2025-08-12T16:11:12.952+0000] {dag.py:2742} INFO - Sync 1 DAGs
[2025-08-12T16:11:12.969+0000] {logging_mixin.py:150} INFO - [2025-08-12T16:11:12.969+0000] {dag.py:3504} INFO - Setting next_dagrun for example_trigger_controller_dag to 2021-01-01T00:00:00+00:00, run_after=2021-01-01T00:00:00+00:00
[2025-08-12T16:11:13.014+0000] {processor.py:179} INFO - Processing /home/vscode/.local/lib/python3.10/site-packages/airflow/example_dags/example_trigger_controller_dag.py took 0.081 seconds
[2025-08-12T16:11:58.427+0000] {processor.py:157} INFO - Started process (PID=32844) to work on /home/vscode/.local/lib/python3.10/site-packages/airflow/example_dags/example_trigger_controller_dag.py
[2025-08-12T16:11:58.428+0000] {processor.py:826} INFO - Processing file /home/vscode/.local/lib/python3.10/site-packages/airflow/example_dags/example_trigger_controller_dag.py for tasks to queue
[2025-08-12T16:11:58.428+0000] {logging_mixin.py:150} INFO - [2025-08-12T16:11:58.428+0000] {dagbag.py:541} INFO - Filling up the DagBag from /home/vscode/.local/lib/python3.10/site-packages/airflow/example_dags/example_trigger_controller_dag.py
[2025-08-12T16:11:58.431+0000] {processor.py:836} INFO - DAG(s) dict_keys(['example_trigger_controller_dag']) retrieved from /home/vscode/.local/lib/python3.10/site-packages/airflow/example_dags/example_trigger_controller_dag.py
[2025-08-12T16:11:58.445+0000] {logging_mixin.py:150} INFO - [2025-08-12T16:11:58.445+0000] {dag.py:2742} INFO - Sync 1 DAGs
[2025-08-12T16:11:58.464+0000] {logging_mixin.py:150} INFO - [2025-08-12T16:11:58.464+0000] {dag.py:3504} INFO - Setting next_dagrun for example_trigger_controller_dag to 2021-01-01T00:00:00+00:00, run_after=2021-01-01T00:00:00+00:00
[2025-08-12T16:11:58.486+0000] {processor.py:179} INFO - Processing /home/vscode/.local/lib/python3.10/site-packages/airflow/example_dags/example_trigger_controller_dag.py took 0.061 seconds
[2025-08-12T16:12:42.150+0000] {processor.py:157} INFO - Started process (PID=33137) to work on /home/vscode/.local/lib/python3.10/site-packages/airflow/example_dags/example_trigger_controller_dag.py
[2025-08-12T16:12:42.151+0000] {processor.py:826} INFO - Processing file /home/vscode/.local/lib/python3.10/site-packages/airflow/example_dags/example_trigger_controller_dag.py for tasks to queue
[2025-08-12T16:12:42.151+0000] {logging_mixin.py:150} INFO - [2025-08-12T16:12:42.151+0000] {dagbag.py:541} INFO - Filling up the DagBag from /home/vscode/.local/lib/python3.10/site-packages/airflow/example_dags/example_trigger_controller_dag.py
[2025-08-12T16:12:42.154+0000] {processor.py:836} INFO - DAG(s) dict_keys(['example_trigger_controller_dag']) retrieved from /home/vscode/.local/lib/python3.10/site-packages/airflow/example_dags/example_trigger_controller_dag.py
[2025-08-12T16:12:42.167+0000] {logging_mixin.py:150} INFO - [2025-08-12T16:12:42.167+0000] {dag.py:2742} INFO - Sync 1 DAGs
[2025-08-12T16:12:42.181+0000] {logging_mixin.py:150} INFO - [2025-08-12T16:12:42.181+0000] {dag.py:3504} INFO - Setting next_dagrun for example_trigger_controller_dag to 2021-01-01T00:00:00+00:00, run_after=2021-01-01T00:00:00+00:00
[2025-08-12T16:12:42.197+0000] {processor.py:179} INFO - Processing /home/vscode/.local/lib/python3.10/site-packages/airflow/example_dags/example_trigger_controller_dag.py took 0.049 seconds
[2025-08-12T16:13:27.418+0000] {processor.py:157} INFO - Started process (PID=33439) to work on /home/vscode/.local/lib/python3.10/site-packages/airflow/example_dags/example_trigger_controller_dag.py
[2025-08-12T16:13:27.418+0000] {processor.py:826} INFO - Processing file /home/vscode/.local/lib/python3.10/site-packages/airflow/example_dags/example_trigger_controller_dag.py for tasks to queue
[2025-08-12T16:13:27.419+0000] {logging_mixin.py:150} INFO - [2025-08-12T16:13:27.419+0000] {dagbag.py:541} INFO - Filling up the DagBag from /home/vscode/.local/lib/python3.10/site-packages/airflow/example_dags/example_trigger_controller_dag.py
[2025-08-12T16:13:27.422+0000] {processor.py:836} INFO - DAG(s) dict_keys(['example_trigger_controller_dag']) retrieved from /home/vscode/.local/lib/python3.10/site-packages/airflow/example_dags/example_trigger_controller_dag.py
[2025-08-12T16:13:27.434+0000] {logging_mixin.py:150} INFO - [2025-08-12T16:13:27.434+0000] {dag.py:2742} INFO - Sync 1 DAGs
[2025-08-12T16:13:27.449+0000] {logging_mixin.py:150} INFO - [2025-08-12T16:13:27.449+0000] {dag.py:3504} INFO - Setting next_dagrun for example_trigger_controller_dag to 2021-01-01T00:00:00+00:00, run_after=2021-01-01T00:00:00+00:00
[2025-08-12T16:13:27.464+0000] {processor.py:179} INFO - Processing /home/vscode/.local/lib/python3.10/site-packages/airflow/example_dags/example_trigger_controller_dag.py took 0.049 seconds
[2025-08-12T16:14:09.706+0000] {processor.py:157} INFO - Started process (PID=33717) to work on /home/vscode/.local/lib/python3.10/site-packages/airflow/example_dags/example_trigger_controller_dag.py
[2025-08-12T16:14:09.707+0000] {processor.py:826} INFO - Processing file /home/vscode/.local/lib/python3.10/site-packages/airflow/example_dags/example_trigger_controller_dag.py for tasks to queue
[2025-08-12T16:14:09.708+0000] {logging_mixin.py:150} INFO - [2025-08-12T16:14:09.708+0000] {dagbag.py:541} INFO - Filling up the DagBag from /home/vscode/.local/lib/python3.10/site-packages/airflow/example_dags/example_trigger_controller_dag.py
[2025-08-12T16:14:09.712+0000] {processor.py:836} INFO - DAG(s) dict_keys(['example_trigger_controller_dag']) retrieved from /home/vscode/.local/lib/python3.10/site-packages/airflow/example_dags/example_trigger_controller_dag.py
[2025-08-12T16:14:09.725+0000] {logging_mixin.py:150} INFO - [2025-08-12T16:14:09.725+0000] {dag.py:2742} INFO - Sync 1 DAGs
[2025-08-12T16:14:09.739+0000] {logging_mixin.py:150} INFO - [2025-08-12T16:14:09.739+0000] {dag.py:3504} INFO - Setting next_dagrun for example_trigger_controller_dag to 2021-01-01T00:00:00+00:00, run_after=2021-01-01T00:00:00+00:00
[2025-08-12T16:14:09.754+0000] {processor.py:179} INFO - Processing /home/vscode/.local/lib/python3.10/site-packages/airflow/example_dags/example_trigger_controller_dag.py took 0.054 seconds
[2025-08-12T16:14:41.602+0000] {processor.py:157} INFO - Started process (PID=33928) to work on /home/vscode/.local/lib/python3.10/site-packages/airflow/example_dags/example_trigger_controller_dag.py
[2025-08-12T16:14:41.602+0000] {processor.py:826} INFO - Processing file /home/vscode/.local/lib/python3.10/site-packages/airflow/example_dags/example_trigger_controller_dag.py for tasks to queue
[2025-08-12T16:14:41.603+0000] {logging_mixin.py:150} INFO - [2025-08-12T16:14:41.603+0000] {dagbag.py:541} INFO - Filling up the DagBag from /home/vscode/.local/lib/python3.10/site-packages/airflow/example_dags/example_trigger_controller_dag.py
[2025-08-12T16:14:41.606+0000] {processor.py:836} INFO - DAG(s) dict_keys(['example_trigger_controller_dag']) retrieved from /home/vscode/.local/lib/python3.10/site-packages/airflow/example_dags/example_trigger_controller_dag.py
[2025-08-12T16:14:41.618+0000] {logging_mixin.py:150} INFO - [2025-08-12T16:14:41.618+0000] {dag.py:2742} INFO - Sync 1 DAGs
[2025-08-12T16:14:41.632+0000] {logging_mixin.py:150} INFO - [2025-08-12T16:14:41.632+0000] {dag.py:3504} INFO - Setting next_dagrun for example_trigger_controller_dag to 2021-01-01T00:00:00+00:00, run_after=2021-01-01T00:00:00+00:00
[2025-08-12T16:14:41.648+0000] {processor.py:179} INFO - Processing /home/vscode/.local/lib/python3.10/site-packages/airflow/example_dags/example_trigger_controller_dag.py took 0.049 seconds
[2025-08-12T16:15:21.728+0000] {processor.py:157} INFO - Started process (PID=34195) to work on /home/vscode/.local/lib/python3.10/site-packages/airflow/example_dags/example_trigger_controller_dag.py
[2025-08-12T16:15:21.729+0000] {processor.py:826} INFO - Processing file /home/vscode/.local/lib/python3.10/site-packages/airflow/example_dags/example_trigger_controller_dag.py for tasks to queue
[2025-08-12T16:15:21.729+0000] {logging_mixin.py:150} INFO - [2025-08-12T16:15:21.729+0000] {dagbag.py:541} INFO - Filling up the DagBag from /home/vscode/.local/lib/python3.10/site-packages/airflow/example_dags/example_trigger_controller_dag.py
[2025-08-12T16:15:21.733+0000] {processor.py:836} INFO - DAG(s) dict_keys(['example_trigger_controller_dag']) retrieved from /home/vscode/.local/lib/python3.10/site-packages/airflow/example_dags/example_trigger_controller_dag.py
[2025-08-12T16:15:21.744+0000] {logging_mixin.py:150} INFO - [2025-08-12T16:15:21.744+0000] {dag.py:2742} INFO - Sync 1 DAGs
[2025-08-12T16:15:21.758+0000] {logging_mixin.py:150} INFO - [2025-08-12T16:15:21.758+0000] {dag.py:3504} INFO - Setting next_dagrun for example_trigger_controller_dag to 2021-01-01T00:00:00+00:00, run_after=2021-01-01T00:00:00+00:00
[2025-08-12T16:15:21.774+0000] {processor.py:179} INFO - Processing /home/vscode/.local/lib/python3.10/site-packages/airflow/example_dags/example_trigger_controller_dag.py took 0.048 seconds
[2025-08-12T16:16:05.172+0000] {processor.py:157} INFO - Started process (PID=34483) to work on /home/vscode/.local/lib/python3.10/site-packages/airflow/example_dags/example_trigger_controller_dag.py
[2025-08-12T16:16:05.173+0000] {processor.py:826} INFO - Processing file /home/vscode/.local/lib/python3.10/site-packages/airflow/example_dags/example_trigger_controller_dag.py for tasks to queue
[2025-08-12T16:16:05.174+0000] {logging_mixin.py:150} INFO - [2025-08-12T16:16:05.173+0000] {dagbag.py:541} INFO - Filling up the DagBag from /home/vscode/.local/lib/python3.10/site-packages/airflow/example_dags/example_trigger_controller_dag.py
[2025-08-12T16:16:05.177+0000] {processor.py:836} INFO - DAG(s) dict_keys(['example_trigger_controller_dag']) retrieved from /home/vscode/.local/lib/python3.10/site-packages/airflow/example_dags/example_trigger_controller_dag.py
[2025-08-12T16:16:05.188+0000] {logging_mixin.py:150} INFO - [2025-08-12T16:16:05.188+0000] {dag.py:2742} INFO - Sync 1 DAGs
[2025-08-12T16:16:05.202+0000] {logging_mixin.py:150} INFO - [2025-08-12T16:16:05.202+0000] {dag.py:3504} INFO - Setting next_dagrun for example_trigger_controller_dag to 2021-01-01T00:00:00+00:00, run_after=2021-01-01T00:00:00+00:00
[2025-08-12T16:16:05.216+0000] {processor.py:179} INFO - Processing /home/vscode/.local/lib/python3.10/site-packages/airflow/example_dags/example_trigger_controller_dag.py took 0.046 seconds
[2025-08-12T16:16:44.973+0000] {processor.py:157} INFO - Started process (PID=34751) to work on /home/vscode/.local/lib/python3.10/site-packages/airflow/example_dags/example_trigger_controller_dag.py
[2025-08-12T16:16:44.973+0000] {processor.py:826} INFO - Processing file /home/vscode/.local/lib/python3.10/site-packages/airflow/example_dags/example_trigger_controller_dag.py for tasks to queue
[2025-08-12T16:16:44.974+0000] {logging_mixin.py:150} INFO - [2025-08-12T16:16:44.974+0000] {dagbag.py:541} INFO - Filling up the DagBag from /home/vscode/.local/lib/python3.10/site-packages/airflow/example_dags/example_trigger_controller_dag.py
[2025-08-12T16:16:44.978+0000] {processor.py:836} INFO - DAG(s) dict_keys(['example_trigger_controller_dag']) retrieved from /home/vscode/.local/lib/python3.10/site-packages/airflow/example_dags/example_trigger_controller_dag.py
[2025-08-12T16:16:44.989+0000] {logging_mixin.py:150} INFO - [2025-08-12T16:16:44.989+0000] {dag.py:2742} INFO - Sync 1 DAGs
[2025-08-12T16:16:45.003+0000] {logging_mixin.py:150} INFO - [2025-08-12T16:16:45.003+0000] {dag.py:3504} INFO - Setting next_dagrun for example_trigger_controller_dag to 2021-01-01T00:00:00+00:00, run_after=2021-01-01T00:00:00+00:00
[2025-08-12T16:16:45.020+0000] {processor.py:179} INFO - Processing /home/vscode/.local/lib/python3.10/site-packages/airflow/example_dags/example_trigger_controller_dag.py took 0.050 seconds
[2025-08-12T16:17:28.034+0000] {processor.py:157} INFO - Started process (PID=35037) to work on /home/vscode/.local/lib/python3.10/site-packages/airflow/example_dags/example_trigger_controller_dag.py
[2025-08-12T16:17:28.034+0000] {processor.py:826} INFO - Processing file /home/vscode/.local/lib/python3.10/site-packages/airflow/example_dags/example_trigger_controller_dag.py for tasks to queue
[2025-08-12T16:17:28.035+0000] {logging_mixin.py:150} INFO - [2025-08-12T16:17:28.035+0000] {dagbag.py:541} INFO - Filling up the DagBag from /home/vscode/.local/lib/python3.10/site-packages/airflow/example_dags/example_trigger_controller_dag.py
[2025-08-12T16:17:28.038+0000] {processor.py:836} INFO - DAG(s) dict_keys(['example_trigger_controller_dag']) retrieved from /home/vscode/.local/lib/python3.10/site-packages/airflow/example_dags/example_trigger_controller_dag.py
[2025-08-12T16:17:28.051+0000] {logging_mixin.py:150} INFO - [2025-08-12T16:17:28.051+0000] {dag.py:2742} INFO - Sync 1 DAGs
[2025-08-12T16:17:28.065+0000] {logging_mixin.py:150} INFO - [2025-08-12T16:17:28.065+0000] {dag.py:3504} INFO - Setting next_dagrun for example_trigger_controller_dag to 2021-01-01T00:00:00+00:00, run_after=2021-01-01T00:00:00+00:00
[2025-08-12T16:17:28.081+0000] {processor.py:179} INFO - Processing /home/vscode/.local/lib/python3.10/site-packages/airflow/example_dags/example_trigger_controller_dag.py took 0.050 seconds
[2025-08-12T16:18:06.323+0000] {processor.py:157} INFO - Started process (PID=35296) to work on /home/vscode/.local/lib/python3.10/site-packages/airflow/example_dags/example_trigger_controller_dag.py
[2025-08-12T16:18:06.324+0000] {processor.py:826} INFO - Processing file /home/vscode/.local/lib/python3.10/site-packages/airflow/example_dags/example_trigger_controller_dag.py for tasks to queue
[2025-08-12T16:18:06.324+0000] {logging_mixin.py:150} INFO - [2025-08-12T16:18:06.324+0000] {dagbag.py:541} INFO - Filling up the DagBag from /home/vscode/.local/lib/python3.10/site-packages/airflow/example_dags/example_trigger_controller_dag.py
[2025-08-12T16:18:06.328+0000] {processor.py:836} INFO - DAG(s) dict_keys(['example_trigger_controller_dag']) retrieved from /home/vscode/.local/lib/python3.10/site-packages/airflow/example_dags/example_trigger_controller_dag.py
[2025-08-12T16:18:06.339+0000] {logging_mixin.py:150} INFO - [2025-08-12T16:18:06.339+0000] {dag.py:2742} INFO - Sync 1 DAGs
[2025-08-12T16:18:06.353+0000] {logging_mixin.py:150} INFO - [2025-08-12T16:18:06.353+0000] {dag.py:3504} INFO - Setting next_dagrun for example_trigger_controller_dag to 2021-01-01T00:00:00+00:00, run_after=2021-01-01T00:00:00+00:00
[2025-08-12T16:18:06.370+0000] {processor.py:179} INFO - Processing /home/vscode/.local/lib/python3.10/site-packages/airflow/example_dags/example_trigger_controller_dag.py took 0.049 seconds
[2025-08-12T16:18:48.676+0000] {processor.py:157} INFO - Started process (PID=35579) to work on /home/vscode/.local/lib/python3.10/site-packages/airflow/example_dags/example_trigger_controller_dag.py
[2025-08-12T16:18:48.677+0000] {processor.py:826} INFO - Processing file /home/vscode/.local/lib/python3.10/site-packages/airflow/example_dags/example_trigger_controller_dag.py for tasks to queue
[2025-08-12T16:18:48.677+0000] {logging_mixin.py:150} INFO - [2025-08-12T16:18:48.677+0000] {dagbag.py:541} INFO - Filling up the DagBag from /home/vscode/.local/lib/python3.10/site-packages/airflow/example_dags/example_trigger_controller_dag.py
[2025-08-12T16:18:48.681+0000] {processor.py:836} INFO - DAG(s) dict_keys(['example_trigger_controller_dag']) retrieved from /home/vscode/.local/lib/python3.10/site-packages/airflow/example_dags/example_trigger_controller_dag.py
[2025-08-12T16:18:48.693+0000] {logging_mixin.py:150} INFO - [2025-08-12T16:18:48.693+0000] {dag.py:2742} INFO - Sync 1 DAGs
[2025-08-12T16:18:48.708+0000] {logging_mixin.py:150} INFO - [2025-08-12T16:18:48.708+0000] {dag.py:3504} INFO - Setting next_dagrun for example_trigger_controller_dag to 2021-01-01T00:00:00+00:00, run_after=2021-01-01T00:00:00+00:00
[2025-08-12T16:18:48.753+0000] {processor.py:179} INFO - Processing /home/vscode/.local/lib/python3.10/site-packages/airflow/example_dags/example_trigger_controller_dag.py took 0.079 seconds
[2025-08-12T16:19:29.537+0000] {processor.py:157} INFO - Started process (PID=35849) to work on /home/vscode/.local/lib/python3.10/site-packages/airflow/example_dags/example_trigger_controller_dag.py
[2025-08-12T16:19:29.538+0000] {processor.py:826} INFO - Processing file /home/vscode/.local/lib/python3.10/site-packages/airflow/example_dags/example_trigger_controller_dag.py for tasks to queue
[2025-08-12T16:19:29.538+0000] {logging_mixin.py:150} INFO - [2025-08-12T16:19:29.538+0000] {dagbag.py:541} INFO - Filling up the DagBag from /home/vscode/.local/lib/python3.10/site-packages/airflow/example_dags/example_trigger_controller_dag.py
[2025-08-12T16:19:29.542+0000] {processor.py:836} INFO - DAG(s) dict_keys(['example_trigger_controller_dag']) retrieved from /home/vscode/.local/lib/python3.10/site-packages/airflow/example_dags/example_trigger_controller_dag.py
[2025-08-12T16:19:29.555+0000] {logging_mixin.py:150} INFO - [2025-08-12T16:19:29.555+0000] {dag.py:2742} INFO - Sync 1 DAGs
[2025-08-12T16:19:29.570+0000] {logging_mixin.py:150} INFO - [2025-08-12T16:19:29.570+0000] {dag.py:3504} INFO - Setting next_dagrun for example_trigger_controller_dag to 2021-01-01T00:00:00+00:00, run_after=2021-01-01T00:00:00+00:00
[2025-08-12T16:19:29.586+0000] {processor.py:179} INFO - Processing /home/vscode/.local/lib/python3.10/site-packages/airflow/example_dags/example_trigger_controller_dag.py took 0.051 seconds
[2025-08-12T16:20:07.473+0000] {processor.py:157} INFO - Started process (PID=36098) to work on /home/vscode/.local/lib/python3.10/site-packages/airflow/example_dags/example_trigger_controller_dag.py
[2025-08-12T16:20:07.474+0000] {processor.py:826} INFO - Processing file /home/vscode/.local/lib/python3.10/site-packages/airflow/example_dags/example_trigger_controller_dag.py for tasks to queue
[2025-08-12T16:20:07.475+0000] {logging_mixin.py:150} INFO - [2025-08-12T16:20:07.474+0000] {dagbag.py:541} INFO - Filling up the DagBag from /home/vscode/.local/lib/python3.10/site-packages/airflow/example_dags/example_trigger_controller_dag.py
[2025-08-12T16:20:07.479+0000] {processor.py:836} INFO - DAG(s) dict_keys(['example_trigger_controller_dag']) retrieved from /home/vscode/.local/lib/python3.10/site-packages/airflow/example_dags/example_trigger_controller_dag.py
[2025-08-12T16:20:07.491+0000] {logging_mixin.py:150} INFO - [2025-08-12T16:20:07.491+0000] {dag.py:2742} INFO - Sync 1 DAGs
[2025-08-12T16:20:07.505+0000] {logging_mixin.py:150} INFO - [2025-08-12T16:20:07.505+0000] {dag.py:3504} INFO - Setting next_dagrun for example_trigger_controller_dag to 2021-01-01T00:00:00+00:00, run_after=2021-01-01T00:00:00+00:00
[2025-08-12T16:20:07.520+0000] {processor.py:179} INFO - Processing /home/vscode/.local/lib/python3.10/site-packages/airflow/example_dags/example_trigger_controller_dag.py took 0.049 seconds
[2025-08-12T16:20:48.591+0000] {processor.py:157} INFO - Started process (PID=36376) to work on /home/vscode/.local/lib/python3.10/site-packages/airflow/example_dags/example_trigger_controller_dag.py
[2025-08-12T16:20:48.592+0000] {processor.py:826} INFO - Processing file /home/vscode/.local/lib/python3.10/site-packages/airflow/example_dags/example_trigger_controller_dag.py for tasks to queue
[2025-08-12T16:20:48.592+0000] {logging_mixin.py:150} INFO - [2025-08-12T16:20:48.592+0000] {dagbag.py:541} INFO - Filling up the DagBag from /home/vscode/.local/lib/python3.10/site-packages/airflow/example_dags/example_trigger_controller_dag.py
[2025-08-12T16:20:48.596+0000] {processor.py:836} INFO - DAG(s) dict_keys(['example_trigger_controller_dag']) retrieved from /home/vscode/.local/lib/python3.10/site-packages/airflow/example_dags/example_trigger_controller_dag.py
[2025-08-12T16:20:48.607+0000] {logging_mixin.py:150} INFO - [2025-08-12T16:20:48.607+0000] {dag.py:2742} INFO - Sync 1 DAGs
[2025-08-12T16:20:48.621+0000] {logging_mixin.py:150} INFO - [2025-08-12T16:20:48.621+0000] {dag.py:3504} INFO - Setting next_dagrun for example_trigger_controller_dag to 2021-01-01T00:00:00+00:00, run_after=2021-01-01T00:00:00+00:00
[2025-08-12T16:20:48.637+0000] {processor.py:179} INFO - Processing /home/vscode/.local/lib/python3.10/site-packages/airflow/example_dags/example_trigger_controller_dag.py took 0.048 seconds
[2025-08-12T16:21:34.685+0000] {processor.py:157} INFO - Started process (PID=36683) to work on /home/vscode/.local/lib/python3.10/site-packages/airflow/example_dags/example_trigger_controller_dag.py
[2025-08-12T16:21:34.685+0000] {processor.py:826} INFO - Processing file /home/vscode/.local/lib/python3.10/site-packages/airflow/example_dags/example_trigger_controller_dag.py for tasks to queue
[2025-08-12T16:21:34.686+0000] {logging_mixin.py:150} INFO - [2025-08-12T16:21:34.686+0000] {dagbag.py:541} INFO - Filling up the DagBag from /home/vscode/.local/lib/python3.10/site-packages/airflow/example_dags/example_trigger_controller_dag.py
[2025-08-12T16:21:34.689+0000] {processor.py:836} INFO - DAG(s) dict_keys(['example_trigger_controller_dag']) retrieved from /home/vscode/.local/lib/python3.10/site-packages/airflow/example_dags/example_trigger_controller_dag.py
[2025-08-12T16:21:34.701+0000] {logging_mixin.py:150} INFO - [2025-08-12T16:21:34.701+0000] {dag.py:2742} INFO - Sync 1 DAGs
[2025-08-12T16:21:34.715+0000] {logging_mixin.py:150} INFO - [2025-08-12T16:21:34.715+0000] {dag.py:3504} INFO - Setting next_dagrun for example_trigger_controller_dag to 2021-01-01T00:00:00+00:00, run_after=2021-01-01T00:00:00+00:00
[2025-08-12T16:21:34.731+0000] {processor.py:179} INFO - Processing /home/vscode/.local/lib/python3.10/site-packages/airflow/example_dags/example_trigger_controller_dag.py took 0.048 seconds
[2025-08-12T16:22:15.833+0000] {processor.py:157} INFO - Started process (PID=36960) to work on /home/vscode/.local/lib/python3.10/site-packages/airflow/example_dags/example_trigger_controller_dag.py
[2025-08-12T16:22:15.833+0000] {processor.py:826} INFO - Processing file /home/vscode/.local/lib/python3.10/site-packages/airflow/example_dags/example_trigger_controller_dag.py for tasks to queue
[2025-08-12T16:22:15.834+0000] {logging_mixin.py:150} INFO - [2025-08-12T16:22:15.834+0000] {dagbag.py:541} INFO - Filling up the DagBag from /home/vscode/.local/lib/python3.10/site-packages/airflow/example_dags/example_trigger_controller_dag.py
[2025-08-12T16:22:15.837+0000] {processor.py:836} INFO - DAG(s) dict_keys(['example_trigger_controller_dag']) retrieved from /home/vscode/.local/lib/python3.10/site-packages/airflow/example_dags/example_trigger_controller_dag.py
[2025-08-12T16:22:15.849+0000] {logging_mixin.py:150} INFO - [2025-08-12T16:22:15.849+0000] {dag.py:2742} INFO - Sync 1 DAGs
[2025-08-12T16:22:15.863+0000] {logging_mixin.py:150} INFO - [2025-08-12T16:22:15.863+0000] {dag.py:3504} INFO - Setting next_dagrun for example_trigger_controller_dag to 2021-01-01T00:00:00+00:00, run_after=2021-01-01T00:00:00+00:00
[2025-08-12T16:22:15.879+0000] {processor.py:179} INFO - Processing /home/vscode/.local/lib/python3.10/site-packages/airflow/example_dags/example_trigger_controller_dag.py took 0.048 seconds
[2025-08-12T16:22:59.185+0000] {processor.py:157} INFO - Started process (PID=37245) to work on /home/vscode/.local/lib/python3.10/site-packages/airflow/example_dags/example_trigger_controller_dag.py
[2025-08-12T16:22:59.185+0000] {processor.py:826} INFO - Processing file /home/vscode/.local/lib/python3.10/site-packages/airflow/example_dags/example_trigger_controller_dag.py for tasks to queue
[2025-08-12T16:22:59.186+0000] {logging_mixin.py:150} INFO - [2025-08-12T16:22:59.186+0000] {dagbag.py:541} INFO - Filling up the DagBag from /home/vscode/.local/lib/python3.10/site-packages/airflow/example_dags/example_trigger_controller_dag.py
[2025-08-12T16:22:59.189+0000] {processor.py:836} INFO - DAG(s) dict_keys(['example_trigger_controller_dag']) retrieved from /home/vscode/.local/lib/python3.10/site-packages/airflow/example_dags/example_trigger_controller_dag.py
[2025-08-12T16:22:59.200+0000] {logging_mixin.py:150} INFO - [2025-08-12T16:22:59.200+0000] {dag.py:2742} INFO - Sync 1 DAGs
[2025-08-12T16:22:59.214+0000] {logging_mixin.py:150} INFO - [2025-08-12T16:22:59.214+0000] {dag.py:3504} INFO - Setting next_dagrun for example_trigger_controller_dag to 2021-01-01T00:00:00+00:00, run_after=2021-01-01T00:00:00+00:00
[2025-08-12T16:22:59.229+0000] {processor.py:179} INFO - Processing /home/vscode/.local/lib/python3.10/site-packages/airflow/example_dags/example_trigger_controller_dag.py took 0.046 seconds
[2025-08-12T16:23:46.327+0000] {processor.py:157} INFO - Started process (PID=37554) to work on /home/vscode/.local/lib/python3.10/site-packages/airflow/example_dags/example_trigger_controller_dag.py
[2025-08-12T16:23:46.328+0000] {processor.py:826} INFO - Processing file /home/vscode/.local/lib/python3.10/site-packages/airflow/example_dags/example_trigger_controller_dag.py for tasks to queue
[2025-08-12T16:23:46.329+0000] {logging_mixin.py:150} INFO - [2025-08-12T16:23:46.328+0000] {dagbag.py:541} INFO - Filling up the DagBag from /home/vscode/.local/lib/python3.10/site-packages/airflow/example_dags/example_trigger_controller_dag.py
[2025-08-12T16:23:46.332+0000] {processor.py:836} INFO - DAG(s) dict_keys(['example_trigger_controller_dag']) retrieved from /home/vscode/.local/lib/python3.10/site-packages/airflow/example_dags/example_trigger_controller_dag.py
[2025-08-12T16:23:46.344+0000] {logging_mixin.py:150} INFO - [2025-08-12T16:23:46.344+0000] {dag.py:2742} INFO - Sync 1 DAGs
[2025-08-12T16:23:46.358+0000] {logging_mixin.py:150} INFO - [2025-08-12T16:23:46.358+0000] {dag.py:3504} INFO - Setting next_dagrun for example_trigger_controller_dag to 2021-01-01T00:00:00+00:00, run_after=2021-01-01T00:00:00+00:00
[2025-08-12T16:23:46.373+0000] {processor.py:179} INFO - Processing /home/vscode/.local/lib/python3.10/site-packages/airflow/example_dags/example_trigger_controller_dag.py took 0.048 seconds
[2025-08-12T16:24:29.474+0000] {processor.py:157} INFO - Started process (PID=37840) to work on /home/vscode/.local/lib/python3.10/site-packages/airflow/example_dags/example_trigger_controller_dag.py
[2025-08-12T16:24:29.474+0000] {processor.py:826} INFO - Processing file /home/vscode/.local/lib/python3.10/site-packages/airflow/example_dags/example_trigger_controller_dag.py for tasks to queue
[2025-08-12T16:24:29.475+0000] {logging_mixin.py:150} INFO - [2025-08-12T16:24:29.475+0000] {dagbag.py:541} INFO - Filling up the DagBag from /home/vscode/.local/lib/python3.10/site-packages/airflow/example_dags/example_trigger_controller_dag.py
[2025-08-12T16:24:29.478+0000] {processor.py:836} INFO - DAG(s) dict_keys(['example_trigger_controller_dag']) retrieved from /home/vscode/.local/lib/python3.10/site-packages/airflow/example_dags/example_trigger_controller_dag.py
[2025-08-12T16:24:29.490+0000] {logging_mixin.py:150} INFO - [2025-08-12T16:24:29.490+0000] {dag.py:2742} INFO - Sync 1 DAGs
[2025-08-12T16:24:29.503+0000] {logging_mixin.py:150} INFO - [2025-08-12T16:24:29.503+0000] {dag.py:3504} INFO - Setting next_dagrun for example_trigger_controller_dag to 2021-01-01T00:00:00+00:00, run_after=2021-01-01T00:00:00+00:00
[2025-08-12T16:24:29.518+0000] {processor.py:179} INFO - Processing /home/vscode/.local/lib/python3.10/site-packages/airflow/example_dags/example_trigger_controller_dag.py took 0.047 seconds
[2025-08-12T16:25:15.722+0000] {processor.py:157} INFO - Started process (PID=38154) to work on /home/vscode/.local/lib/python3.10/site-packages/airflow/example_dags/example_trigger_controller_dag.py
[2025-08-12T16:25:15.722+0000] {processor.py:826} INFO - Processing file /home/vscode/.local/lib/python3.10/site-packages/airflow/example_dags/example_trigger_controller_dag.py for tasks to queue
[2025-08-12T16:25:15.723+0000] {logging_mixin.py:150} INFO - [2025-08-12T16:25:15.723+0000] {dagbag.py:541} INFO - Filling up the DagBag from /home/vscode/.local/lib/python3.10/site-packages/airflow/example_dags/example_trigger_controller_dag.py
[2025-08-12T16:25:15.726+0000] {processor.py:836} INFO - DAG(s) dict_keys(['example_trigger_controller_dag']) retrieved from /home/vscode/.local/lib/python3.10/site-packages/airflow/example_dags/example_trigger_controller_dag.py
[2025-08-12T16:25:15.738+0000] {logging_mixin.py:150} INFO - [2025-08-12T16:25:15.737+0000] {dag.py:2742} INFO - Sync 1 DAGs
[2025-08-12T16:25:15.751+0000] {logging_mixin.py:150} INFO - [2025-08-12T16:25:15.751+0000] {dag.py:3504} INFO - Setting next_dagrun for example_trigger_controller_dag to 2021-01-01T00:00:00+00:00, run_after=2021-01-01T00:00:00+00:00
[2025-08-12T16:25:15.766+0000] {processor.py:179} INFO - Processing /home/vscode/.local/lib/python3.10/site-packages/airflow/example_dags/example_trigger_controller_dag.py took 0.047 seconds
[2025-08-12T16:26:00.358+0000] {processor.py:157} INFO - Started process (PID=38442) to work on /home/vscode/.local/lib/python3.10/site-packages/airflow/example_dags/example_trigger_controller_dag.py
[2025-08-12T16:26:00.359+0000] {processor.py:826} INFO - Processing file /home/vscode/.local/lib/python3.10/site-packages/airflow/example_dags/example_trigger_controller_dag.py for tasks to queue
[2025-08-12T16:26:00.359+0000] {logging_mixin.py:150} INFO - [2025-08-12T16:26:00.359+0000] {dagbag.py:541} INFO - Filling up the DagBag from /home/vscode/.local/lib/python3.10/site-packages/airflow/example_dags/example_trigger_controller_dag.py
[2025-08-12T16:26:00.363+0000] {processor.py:836} INFO - DAG(s) dict_keys(['example_trigger_controller_dag']) retrieved from /home/vscode/.local/lib/python3.10/site-packages/airflow/example_dags/example_trigger_controller_dag.py
[2025-08-12T16:26:00.374+0000] {logging_mixin.py:150} INFO - [2025-08-12T16:26:00.374+0000] {dag.py:2742} INFO - Sync 1 DAGs
[2025-08-12T16:26:00.388+0000] {logging_mixin.py:150} INFO - [2025-08-12T16:26:00.388+0000] {dag.py:3504} INFO - Setting next_dagrun for example_trigger_controller_dag to 2021-01-01T00:00:00+00:00, run_after=2021-01-01T00:00:00+00:00
[2025-08-12T16:26:00.403+0000] {processor.py:179} INFO - Processing /home/vscode/.local/lib/python3.10/site-packages/airflow/example_dags/example_trigger_controller_dag.py took 0.047 seconds
[2025-08-12T16:26:42.541+0000] {processor.py:157} INFO - Started process (PID=38726) to work on /home/vscode/.local/lib/python3.10/site-packages/airflow/example_dags/example_trigger_controller_dag.py
[2025-08-12T16:26:42.542+0000] {processor.py:826} INFO - Processing file /home/vscode/.local/lib/python3.10/site-packages/airflow/example_dags/example_trigger_controller_dag.py for tasks to queue
[2025-08-12T16:26:42.542+0000] {logging_mixin.py:150} INFO - [2025-08-12T16:26:42.542+0000] {dagbag.py:541} INFO - Filling up the DagBag from /home/vscode/.local/lib/python3.10/site-packages/airflow/example_dags/example_trigger_controller_dag.py
[2025-08-12T16:26:42.546+0000] {processor.py:836} INFO - DAG(s) dict_keys(['example_trigger_controller_dag']) retrieved from /home/vscode/.local/lib/python3.10/site-packages/airflow/example_dags/example_trigger_controller_dag.py
[2025-08-12T16:26:42.558+0000] {logging_mixin.py:150} INFO - [2025-08-12T16:26:42.557+0000] {dag.py:2742} INFO - Sync 1 DAGs
[2025-08-12T16:26:42.572+0000] {logging_mixin.py:150} INFO - [2025-08-12T16:26:42.572+0000] {dag.py:3504} INFO - Setting next_dagrun for example_trigger_controller_dag to 2021-01-01T00:00:00+00:00, run_after=2021-01-01T00:00:00+00:00
[2025-08-12T16:26:42.588+0000] {processor.py:179} INFO - Processing /home/vscode/.local/lib/python3.10/site-packages/airflow/example_dags/example_trigger_controller_dag.py took 0.049 seconds
[2025-08-12T16:27:24.240+0000] {processor.py:157} INFO - Started process (PID=39009) to work on /home/vscode/.local/lib/python3.10/site-packages/airflow/example_dags/example_trigger_controller_dag.py
[2025-08-12T16:27:24.241+0000] {processor.py:826} INFO - Processing file /home/vscode/.local/lib/python3.10/site-packages/airflow/example_dags/example_trigger_controller_dag.py for tasks to queue
[2025-08-12T16:27:24.242+0000] {logging_mixin.py:150} INFO - [2025-08-12T16:27:24.241+0000] {dagbag.py:541} INFO - Filling up the DagBag from /home/vscode/.local/lib/python3.10/site-packages/airflow/example_dags/example_trigger_controller_dag.py
[2025-08-12T16:27:24.245+0000] {processor.py:836} INFO - DAG(s) dict_keys(['example_trigger_controller_dag']) retrieved from /home/vscode/.local/lib/python3.10/site-packages/airflow/example_dags/example_trigger_controller_dag.py
[2025-08-12T16:27:24.256+0000] {logging_mixin.py:150} INFO - [2025-08-12T16:27:24.256+0000] {dag.py:2742} INFO - Sync 1 DAGs
[2025-08-12T16:27:24.270+0000] {logging_mixin.py:150} INFO - [2025-08-12T16:27:24.270+0000] {dag.py:3504} INFO - Setting next_dagrun for example_trigger_controller_dag to 2021-01-01T00:00:00+00:00, run_after=2021-01-01T00:00:00+00:00
[2025-08-12T16:27:24.286+0000] {processor.py:179} INFO - Processing /home/vscode/.local/lib/python3.10/site-packages/airflow/example_dags/example_trigger_controller_dag.py took 0.047 seconds
[2025-08-12T16:28:08.471+0000] {processor.py:157} INFO - Started process (PID=39303) to work on /home/vscode/.local/lib/python3.10/site-packages/airflow/example_dags/example_trigger_controller_dag.py
[2025-08-12T16:28:08.471+0000] {processor.py:826} INFO - Processing file /home/vscode/.local/lib/python3.10/site-packages/airflow/example_dags/example_trigger_controller_dag.py for tasks to queue
[2025-08-12T16:28:08.472+0000] {logging_mixin.py:150} INFO - [2025-08-12T16:28:08.472+0000] {dagbag.py:541} INFO - Filling up the DagBag from /home/vscode/.local/lib/python3.10/site-packages/airflow/example_dags/example_trigger_controller_dag.py
[2025-08-12T16:28:08.475+0000] {processor.py:836} INFO - DAG(s) dict_keys(['example_trigger_controller_dag']) retrieved from /home/vscode/.local/lib/python3.10/site-packages/airflow/example_dags/example_trigger_controller_dag.py
[2025-08-12T16:28:08.487+0000] {logging_mixin.py:150} INFO - [2025-08-12T16:28:08.487+0000] {dag.py:2742} INFO - Sync 1 DAGs
[2025-08-12T16:28:08.501+0000] {logging_mixin.py:150} INFO - [2025-08-12T16:28:08.501+0000] {dag.py:3504} INFO - Setting next_dagrun for example_trigger_controller_dag to 2021-01-01T00:00:00+00:00, run_after=2021-01-01T00:00:00+00:00
[2025-08-12T16:28:08.517+0000] {processor.py:179} INFO - Processing /home/vscode/.local/lib/python3.10/site-packages/airflow/example_dags/example_trigger_controller_dag.py took 0.048 seconds
[2025-08-12T16:28:53.944+0000] {processor.py:157} INFO - Started process (PID=39606) to work on /home/vscode/.local/lib/python3.10/site-packages/airflow/example_dags/example_trigger_controller_dag.py
[2025-08-12T16:28:53.945+0000] {processor.py:826} INFO - Processing file /home/vscode/.local/lib/python3.10/site-packages/airflow/example_dags/example_trigger_controller_dag.py for tasks to queue
[2025-08-12T16:28:53.945+0000] {logging_mixin.py:150} INFO - [2025-08-12T16:28:53.945+0000] {dagbag.py:541} INFO - Filling up the DagBag from /home/vscode/.local/lib/python3.10/site-packages/airflow/example_dags/example_trigger_controller_dag.py
[2025-08-12T16:28:53.949+0000] {processor.py:836} INFO - DAG(s) dict_keys(['example_trigger_controller_dag']) retrieved from /home/vscode/.local/lib/python3.10/site-packages/airflow/example_dags/example_trigger_controller_dag.py
[2025-08-12T16:28:53.961+0000] {logging_mixin.py:150} INFO - [2025-08-12T16:28:53.961+0000] {dag.py:2742} INFO - Sync 1 DAGs
[2025-08-12T16:28:53.977+0000] {logging_mixin.py:150} INFO - [2025-08-12T16:28:53.977+0000] {dag.py:3504} INFO - Setting next_dagrun for example_trigger_controller_dag to 2021-01-01T00:00:00+00:00, run_after=2021-01-01T00:00:00+00:00
[2025-08-12T16:28:53.993+0000] {processor.py:179} INFO - Processing /home/vscode/.local/lib/python3.10/site-packages/airflow/example_dags/example_trigger_controller_dag.py took 0.051 seconds
[2025-08-12T16:29:39.809+0000] {processor.py:157} INFO - Started process (PID=39912) to work on /home/vscode/.local/lib/python3.10/site-packages/airflow/example_dags/example_trigger_controller_dag.py
[2025-08-12T16:29:39.810+0000] {processor.py:826} INFO - Processing file /home/vscode/.local/lib/python3.10/site-packages/airflow/example_dags/example_trigger_controller_dag.py for tasks to queue
[2025-08-12T16:29:39.811+0000] {logging_mixin.py:150} INFO - [2025-08-12T16:29:39.810+0000] {dagbag.py:541} INFO - Filling up the DagBag from /home/vscode/.local/lib/python3.10/site-packages/airflow/example_dags/example_trigger_controller_dag.py
[2025-08-12T16:29:39.814+0000] {processor.py:836} INFO - DAG(s) dict_keys(['example_trigger_controller_dag']) retrieved from /home/vscode/.local/lib/python3.10/site-packages/airflow/example_dags/example_trigger_controller_dag.py
[2025-08-12T16:29:39.826+0000] {logging_mixin.py:150} INFO - [2025-08-12T16:29:39.826+0000] {dag.py:2742} INFO - Sync 1 DAGs
[2025-08-12T16:29:39.840+0000] {logging_mixin.py:150} INFO - [2025-08-12T16:29:39.839+0000] {dag.py:3504} INFO - Setting next_dagrun for example_trigger_controller_dag to 2021-01-01T00:00:00+00:00, run_after=2021-01-01T00:00:00+00:00
[2025-08-12T16:29:39.855+0000] {processor.py:179} INFO - Processing /home/vscode/.local/lib/python3.10/site-packages/airflow/example_dags/example_trigger_controller_dag.py took 0.048 seconds
[2025-08-12T16:30:23.824+0000] {processor.py:157} INFO - Started process (PID=40200) to work on /home/vscode/.local/lib/python3.10/site-packages/airflow/example_dags/example_trigger_controller_dag.py
[2025-08-12T16:30:23.825+0000] {processor.py:826} INFO - Processing file /home/vscode/.local/lib/python3.10/site-packages/airflow/example_dags/example_trigger_controller_dag.py for tasks to queue
[2025-08-12T16:30:23.826+0000] {logging_mixin.py:150} INFO - [2025-08-12T16:30:23.825+0000] {dagbag.py:541} INFO - Filling up the DagBag from /home/vscode/.local/lib/python3.10/site-packages/airflow/example_dags/example_trigger_controller_dag.py
[2025-08-12T16:30:23.829+0000] {processor.py:836} INFO - DAG(s) dict_keys(['example_trigger_controller_dag']) retrieved from /home/vscode/.local/lib/python3.10/site-packages/airflow/example_dags/example_trigger_controller_dag.py
[2025-08-12T16:30:23.841+0000] {logging_mixin.py:150} INFO - [2025-08-12T16:30:23.840+0000] {dag.py:2742} INFO - Sync 1 DAGs
[2025-08-12T16:30:23.854+0000] {logging_mixin.py:150} INFO - [2025-08-12T16:30:23.854+0000] {dag.py:3504} INFO - Setting next_dagrun for example_trigger_controller_dag to 2021-01-01T00:00:00+00:00, run_after=2021-01-01T00:00:00+00:00
[2025-08-12T16:30:23.870+0000] {processor.py:179} INFO - Processing /home/vscode/.local/lib/python3.10/site-packages/airflow/example_dags/example_trigger_controller_dag.py took 0.048 seconds
