[2025-08-12T15:37:06.112+0000] {processor.py:157} INFO - Started process (PID=17986) to work on /home/vscode/.local/lib/python3.10/site-packages/airflow/example_dags/example_local_kubernetes_executor.py
[2025-08-12T15:37:06.112+0000] {processor.py:826} INFO - Processing file /home/vscode/.local/lib/python3.10/site-packages/airflow/example_dags/example_local_kubernetes_executor.py for tasks to queue
[2025-08-12T15:37:06.113+0000] {logging_mixin.py:150} INFO - [2025-08-12T15:37:06.113+0000] {dagbag.py:541} INFO - Filling up the DagBag from /home/vscode/.local/lib/python3.10/site-packages/airflow/example_dags/example_local_kubernetes_executor.py
[2025-08-12T15:37:06.115+0000] {logging_mixin.py:150} INFO - [2025-08-12T15:37:06.115+0000] {example_local_kubernetes_executor.py:39} WARNING - Could not import DAGs in example_local_kubernetes_executor.py
Traceback (most recent call last):
  File "/home/vscode/.local/lib/python3.10/site-packages/airflow/example_dags/example_local_kubernetes_executor.py", line 37, in <module>
    from kubernetes.client import models as k8s
ModuleNotFoundError: No module named 'kubernetes'
[2025-08-12T15:37:06.115+0000] {logging_mixin.py:150} INFO - [2025-08-12T15:37:06.115+0000] {example_local_kubernetes_executor.py:40} WARNING - Install Kubernetes dependencies with: pip install apache-airflow[cncf.kubernetes]
[2025-08-12T15:37:06.116+0000] {processor.py:838} WARNING - No viable dags retrieved from /home/vscode/.local/lib/python3.10/site-packages/airflow/example_dags/example_local_kubernetes_executor.py
[2025-08-12T15:37:06.123+0000] {processor.py:179} INFO - Processing /home/vscode/.local/lib/python3.10/site-packages/airflow/example_dags/example_local_kubernetes_executor.py took 0.013 seconds
[2025-08-12T15:37:52.199+0000] {processor.py:157} INFO - Started process (PID=18357) to work on /home/vscode/.local/lib/python3.10/site-packages/airflow/example_dags/example_local_kubernetes_executor.py
[2025-08-12T15:37:52.200+0000] {processor.py:826} INFO - Processing file /home/vscode/.local/lib/python3.10/site-packages/airflow/example_dags/example_local_kubernetes_executor.py for tasks to queue
[2025-08-12T15:37:52.201+0000] {logging_mixin.py:150} INFO - [2025-08-12T15:37:52.200+0000] {dagbag.py:541} INFO - Filling up the DagBag from /home/vscode/.local/lib/python3.10/site-packages/airflow/example_dags/example_local_kubernetes_executor.py
[2025-08-12T15:37:52.203+0000] {logging_mixin.py:150} INFO - [2025-08-12T15:37:52.203+0000] {example_local_kubernetes_executor.py:39} WARNING - Could not import DAGs in example_local_kubernetes_executor.py
Traceback (most recent call last):
  File "/home/vscode/.local/lib/python3.10/site-packages/airflow/example_dags/example_local_kubernetes_executor.py", line 37, in <module>
    from kubernetes.client import models as k8s
ModuleNotFoundError: No module named 'kubernetes'
[2025-08-12T15:37:52.203+0000] {logging_mixin.py:150} INFO - [2025-08-12T15:37:52.203+0000] {example_local_kubernetes_executor.py:40} WARNING - Install Kubernetes dependencies with: pip install apache-airflow[cncf.kubernetes]
[2025-08-12T15:37:52.204+0000] {processor.py:838} WARNING - No viable dags retrieved from /home/vscode/.local/lib/python3.10/site-packages/airflow/example_dags/example_local_kubernetes_executor.py
[2025-08-12T15:37:52.210+0000] {processor.py:179} INFO - Processing /home/vscode/.local/lib/python3.10/site-packages/airflow/example_dags/example_local_kubernetes_executor.py took 0.013 seconds
[2025-08-12T15:38:40.791+0000] {processor.py:157} INFO - Started process (PID=18712) to work on /home/vscode/.local/lib/python3.10/site-packages/airflow/example_dags/example_local_kubernetes_executor.py
[2025-08-12T15:38:40.792+0000] {processor.py:826} INFO - Processing file /home/vscode/.local/lib/python3.10/site-packages/airflow/example_dags/example_local_kubernetes_executor.py for tasks to queue
[2025-08-12T15:38:40.792+0000] {logging_mixin.py:150} INFO - [2025-08-12T15:38:40.792+0000] {dagbag.py:541} INFO - Filling up the DagBag from /home/vscode/.local/lib/python3.10/site-packages/airflow/example_dags/example_local_kubernetes_executor.py
[2025-08-12T15:38:40.795+0000] {logging_mixin.py:150} INFO - [2025-08-12T15:38:40.794+0000] {example_local_kubernetes_executor.py:39} WARNING - Could not import DAGs in example_local_kubernetes_executor.py
Traceback (most recent call last):
  File "/home/vscode/.local/lib/python3.10/site-packages/airflow/example_dags/example_local_kubernetes_executor.py", line 37, in <module>
    from kubernetes.client import models as k8s
ModuleNotFoundError: No module named 'kubernetes'
[2025-08-12T15:38:40.795+0000] {logging_mixin.py:150} INFO - [2025-08-12T15:38:40.795+0000] {example_local_kubernetes_executor.py:40} WARNING - Install Kubernetes dependencies with: pip install apache-airflow[cncf.kubernetes]
[2025-08-12T15:38:40.795+0000] {processor.py:838} WARNING - No viable dags retrieved from /home/vscode/.local/lib/python3.10/site-packages/airflow/example_dags/example_local_kubernetes_executor.py
[2025-08-12T15:38:40.802+0000] {processor.py:179} INFO - Processing /home/vscode/.local/lib/python3.10/site-packages/airflow/example_dags/example_local_kubernetes_executor.py took 0.013 seconds
[2025-08-12T15:39:28.090+0000] {processor.py:157} INFO - Started process (PID=19102) to work on /home/vscode/.local/lib/python3.10/site-packages/airflow/example_dags/example_local_kubernetes_executor.py
[2025-08-12T15:39:28.091+0000] {processor.py:826} INFO - Processing file /home/vscode/.local/lib/python3.10/site-packages/airflow/example_dags/example_local_kubernetes_executor.py for tasks to queue
[2025-08-12T15:39:28.091+0000] {logging_mixin.py:150} INFO - [2025-08-12T15:39:28.091+0000] {dagbag.py:541} INFO - Filling up the DagBag from /home/vscode/.local/lib/python3.10/site-packages/airflow/example_dags/example_local_kubernetes_executor.py
[2025-08-12T15:39:28.094+0000] {logging_mixin.py:150} INFO - [2025-08-12T15:39:28.093+0000] {example_local_kubernetes_executor.py:39} WARNING - Could not import DAGs in example_local_kubernetes_executor.py
Traceback (most recent call last):
  File "/home/vscode/.local/lib/python3.10/site-packages/airflow/example_dags/example_local_kubernetes_executor.py", line 37, in <module>
    from kubernetes.client import models as k8s
ModuleNotFoundError: No module named 'kubernetes'
[2025-08-12T15:39:28.094+0000] {logging_mixin.py:150} INFO - [2025-08-12T15:39:28.094+0000] {example_local_kubernetes_executor.py:40} WARNING - Install Kubernetes dependencies with: pip install apache-airflow[cncf.kubernetes]
[2025-08-12T15:39:28.094+0000] {processor.py:838} WARNING - No viable dags retrieved from /home/vscode/.local/lib/python3.10/site-packages/airflow/example_dags/example_local_kubernetes_executor.py
[2025-08-12T15:39:28.101+0000] {processor.py:179} INFO - Processing /home/vscode/.local/lib/python3.10/site-packages/airflow/example_dags/example_local_kubernetes_executor.py took 0.014 seconds
[2025-08-12T15:40:12.202+0000] {processor.py:157} INFO - Started process (PID=19400) to work on /home/vscode/.local/lib/python3.10/site-packages/airflow/example_dags/example_local_kubernetes_executor.py
[2025-08-12T15:40:12.203+0000] {processor.py:826} INFO - Processing file /home/vscode/.local/lib/python3.10/site-packages/airflow/example_dags/example_local_kubernetes_executor.py for tasks to queue
[2025-08-12T15:40:12.203+0000] {logging_mixin.py:150} INFO - [2025-08-12T15:40:12.203+0000] {dagbag.py:541} INFO - Filling up the DagBag from /home/vscode/.local/lib/python3.10/site-packages/airflow/example_dags/example_local_kubernetes_executor.py
[2025-08-12T15:40:12.206+0000] {logging_mixin.py:150} INFO - [2025-08-12T15:40:12.205+0000] {example_local_kubernetes_executor.py:39} WARNING - Could not import DAGs in example_local_kubernetes_executor.py
Traceback (most recent call last):
  File "/home/vscode/.local/lib/python3.10/site-packages/airflow/example_dags/example_local_kubernetes_executor.py", line 37, in <module>
    from kubernetes.client import models as k8s
ModuleNotFoundError: No module named 'kubernetes'
[2025-08-12T15:40:12.206+0000] {logging_mixin.py:150} INFO - [2025-08-12T15:40:12.206+0000] {example_local_kubernetes_executor.py:40} WARNING - Install Kubernetes dependencies with: pip install apache-airflow[cncf.kubernetes]
[2025-08-12T15:40:12.206+0000] {processor.py:838} WARNING - No viable dags retrieved from /home/vscode/.local/lib/python3.10/site-packages/airflow/example_dags/example_local_kubernetes_executor.py
[2025-08-12T15:40:12.213+0000] {processor.py:179} INFO - Processing /home/vscode/.local/lib/python3.10/site-packages/airflow/example_dags/example_local_kubernetes_executor.py took 0.013 seconds
[2025-08-12T15:40:58.920+0000] {processor.py:157} INFO - Started process (PID=19711) to work on /home/vscode/.local/lib/python3.10/site-packages/airflow/example_dags/example_local_kubernetes_executor.py
[2025-08-12T15:40:58.921+0000] {processor.py:826} INFO - Processing file /home/vscode/.local/lib/python3.10/site-packages/airflow/example_dags/example_local_kubernetes_executor.py for tasks to queue
[2025-08-12T15:40:58.921+0000] {logging_mixin.py:150} INFO - [2025-08-12T15:40:58.921+0000] {dagbag.py:541} INFO - Filling up the DagBag from /home/vscode/.local/lib/python3.10/site-packages/airflow/example_dags/example_local_kubernetes_executor.py
[2025-08-12T15:40:58.924+0000] {logging_mixin.py:150} INFO - [2025-08-12T15:40:58.923+0000] {example_local_kubernetes_executor.py:39} WARNING - Could not import DAGs in example_local_kubernetes_executor.py
Traceback (most recent call last):
  File "/home/vscode/.local/lib/python3.10/site-packages/airflow/example_dags/example_local_kubernetes_executor.py", line 37, in <module>
    from kubernetes.client import models as k8s
ModuleNotFoundError: No module named 'kubernetes'
[2025-08-12T15:40:58.924+0000] {logging_mixin.py:150} INFO - [2025-08-12T15:40:58.924+0000] {example_local_kubernetes_executor.py:40} WARNING - Install Kubernetes dependencies with: pip install apache-airflow[cncf.kubernetes]
[2025-08-12T15:40:58.924+0000] {processor.py:838} WARNING - No viable dags retrieved from /home/vscode/.local/lib/python3.10/site-packages/airflow/example_dags/example_local_kubernetes_executor.py
[2025-08-12T15:40:58.931+0000] {processor.py:179} INFO - Processing /home/vscode/.local/lib/python3.10/site-packages/airflow/example_dags/example_local_kubernetes_executor.py took 0.013 seconds
[2025-08-12T15:41:40.742+0000] {processor.py:157} INFO - Started process (PID=19987) to work on /home/vscode/.local/lib/python3.10/site-packages/airflow/example_dags/example_local_kubernetes_executor.py
[2025-08-12T15:41:40.742+0000] {processor.py:826} INFO - Processing file /home/vscode/.local/lib/python3.10/site-packages/airflow/example_dags/example_local_kubernetes_executor.py for tasks to queue
[2025-08-12T15:41:40.743+0000] {logging_mixin.py:150} INFO - [2025-08-12T15:41:40.743+0000] {dagbag.py:541} INFO - Filling up the DagBag from /home/vscode/.local/lib/python3.10/site-packages/airflow/example_dags/example_local_kubernetes_executor.py
[2025-08-12T15:41:40.745+0000] {logging_mixin.py:150} INFO - [2025-08-12T15:41:40.745+0000] {example_local_kubernetes_executor.py:39} WARNING - Could not import DAGs in example_local_kubernetes_executor.py
Traceback (most recent call last):
  File "/home/vscode/.local/lib/python3.10/site-packages/airflow/example_dags/example_local_kubernetes_executor.py", line 37, in <module>
    from kubernetes.client import models as k8s
ModuleNotFoundError: No module named 'kubernetes'
[2025-08-12T15:41:40.746+0000] {logging_mixin.py:150} INFO - [2025-08-12T15:41:40.745+0000] {example_local_kubernetes_executor.py:40} WARNING - Install Kubernetes dependencies with: pip install apache-airflow[cncf.kubernetes]
[2025-08-12T15:41:40.746+0000] {processor.py:838} WARNING - No viable dags retrieved from /home/vscode/.local/lib/python3.10/site-packages/airflow/example_dags/example_local_kubernetes_executor.py
[2025-08-12T15:41:40.752+0000] {processor.py:179} INFO - Processing /home/vscode/.local/lib/python3.10/site-packages/airflow/example_dags/example_local_kubernetes_executor.py took 0.013 seconds
[2025-08-12T15:42:29.075+0000] {processor.py:157} INFO - Started process (PID=20312) to work on /home/vscode/.local/lib/python3.10/site-packages/airflow/example_dags/example_local_kubernetes_executor.py
[2025-08-12T15:42:29.076+0000] {processor.py:826} INFO - Processing file /home/vscode/.local/lib/python3.10/site-packages/airflow/example_dags/example_local_kubernetes_executor.py for tasks to queue
[2025-08-12T15:42:29.077+0000] {logging_mixin.py:150} INFO - [2025-08-12T15:42:29.076+0000] {dagbag.py:541} INFO - Filling up the DagBag from /home/vscode/.local/lib/python3.10/site-packages/airflow/example_dags/example_local_kubernetes_executor.py
[2025-08-12T15:42:29.079+0000] {logging_mixin.py:150} INFO - [2025-08-12T15:42:29.078+0000] {example_local_kubernetes_executor.py:39} WARNING - Could not import DAGs in example_local_kubernetes_executor.py
Traceback (most recent call last):
  File "/home/vscode/.local/lib/python3.10/site-packages/airflow/example_dags/example_local_kubernetes_executor.py", line 37, in <module>
    from kubernetes.client import models as k8s
ModuleNotFoundError: No module named 'kubernetes'
[2025-08-12T15:42:29.079+0000] {logging_mixin.py:150} INFO - [2025-08-12T15:42:29.079+0000] {example_local_kubernetes_executor.py:40} WARNING - Install Kubernetes dependencies with: pip install apache-airflow[cncf.kubernetes]
[2025-08-12T15:42:29.079+0000] {processor.py:838} WARNING - No viable dags retrieved from /home/vscode/.local/lib/python3.10/site-packages/airflow/example_dags/example_local_kubernetes_executor.py
[2025-08-12T15:42:29.086+0000] {processor.py:179} INFO - Processing /home/vscode/.local/lib/python3.10/site-packages/airflow/example_dags/example_local_kubernetes_executor.py took 0.013 seconds
[2025-08-12T15:43:12.950+0000] {processor.py:157} INFO - Started process (PID=20602) to work on /home/vscode/.local/lib/python3.10/site-packages/airflow/example_dags/example_local_kubernetes_executor.py
[2025-08-12T15:43:12.950+0000] {processor.py:826} INFO - Processing file /home/vscode/.local/lib/python3.10/site-packages/airflow/example_dags/example_local_kubernetes_executor.py for tasks to queue
[2025-08-12T15:43:12.951+0000] {logging_mixin.py:150} INFO - [2025-08-12T15:43:12.951+0000] {dagbag.py:541} INFO - Filling up the DagBag from /home/vscode/.local/lib/python3.10/site-packages/airflow/example_dags/example_local_kubernetes_executor.py
[2025-08-12T15:43:12.954+0000] {logging_mixin.py:150} INFO - [2025-08-12T15:43:12.953+0000] {example_local_kubernetes_executor.py:39} WARNING - Could not import DAGs in example_local_kubernetes_executor.py
Traceback (most recent call last):
  File "/home/vscode/.local/lib/python3.10/site-packages/airflow/example_dags/example_local_kubernetes_executor.py", line 37, in <module>
    from kubernetes.client import models as k8s
ModuleNotFoundError: No module named 'kubernetes'
[2025-08-12T15:43:12.954+0000] {logging_mixin.py:150} INFO - [2025-08-12T15:43:12.954+0000] {example_local_kubernetes_executor.py:40} WARNING - Install Kubernetes dependencies with: pip install apache-airflow[cncf.kubernetes]
[2025-08-12T15:43:12.954+0000] {processor.py:838} WARNING - No viable dags retrieved from /home/vscode/.local/lib/python3.10/site-packages/airflow/example_dags/example_local_kubernetes_executor.py
[2025-08-12T15:43:12.961+0000] {processor.py:179} INFO - Processing /home/vscode/.local/lib/python3.10/site-packages/airflow/example_dags/example_local_kubernetes_executor.py took 0.013 seconds
[2025-08-12T15:44:01.288+0000] {processor.py:157} INFO - Started process (PID=20924) to work on /home/vscode/.local/lib/python3.10/site-packages/airflow/example_dags/example_local_kubernetes_executor.py
[2025-08-12T15:44:01.289+0000] {processor.py:826} INFO - Processing file /home/vscode/.local/lib/python3.10/site-packages/airflow/example_dags/example_local_kubernetes_executor.py for tasks to queue
[2025-08-12T15:44:01.289+0000] {logging_mixin.py:150} INFO - [2025-08-12T15:44:01.289+0000] {dagbag.py:541} INFO - Filling up the DagBag from /home/vscode/.local/lib/python3.10/site-packages/airflow/example_dags/example_local_kubernetes_executor.py
[2025-08-12T15:44:01.292+0000] {logging_mixin.py:150} INFO - [2025-08-12T15:44:01.291+0000] {example_local_kubernetes_executor.py:39} WARNING - Could not import DAGs in example_local_kubernetes_executor.py
Traceback (most recent call last):
  File "/home/vscode/.local/lib/python3.10/site-packages/airflow/example_dags/example_local_kubernetes_executor.py", line 37, in <module>
    from kubernetes.client import models as k8s
ModuleNotFoundError: No module named 'kubernetes'
[2025-08-12T15:44:01.292+0000] {logging_mixin.py:150} INFO - [2025-08-12T15:44:01.292+0000] {example_local_kubernetes_executor.py:40} WARNING - Install Kubernetes dependencies with: pip install apache-airflow[cncf.kubernetes]
[2025-08-12T15:44:01.292+0000] {processor.py:838} WARNING - No viable dags retrieved from /home/vscode/.local/lib/python3.10/site-packages/airflow/example_dags/example_local_kubernetes_executor.py
[2025-08-12T15:44:01.299+0000] {processor.py:179} INFO - Processing /home/vscode/.local/lib/python3.10/site-packages/airflow/example_dags/example_local_kubernetes_executor.py took 0.014 seconds
[2025-08-12T15:44:42.271+0000] {processor.py:157} INFO - Started process (PID=21196) to work on /home/vscode/.local/lib/python3.10/site-packages/airflow/example_dags/example_local_kubernetes_executor.py
[2025-08-12T15:44:42.272+0000] {processor.py:826} INFO - Processing file /home/vscode/.local/lib/python3.10/site-packages/airflow/example_dags/example_local_kubernetes_executor.py for tasks to queue
[2025-08-12T15:44:42.273+0000] {logging_mixin.py:150} INFO - [2025-08-12T15:44:42.272+0000] {dagbag.py:541} INFO - Filling up the DagBag from /home/vscode/.local/lib/python3.10/site-packages/airflow/example_dags/example_local_kubernetes_executor.py
[2025-08-12T15:44:42.275+0000] {logging_mixin.py:150} INFO - [2025-08-12T15:44:42.275+0000] {example_local_kubernetes_executor.py:39} WARNING - Could not import DAGs in example_local_kubernetes_executor.py
Traceback (most recent call last):
  File "/home/vscode/.local/lib/python3.10/site-packages/airflow/example_dags/example_local_kubernetes_executor.py", line 37, in <module>
    from kubernetes.client import models as k8s
ModuleNotFoundError: No module named 'kubernetes'
[2025-08-12T15:44:42.275+0000] {logging_mixin.py:150} INFO - [2025-08-12T15:44:42.275+0000] {example_local_kubernetes_executor.py:40} WARNING - Install Kubernetes dependencies with: pip install apache-airflow[cncf.kubernetes]
[2025-08-12T15:44:42.275+0000] {processor.py:838} WARNING - No viable dags retrieved from /home/vscode/.local/lib/python3.10/site-packages/airflow/example_dags/example_local_kubernetes_executor.py
[2025-08-12T15:44:42.282+0000] {processor.py:179} INFO - Processing /home/vscode/.local/lib/python3.10/site-packages/airflow/example_dags/example_local_kubernetes_executor.py took 0.013 seconds
[2025-08-12T15:45:27.536+0000] {processor.py:157} INFO - Started process (PID=21502) to work on /home/vscode/.local/lib/python3.10/site-packages/airflow/example_dags/example_local_kubernetes_executor.py
[2025-08-12T15:45:27.537+0000] {processor.py:826} INFO - Processing file /home/vscode/.local/lib/python3.10/site-packages/airflow/example_dags/example_local_kubernetes_executor.py for tasks to queue
[2025-08-12T15:45:27.538+0000] {logging_mixin.py:150} INFO - [2025-08-12T15:45:27.537+0000] {dagbag.py:541} INFO - Filling up the DagBag from /home/vscode/.local/lib/python3.10/site-packages/airflow/example_dags/example_local_kubernetes_executor.py
[2025-08-12T15:45:27.540+0000] {logging_mixin.py:150} INFO - [2025-08-12T15:45:27.540+0000] {example_local_kubernetes_executor.py:39} WARNING - Could not import DAGs in example_local_kubernetes_executor.py
Traceback (most recent call last):
  File "/home/vscode/.local/lib/python3.10/site-packages/airflow/example_dags/example_local_kubernetes_executor.py", line 37, in <module>
    from kubernetes.client import models as k8s
ModuleNotFoundError: No module named 'kubernetes'
[2025-08-12T15:45:27.540+0000] {logging_mixin.py:150} INFO - [2025-08-12T15:45:27.540+0000] {example_local_kubernetes_executor.py:40} WARNING - Install Kubernetes dependencies with: pip install apache-airflow[cncf.kubernetes]
[2025-08-12T15:45:27.540+0000] {processor.py:838} WARNING - No viable dags retrieved from /home/vscode/.local/lib/python3.10/site-packages/airflow/example_dags/example_local_kubernetes_executor.py
[2025-08-12T15:45:27.548+0000] {processor.py:179} INFO - Processing /home/vscode/.local/lib/python3.10/site-packages/airflow/example_dags/example_local_kubernetes_executor.py took 0.013 seconds
[2025-08-12T15:46:10.934+0000] {processor.py:157} INFO - Started process (PID=21788) to work on /home/vscode/.local/lib/python3.10/site-packages/airflow/example_dags/example_local_kubernetes_executor.py
[2025-08-12T15:46:10.934+0000] {processor.py:826} INFO - Processing file /home/vscode/.local/lib/python3.10/site-packages/airflow/example_dags/example_local_kubernetes_executor.py for tasks to queue
[2025-08-12T15:46:10.935+0000] {logging_mixin.py:150} INFO - [2025-08-12T15:46:10.935+0000] {dagbag.py:541} INFO - Filling up the DagBag from /home/vscode/.local/lib/python3.10/site-packages/airflow/example_dags/example_local_kubernetes_executor.py
[2025-08-12T15:46:10.938+0000] {logging_mixin.py:150} INFO - [2025-08-12T15:46:10.937+0000] {example_local_kubernetes_executor.py:39} WARNING - Could not import DAGs in example_local_kubernetes_executor.py
Traceback (most recent call last):
  File "/home/vscode/.local/lib/python3.10/site-packages/airflow/example_dags/example_local_kubernetes_executor.py", line 37, in <module>
    from kubernetes.client import models as k8s
ModuleNotFoundError: No module named 'kubernetes'
[2025-08-12T15:46:10.938+0000] {logging_mixin.py:150} INFO - [2025-08-12T15:46:10.938+0000] {example_local_kubernetes_executor.py:40} WARNING - Install Kubernetes dependencies with: pip install apache-airflow[cncf.kubernetes]
[2025-08-12T15:46:10.938+0000] {processor.py:838} WARNING - No viable dags retrieved from /home/vscode/.local/lib/python3.10/site-packages/airflow/example_dags/example_local_kubernetes_executor.py
[2025-08-12T15:46:10.945+0000] {processor.py:179} INFO - Processing /home/vscode/.local/lib/python3.10/site-packages/airflow/example_dags/example_local_kubernetes_executor.py took 0.013 seconds
[2025-08-12T15:46:54.175+0000] {processor.py:157} INFO - Started process (PID=22075) to work on /home/vscode/.local/lib/python3.10/site-packages/airflow/example_dags/example_local_kubernetes_executor.py
[2025-08-12T15:46:54.176+0000] {processor.py:826} INFO - Processing file /home/vscode/.local/lib/python3.10/site-packages/airflow/example_dags/example_local_kubernetes_executor.py for tasks to queue
[2025-08-12T15:46:54.177+0000] {logging_mixin.py:150} INFO - [2025-08-12T15:46:54.176+0000] {dagbag.py:541} INFO - Filling up the DagBag from /home/vscode/.local/lib/python3.10/site-packages/airflow/example_dags/example_local_kubernetes_executor.py
[2025-08-12T15:46:54.179+0000] {logging_mixin.py:150} INFO - [2025-08-12T15:46:54.179+0000] {example_local_kubernetes_executor.py:39} WARNING - Could not import DAGs in example_local_kubernetes_executor.py
Traceback (most recent call last):
  File "/home/vscode/.local/lib/python3.10/site-packages/airflow/example_dags/example_local_kubernetes_executor.py", line 37, in <module>
    from kubernetes.client import models as k8s
ModuleNotFoundError: No module named 'kubernetes'
[2025-08-12T15:46:54.179+0000] {logging_mixin.py:150} INFO - [2025-08-12T15:46:54.179+0000] {example_local_kubernetes_executor.py:40} WARNING - Install Kubernetes dependencies with: pip install apache-airflow[cncf.kubernetes]
[2025-08-12T15:46:54.179+0000] {processor.py:838} WARNING - No viable dags retrieved from /home/vscode/.local/lib/python3.10/site-packages/airflow/example_dags/example_local_kubernetes_executor.py
[2025-08-12T15:46:54.187+0000] {processor.py:179} INFO - Processing /home/vscode/.local/lib/python3.10/site-packages/airflow/example_dags/example_local_kubernetes_executor.py took 0.013 seconds
[2025-08-12T15:47:35.916+0000] {processor.py:157} INFO - Started process (PID=22349) to work on /home/vscode/.local/lib/python3.10/site-packages/airflow/example_dags/example_local_kubernetes_executor.py
[2025-08-12T15:47:35.917+0000] {processor.py:826} INFO - Processing file /home/vscode/.local/lib/python3.10/site-packages/airflow/example_dags/example_local_kubernetes_executor.py for tasks to queue
[2025-08-12T15:47:35.917+0000] {logging_mixin.py:150} INFO - [2025-08-12T15:47:35.917+0000] {dagbag.py:541} INFO - Filling up the DagBag from /home/vscode/.local/lib/python3.10/site-packages/airflow/example_dags/example_local_kubernetes_executor.py
[2025-08-12T15:47:35.921+0000] {logging_mixin.py:150} INFO - [2025-08-12T15:47:35.920+0000] {example_local_kubernetes_executor.py:39} WARNING - Could not import DAGs in example_local_kubernetes_executor.py
Traceback (most recent call last):
  File "/home/vscode/.local/lib/python3.10/site-packages/airflow/example_dags/example_local_kubernetes_executor.py", line 37, in <module>
    from kubernetes.client import models as k8s
ModuleNotFoundError: No module named 'kubernetes'
[2025-08-12T15:47:35.921+0000] {logging_mixin.py:150} INFO - [2025-08-12T15:47:35.921+0000] {example_local_kubernetes_executor.py:40} WARNING - Install Kubernetes dependencies with: pip install apache-airflow[cncf.kubernetes]
[2025-08-12T15:47:35.922+0000] {processor.py:838} WARNING - No viable dags retrieved from /home/vscode/.local/lib/python3.10/site-packages/airflow/example_dags/example_local_kubernetes_executor.py
[2025-08-12T15:47:35.931+0000] {processor.py:179} INFO - Processing /home/vscode/.local/lib/python3.10/site-packages/airflow/example_dags/example_local_kubernetes_executor.py took 0.018 seconds
[2025-08-12T15:48:15.890+0000] {processor.py:157} INFO - Started process (PID=22621) to work on /home/vscode/.local/lib/python3.10/site-packages/airflow/example_dags/example_local_kubernetes_executor.py
[2025-08-12T15:48:15.890+0000] {processor.py:826} INFO - Processing file /home/vscode/.local/lib/python3.10/site-packages/airflow/example_dags/example_local_kubernetes_executor.py for tasks to queue
[2025-08-12T15:48:15.891+0000] {logging_mixin.py:150} INFO - [2025-08-12T15:48:15.891+0000] {dagbag.py:541} INFO - Filling up the DagBag from /home/vscode/.local/lib/python3.10/site-packages/airflow/example_dags/example_local_kubernetes_executor.py
[2025-08-12T15:48:15.893+0000] {logging_mixin.py:150} INFO - [2025-08-12T15:48:15.893+0000] {example_local_kubernetes_executor.py:39} WARNING - Could not import DAGs in example_local_kubernetes_executor.py
Traceback (most recent call last):
  File "/home/vscode/.local/lib/python3.10/site-packages/airflow/example_dags/example_local_kubernetes_executor.py", line 37, in <module>
    from kubernetes.client import models as k8s
ModuleNotFoundError: No module named 'kubernetes'
[2025-08-12T15:48:15.893+0000] {logging_mixin.py:150} INFO - [2025-08-12T15:48:15.893+0000] {example_local_kubernetes_executor.py:40} WARNING - Install Kubernetes dependencies with: pip install apache-airflow[cncf.kubernetes]
[2025-08-12T15:48:15.894+0000] {processor.py:838} WARNING - No viable dags retrieved from /home/vscode/.local/lib/python3.10/site-packages/airflow/example_dags/example_local_kubernetes_executor.py
[2025-08-12T15:48:15.900+0000] {processor.py:179} INFO - Processing /home/vscode/.local/lib/python3.10/site-packages/airflow/example_dags/example_local_kubernetes_executor.py took 0.013 seconds
[2025-08-12T15:48:57.982+0000] {processor.py:157} INFO - Started process (PID=22927) to work on /home/vscode/.local/lib/python3.10/site-packages/airflow/example_dags/example_local_kubernetes_executor.py
[2025-08-12T15:48:57.982+0000] {processor.py:826} INFO - Processing file /home/vscode/.local/lib/python3.10/site-packages/airflow/example_dags/example_local_kubernetes_executor.py for tasks to queue
[2025-08-12T15:48:57.983+0000] {logging_mixin.py:150} INFO - [2025-08-12T15:48:57.983+0000] {dagbag.py:541} INFO - Filling up the DagBag from /home/vscode/.local/lib/python3.10/site-packages/airflow/example_dags/example_local_kubernetes_executor.py
[2025-08-12T15:48:57.985+0000] {logging_mixin.py:150} INFO - [2025-08-12T15:48:57.985+0000] {example_local_kubernetes_executor.py:39} WARNING - Could not import DAGs in example_local_kubernetes_executor.py
Traceback (most recent call last):
  File "/home/vscode/.local/lib/python3.10/site-packages/airflow/example_dags/example_local_kubernetes_executor.py", line 37, in <module>
    from kubernetes.client import models as k8s
ModuleNotFoundError: No module named 'kubernetes'
[2025-08-12T15:48:57.986+0000] {logging_mixin.py:150} INFO - [2025-08-12T15:48:57.986+0000] {example_local_kubernetes_executor.py:40} WARNING - Install Kubernetes dependencies with: pip install apache-airflow[cncf.kubernetes]
[2025-08-12T15:48:57.986+0000] {processor.py:838} WARNING - No viable dags retrieved from /home/vscode/.local/lib/python3.10/site-packages/airflow/example_dags/example_local_kubernetes_executor.py
[2025-08-12T15:48:57.992+0000] {processor.py:179} INFO - Processing /home/vscode/.local/lib/python3.10/site-packages/airflow/example_dags/example_local_kubernetes_executor.py took 0.013 seconds
[2025-08-12T15:49:41.353+0000] {processor.py:157} INFO - Started process (PID=23225) to work on /home/vscode/.local/lib/python3.10/site-packages/airflow/example_dags/example_local_kubernetes_executor.py
[2025-08-12T15:49:41.354+0000] {processor.py:826} INFO - Processing file /home/vscode/.local/lib/python3.10/site-packages/airflow/example_dags/example_local_kubernetes_executor.py for tasks to queue
[2025-08-12T15:49:41.355+0000] {logging_mixin.py:150} INFO - [2025-08-12T15:49:41.354+0000] {dagbag.py:541} INFO - Filling up the DagBag from /home/vscode/.local/lib/python3.10/site-packages/airflow/example_dags/example_local_kubernetes_executor.py
[2025-08-12T15:49:41.357+0000] {logging_mixin.py:150} INFO - [2025-08-12T15:49:41.357+0000] {example_local_kubernetes_executor.py:39} WARNING - Could not import DAGs in example_local_kubernetes_executor.py
Traceback (most recent call last):
  File "/home/vscode/.local/lib/python3.10/site-packages/airflow/example_dags/example_local_kubernetes_executor.py", line 37, in <module>
    from kubernetes.client import models as k8s
ModuleNotFoundError: No module named 'kubernetes'
[2025-08-12T15:49:41.357+0000] {logging_mixin.py:150} INFO - [2025-08-12T15:49:41.357+0000] {example_local_kubernetes_executor.py:40} WARNING - Install Kubernetes dependencies with: pip install apache-airflow[cncf.kubernetes]
[2025-08-12T15:49:41.357+0000] {processor.py:838} WARNING - No viable dags retrieved from /home/vscode/.local/lib/python3.10/site-packages/airflow/example_dags/example_local_kubernetes_executor.py
[2025-08-12T15:49:41.364+0000] {processor.py:179} INFO - Processing /home/vscode/.local/lib/python3.10/site-packages/airflow/example_dags/example_local_kubernetes_executor.py took 0.013 seconds
[2025-08-12T15:50:28.116+0000] {processor.py:157} INFO - Started process (PID=23761) to work on /home/vscode/.local/lib/python3.10/site-packages/airflow/example_dags/example_local_kubernetes_executor.py
[2025-08-12T15:50:28.117+0000] {processor.py:826} INFO - Processing file /home/vscode/.local/lib/python3.10/site-packages/airflow/example_dags/example_local_kubernetes_executor.py for tasks to queue
[2025-08-12T15:50:28.118+0000] {logging_mixin.py:150} INFO - [2025-08-12T15:50:28.117+0000] {dagbag.py:541} INFO - Filling up the DagBag from /home/vscode/.local/lib/python3.10/site-packages/airflow/example_dags/example_local_kubernetes_executor.py
[2025-08-12T15:50:28.120+0000] {logging_mixin.py:150} INFO - [2025-08-12T15:50:28.120+0000] {example_local_kubernetes_executor.py:39} WARNING - Could not import DAGs in example_local_kubernetes_executor.py
Traceback (most recent call last):
  File "/home/vscode/.local/lib/python3.10/site-packages/airflow/example_dags/example_local_kubernetes_executor.py", line 37, in <module>
    from kubernetes.client import models as k8s
ModuleNotFoundError: No module named 'kubernetes'
[2025-08-12T15:50:28.120+0000] {logging_mixin.py:150} INFO - [2025-08-12T15:50:28.120+0000] {example_local_kubernetes_executor.py:40} WARNING - Install Kubernetes dependencies with: pip install apache-airflow[cncf.kubernetes]
[2025-08-12T15:50:28.121+0000] {processor.py:838} WARNING - No viable dags retrieved from /home/vscode/.local/lib/python3.10/site-packages/airflow/example_dags/example_local_kubernetes_executor.py
[2025-08-12T15:50:28.128+0000] {processor.py:179} INFO - Processing /home/vscode/.local/lib/python3.10/site-packages/airflow/example_dags/example_local_kubernetes_executor.py took 0.014 seconds
[2025-08-12T15:51:12.757+0000] {processor.py:157} INFO - Started process (PID=24052) to work on /home/vscode/.local/lib/python3.10/site-packages/airflow/example_dags/example_local_kubernetes_executor.py
[2025-08-12T15:51:12.757+0000] {processor.py:826} INFO - Processing file /home/vscode/.local/lib/python3.10/site-packages/airflow/example_dags/example_local_kubernetes_executor.py for tasks to queue
[2025-08-12T15:51:12.758+0000] {logging_mixin.py:150} INFO - [2025-08-12T15:51:12.758+0000] {dagbag.py:541} INFO - Filling up the DagBag from /home/vscode/.local/lib/python3.10/site-packages/airflow/example_dags/example_local_kubernetes_executor.py
[2025-08-12T15:51:12.761+0000] {logging_mixin.py:150} INFO - [2025-08-12T15:51:12.760+0000] {example_local_kubernetes_executor.py:39} WARNING - Could not import DAGs in example_local_kubernetes_executor.py
Traceback (most recent call last):
  File "/home/vscode/.local/lib/python3.10/site-packages/airflow/example_dags/example_local_kubernetes_executor.py", line 37, in <module>
    from kubernetes.client import models as k8s
ModuleNotFoundError: No module named 'kubernetes'
[2025-08-12T15:51:12.761+0000] {logging_mixin.py:150} INFO - [2025-08-12T15:51:12.761+0000] {example_local_kubernetes_executor.py:40} WARNING - Install Kubernetes dependencies with: pip install apache-airflow[cncf.kubernetes]
[2025-08-12T15:51:12.761+0000] {processor.py:838} WARNING - No viable dags retrieved from /home/vscode/.local/lib/python3.10/site-packages/airflow/example_dags/example_local_kubernetes_executor.py
[2025-08-12T15:51:12.768+0000] {processor.py:179} INFO - Processing /home/vscode/.local/lib/python3.10/site-packages/airflow/example_dags/example_local_kubernetes_executor.py took 0.014 seconds
[2025-08-12T15:51:56.869+0000] {processor.py:157} INFO - Started process (PID=24348) to work on /home/vscode/.local/lib/python3.10/site-packages/airflow/example_dags/example_local_kubernetes_executor.py
[2025-08-12T15:51:56.870+0000] {processor.py:826} INFO - Processing file /home/vscode/.local/lib/python3.10/site-packages/airflow/example_dags/example_local_kubernetes_executor.py for tasks to queue
[2025-08-12T15:51:56.871+0000] {logging_mixin.py:150} INFO - [2025-08-12T15:51:56.870+0000] {dagbag.py:541} INFO - Filling up the DagBag from /home/vscode/.local/lib/python3.10/site-packages/airflow/example_dags/example_local_kubernetes_executor.py
[2025-08-12T15:51:56.874+0000] {logging_mixin.py:150} INFO - [2025-08-12T15:51:56.874+0000] {example_local_kubernetes_executor.py:39} WARNING - Could not import DAGs in example_local_kubernetes_executor.py
Traceback (most recent call last):
  File "/home/vscode/.local/lib/python3.10/site-packages/airflow/example_dags/example_local_kubernetes_executor.py", line 37, in <module>
    from kubernetes.client import models as k8s
ModuleNotFoundError: No module named 'kubernetes'
[2025-08-12T15:51:56.874+0000] {logging_mixin.py:150} INFO - [2025-08-12T15:51:56.874+0000] {example_local_kubernetes_executor.py:40} WARNING - Install Kubernetes dependencies with: pip install apache-airflow[cncf.kubernetes]
[2025-08-12T15:51:56.875+0000] {processor.py:838} WARNING - No viable dags retrieved from /home/vscode/.local/lib/python3.10/site-packages/airflow/example_dags/example_local_kubernetes_executor.py
[2025-08-12T15:51:56.884+0000] {processor.py:179} INFO - Processing /home/vscode/.local/lib/python3.10/site-packages/airflow/example_dags/example_local_kubernetes_executor.py took 0.017 seconds
[2025-08-12T15:52:38.576+0000] {processor.py:157} INFO - Started process (PID=24641) to work on /home/vscode/.local/lib/python3.10/site-packages/airflow/example_dags/example_local_kubernetes_executor.py
[2025-08-12T15:52:38.577+0000] {processor.py:826} INFO - Processing file /home/vscode/.local/lib/python3.10/site-packages/airflow/example_dags/example_local_kubernetes_executor.py for tasks to queue
[2025-08-12T15:52:38.577+0000] {logging_mixin.py:150} INFO - [2025-08-12T15:52:38.577+0000] {dagbag.py:541} INFO - Filling up the DagBag from /home/vscode/.local/lib/python3.10/site-packages/airflow/example_dags/example_local_kubernetes_executor.py
[2025-08-12T15:52:38.580+0000] {logging_mixin.py:150} INFO - [2025-08-12T15:52:38.579+0000] {example_local_kubernetes_executor.py:39} WARNING - Could not import DAGs in example_local_kubernetes_executor.py
Traceback (most recent call last):
  File "/home/vscode/.local/lib/python3.10/site-packages/airflow/example_dags/example_local_kubernetes_executor.py", line 37, in <module>
    from kubernetes.client import models as k8s
ModuleNotFoundError: No module named 'kubernetes'
[2025-08-12T15:52:38.580+0000] {logging_mixin.py:150} INFO - [2025-08-12T15:52:38.580+0000] {example_local_kubernetes_executor.py:40} WARNING - Install Kubernetes dependencies with: pip install apache-airflow[cncf.kubernetes]
[2025-08-12T15:52:38.580+0000] {processor.py:838} WARNING - No viable dags retrieved from /home/vscode/.local/lib/python3.10/site-packages/airflow/example_dags/example_local_kubernetes_executor.py
[2025-08-12T15:52:38.587+0000] {processor.py:179} INFO - Processing /home/vscode/.local/lib/python3.10/site-packages/airflow/example_dags/example_local_kubernetes_executor.py took 0.013 seconds
[2025-08-12T15:53:22.651+0000] {processor.py:157} INFO - Started process (PID=24983) to work on /home/vscode/.local/lib/python3.10/site-packages/airflow/example_dags/example_local_kubernetes_executor.py
[2025-08-12T15:53:22.652+0000] {processor.py:826} INFO - Processing file /home/vscode/.local/lib/python3.10/site-packages/airflow/example_dags/example_local_kubernetes_executor.py for tasks to queue
[2025-08-12T15:53:22.653+0000] {logging_mixin.py:150} INFO - [2025-08-12T15:53:22.652+0000] {dagbag.py:541} INFO - Filling up the DagBag from /home/vscode/.local/lib/python3.10/site-packages/airflow/example_dags/example_local_kubernetes_executor.py
[2025-08-12T15:53:22.655+0000] {logging_mixin.py:150} INFO - [2025-08-12T15:53:22.655+0000] {example_local_kubernetes_executor.py:39} WARNING - Could not import DAGs in example_local_kubernetes_executor.py
Traceback (most recent call last):
  File "/home/vscode/.local/lib/python3.10/site-packages/airflow/example_dags/example_local_kubernetes_executor.py", line 37, in <module>
    from kubernetes.client import models as k8s
ModuleNotFoundError: No module named 'kubernetes'
[2025-08-12T15:53:22.655+0000] {logging_mixin.py:150} INFO - [2025-08-12T15:53:22.655+0000] {example_local_kubernetes_executor.py:40} WARNING - Install Kubernetes dependencies with: pip install apache-airflow[cncf.kubernetes]
[2025-08-12T15:53:22.656+0000] {processor.py:838} WARNING - No viable dags retrieved from /home/vscode/.local/lib/python3.10/site-packages/airflow/example_dags/example_local_kubernetes_executor.py
[2025-08-12T15:53:22.663+0000] {processor.py:179} INFO - Processing /home/vscode/.local/lib/python3.10/site-packages/airflow/example_dags/example_local_kubernetes_executor.py took 0.013 seconds
[2025-08-12T15:54:02.970+0000] {processor.py:157} INFO - Started process (PID=25283) to work on /home/vscode/.local/lib/python3.10/site-packages/airflow/example_dags/example_local_kubernetes_executor.py
[2025-08-12T15:54:02.970+0000] {processor.py:826} INFO - Processing file /home/vscode/.local/lib/python3.10/site-packages/airflow/example_dags/example_local_kubernetes_executor.py for tasks to queue
[2025-08-12T15:54:02.971+0000] {logging_mixin.py:150} INFO - [2025-08-12T15:54:02.971+0000] {dagbag.py:541} INFO - Filling up the DagBag from /home/vscode/.local/lib/python3.10/site-packages/airflow/example_dags/example_local_kubernetes_executor.py
[2025-08-12T15:54:02.973+0000] {logging_mixin.py:150} INFO - [2025-08-12T15:54:02.973+0000] {example_local_kubernetes_executor.py:39} WARNING - Could not import DAGs in example_local_kubernetes_executor.py
Traceback (most recent call last):
  File "/home/vscode/.local/lib/python3.10/site-packages/airflow/example_dags/example_local_kubernetes_executor.py", line 37, in <module>
    from kubernetes.client import models as k8s
ModuleNotFoundError: No module named 'kubernetes'
[2025-08-12T15:54:02.974+0000] {logging_mixin.py:150} INFO - [2025-08-12T15:54:02.974+0000] {example_local_kubernetes_executor.py:40} WARNING - Install Kubernetes dependencies with: pip install apache-airflow[cncf.kubernetes]
[2025-08-12T15:54:02.974+0000] {processor.py:838} WARNING - No viable dags retrieved from /home/vscode/.local/lib/python3.10/site-packages/airflow/example_dags/example_local_kubernetes_executor.py
[2025-08-12T15:54:02.981+0000] {processor.py:179} INFO - Processing /home/vscode/.local/lib/python3.10/site-packages/airflow/example_dags/example_local_kubernetes_executor.py took 0.014 seconds
[2025-08-12T15:54:48.674+0000] {processor.py:157} INFO - Started process (PID=25639) to work on /home/vscode/.local/lib/python3.10/site-packages/airflow/example_dags/example_local_kubernetes_executor.py
[2025-08-12T15:54:48.674+0000] {processor.py:826} INFO - Processing file /home/vscode/.local/lib/python3.10/site-packages/airflow/example_dags/example_local_kubernetes_executor.py for tasks to queue
[2025-08-12T15:54:48.675+0000] {logging_mixin.py:150} INFO - [2025-08-12T15:54:48.675+0000] {dagbag.py:541} INFO - Filling up the DagBag from /home/vscode/.local/lib/python3.10/site-packages/airflow/example_dags/example_local_kubernetes_executor.py
[2025-08-12T15:54:48.677+0000] {logging_mixin.py:150} INFO - [2025-08-12T15:54:48.677+0000] {example_local_kubernetes_executor.py:39} WARNING - Could not import DAGs in example_local_kubernetes_executor.py
Traceback (most recent call last):
  File "/home/vscode/.local/lib/python3.10/site-packages/airflow/example_dags/example_local_kubernetes_executor.py", line 37, in <module>
    from kubernetes.client import models as k8s
ModuleNotFoundError: No module named 'kubernetes'
[2025-08-12T15:54:48.678+0000] {logging_mixin.py:150} INFO - [2025-08-12T15:54:48.677+0000] {example_local_kubernetes_executor.py:40} WARNING - Install Kubernetes dependencies with: pip install apache-airflow[cncf.kubernetes]
[2025-08-12T15:54:48.678+0000] {processor.py:838} WARNING - No viable dags retrieved from /home/vscode/.local/lib/python3.10/site-packages/airflow/example_dags/example_local_kubernetes_executor.py
[2025-08-12T15:54:48.684+0000] {processor.py:179} INFO - Processing /home/vscode/.local/lib/python3.10/site-packages/airflow/example_dags/example_local_kubernetes_executor.py took 0.013 seconds
[2025-08-12T15:55:31.533+0000] {processor.py:157} INFO - Started process (PID=25977) to work on /home/vscode/.local/lib/python3.10/site-packages/airflow/example_dags/example_local_kubernetes_executor.py
[2025-08-12T15:55:31.534+0000] {processor.py:826} INFO - Processing file /home/vscode/.local/lib/python3.10/site-packages/airflow/example_dags/example_local_kubernetes_executor.py for tasks to queue
[2025-08-12T15:55:31.535+0000] {logging_mixin.py:150} INFO - [2025-08-12T15:55:31.535+0000] {dagbag.py:541} INFO - Filling up the DagBag from /home/vscode/.local/lib/python3.10/site-packages/airflow/example_dags/example_local_kubernetes_executor.py
[2025-08-12T15:55:31.537+0000] {logging_mixin.py:150} INFO - [2025-08-12T15:55:31.537+0000] {example_local_kubernetes_executor.py:39} WARNING - Could not import DAGs in example_local_kubernetes_executor.py
Traceback (most recent call last):
  File "/home/vscode/.local/lib/python3.10/site-packages/airflow/example_dags/example_local_kubernetes_executor.py", line 37, in <module>
    from kubernetes.client import models as k8s
ModuleNotFoundError: No module named 'kubernetes'
[2025-08-12T15:55:31.538+0000] {logging_mixin.py:150} INFO - [2025-08-12T15:55:31.537+0000] {example_local_kubernetes_executor.py:40} WARNING - Install Kubernetes dependencies with: pip install apache-airflow[cncf.kubernetes]
[2025-08-12T15:55:31.538+0000] {processor.py:838} WARNING - No viable dags retrieved from /home/vscode/.local/lib/python3.10/site-packages/airflow/example_dags/example_local_kubernetes_executor.py
[2025-08-12T15:55:31.545+0000] {processor.py:179} INFO - Processing /home/vscode/.local/lib/python3.10/site-packages/airflow/example_dags/example_local_kubernetes_executor.py took 0.013 seconds
[2025-08-12T15:56:18.860+0000] {processor.py:157} INFO - Started process (PID=26333) to work on /home/vscode/.local/lib/python3.10/site-packages/airflow/example_dags/example_local_kubernetes_executor.py
[2025-08-12T15:56:18.861+0000] {processor.py:826} INFO - Processing file /home/vscode/.local/lib/python3.10/site-packages/airflow/example_dags/example_local_kubernetes_executor.py for tasks to queue
[2025-08-12T15:56:18.861+0000] {logging_mixin.py:150} INFO - [2025-08-12T15:56:18.861+0000] {dagbag.py:541} INFO - Filling up the DagBag from /home/vscode/.local/lib/python3.10/site-packages/airflow/example_dags/example_local_kubernetes_executor.py
[2025-08-12T15:56:18.864+0000] {logging_mixin.py:150} INFO - [2025-08-12T15:56:18.863+0000] {example_local_kubernetes_executor.py:39} WARNING - Could not import DAGs in example_local_kubernetes_executor.py
Traceback (most recent call last):
  File "/home/vscode/.local/lib/python3.10/site-packages/airflow/example_dags/example_local_kubernetes_executor.py", line 37, in <module>
    from kubernetes.client import models as k8s
ModuleNotFoundError: No module named 'kubernetes'
[2025-08-12T15:56:18.864+0000] {logging_mixin.py:150} INFO - [2025-08-12T15:56:18.864+0000] {example_local_kubernetes_executor.py:40} WARNING - Install Kubernetes dependencies with: pip install apache-airflow[cncf.kubernetes]
[2025-08-12T15:56:18.864+0000] {processor.py:838} WARNING - No viable dags retrieved from /home/vscode/.local/lib/python3.10/site-packages/airflow/example_dags/example_local_kubernetes_executor.py
[2025-08-12T15:56:18.871+0000] {processor.py:179} INFO - Processing /home/vscode/.local/lib/python3.10/site-packages/airflow/example_dags/example_local_kubernetes_executor.py took 0.013 seconds
[2025-08-12T15:57:01.085+0000] {processor.py:157} INFO - Started process (PID=26658) to work on /home/vscode/.local/lib/python3.10/site-packages/airflow/example_dags/example_local_kubernetes_executor.py
[2025-08-12T15:57:01.086+0000] {processor.py:826} INFO - Processing file /home/vscode/.local/lib/python3.10/site-packages/airflow/example_dags/example_local_kubernetes_executor.py for tasks to queue
[2025-08-12T15:57:01.086+0000] {logging_mixin.py:150} INFO - [2025-08-12T15:57:01.086+0000] {dagbag.py:541} INFO - Filling up the DagBag from /home/vscode/.local/lib/python3.10/site-packages/airflow/example_dags/example_local_kubernetes_executor.py
[2025-08-12T15:57:01.089+0000] {logging_mixin.py:150} INFO - [2025-08-12T15:57:01.088+0000] {example_local_kubernetes_executor.py:39} WARNING - Could not import DAGs in example_local_kubernetes_executor.py
Traceback (most recent call last):
  File "/home/vscode/.local/lib/python3.10/site-packages/airflow/example_dags/example_local_kubernetes_executor.py", line 37, in <module>
    from kubernetes.client import models as k8s
ModuleNotFoundError: No module named 'kubernetes'
[2025-08-12T15:57:01.089+0000] {logging_mixin.py:150} INFO - [2025-08-12T15:57:01.089+0000] {example_local_kubernetes_executor.py:40} WARNING - Install Kubernetes dependencies with: pip install apache-airflow[cncf.kubernetes]
[2025-08-12T15:57:01.089+0000] {processor.py:838} WARNING - No viable dags retrieved from /home/vscode/.local/lib/python3.10/site-packages/airflow/example_dags/example_local_kubernetes_executor.py
[2025-08-12T15:57:01.096+0000] {processor.py:179} INFO - Processing /home/vscode/.local/lib/python3.10/site-packages/airflow/example_dags/example_local_kubernetes_executor.py took 0.013 seconds
[2025-08-12T15:57:51.524+0000] {processor.py:157} INFO - Started process (PID=27041) to work on /home/vscode/.local/lib/python3.10/site-packages/airflow/example_dags/example_local_kubernetes_executor.py
[2025-08-12T15:57:51.525+0000] {processor.py:826} INFO - Processing file /home/vscode/.local/lib/python3.10/site-packages/airflow/example_dags/example_local_kubernetes_executor.py for tasks to queue
[2025-08-12T15:57:51.526+0000] {logging_mixin.py:150} INFO - [2025-08-12T15:57:51.525+0000] {dagbag.py:541} INFO - Filling up the DagBag from /home/vscode/.local/lib/python3.10/site-packages/airflow/example_dags/example_local_kubernetes_executor.py
[2025-08-12T15:57:51.529+0000] {logging_mixin.py:150} INFO - [2025-08-12T15:57:51.528+0000] {example_local_kubernetes_executor.py:39} WARNING - Could not import DAGs in example_local_kubernetes_executor.py
Traceback (most recent call last):
  File "/home/vscode/.local/lib/python3.10/site-packages/airflow/example_dags/example_local_kubernetes_executor.py", line 37, in <module>
    from kubernetes.client import models as k8s
ModuleNotFoundError: No module named 'kubernetes'
[2025-08-12T15:57:51.529+0000] {logging_mixin.py:150} INFO - [2025-08-12T15:57:51.529+0000] {example_local_kubernetes_executor.py:40} WARNING - Install Kubernetes dependencies with: pip install apache-airflow[cncf.kubernetes]
[2025-08-12T15:57:51.529+0000] {processor.py:838} WARNING - No viable dags retrieved from /home/vscode/.local/lib/python3.10/site-packages/airflow/example_dags/example_local_kubernetes_executor.py
[2025-08-12T15:57:51.539+0000] {processor.py:179} INFO - Processing /home/vscode/.local/lib/python3.10/site-packages/airflow/example_dags/example_local_kubernetes_executor.py took 0.018 seconds
[2025-08-12T15:58:39.187+0000] {processor.py:157} INFO - Started process (PID=27351) to work on /home/vscode/.local/lib/python3.10/site-packages/airflow/example_dags/example_local_kubernetes_executor.py
[2025-08-12T15:58:39.188+0000] {processor.py:826} INFO - Processing file /home/vscode/.local/lib/python3.10/site-packages/airflow/example_dags/example_local_kubernetes_executor.py for tasks to queue
[2025-08-12T15:58:39.188+0000] {logging_mixin.py:150} INFO - [2025-08-12T15:58:39.188+0000] {dagbag.py:541} INFO - Filling up the DagBag from /home/vscode/.local/lib/python3.10/site-packages/airflow/example_dags/example_local_kubernetes_executor.py
[2025-08-12T15:58:39.192+0000] {logging_mixin.py:150} INFO - [2025-08-12T15:58:39.191+0000] {example_local_kubernetes_executor.py:39} WARNING - Could not import DAGs in example_local_kubernetes_executor.py
Traceback (most recent call last):
  File "/home/vscode/.local/lib/python3.10/site-packages/airflow/example_dags/example_local_kubernetes_executor.py", line 37, in <module>
    from kubernetes.client import models as k8s
ModuleNotFoundError: No module named 'kubernetes'
[2025-08-12T15:58:39.192+0000] {logging_mixin.py:150} INFO - [2025-08-12T15:58:39.192+0000] {example_local_kubernetes_executor.py:40} WARNING - Install Kubernetes dependencies with: pip install apache-airflow[cncf.kubernetes]
[2025-08-12T15:58:39.192+0000] {processor.py:838} WARNING - No viable dags retrieved from /home/vscode/.local/lib/python3.10/site-packages/airflow/example_dags/example_local_kubernetes_executor.py
[2025-08-12T15:58:39.200+0000] {processor.py:179} INFO - Processing /home/vscode/.local/lib/python3.10/site-packages/airflow/example_dags/example_local_kubernetes_executor.py took 0.015 seconds
[2025-08-12T15:59:22.321+0000] {processor.py:157} INFO - Started process (PID=27644) to work on /home/vscode/.local/lib/python3.10/site-packages/airflow/example_dags/example_local_kubernetes_executor.py
[2025-08-12T15:59:22.321+0000] {processor.py:826} INFO - Processing file /home/vscode/.local/lib/python3.10/site-packages/airflow/example_dags/example_local_kubernetes_executor.py for tasks to queue
[2025-08-12T15:59:22.322+0000] {logging_mixin.py:150} INFO - [2025-08-12T15:59:22.322+0000] {dagbag.py:541} INFO - Filling up the DagBag from /home/vscode/.local/lib/python3.10/site-packages/airflow/example_dags/example_local_kubernetes_executor.py
[2025-08-12T15:59:22.324+0000] {logging_mixin.py:150} INFO - [2025-08-12T15:59:22.324+0000] {example_local_kubernetes_executor.py:39} WARNING - Could not import DAGs in example_local_kubernetes_executor.py
Traceback (most recent call last):
  File "/home/vscode/.local/lib/python3.10/site-packages/airflow/example_dags/example_local_kubernetes_executor.py", line 37, in <module>
    from kubernetes.client import models as k8s
ModuleNotFoundError: No module named 'kubernetes'
[2025-08-12T15:59:22.324+0000] {logging_mixin.py:150} INFO - [2025-08-12T15:59:22.324+0000] {example_local_kubernetes_executor.py:40} WARNING - Install Kubernetes dependencies with: pip install apache-airflow[cncf.kubernetes]
[2025-08-12T15:59:22.325+0000] {processor.py:838} WARNING - No viable dags retrieved from /home/vscode/.local/lib/python3.10/site-packages/airflow/example_dags/example_local_kubernetes_executor.py
[2025-08-12T15:59:22.331+0000] {processor.py:179} INFO - Processing /home/vscode/.local/lib/python3.10/site-packages/airflow/example_dags/example_local_kubernetes_executor.py took 0.013 seconds
[2025-08-12T16:00:02.280+0000] {processor.py:157} INFO - Started process (PID=27912) to work on /home/vscode/.local/lib/python3.10/site-packages/airflow/example_dags/example_local_kubernetes_executor.py
[2025-08-12T16:00:02.280+0000] {processor.py:826} INFO - Processing file /home/vscode/.local/lib/python3.10/site-packages/airflow/example_dags/example_local_kubernetes_executor.py for tasks to queue
[2025-08-12T16:00:02.281+0000] {logging_mixin.py:150} INFO - [2025-08-12T16:00:02.281+0000] {dagbag.py:541} INFO - Filling up the DagBag from /home/vscode/.local/lib/python3.10/site-packages/airflow/example_dags/example_local_kubernetes_executor.py
[2025-08-12T16:00:02.284+0000] {logging_mixin.py:150} INFO - [2025-08-12T16:00:02.283+0000] {example_local_kubernetes_executor.py:39} WARNING - Could not import DAGs in example_local_kubernetes_executor.py
Traceback (most recent call last):
  File "/home/vscode/.local/lib/python3.10/site-packages/airflow/example_dags/example_local_kubernetes_executor.py", line 37, in <module>
    from kubernetes.client import models as k8s
ModuleNotFoundError: No module named 'kubernetes'
[2025-08-12T16:00:02.284+0000] {logging_mixin.py:150} INFO - [2025-08-12T16:00:02.284+0000] {example_local_kubernetes_executor.py:40} WARNING - Install Kubernetes dependencies with: pip install apache-airflow[cncf.kubernetes]
[2025-08-12T16:00:02.284+0000] {processor.py:838} WARNING - No viable dags retrieved from /home/vscode/.local/lib/python3.10/site-packages/airflow/example_dags/example_local_kubernetes_executor.py
[2025-08-12T16:00:02.291+0000] {processor.py:179} INFO - Processing /home/vscode/.local/lib/python3.10/site-packages/airflow/example_dags/example_local_kubernetes_executor.py took 0.014 seconds
[2025-08-12T16:00:45.797+0000] {processor.py:157} INFO - Started process (PID=28285) to work on /home/vscode/.local/lib/python3.10/site-packages/airflow/example_dags/example_local_kubernetes_executor.py
[2025-08-12T16:00:45.797+0000] {processor.py:826} INFO - Processing file /home/vscode/.local/lib/python3.10/site-packages/airflow/example_dags/example_local_kubernetes_executor.py for tasks to queue
[2025-08-12T16:00:45.798+0000] {logging_mixin.py:150} INFO - [2025-08-12T16:00:45.798+0000] {dagbag.py:541} INFO - Filling up the DagBag from /home/vscode/.local/lib/python3.10/site-packages/airflow/example_dags/example_local_kubernetes_executor.py
[2025-08-12T16:00:45.801+0000] {logging_mixin.py:150} INFO - [2025-08-12T16:00:45.800+0000] {example_local_kubernetes_executor.py:39} WARNING - Could not import DAGs in example_local_kubernetes_executor.py
Traceback (most recent call last):
  File "/home/vscode/.local/lib/python3.10/site-packages/airflow/example_dags/example_local_kubernetes_executor.py", line 37, in <module>
    from kubernetes.client import models as k8s
ModuleNotFoundError: No module named 'kubernetes'
[2025-08-12T16:00:45.801+0000] {logging_mixin.py:150} INFO - [2025-08-12T16:00:45.801+0000] {example_local_kubernetes_executor.py:40} WARNING - Install Kubernetes dependencies with: pip install apache-airflow[cncf.kubernetes]
[2025-08-12T16:00:45.801+0000] {processor.py:838} WARNING - No viable dags retrieved from /home/vscode/.local/lib/python3.10/site-packages/airflow/example_dags/example_local_kubernetes_executor.py
[2025-08-12T16:00:45.808+0000] {processor.py:179} INFO - Processing /home/vscode/.local/lib/python3.10/site-packages/airflow/example_dags/example_local_kubernetes_executor.py took 0.014 seconds
[2025-08-12T16:01:29.675+0000] {processor.py:157} INFO - Started process (PID=28641) to work on /home/vscode/.local/lib/python3.10/site-packages/airflow/example_dags/example_local_kubernetes_executor.py
[2025-08-12T16:01:29.676+0000] {processor.py:826} INFO - Processing file /home/vscode/.local/lib/python3.10/site-packages/airflow/example_dags/example_local_kubernetes_executor.py for tasks to queue
[2025-08-12T16:01:29.677+0000] {logging_mixin.py:150} INFO - [2025-08-12T16:01:29.676+0000] {dagbag.py:541} INFO - Filling up the DagBag from /home/vscode/.local/lib/python3.10/site-packages/airflow/example_dags/example_local_kubernetes_executor.py
[2025-08-12T16:01:29.680+0000] {logging_mixin.py:150} INFO - [2025-08-12T16:01:29.679+0000] {example_local_kubernetes_executor.py:39} WARNING - Could not import DAGs in example_local_kubernetes_executor.py
Traceback (most recent call last):
  File "/home/vscode/.local/lib/python3.10/site-packages/airflow/example_dags/example_local_kubernetes_executor.py", line 37, in <module>
    from kubernetes.client import models as k8s
ModuleNotFoundError: No module named 'kubernetes'
[2025-08-12T16:01:29.680+0000] {logging_mixin.py:150} INFO - [2025-08-12T16:01:29.680+0000] {example_local_kubernetes_executor.py:40} WARNING - Install Kubernetes dependencies with: pip install apache-airflow[cncf.kubernetes]
[2025-08-12T16:01:29.681+0000] {processor.py:838} WARNING - No viable dags retrieved from /home/vscode/.local/lib/python3.10/site-packages/airflow/example_dags/example_local_kubernetes_executor.py
[2025-08-12T16:01:29.688+0000] {processor.py:179} INFO - Processing /home/vscode/.local/lib/python3.10/site-packages/airflow/example_dags/example_local_kubernetes_executor.py took 0.016 seconds
[2025-08-12T16:02:16.058+0000] {processor.py:157} INFO - Started process (PID=28969) to work on /home/vscode/.local/lib/python3.10/site-packages/airflow/example_dags/example_local_kubernetes_executor.py
[2025-08-12T16:02:16.058+0000] {processor.py:826} INFO - Processing file /home/vscode/.local/lib/python3.10/site-packages/airflow/example_dags/example_local_kubernetes_executor.py for tasks to queue
[2025-08-12T16:02:16.059+0000] {logging_mixin.py:150} INFO - [2025-08-12T16:02:16.059+0000] {dagbag.py:541} INFO - Filling up the DagBag from /home/vscode/.local/lib/python3.10/site-packages/airflow/example_dags/example_local_kubernetes_executor.py
[2025-08-12T16:02:16.062+0000] {logging_mixin.py:150} INFO - [2025-08-12T16:02:16.061+0000] {example_local_kubernetes_executor.py:39} WARNING - Could not import DAGs in example_local_kubernetes_executor.py
Traceback (most recent call last):
  File "/home/vscode/.local/lib/python3.10/site-packages/airflow/example_dags/example_local_kubernetes_executor.py", line 37, in <module>
    from kubernetes.client import models as k8s
ModuleNotFoundError: No module named 'kubernetes'
[2025-08-12T16:02:16.062+0000] {logging_mixin.py:150} INFO - [2025-08-12T16:02:16.062+0000] {example_local_kubernetes_executor.py:40} WARNING - Install Kubernetes dependencies with: pip install apache-airflow[cncf.kubernetes]
[2025-08-12T16:02:16.062+0000] {processor.py:838} WARNING - No viable dags retrieved from /home/vscode/.local/lib/python3.10/site-packages/airflow/example_dags/example_local_kubernetes_executor.py
[2025-08-12T16:02:16.069+0000] {processor.py:179} INFO - Processing /home/vscode/.local/lib/python3.10/site-packages/airflow/example_dags/example_local_kubernetes_executor.py took 0.013 seconds
[2025-08-12T16:02:55.709+0000] {processor.py:157} INFO - Started process (PID=29232) to work on /home/vscode/.local/lib/python3.10/site-packages/airflow/example_dags/example_local_kubernetes_executor.py
[2025-08-12T16:02:55.710+0000] {processor.py:826} INFO - Processing file /home/vscode/.local/lib/python3.10/site-packages/airflow/example_dags/example_local_kubernetes_executor.py for tasks to queue
[2025-08-12T16:02:55.711+0000] {logging_mixin.py:150} INFO - [2025-08-12T16:02:55.711+0000] {dagbag.py:541} INFO - Filling up the DagBag from /home/vscode/.local/lib/python3.10/site-packages/airflow/example_dags/example_local_kubernetes_executor.py
[2025-08-12T16:02:55.714+0000] {logging_mixin.py:150} INFO - [2025-08-12T16:02:55.714+0000] {example_local_kubernetes_executor.py:39} WARNING - Could not import DAGs in example_local_kubernetes_executor.py
Traceback (most recent call last):
  File "/home/vscode/.local/lib/python3.10/site-packages/airflow/example_dags/example_local_kubernetes_executor.py", line 37, in <module>
    from kubernetes.client import models as k8s
ModuleNotFoundError: No module named 'kubernetes'
[2025-08-12T16:02:55.715+0000] {logging_mixin.py:150} INFO - [2025-08-12T16:02:55.715+0000] {example_local_kubernetes_executor.py:40} WARNING - Install Kubernetes dependencies with: pip install apache-airflow[cncf.kubernetes]
[2025-08-12T16:02:55.715+0000] {processor.py:838} WARNING - No viable dags retrieved from /home/vscode/.local/lib/python3.10/site-packages/airflow/example_dags/example_local_kubernetes_executor.py
[2025-08-12T16:02:55.725+0000] {processor.py:179} INFO - Processing /home/vscode/.local/lib/python3.10/site-packages/airflow/example_dags/example_local_kubernetes_executor.py took 0.019 seconds
[2025-08-12T16:03:38.173+0000] {processor.py:157} INFO - Started process (PID=29514) to work on /home/vscode/.local/lib/python3.10/site-packages/airflow/example_dags/example_local_kubernetes_executor.py
[2025-08-12T16:03:38.173+0000] {processor.py:826} INFO - Processing file /home/vscode/.local/lib/python3.10/site-packages/airflow/example_dags/example_local_kubernetes_executor.py for tasks to queue
[2025-08-12T16:03:38.174+0000] {logging_mixin.py:150} INFO - [2025-08-12T16:03:38.174+0000] {dagbag.py:541} INFO - Filling up the DagBag from /home/vscode/.local/lib/python3.10/site-packages/airflow/example_dags/example_local_kubernetes_executor.py
[2025-08-12T16:03:38.176+0000] {logging_mixin.py:150} INFO - [2025-08-12T16:03:38.176+0000] {example_local_kubernetes_executor.py:39} WARNING - Could not import DAGs in example_local_kubernetes_executor.py
Traceback (most recent call last):
  File "/home/vscode/.local/lib/python3.10/site-packages/airflow/example_dags/example_local_kubernetes_executor.py", line 37, in <module>
    from kubernetes.client import models as k8s
ModuleNotFoundError: No module named 'kubernetes'
[2025-08-12T16:03:38.177+0000] {logging_mixin.py:150} INFO - [2025-08-12T16:03:38.177+0000] {example_local_kubernetes_executor.py:40} WARNING - Install Kubernetes dependencies with: pip install apache-airflow[cncf.kubernetes]
[2025-08-12T16:03:38.177+0000] {processor.py:838} WARNING - No viable dags retrieved from /home/vscode/.local/lib/python3.10/site-packages/airflow/example_dags/example_local_kubernetes_executor.py
[2025-08-12T16:03:38.184+0000] {processor.py:179} INFO - Processing /home/vscode/.local/lib/python3.10/site-packages/airflow/example_dags/example_local_kubernetes_executor.py took 0.014 seconds
[2025-08-12T16:04:27.136+0000] {processor.py:157} INFO - Started process (PID=29839) to work on /home/vscode/.local/lib/python3.10/site-packages/airflow/example_dags/example_local_kubernetes_executor.py
[2025-08-12T16:04:27.137+0000] {processor.py:826} INFO - Processing file /home/vscode/.local/lib/python3.10/site-packages/airflow/example_dags/example_local_kubernetes_executor.py for tasks to queue
[2025-08-12T16:04:27.138+0000] {logging_mixin.py:150} INFO - [2025-08-12T16:04:27.137+0000] {dagbag.py:541} INFO - Filling up the DagBag from /home/vscode/.local/lib/python3.10/site-packages/airflow/example_dags/example_local_kubernetes_executor.py
[2025-08-12T16:04:27.140+0000] {logging_mixin.py:150} INFO - [2025-08-12T16:04:27.140+0000] {example_local_kubernetes_executor.py:39} WARNING - Could not import DAGs in example_local_kubernetes_executor.py
Traceback (most recent call last):
  File "/home/vscode/.local/lib/python3.10/site-packages/airflow/example_dags/example_local_kubernetes_executor.py", line 37, in <module>
    from kubernetes.client import models as k8s
ModuleNotFoundError: No module named 'kubernetes'
[2025-08-12T16:04:27.140+0000] {logging_mixin.py:150} INFO - [2025-08-12T16:04:27.140+0000] {example_local_kubernetes_executor.py:40} WARNING - Install Kubernetes dependencies with: pip install apache-airflow[cncf.kubernetes]
[2025-08-12T16:04:27.141+0000] {processor.py:838} WARNING - No viable dags retrieved from /home/vscode/.local/lib/python3.10/site-packages/airflow/example_dags/example_local_kubernetes_executor.py
[2025-08-12T16:04:27.147+0000] {processor.py:179} INFO - Processing /home/vscode/.local/lib/python3.10/site-packages/airflow/example_dags/example_local_kubernetes_executor.py took 0.013 seconds
[2025-08-12T16:05:10.635+0000] {processor.py:157} INFO - Started process (PID=30126) to work on /home/vscode/.local/lib/python3.10/site-packages/airflow/example_dags/example_local_kubernetes_executor.py
[2025-08-12T16:05:10.636+0000] {processor.py:826} INFO - Processing file /home/vscode/.local/lib/python3.10/site-packages/airflow/example_dags/example_local_kubernetes_executor.py for tasks to queue
[2025-08-12T16:05:10.636+0000] {logging_mixin.py:150} INFO - [2025-08-12T16:05:10.636+0000] {dagbag.py:541} INFO - Filling up the DagBag from /home/vscode/.local/lib/python3.10/site-packages/airflow/example_dags/example_local_kubernetes_executor.py
[2025-08-12T16:05:10.639+0000] {logging_mixin.py:150} INFO - [2025-08-12T16:05:10.639+0000] {example_local_kubernetes_executor.py:39} WARNING - Could not import DAGs in example_local_kubernetes_executor.py
Traceback (most recent call last):
  File "/home/vscode/.local/lib/python3.10/site-packages/airflow/example_dags/example_local_kubernetes_executor.py", line 37, in <module>
    from kubernetes.client import models as k8s
ModuleNotFoundError: No module named 'kubernetes'
[2025-08-12T16:05:10.639+0000] {logging_mixin.py:150} INFO - [2025-08-12T16:05:10.639+0000] {example_local_kubernetes_executor.py:40} WARNING - Install Kubernetes dependencies with: pip install apache-airflow[cncf.kubernetes]
[2025-08-12T16:05:10.639+0000] {processor.py:838} WARNING - No viable dags retrieved from /home/vscode/.local/lib/python3.10/site-packages/airflow/example_dags/example_local_kubernetes_executor.py
[2025-08-12T16:05:10.646+0000] {processor.py:179} INFO - Processing /home/vscode/.local/lib/python3.10/site-packages/airflow/example_dags/example_local_kubernetes_executor.py took 0.013 seconds
[2025-08-12T16:05:53.941+0000] {processor.py:157} INFO - Started process (PID=30419) to work on /home/vscode/.local/lib/python3.10/site-packages/airflow/example_dags/example_local_kubernetes_executor.py
[2025-08-12T16:05:53.942+0000] {processor.py:826} INFO - Processing file /home/vscode/.local/lib/python3.10/site-packages/airflow/example_dags/example_local_kubernetes_executor.py for tasks to queue
[2025-08-12T16:05:53.942+0000] {logging_mixin.py:150} INFO - [2025-08-12T16:05:53.942+0000] {dagbag.py:541} INFO - Filling up the DagBag from /home/vscode/.local/lib/python3.10/site-packages/airflow/example_dags/example_local_kubernetes_executor.py
[2025-08-12T16:05:53.948+0000] {logging_mixin.py:150} INFO - [2025-08-12T16:05:53.947+0000] {example_local_kubernetes_executor.py:39} WARNING - Could not import DAGs in example_local_kubernetes_executor.py
Traceback (most recent call last):
  File "/home/vscode/.local/lib/python3.10/site-packages/airflow/example_dags/example_local_kubernetes_executor.py", line 37, in <module>
    from kubernetes.client import models as k8s
ModuleNotFoundError: No module named 'kubernetes'
[2025-08-12T16:05:53.948+0000] {logging_mixin.py:150} INFO - [2025-08-12T16:05:53.948+0000] {example_local_kubernetes_executor.py:40} WARNING - Install Kubernetes dependencies with: pip install apache-airflow[cncf.kubernetes]
[2025-08-12T16:05:53.948+0000] {processor.py:838} WARNING - No viable dags retrieved from /home/vscode/.local/lib/python3.10/site-packages/airflow/example_dags/example_local_kubernetes_executor.py
[2025-08-12T16:05:53.955+0000] {processor.py:179} INFO - Processing /home/vscode/.local/lib/python3.10/site-packages/airflow/example_dags/example_local_kubernetes_executor.py took 0.016 seconds
[2025-08-12T16:06:42.997+0000] {processor.py:157} INFO - Started process (PID=30740) to work on /home/vscode/.local/lib/python3.10/site-packages/airflow/example_dags/example_local_kubernetes_executor.py
[2025-08-12T16:06:42.998+0000] {processor.py:826} INFO - Processing file /home/vscode/.local/lib/python3.10/site-packages/airflow/example_dags/example_local_kubernetes_executor.py for tasks to queue
[2025-08-12T16:06:42.999+0000] {logging_mixin.py:150} INFO - [2025-08-12T16:06:42.998+0000] {dagbag.py:541} INFO - Filling up the DagBag from /home/vscode/.local/lib/python3.10/site-packages/airflow/example_dags/example_local_kubernetes_executor.py
[2025-08-12T16:06:43.001+0000] {logging_mixin.py:150} INFO - [2025-08-12T16:06:43.001+0000] {example_local_kubernetes_executor.py:39} WARNING - Could not import DAGs in example_local_kubernetes_executor.py
Traceback (most recent call last):
  File "/home/vscode/.local/lib/python3.10/site-packages/airflow/example_dags/example_local_kubernetes_executor.py", line 37, in <module>
    from kubernetes.client import models as k8s
ModuleNotFoundError: No module named 'kubernetes'
[2025-08-12T16:06:43.001+0000] {logging_mixin.py:150} INFO - [2025-08-12T16:06:43.001+0000] {example_local_kubernetes_executor.py:40} WARNING - Install Kubernetes dependencies with: pip install apache-airflow[cncf.kubernetes]
[2025-08-12T16:06:43.001+0000] {processor.py:838} WARNING - No viable dags retrieved from /home/vscode/.local/lib/python3.10/site-packages/airflow/example_dags/example_local_kubernetes_executor.py
[2025-08-12T16:06:43.008+0000] {processor.py:179} INFO - Processing /home/vscode/.local/lib/python3.10/site-packages/airflow/example_dags/example_local_kubernetes_executor.py took 0.013 seconds
[2025-08-12T16:07:25.928+0000] {processor.py:157} INFO - Started process (PID=31032) to work on /home/vscode/.local/lib/python3.10/site-packages/airflow/example_dags/example_local_kubernetes_executor.py
[2025-08-12T16:07:25.929+0000] {processor.py:826} INFO - Processing file /home/vscode/.local/lib/python3.10/site-packages/airflow/example_dags/example_local_kubernetes_executor.py for tasks to queue
[2025-08-12T16:07:25.929+0000] {logging_mixin.py:150} INFO - [2025-08-12T16:07:25.929+0000] {dagbag.py:541} INFO - Filling up the DagBag from /home/vscode/.local/lib/python3.10/site-packages/airflow/example_dags/example_local_kubernetes_executor.py
[2025-08-12T16:07:25.932+0000] {logging_mixin.py:150} INFO - [2025-08-12T16:07:25.931+0000] {example_local_kubernetes_executor.py:39} WARNING - Could not import DAGs in example_local_kubernetes_executor.py
Traceback (most recent call last):
  File "/home/vscode/.local/lib/python3.10/site-packages/airflow/example_dags/example_local_kubernetes_executor.py", line 37, in <module>
    from kubernetes.client import models as k8s
ModuleNotFoundError: No module named 'kubernetes'
[2025-08-12T16:07:25.932+0000] {logging_mixin.py:150} INFO - [2025-08-12T16:07:25.932+0000] {example_local_kubernetes_executor.py:40} WARNING - Install Kubernetes dependencies with: pip install apache-airflow[cncf.kubernetes]
[2025-08-12T16:07:25.932+0000] {processor.py:838} WARNING - No viable dags retrieved from /home/vscode/.local/lib/python3.10/site-packages/airflow/example_dags/example_local_kubernetes_executor.py
[2025-08-12T16:07:25.939+0000] {processor.py:179} INFO - Processing /home/vscode/.local/lib/python3.10/site-packages/airflow/example_dags/example_local_kubernetes_executor.py took 0.014 seconds
[2025-08-12T16:08:08.091+0000] {processor.py:157} INFO - Started process (PID=31310) to work on /home/vscode/.local/lib/python3.10/site-packages/airflow/example_dags/example_local_kubernetes_executor.py
[2025-08-12T16:08:08.092+0000] {processor.py:826} INFO - Processing file /home/vscode/.local/lib/python3.10/site-packages/airflow/example_dags/example_local_kubernetes_executor.py for tasks to queue
[2025-08-12T16:08:08.092+0000] {logging_mixin.py:150} INFO - [2025-08-12T16:08:08.092+0000] {dagbag.py:541} INFO - Filling up the DagBag from /home/vscode/.local/lib/python3.10/site-packages/airflow/example_dags/example_local_kubernetes_executor.py
[2025-08-12T16:08:08.095+0000] {logging_mixin.py:150} INFO - [2025-08-12T16:08:08.094+0000] {example_local_kubernetes_executor.py:39} WARNING - Could not import DAGs in example_local_kubernetes_executor.py
Traceback (most recent call last):
  File "/home/vscode/.local/lib/python3.10/site-packages/airflow/example_dags/example_local_kubernetes_executor.py", line 37, in <module>
    from kubernetes.client import models as k8s
ModuleNotFoundError: No module named 'kubernetes'
[2025-08-12T16:08:08.095+0000] {logging_mixin.py:150} INFO - [2025-08-12T16:08:08.095+0000] {example_local_kubernetes_executor.py:40} WARNING - Install Kubernetes dependencies with: pip install apache-airflow[cncf.kubernetes]
[2025-08-12T16:08:08.095+0000] {processor.py:838} WARNING - No viable dags retrieved from /home/vscode/.local/lib/python3.10/site-packages/airflow/example_dags/example_local_kubernetes_executor.py
[2025-08-12T16:08:08.102+0000] {processor.py:179} INFO - Processing /home/vscode/.local/lib/python3.10/site-packages/airflow/example_dags/example_local_kubernetes_executor.py took 0.013 seconds
[2025-08-12T16:08:48.633+0000] {processor.py:157} INFO - Started process (PID=31585) to work on /home/vscode/.local/lib/python3.10/site-packages/airflow/example_dags/example_local_kubernetes_executor.py
[2025-08-12T16:08:48.634+0000] {processor.py:826} INFO - Processing file /home/vscode/.local/lib/python3.10/site-packages/airflow/example_dags/example_local_kubernetes_executor.py for tasks to queue
[2025-08-12T16:08:48.634+0000] {logging_mixin.py:150} INFO - [2025-08-12T16:08:48.634+0000] {dagbag.py:541} INFO - Filling up the DagBag from /home/vscode/.local/lib/python3.10/site-packages/airflow/example_dags/example_local_kubernetes_executor.py
[2025-08-12T16:08:48.637+0000] {logging_mixin.py:150} INFO - [2025-08-12T16:08:48.636+0000] {example_local_kubernetes_executor.py:39} WARNING - Could not import DAGs in example_local_kubernetes_executor.py
Traceback (most recent call last):
  File "/home/vscode/.local/lib/python3.10/site-packages/airflow/example_dags/example_local_kubernetes_executor.py", line 37, in <module>
    from kubernetes.client import models as k8s
ModuleNotFoundError: No module named 'kubernetes'
[2025-08-12T16:08:48.637+0000] {logging_mixin.py:150} INFO - [2025-08-12T16:08:48.637+0000] {example_local_kubernetes_executor.py:40} WARNING - Install Kubernetes dependencies with: pip install apache-airflow[cncf.kubernetes]
[2025-08-12T16:08:48.637+0000] {processor.py:838} WARNING - No viable dags retrieved from /home/vscode/.local/lib/python3.10/site-packages/airflow/example_dags/example_local_kubernetes_executor.py
[2025-08-12T16:08:48.644+0000] {processor.py:179} INFO - Processing /home/vscode/.local/lib/python3.10/site-packages/airflow/example_dags/example_local_kubernetes_executor.py took 0.013 seconds
[2025-08-12T16:09:34.020+0000] {processor.py:157} INFO - Started process (PID=31880) to work on /home/vscode/.local/lib/python3.10/site-packages/airflow/example_dags/example_local_kubernetes_executor.py
[2025-08-12T16:09:34.021+0000] {processor.py:826} INFO - Processing file /home/vscode/.local/lib/python3.10/site-packages/airflow/example_dags/example_local_kubernetes_executor.py for tasks to queue
[2025-08-12T16:09:34.021+0000] {logging_mixin.py:150} INFO - [2025-08-12T16:09:34.021+0000] {dagbag.py:541} INFO - Filling up the DagBag from /home/vscode/.local/lib/python3.10/site-packages/airflow/example_dags/example_local_kubernetes_executor.py
[2025-08-12T16:09:34.024+0000] {logging_mixin.py:150} INFO - [2025-08-12T16:09:34.023+0000] {example_local_kubernetes_executor.py:39} WARNING - Could not import DAGs in example_local_kubernetes_executor.py
Traceback (most recent call last):
  File "/home/vscode/.local/lib/python3.10/site-packages/airflow/example_dags/example_local_kubernetes_executor.py", line 37, in <module>
    from kubernetes.client import models as k8s
ModuleNotFoundError: No module named 'kubernetes'
[2025-08-12T16:09:34.024+0000] {logging_mixin.py:150} INFO - [2025-08-12T16:09:34.024+0000] {example_local_kubernetes_executor.py:40} WARNING - Install Kubernetes dependencies with: pip install apache-airflow[cncf.kubernetes]
[2025-08-12T16:09:34.024+0000] {processor.py:838} WARNING - No viable dags retrieved from /home/vscode/.local/lib/python3.10/site-packages/airflow/example_dags/example_local_kubernetes_executor.py
[2025-08-12T16:09:34.031+0000] {processor.py:179} INFO - Processing /home/vscode/.local/lib/python3.10/site-packages/airflow/example_dags/example_local_kubernetes_executor.py took 0.013 seconds
[2025-08-12T16:10:21.172+0000] {processor.py:157} INFO - Started process (PID=32195) to work on /home/vscode/.local/lib/python3.10/site-packages/airflow/example_dags/example_local_kubernetes_executor.py
[2025-08-12T16:10:21.173+0000] {processor.py:826} INFO - Processing file /home/vscode/.local/lib/python3.10/site-packages/airflow/example_dags/example_local_kubernetes_executor.py for tasks to queue
[2025-08-12T16:10:21.173+0000] {logging_mixin.py:150} INFO - [2025-08-12T16:10:21.173+0000] {dagbag.py:541} INFO - Filling up the DagBag from /home/vscode/.local/lib/python3.10/site-packages/airflow/example_dags/example_local_kubernetes_executor.py
[2025-08-12T16:10:21.176+0000] {logging_mixin.py:150} INFO - [2025-08-12T16:10:21.175+0000] {example_local_kubernetes_executor.py:39} WARNING - Could not import DAGs in example_local_kubernetes_executor.py
Traceback (most recent call last):
  File "/home/vscode/.local/lib/python3.10/site-packages/airflow/example_dags/example_local_kubernetes_executor.py", line 37, in <module>
    from kubernetes.client import models as k8s
ModuleNotFoundError: No module named 'kubernetes'
[2025-08-12T16:10:21.176+0000] {logging_mixin.py:150} INFO - [2025-08-12T16:10:21.176+0000] {example_local_kubernetes_executor.py:40} WARNING - Install Kubernetes dependencies with: pip install apache-airflow[cncf.kubernetes]
[2025-08-12T16:10:21.176+0000] {processor.py:838} WARNING - No viable dags retrieved from /home/vscode/.local/lib/python3.10/site-packages/airflow/example_dags/example_local_kubernetes_executor.py
[2025-08-12T16:10:21.183+0000] {processor.py:179} INFO - Processing /home/vscode/.local/lib/python3.10/site-packages/airflow/example_dags/example_local_kubernetes_executor.py took 0.013 seconds
[2025-08-12T16:11:05.235+0000] {processor.py:157} INFO - Started process (PID=32490) to work on /home/vscode/.local/lib/python3.10/site-packages/airflow/example_dags/example_local_kubernetes_executor.py
[2025-08-12T16:11:05.235+0000] {processor.py:826} INFO - Processing file /home/vscode/.local/lib/python3.10/site-packages/airflow/example_dags/example_local_kubernetes_executor.py for tasks to queue
[2025-08-12T16:11:05.236+0000] {logging_mixin.py:150} INFO - [2025-08-12T16:11:05.236+0000] {dagbag.py:541} INFO - Filling up the DagBag from /home/vscode/.local/lib/python3.10/site-packages/airflow/example_dags/example_local_kubernetes_executor.py
[2025-08-12T16:11:05.238+0000] {logging_mixin.py:150} INFO - [2025-08-12T16:11:05.238+0000] {example_local_kubernetes_executor.py:39} WARNING - Could not import DAGs in example_local_kubernetes_executor.py
Traceback (most recent call last):
  File "/home/vscode/.local/lib/python3.10/site-packages/airflow/example_dags/example_local_kubernetes_executor.py", line 37, in <module>
    from kubernetes.client import models as k8s
ModuleNotFoundError: No module named 'kubernetes'
[2025-08-12T16:11:05.239+0000] {logging_mixin.py:150} INFO - [2025-08-12T16:11:05.238+0000] {example_local_kubernetes_executor.py:40} WARNING - Install Kubernetes dependencies with: pip install apache-airflow[cncf.kubernetes]
[2025-08-12T16:11:05.239+0000] {processor.py:838} WARNING - No viable dags retrieved from /home/vscode/.local/lib/python3.10/site-packages/airflow/example_dags/example_local_kubernetes_executor.py
[2025-08-12T16:11:05.245+0000] {processor.py:179} INFO - Processing /home/vscode/.local/lib/python3.10/site-packages/airflow/example_dags/example_local_kubernetes_executor.py took 0.013 seconds
[2025-08-12T16:11:48.642+0000] {processor.py:157} INFO - Started process (PID=32782) to work on /home/vscode/.local/lib/python3.10/site-packages/airflow/example_dags/example_local_kubernetes_executor.py
[2025-08-12T16:11:48.642+0000] {processor.py:826} INFO - Processing file /home/vscode/.local/lib/python3.10/site-packages/airflow/example_dags/example_local_kubernetes_executor.py for tasks to queue
[2025-08-12T16:11:48.643+0000] {logging_mixin.py:150} INFO - [2025-08-12T16:11:48.643+0000] {dagbag.py:541} INFO - Filling up the DagBag from /home/vscode/.local/lib/python3.10/site-packages/airflow/example_dags/example_local_kubernetes_executor.py
[2025-08-12T16:11:48.646+0000] {logging_mixin.py:150} INFO - [2025-08-12T16:11:48.646+0000] {example_local_kubernetes_executor.py:39} WARNING - Could not import DAGs in example_local_kubernetes_executor.py
Traceback (most recent call last):
  File "/home/vscode/.local/lib/python3.10/site-packages/airflow/example_dags/example_local_kubernetes_executor.py", line 37, in <module>
    from kubernetes.client import models as k8s
ModuleNotFoundError: No module named 'kubernetes'
[2025-08-12T16:11:48.646+0000] {logging_mixin.py:150} INFO - [2025-08-12T16:11:48.646+0000] {example_local_kubernetes_executor.py:40} WARNING - Install Kubernetes dependencies with: pip install apache-airflow[cncf.kubernetes]
[2025-08-12T16:11:48.647+0000] {processor.py:838} WARNING - No viable dags retrieved from /home/vscode/.local/lib/python3.10/site-packages/airflow/example_dags/example_local_kubernetes_executor.py
[2025-08-12T16:11:48.658+0000] {processor.py:179} INFO - Processing /home/vscode/.local/lib/python3.10/site-packages/airflow/example_dags/example_local_kubernetes_executor.py took 0.019 seconds
[2025-08-12T16:12:33.242+0000] {processor.py:157} INFO - Started process (PID=33070) to work on /home/vscode/.local/lib/python3.10/site-packages/airflow/example_dags/example_local_kubernetes_executor.py
[2025-08-12T16:12:33.243+0000] {processor.py:826} INFO - Processing file /home/vscode/.local/lib/python3.10/site-packages/airflow/example_dags/example_local_kubernetes_executor.py for tasks to queue
[2025-08-12T16:12:33.243+0000] {logging_mixin.py:150} INFO - [2025-08-12T16:12:33.243+0000] {dagbag.py:541} INFO - Filling up the DagBag from /home/vscode/.local/lib/python3.10/site-packages/airflow/example_dags/example_local_kubernetes_executor.py
[2025-08-12T16:12:33.246+0000] {logging_mixin.py:150} INFO - [2025-08-12T16:12:33.245+0000] {example_local_kubernetes_executor.py:39} WARNING - Could not import DAGs in example_local_kubernetes_executor.py
Traceback (most recent call last):
  File "/home/vscode/.local/lib/python3.10/site-packages/airflow/example_dags/example_local_kubernetes_executor.py", line 37, in <module>
    from kubernetes.client import models as k8s
ModuleNotFoundError: No module named 'kubernetes'
[2025-08-12T16:12:33.246+0000] {logging_mixin.py:150} INFO - [2025-08-12T16:12:33.246+0000] {example_local_kubernetes_executor.py:40} WARNING - Install Kubernetes dependencies with: pip install apache-airflow[cncf.kubernetes]
[2025-08-12T16:12:33.246+0000] {processor.py:838} WARNING - No viable dags retrieved from /home/vscode/.local/lib/python3.10/site-packages/airflow/example_dags/example_local_kubernetes_executor.py
[2025-08-12T16:12:33.253+0000] {processor.py:179} INFO - Processing /home/vscode/.local/lib/python3.10/site-packages/airflow/example_dags/example_local_kubernetes_executor.py took 0.013 seconds
[2025-08-12T16:13:20.539+0000] {processor.py:157} INFO - Started process (PID=33394) to work on /home/vscode/.local/lib/python3.10/site-packages/airflow/example_dags/example_local_kubernetes_executor.py
[2025-08-12T16:13:20.539+0000] {processor.py:826} INFO - Processing file /home/vscode/.local/lib/python3.10/site-packages/airflow/example_dags/example_local_kubernetes_executor.py for tasks to queue
[2025-08-12T16:13:20.540+0000] {logging_mixin.py:150} INFO - [2025-08-12T16:13:20.540+0000] {dagbag.py:541} INFO - Filling up the DagBag from /home/vscode/.local/lib/python3.10/site-packages/airflow/example_dags/example_local_kubernetes_executor.py
[2025-08-12T16:13:20.542+0000] {logging_mixin.py:150} INFO - [2025-08-12T16:13:20.542+0000] {example_local_kubernetes_executor.py:39} WARNING - Could not import DAGs in example_local_kubernetes_executor.py
Traceback (most recent call last):
  File "/home/vscode/.local/lib/python3.10/site-packages/airflow/example_dags/example_local_kubernetes_executor.py", line 37, in <module>
    from kubernetes.client import models as k8s
ModuleNotFoundError: No module named 'kubernetes'
[2025-08-12T16:13:20.543+0000] {logging_mixin.py:150} INFO - [2025-08-12T16:13:20.543+0000] {example_local_kubernetes_executor.py:40} WARNING - Install Kubernetes dependencies with: pip install apache-airflow[cncf.kubernetes]
[2025-08-12T16:13:20.543+0000] {processor.py:838} WARNING - No viable dags retrieved from /home/vscode/.local/lib/python3.10/site-packages/airflow/example_dags/example_local_kubernetes_executor.py
[2025-08-12T16:13:20.550+0000] {processor.py:179} INFO - Processing /home/vscode/.local/lib/python3.10/site-packages/airflow/example_dags/example_local_kubernetes_executor.py took 0.014 seconds
[2025-08-12T16:14:02.250+0000] {processor.py:157} INFO - Started process (PID=33670) to work on /home/vscode/.local/lib/python3.10/site-packages/airflow/example_dags/example_local_kubernetes_executor.py
[2025-08-12T16:14:02.251+0000] {processor.py:826} INFO - Processing file /home/vscode/.local/lib/python3.10/site-packages/airflow/example_dags/example_local_kubernetes_executor.py for tasks to queue
[2025-08-12T16:14:02.251+0000] {logging_mixin.py:150} INFO - [2025-08-12T16:14:02.251+0000] {dagbag.py:541} INFO - Filling up the DagBag from /home/vscode/.local/lib/python3.10/site-packages/airflow/example_dags/example_local_kubernetes_executor.py
[2025-08-12T16:14:02.254+0000] {logging_mixin.py:150} INFO - [2025-08-12T16:14:02.253+0000] {example_local_kubernetes_executor.py:39} WARNING - Could not import DAGs in example_local_kubernetes_executor.py
Traceback (most recent call last):
  File "/home/vscode/.local/lib/python3.10/site-packages/airflow/example_dags/example_local_kubernetes_executor.py", line 37, in <module>
    from kubernetes.client import models as k8s
ModuleNotFoundError: No module named 'kubernetes'
[2025-08-12T16:14:02.254+0000] {logging_mixin.py:150} INFO - [2025-08-12T16:14:02.254+0000] {example_local_kubernetes_executor.py:40} WARNING - Install Kubernetes dependencies with: pip install apache-airflow[cncf.kubernetes]
[2025-08-12T16:14:02.254+0000] {processor.py:838} WARNING - No viable dags retrieved from /home/vscode/.local/lib/python3.10/site-packages/airflow/example_dags/example_local_kubernetes_executor.py
[2025-08-12T16:14:02.261+0000] {processor.py:179} INFO - Processing /home/vscode/.local/lib/python3.10/site-packages/airflow/example_dags/example_local_kubernetes_executor.py took 0.013 seconds
[2025-08-12T16:14:47.053+0000] {processor.py:157} INFO - Started process (PID=33964) to work on /home/vscode/.local/lib/python3.10/site-packages/airflow/example_dags/example_local_kubernetes_executor.py
[2025-08-12T16:14:47.054+0000] {processor.py:826} INFO - Processing file /home/vscode/.local/lib/python3.10/site-packages/airflow/example_dags/example_local_kubernetes_executor.py for tasks to queue
[2025-08-12T16:14:47.055+0000] {logging_mixin.py:150} INFO - [2025-08-12T16:14:47.054+0000] {dagbag.py:541} INFO - Filling up the DagBag from /home/vscode/.local/lib/python3.10/site-packages/airflow/example_dags/example_local_kubernetes_executor.py
[2025-08-12T16:14:47.057+0000] {logging_mixin.py:150} INFO - [2025-08-12T16:14:47.057+0000] {example_local_kubernetes_executor.py:39} WARNING - Could not import DAGs in example_local_kubernetes_executor.py
Traceback (most recent call last):
  File "/home/vscode/.local/lib/python3.10/site-packages/airflow/example_dags/example_local_kubernetes_executor.py", line 37, in <module>
    from kubernetes.client import models as k8s
ModuleNotFoundError: No module named 'kubernetes'
[2025-08-12T16:14:47.057+0000] {logging_mixin.py:150} INFO - [2025-08-12T16:14:47.057+0000] {example_local_kubernetes_executor.py:40} WARNING - Install Kubernetes dependencies with: pip install apache-airflow[cncf.kubernetes]
[2025-08-12T16:14:47.057+0000] {processor.py:838} WARNING - No viable dags retrieved from /home/vscode/.local/lib/python3.10/site-packages/airflow/example_dags/example_local_kubernetes_executor.py
[2025-08-12T16:14:47.064+0000] {processor.py:179} INFO - Processing /home/vscode/.local/lib/python3.10/site-packages/airflow/example_dags/example_local_kubernetes_executor.py took 0.013 seconds
[2025-08-12T16:15:27.018+0000] {processor.py:157} INFO - Started process (PID=34225) to work on /home/vscode/.local/lib/python3.10/site-packages/airflow/example_dags/example_local_kubernetes_executor.py
[2025-08-12T16:15:27.018+0000] {processor.py:826} INFO - Processing file /home/vscode/.local/lib/python3.10/site-packages/airflow/example_dags/example_local_kubernetes_executor.py for tasks to queue
[2025-08-12T16:15:27.019+0000] {logging_mixin.py:150} INFO - [2025-08-12T16:15:27.019+0000] {dagbag.py:541} INFO - Filling up the DagBag from /home/vscode/.local/lib/python3.10/site-packages/airflow/example_dags/example_local_kubernetes_executor.py
[2025-08-12T16:15:27.021+0000] {logging_mixin.py:150} INFO - [2025-08-12T16:15:27.021+0000] {example_local_kubernetes_executor.py:39} WARNING - Could not import DAGs in example_local_kubernetes_executor.py
Traceback (most recent call last):
  File "/home/vscode/.local/lib/python3.10/site-packages/airflow/example_dags/example_local_kubernetes_executor.py", line 37, in <module>
    from kubernetes.client import models as k8s
ModuleNotFoundError: No module named 'kubernetes'
[2025-08-12T16:15:27.021+0000] {logging_mixin.py:150} INFO - [2025-08-12T16:15:27.021+0000] {example_local_kubernetes_executor.py:40} WARNING - Install Kubernetes dependencies with: pip install apache-airflow[cncf.kubernetes]
[2025-08-12T16:15:27.022+0000] {processor.py:838} WARNING - No viable dags retrieved from /home/vscode/.local/lib/python3.10/site-packages/airflow/example_dags/example_local_kubernetes_executor.py
[2025-08-12T16:15:27.028+0000] {processor.py:179} INFO - Processing /home/vscode/.local/lib/python3.10/site-packages/airflow/example_dags/example_local_kubernetes_executor.py took 0.013 seconds
[2025-08-12T16:16:10.375+0000] {processor.py:157} INFO - Started process (PID=34518) to work on /home/vscode/.local/lib/python3.10/site-packages/airflow/example_dags/example_local_kubernetes_executor.py
[2025-08-12T16:16:10.376+0000] {processor.py:826} INFO - Processing file /home/vscode/.local/lib/python3.10/site-packages/airflow/example_dags/example_local_kubernetes_executor.py for tasks to queue
[2025-08-12T16:16:10.377+0000] {logging_mixin.py:150} INFO - [2025-08-12T16:16:10.376+0000] {dagbag.py:541} INFO - Filling up the DagBag from /home/vscode/.local/lib/python3.10/site-packages/airflow/example_dags/example_local_kubernetes_executor.py
[2025-08-12T16:16:10.379+0000] {logging_mixin.py:150} INFO - [2025-08-12T16:16:10.379+0000] {example_local_kubernetes_executor.py:39} WARNING - Could not import DAGs in example_local_kubernetes_executor.py
Traceback (most recent call last):
  File "/home/vscode/.local/lib/python3.10/site-packages/airflow/example_dags/example_local_kubernetes_executor.py", line 37, in <module>
    from kubernetes.client import models as k8s
ModuleNotFoundError: No module named 'kubernetes'
[2025-08-12T16:16:10.379+0000] {logging_mixin.py:150} INFO - [2025-08-12T16:16:10.379+0000] {example_local_kubernetes_executor.py:40} WARNING - Install Kubernetes dependencies with: pip install apache-airflow[cncf.kubernetes]
[2025-08-12T16:16:10.380+0000] {processor.py:838} WARNING - No viable dags retrieved from /home/vscode/.local/lib/python3.10/site-packages/airflow/example_dags/example_local_kubernetes_executor.py
[2025-08-12T16:16:10.386+0000] {processor.py:179} INFO - Processing /home/vscode/.local/lib/python3.10/site-packages/airflow/example_dags/example_local_kubernetes_executor.py took 0.013 seconds
[2025-08-12T16:16:50.949+0000] {processor.py:157} INFO - Started process (PID=34793) to work on /home/vscode/.local/lib/python3.10/site-packages/airflow/example_dags/example_local_kubernetes_executor.py
[2025-08-12T16:16:50.950+0000] {processor.py:826} INFO - Processing file /home/vscode/.local/lib/python3.10/site-packages/airflow/example_dags/example_local_kubernetes_executor.py for tasks to queue
[2025-08-12T16:16:50.950+0000] {logging_mixin.py:150} INFO - [2025-08-12T16:16:50.950+0000] {dagbag.py:541} INFO - Filling up the DagBag from /home/vscode/.local/lib/python3.10/site-packages/airflow/example_dags/example_local_kubernetes_executor.py
[2025-08-12T16:16:50.953+0000] {logging_mixin.py:150} INFO - [2025-08-12T16:16:50.952+0000] {example_local_kubernetes_executor.py:39} WARNING - Could not import DAGs in example_local_kubernetes_executor.py
Traceback (most recent call last):
  File "/home/vscode/.local/lib/python3.10/site-packages/airflow/example_dags/example_local_kubernetes_executor.py", line 37, in <module>
    from kubernetes.client import models as k8s
ModuleNotFoundError: No module named 'kubernetes'
[2025-08-12T16:16:50.953+0000] {logging_mixin.py:150} INFO - [2025-08-12T16:16:50.953+0000] {example_local_kubernetes_executor.py:40} WARNING - Install Kubernetes dependencies with: pip install apache-airflow[cncf.kubernetes]
[2025-08-12T16:16:50.953+0000] {processor.py:838} WARNING - No viable dags retrieved from /home/vscode/.local/lib/python3.10/site-packages/airflow/example_dags/example_local_kubernetes_executor.py
[2025-08-12T16:16:50.960+0000] {processor.py:179} INFO - Processing /home/vscode/.local/lib/python3.10/site-packages/airflow/example_dags/example_local_kubernetes_executor.py took 0.013 seconds
[2025-08-12T16:17:34.317+0000] {processor.py:157} INFO - Started process (PID=35080) to work on /home/vscode/.local/lib/python3.10/site-packages/airflow/example_dags/example_local_kubernetes_executor.py
[2025-08-12T16:17:34.317+0000] {processor.py:826} INFO - Processing file /home/vscode/.local/lib/python3.10/site-packages/airflow/example_dags/example_local_kubernetes_executor.py for tasks to queue
[2025-08-12T16:17:34.318+0000] {logging_mixin.py:150} INFO - [2025-08-12T16:17:34.318+0000] {dagbag.py:541} INFO - Filling up the DagBag from /home/vscode/.local/lib/python3.10/site-packages/airflow/example_dags/example_local_kubernetes_executor.py
[2025-08-12T16:17:34.320+0000] {logging_mixin.py:150} INFO - [2025-08-12T16:17:34.320+0000] {example_local_kubernetes_executor.py:39} WARNING - Could not import DAGs in example_local_kubernetes_executor.py
Traceback (most recent call last):
  File "/home/vscode/.local/lib/python3.10/site-packages/airflow/example_dags/example_local_kubernetes_executor.py", line 37, in <module>
    from kubernetes.client import models as k8s
ModuleNotFoundError: No module named 'kubernetes'
[2025-08-12T16:17:34.321+0000] {logging_mixin.py:150} INFO - [2025-08-12T16:17:34.321+0000] {example_local_kubernetes_executor.py:40} WARNING - Install Kubernetes dependencies with: pip install apache-airflow[cncf.kubernetes]
[2025-08-12T16:17:34.321+0000] {processor.py:838} WARNING - No viable dags retrieved from /home/vscode/.local/lib/python3.10/site-packages/airflow/example_dags/example_local_kubernetes_executor.py
[2025-08-12T16:17:34.327+0000] {processor.py:179} INFO - Processing /home/vscode/.local/lib/python3.10/site-packages/airflow/example_dags/example_local_kubernetes_executor.py took 0.013 seconds
[2025-08-12T16:18:24.602+0000] {processor.py:157} INFO - Started process (PID=35416) to work on /home/vscode/.local/lib/python3.10/site-packages/airflow/example_dags/example_local_kubernetes_executor.py
[2025-08-12T16:18:24.602+0000] {processor.py:826} INFO - Processing file /home/vscode/.local/lib/python3.10/site-packages/airflow/example_dags/example_local_kubernetes_executor.py for tasks to queue
[2025-08-12T16:18:24.603+0000] {logging_mixin.py:150} INFO - [2025-08-12T16:18:24.603+0000] {dagbag.py:541} INFO - Filling up the DagBag from /home/vscode/.local/lib/python3.10/site-packages/airflow/example_dags/example_local_kubernetes_executor.py
[2025-08-12T16:18:24.606+0000] {logging_mixin.py:150} INFO - [2025-08-12T16:18:24.605+0000] {example_local_kubernetes_executor.py:39} WARNING - Could not import DAGs in example_local_kubernetes_executor.py
Traceback (most recent call last):
  File "/home/vscode/.local/lib/python3.10/site-packages/airflow/example_dags/example_local_kubernetes_executor.py", line 37, in <module>
    from kubernetes.client import models as k8s
ModuleNotFoundError: No module named 'kubernetes'
[2025-08-12T16:18:24.606+0000] {logging_mixin.py:150} INFO - [2025-08-12T16:18:24.606+0000] {example_local_kubernetes_executor.py:40} WARNING - Install Kubernetes dependencies with: pip install apache-airflow[cncf.kubernetes]
[2025-08-12T16:18:24.606+0000] {processor.py:838} WARNING - No viable dags retrieved from /home/vscode/.local/lib/python3.10/site-packages/airflow/example_dags/example_local_kubernetes_executor.py
[2025-08-12T16:18:24.613+0000] {processor.py:179} INFO - Processing /home/vscode/.local/lib/python3.10/site-packages/airflow/example_dags/example_local_kubernetes_executor.py took 0.014 seconds
[2025-08-12T16:19:05.862+0000] {processor.py:157} INFO - Started process (PID=35693) to work on /home/vscode/.local/lib/python3.10/site-packages/airflow/example_dags/example_local_kubernetes_executor.py
[2025-08-12T16:19:05.863+0000] {processor.py:826} INFO - Processing file /home/vscode/.local/lib/python3.10/site-packages/airflow/example_dags/example_local_kubernetes_executor.py for tasks to queue
[2025-08-12T16:19:05.863+0000] {logging_mixin.py:150} INFO - [2025-08-12T16:19:05.863+0000] {dagbag.py:541} INFO - Filling up the DagBag from /home/vscode/.local/lib/python3.10/site-packages/airflow/example_dags/example_local_kubernetes_executor.py
[2025-08-12T16:19:05.866+0000] {logging_mixin.py:150} INFO - [2025-08-12T16:19:05.866+0000] {example_local_kubernetes_executor.py:39} WARNING - Could not import DAGs in example_local_kubernetes_executor.py
Traceback (most recent call last):
  File "/home/vscode/.local/lib/python3.10/site-packages/airflow/example_dags/example_local_kubernetes_executor.py", line 37, in <module>
    from kubernetes.client import models as k8s
ModuleNotFoundError: No module named 'kubernetes'
[2025-08-12T16:19:05.867+0000] {logging_mixin.py:150} INFO - [2025-08-12T16:19:05.867+0000] {example_local_kubernetes_executor.py:40} WARNING - Install Kubernetes dependencies with: pip install apache-airflow[cncf.kubernetes]
[2025-08-12T16:19:05.867+0000] {processor.py:838} WARNING - No viable dags retrieved from /home/vscode/.local/lib/python3.10/site-packages/airflow/example_dags/example_local_kubernetes_executor.py
[2025-08-12T16:19:05.874+0000] {processor.py:179} INFO - Processing /home/vscode/.local/lib/python3.10/site-packages/airflow/example_dags/example_local_kubernetes_executor.py took 0.017 seconds
[2025-08-12T16:19:53.264+0000] {processor.py:157} INFO - Started process (PID=36003) to work on /home/vscode/.local/lib/python3.10/site-packages/airflow/example_dags/example_local_kubernetes_executor.py
[2025-08-12T16:19:53.264+0000] {processor.py:826} INFO - Processing file /home/vscode/.local/lib/python3.10/site-packages/airflow/example_dags/example_local_kubernetes_executor.py for tasks to queue
[2025-08-12T16:19:53.265+0000] {logging_mixin.py:150} INFO - [2025-08-12T16:19:53.265+0000] {dagbag.py:541} INFO - Filling up the DagBag from /home/vscode/.local/lib/python3.10/site-packages/airflow/example_dags/example_local_kubernetes_executor.py
[2025-08-12T16:19:53.267+0000] {logging_mixin.py:150} INFO - [2025-08-12T16:19:53.267+0000] {example_local_kubernetes_executor.py:39} WARNING - Could not import DAGs in example_local_kubernetes_executor.py
Traceback (most recent call last):
  File "/home/vscode/.local/lib/python3.10/site-packages/airflow/example_dags/example_local_kubernetes_executor.py", line 37, in <module>
    from kubernetes.client import models as k8s
ModuleNotFoundError: No module named 'kubernetes'
[2025-08-12T16:19:53.268+0000] {logging_mixin.py:150} INFO - [2025-08-12T16:19:53.268+0000] {example_local_kubernetes_executor.py:40} WARNING - Install Kubernetes dependencies with: pip install apache-airflow[cncf.kubernetes]
[2025-08-12T16:19:53.268+0000] {processor.py:838} WARNING - No viable dags retrieved from /home/vscode/.local/lib/python3.10/site-packages/airflow/example_dags/example_local_kubernetes_executor.py
[2025-08-12T16:19:53.275+0000] {processor.py:179} INFO - Processing /home/vscode/.local/lib/python3.10/site-packages/airflow/example_dags/example_local_kubernetes_executor.py took 0.013 seconds
[2025-08-12T16:20:38.820+0000] {processor.py:157} INFO - Started process (PID=36306) to work on /home/vscode/.local/lib/python3.10/site-packages/airflow/example_dags/example_local_kubernetes_executor.py
[2025-08-12T16:20:38.820+0000] {processor.py:826} INFO - Processing file /home/vscode/.local/lib/python3.10/site-packages/airflow/example_dags/example_local_kubernetes_executor.py for tasks to queue
[2025-08-12T16:20:38.821+0000] {logging_mixin.py:150} INFO - [2025-08-12T16:20:38.821+0000] {dagbag.py:541} INFO - Filling up the DagBag from /home/vscode/.local/lib/python3.10/site-packages/airflow/example_dags/example_local_kubernetes_executor.py
[2025-08-12T16:20:38.823+0000] {logging_mixin.py:150} INFO - [2025-08-12T16:20:38.823+0000] {example_local_kubernetes_executor.py:39} WARNING - Could not import DAGs in example_local_kubernetes_executor.py
Traceback (most recent call last):
  File "/home/vscode/.local/lib/python3.10/site-packages/airflow/example_dags/example_local_kubernetes_executor.py", line 37, in <module>
    from kubernetes.client import models as k8s
ModuleNotFoundError: No module named 'kubernetes'
[2025-08-12T16:20:38.824+0000] {logging_mixin.py:150} INFO - [2025-08-12T16:20:38.824+0000] {example_local_kubernetes_executor.py:40} WARNING - Install Kubernetes dependencies with: pip install apache-airflow[cncf.kubernetes]
[2025-08-12T16:20:38.824+0000] {processor.py:838} WARNING - No viable dags retrieved from /home/vscode/.local/lib/python3.10/site-packages/airflow/example_dags/example_local_kubernetes_executor.py
[2025-08-12T16:20:38.831+0000] {processor.py:179} INFO - Processing /home/vscode/.local/lib/python3.10/site-packages/airflow/example_dags/example_local_kubernetes_executor.py took 0.013 seconds
[2025-08-12T16:21:19.444+0000] {processor.py:157} INFO - Started process (PID=36574) to work on /home/vscode/.local/lib/python3.10/site-packages/airflow/example_dags/example_local_kubernetes_executor.py
[2025-08-12T16:21:19.445+0000] {processor.py:826} INFO - Processing file /home/vscode/.local/lib/python3.10/site-packages/airflow/example_dags/example_local_kubernetes_executor.py for tasks to queue
[2025-08-12T16:21:19.445+0000] {logging_mixin.py:150} INFO - [2025-08-12T16:21:19.445+0000] {dagbag.py:541} INFO - Filling up the DagBag from /home/vscode/.local/lib/python3.10/site-packages/airflow/example_dags/example_local_kubernetes_executor.py
[2025-08-12T16:21:19.448+0000] {logging_mixin.py:150} INFO - [2025-08-12T16:21:19.447+0000] {example_local_kubernetes_executor.py:39} WARNING - Could not import DAGs in example_local_kubernetes_executor.py
Traceback (most recent call last):
  File "/home/vscode/.local/lib/python3.10/site-packages/airflow/example_dags/example_local_kubernetes_executor.py", line 37, in <module>
    from kubernetes.client import models as k8s
ModuleNotFoundError: No module named 'kubernetes'
[2025-08-12T16:21:19.448+0000] {logging_mixin.py:150} INFO - [2025-08-12T16:21:19.448+0000] {example_local_kubernetes_executor.py:40} WARNING - Install Kubernetes dependencies with: pip install apache-airflow[cncf.kubernetes]
[2025-08-12T16:21:19.448+0000] {processor.py:838} WARNING - No viable dags retrieved from /home/vscode/.local/lib/python3.10/site-packages/airflow/example_dags/example_local_kubernetes_executor.py
[2025-08-12T16:21:19.455+0000] {processor.py:179} INFO - Processing /home/vscode/.local/lib/python3.10/site-packages/airflow/example_dags/example_local_kubernetes_executor.py took 0.013 seconds
[2025-08-12T16:22:01.686+0000] {processor.py:157} INFO - Started process (PID=36866) to work on /home/vscode/.local/lib/python3.10/site-packages/airflow/example_dags/example_local_kubernetes_executor.py
[2025-08-12T16:22:01.687+0000] {processor.py:826} INFO - Processing file /home/vscode/.local/lib/python3.10/site-packages/airflow/example_dags/example_local_kubernetes_executor.py for tasks to queue
[2025-08-12T16:22:01.687+0000] {logging_mixin.py:150} INFO - [2025-08-12T16:22:01.687+0000] {dagbag.py:541} INFO - Filling up the DagBag from /home/vscode/.local/lib/python3.10/site-packages/airflow/example_dags/example_local_kubernetes_executor.py
[2025-08-12T16:22:01.690+0000] {logging_mixin.py:150} INFO - [2025-08-12T16:22:01.690+0000] {example_local_kubernetes_executor.py:39} WARNING - Could not import DAGs in example_local_kubernetes_executor.py
Traceback (most recent call last):
  File "/home/vscode/.local/lib/python3.10/site-packages/airflow/example_dags/example_local_kubernetes_executor.py", line 37, in <module>
    from kubernetes.client import models as k8s
ModuleNotFoundError: No module named 'kubernetes'
[2025-08-12T16:22:01.690+0000] {logging_mixin.py:150} INFO - [2025-08-12T16:22:01.690+0000] {example_local_kubernetes_executor.py:40} WARNING - Install Kubernetes dependencies with: pip install apache-airflow[cncf.kubernetes]
[2025-08-12T16:22:01.690+0000] {processor.py:838} WARNING - No viable dags retrieved from /home/vscode/.local/lib/python3.10/site-packages/airflow/example_dags/example_local_kubernetes_executor.py
[2025-08-12T16:22:01.697+0000] {processor.py:179} INFO - Processing /home/vscode/.local/lib/python3.10/site-packages/airflow/example_dags/example_local_kubernetes_executor.py took 0.013 seconds
[2025-08-12T16:22:42.231+0000] {processor.py:157} INFO - Started process (PID=37139) to work on /home/vscode/.local/lib/python3.10/site-packages/airflow/example_dags/example_local_kubernetes_executor.py
[2025-08-12T16:22:42.231+0000] {processor.py:826} INFO - Processing file /home/vscode/.local/lib/python3.10/site-packages/airflow/example_dags/example_local_kubernetes_executor.py for tasks to queue
[2025-08-12T16:22:42.232+0000] {logging_mixin.py:150} INFO - [2025-08-12T16:22:42.232+0000] {dagbag.py:541} INFO - Filling up the DagBag from /home/vscode/.local/lib/python3.10/site-packages/airflow/example_dags/example_local_kubernetes_executor.py
[2025-08-12T16:22:42.235+0000] {logging_mixin.py:150} INFO - [2025-08-12T16:22:42.234+0000] {example_local_kubernetes_executor.py:39} WARNING - Could not import DAGs in example_local_kubernetes_executor.py
Traceback (most recent call last):
  File "/home/vscode/.local/lib/python3.10/site-packages/airflow/example_dags/example_local_kubernetes_executor.py", line 37, in <module>
    from kubernetes.client import models as k8s
ModuleNotFoundError: No module named 'kubernetes'
[2025-08-12T16:22:42.235+0000] {logging_mixin.py:150} INFO - [2025-08-12T16:22:42.235+0000] {example_local_kubernetes_executor.py:40} WARNING - Install Kubernetes dependencies with: pip install apache-airflow[cncf.kubernetes]
[2025-08-12T16:22:42.235+0000] {processor.py:838} WARNING - No viable dags retrieved from /home/vscode/.local/lib/python3.10/site-packages/airflow/example_dags/example_local_kubernetes_executor.py
[2025-08-12T16:22:42.242+0000] {processor.py:179} INFO - Processing /home/vscode/.local/lib/python3.10/site-packages/airflow/example_dags/example_local_kubernetes_executor.py took 0.014 seconds
[2025-08-12T16:23:28.987+0000] {processor.py:157} INFO - Started process (PID=37439) to work on /home/vscode/.local/lib/python3.10/site-packages/airflow/example_dags/example_local_kubernetes_executor.py
[2025-08-12T16:23:28.988+0000] {processor.py:826} INFO - Processing file /home/vscode/.local/lib/python3.10/site-packages/airflow/example_dags/example_local_kubernetes_executor.py for tasks to queue
[2025-08-12T16:23:28.989+0000] {logging_mixin.py:150} INFO - [2025-08-12T16:23:28.989+0000] {dagbag.py:541} INFO - Filling up the DagBag from /home/vscode/.local/lib/python3.10/site-packages/airflow/example_dags/example_local_kubernetes_executor.py
[2025-08-12T16:23:28.992+0000] {logging_mixin.py:150} INFO - [2025-08-12T16:23:28.991+0000] {example_local_kubernetes_executor.py:39} WARNING - Could not import DAGs in example_local_kubernetes_executor.py
Traceback (most recent call last):
  File "/home/vscode/.local/lib/python3.10/site-packages/airflow/example_dags/example_local_kubernetes_executor.py", line 37, in <module>
    from kubernetes.client import models as k8s
ModuleNotFoundError: No module named 'kubernetes'
[2025-08-12T16:23:28.992+0000] {logging_mixin.py:150} INFO - [2025-08-12T16:23:28.992+0000] {example_local_kubernetes_executor.py:40} WARNING - Install Kubernetes dependencies with: pip install apache-airflow[cncf.kubernetes]
[2025-08-12T16:23:28.992+0000] {processor.py:838} WARNING - No viable dags retrieved from /home/vscode/.local/lib/python3.10/site-packages/airflow/example_dags/example_local_kubernetes_executor.py
[2025-08-12T16:23:29.000+0000] {processor.py:179} INFO - Processing /home/vscode/.local/lib/python3.10/site-packages/airflow/example_dags/example_local_kubernetes_executor.py took 0.025 seconds
[2025-08-12T16:24:13.362+0000] {processor.py:157} INFO - Started process (PID=37735) to work on /home/vscode/.local/lib/python3.10/site-packages/airflow/example_dags/example_local_kubernetes_executor.py
[2025-08-12T16:24:13.362+0000] {processor.py:826} INFO - Processing file /home/vscode/.local/lib/python3.10/site-packages/airflow/example_dags/example_local_kubernetes_executor.py for tasks to queue
[2025-08-12T16:24:13.363+0000] {logging_mixin.py:150} INFO - [2025-08-12T16:24:13.362+0000] {dagbag.py:541} INFO - Filling up the DagBag from /home/vscode/.local/lib/python3.10/site-packages/airflow/example_dags/example_local_kubernetes_executor.py
[2025-08-12T16:24:13.365+0000] {logging_mixin.py:150} INFO - [2025-08-12T16:24:13.365+0000] {example_local_kubernetes_executor.py:39} WARNING - Could not import DAGs in example_local_kubernetes_executor.py
Traceback (most recent call last):
  File "/home/vscode/.local/lib/python3.10/site-packages/airflow/example_dags/example_local_kubernetes_executor.py", line 37, in <module>
    from kubernetes.client import models as k8s
ModuleNotFoundError: No module named 'kubernetes'
[2025-08-12T16:24:13.365+0000] {logging_mixin.py:150} INFO - [2025-08-12T16:24:13.365+0000] {example_local_kubernetes_executor.py:40} WARNING - Install Kubernetes dependencies with: pip install apache-airflow[cncf.kubernetes]
[2025-08-12T16:24:13.366+0000] {processor.py:838} WARNING - No viable dags retrieved from /home/vscode/.local/lib/python3.10/site-packages/airflow/example_dags/example_local_kubernetes_executor.py
[2025-08-12T16:24:13.372+0000] {processor.py:179} INFO - Processing /home/vscode/.local/lib/python3.10/site-packages/airflow/example_dags/example_local_kubernetes_executor.py took 0.013 seconds
[2025-08-12T16:24:57.436+0000] {processor.py:157} INFO - Started process (PID=38034) to work on /home/vscode/.local/lib/python3.10/site-packages/airflow/example_dags/example_local_kubernetes_executor.py
[2025-08-12T16:24:57.436+0000] {processor.py:826} INFO - Processing file /home/vscode/.local/lib/python3.10/site-packages/airflow/example_dags/example_local_kubernetes_executor.py for tasks to queue
[2025-08-12T16:24:57.437+0000] {logging_mixin.py:150} INFO - [2025-08-12T16:24:57.437+0000] {dagbag.py:541} INFO - Filling up the DagBag from /home/vscode/.local/lib/python3.10/site-packages/airflow/example_dags/example_local_kubernetes_executor.py
[2025-08-12T16:24:57.440+0000] {logging_mixin.py:150} INFO - [2025-08-12T16:24:57.439+0000] {example_local_kubernetes_executor.py:39} WARNING - Could not import DAGs in example_local_kubernetes_executor.py
Traceback (most recent call last):
  File "/home/vscode/.local/lib/python3.10/site-packages/airflow/example_dags/example_local_kubernetes_executor.py", line 37, in <module>
    from kubernetes.client import models as k8s
ModuleNotFoundError: No module named 'kubernetes'
[2025-08-12T16:24:57.440+0000] {logging_mixin.py:150} INFO - [2025-08-12T16:24:57.440+0000] {example_local_kubernetes_executor.py:40} WARNING - Install Kubernetes dependencies with: pip install apache-airflow[cncf.kubernetes]
[2025-08-12T16:24:57.440+0000] {processor.py:838} WARNING - No viable dags retrieved from /home/vscode/.local/lib/python3.10/site-packages/airflow/example_dags/example_local_kubernetes_executor.py
[2025-08-12T16:24:57.447+0000] {processor.py:179} INFO - Processing /home/vscode/.local/lib/python3.10/site-packages/airflow/example_dags/example_local_kubernetes_executor.py took 0.013 seconds
[2025-08-12T16:25:42.635+0000] {processor.py:157} INFO - Started process (PID=38334) to work on /home/vscode/.local/lib/python3.10/site-packages/airflow/example_dags/example_local_kubernetes_executor.py
[2025-08-12T16:25:42.636+0000] {processor.py:826} INFO - Processing file /home/vscode/.local/lib/python3.10/site-packages/airflow/example_dags/example_local_kubernetes_executor.py for tasks to queue
[2025-08-12T16:25:42.637+0000] {logging_mixin.py:150} INFO - [2025-08-12T16:25:42.636+0000] {dagbag.py:541} INFO - Filling up the DagBag from /home/vscode/.local/lib/python3.10/site-packages/airflow/example_dags/example_local_kubernetes_executor.py
[2025-08-12T16:25:42.639+0000] {logging_mixin.py:150} INFO - [2025-08-12T16:25:42.639+0000] {example_local_kubernetes_executor.py:39} WARNING - Could not import DAGs in example_local_kubernetes_executor.py
Traceback (most recent call last):
  File "/home/vscode/.local/lib/python3.10/site-packages/airflow/example_dags/example_local_kubernetes_executor.py", line 37, in <module>
    from kubernetes.client import models as k8s
ModuleNotFoundError: No module named 'kubernetes'
[2025-08-12T16:25:42.639+0000] {logging_mixin.py:150} INFO - [2025-08-12T16:25:42.639+0000] {example_local_kubernetes_executor.py:40} WARNING - Install Kubernetes dependencies with: pip install apache-airflow[cncf.kubernetes]
[2025-08-12T16:25:42.640+0000] {processor.py:838} WARNING - No viable dags retrieved from /home/vscode/.local/lib/python3.10/site-packages/airflow/example_dags/example_local_kubernetes_executor.py
[2025-08-12T16:25:42.647+0000] {processor.py:179} INFO - Processing /home/vscode/.local/lib/python3.10/site-packages/airflow/example_dags/example_local_kubernetes_executor.py took 0.013 seconds
[2025-08-12T16:26:26.077+0000] {processor.py:157} INFO - Started process (PID=38621) to work on /home/vscode/.local/lib/python3.10/site-packages/airflow/example_dags/example_local_kubernetes_executor.py
[2025-08-12T16:26:26.078+0000] {processor.py:826} INFO - Processing file /home/vscode/.local/lib/python3.10/site-packages/airflow/example_dags/example_local_kubernetes_executor.py for tasks to queue
[2025-08-12T16:26:26.079+0000] {logging_mixin.py:150} INFO - [2025-08-12T16:26:26.078+0000] {dagbag.py:541} INFO - Filling up the DagBag from /home/vscode/.local/lib/python3.10/site-packages/airflow/example_dags/example_local_kubernetes_executor.py
[2025-08-12T16:26:26.082+0000] {logging_mixin.py:150} INFO - [2025-08-12T16:26:26.081+0000] {example_local_kubernetes_executor.py:39} WARNING - Could not import DAGs in example_local_kubernetes_executor.py
Traceback (most recent call last):
  File "/home/vscode/.local/lib/python3.10/site-packages/airflow/example_dags/example_local_kubernetes_executor.py", line 37, in <module>
    from kubernetes.client import models as k8s
ModuleNotFoundError: No module named 'kubernetes'
[2025-08-12T16:26:26.082+0000] {logging_mixin.py:150} INFO - [2025-08-12T16:26:26.082+0000] {example_local_kubernetes_executor.py:40} WARNING - Install Kubernetes dependencies with: pip install apache-airflow[cncf.kubernetes]
[2025-08-12T16:26:26.083+0000] {processor.py:838} WARNING - No viable dags retrieved from /home/vscode/.local/lib/python3.10/site-packages/airflow/example_dags/example_local_kubernetes_executor.py
[2025-08-12T16:26:26.092+0000] {processor.py:179} INFO - Processing /home/vscode/.local/lib/python3.10/site-packages/airflow/example_dags/example_local_kubernetes_executor.py took 0.018 seconds
[2025-08-12T16:27:05.486+0000] {processor.py:157} INFO - Started process (PID=38880) to work on /home/vscode/.local/lib/python3.10/site-packages/airflow/example_dags/example_local_kubernetes_executor.py
[2025-08-12T16:27:05.487+0000] {processor.py:826} INFO - Processing file /home/vscode/.local/lib/python3.10/site-packages/airflow/example_dags/example_local_kubernetes_executor.py for tasks to queue
[2025-08-12T16:27:05.487+0000] {logging_mixin.py:150} INFO - [2025-08-12T16:27:05.487+0000] {dagbag.py:541} INFO - Filling up the DagBag from /home/vscode/.local/lib/python3.10/site-packages/airflow/example_dags/example_local_kubernetes_executor.py
[2025-08-12T16:27:05.490+0000] {logging_mixin.py:150} INFO - [2025-08-12T16:27:05.489+0000] {example_local_kubernetes_executor.py:39} WARNING - Could not import DAGs in example_local_kubernetes_executor.py
Traceback (most recent call last):
  File "/home/vscode/.local/lib/python3.10/site-packages/airflow/example_dags/example_local_kubernetes_executor.py", line 37, in <module>
    from kubernetes.client import models as k8s
ModuleNotFoundError: No module named 'kubernetes'
[2025-08-12T16:27:05.490+0000] {logging_mixin.py:150} INFO - [2025-08-12T16:27:05.490+0000] {example_local_kubernetes_executor.py:40} WARNING - Install Kubernetes dependencies with: pip install apache-airflow[cncf.kubernetes]
[2025-08-12T16:27:05.490+0000] {processor.py:838} WARNING - No viable dags retrieved from /home/vscode/.local/lib/python3.10/site-packages/airflow/example_dags/example_local_kubernetes_executor.py
[2025-08-12T16:27:05.497+0000] {processor.py:179} INFO - Processing /home/vscode/.local/lib/python3.10/site-packages/airflow/example_dags/example_local_kubernetes_executor.py took 0.013 seconds
[2025-08-12T16:27:49.638+0000] {processor.py:157} INFO - Started process (PID=39175) to work on /home/vscode/.local/lib/python3.10/site-packages/airflow/example_dags/example_local_kubernetes_executor.py
[2025-08-12T16:27:49.639+0000] {processor.py:826} INFO - Processing file /home/vscode/.local/lib/python3.10/site-packages/airflow/example_dags/example_local_kubernetes_executor.py for tasks to queue
[2025-08-12T16:27:49.639+0000] {logging_mixin.py:150} INFO - [2025-08-12T16:27:49.639+0000] {dagbag.py:541} INFO - Filling up the DagBag from /home/vscode/.local/lib/python3.10/site-packages/airflow/example_dags/example_local_kubernetes_executor.py
[2025-08-12T16:27:49.642+0000] {logging_mixin.py:150} INFO - [2025-08-12T16:27:49.641+0000] {example_local_kubernetes_executor.py:39} WARNING - Could not import DAGs in example_local_kubernetes_executor.py
Traceback (most recent call last):
  File "/home/vscode/.local/lib/python3.10/site-packages/airflow/example_dags/example_local_kubernetes_executor.py", line 37, in <module>
    from kubernetes.client import models as k8s
ModuleNotFoundError: No module named 'kubernetes'
[2025-08-12T16:27:49.642+0000] {logging_mixin.py:150} INFO - [2025-08-12T16:27:49.642+0000] {example_local_kubernetes_executor.py:40} WARNING - Install Kubernetes dependencies with: pip install apache-airflow[cncf.kubernetes]
[2025-08-12T16:27:49.642+0000] {processor.py:838} WARNING - No viable dags retrieved from /home/vscode/.local/lib/python3.10/site-packages/airflow/example_dags/example_local_kubernetes_executor.py
[2025-08-12T16:27:49.649+0000] {processor.py:179} INFO - Processing /home/vscode/.local/lib/python3.10/site-packages/airflow/example_dags/example_local_kubernetes_executor.py took 0.013 seconds
[2025-08-12T16:28:36.150+0000] {processor.py:157} INFO - Started process (PID=39485) to work on /home/vscode/.local/lib/python3.10/site-packages/airflow/example_dags/example_local_kubernetes_executor.py
[2025-08-12T16:28:36.150+0000] {processor.py:826} INFO - Processing file /home/vscode/.local/lib/python3.10/site-packages/airflow/example_dags/example_local_kubernetes_executor.py for tasks to queue
[2025-08-12T16:28:36.151+0000] {logging_mixin.py:150} INFO - [2025-08-12T16:28:36.151+0000] {dagbag.py:541} INFO - Filling up the DagBag from /home/vscode/.local/lib/python3.10/site-packages/airflow/example_dags/example_local_kubernetes_executor.py
[2025-08-12T16:28:36.154+0000] {logging_mixin.py:150} INFO - [2025-08-12T16:28:36.153+0000] {example_local_kubernetes_executor.py:39} WARNING - Could not import DAGs in example_local_kubernetes_executor.py
Traceback (most recent call last):
  File "/home/vscode/.local/lib/python3.10/site-packages/airflow/example_dags/example_local_kubernetes_executor.py", line 37, in <module>
    from kubernetes.client import models as k8s
ModuleNotFoundError: No module named 'kubernetes'
[2025-08-12T16:28:36.154+0000] {logging_mixin.py:150} INFO - [2025-08-12T16:28:36.154+0000] {example_local_kubernetes_executor.py:40} WARNING - Install Kubernetes dependencies with: pip install apache-airflow[cncf.kubernetes]
[2025-08-12T16:28:36.154+0000] {processor.py:838} WARNING - No viable dags retrieved from /home/vscode/.local/lib/python3.10/site-packages/airflow/example_dags/example_local_kubernetes_executor.py
[2025-08-12T16:28:36.162+0000] {processor.py:179} INFO - Processing /home/vscode/.local/lib/python3.10/site-packages/airflow/example_dags/example_local_kubernetes_executor.py took 0.015 seconds
[2025-08-12T16:29:22.246+0000] {processor.py:157} INFO - Started process (PID=39788) to work on /home/vscode/.local/lib/python3.10/site-packages/airflow/example_dags/example_local_kubernetes_executor.py
[2025-08-12T16:29:22.246+0000] {processor.py:826} INFO - Processing file /home/vscode/.local/lib/python3.10/site-packages/airflow/example_dags/example_local_kubernetes_executor.py for tasks to queue
[2025-08-12T16:29:22.247+0000] {logging_mixin.py:150} INFO - [2025-08-12T16:29:22.247+0000] {dagbag.py:541} INFO - Filling up the DagBag from /home/vscode/.local/lib/python3.10/site-packages/airflow/example_dags/example_local_kubernetes_executor.py
[2025-08-12T16:29:22.249+0000] {logging_mixin.py:150} INFO - [2025-08-12T16:29:22.249+0000] {example_local_kubernetes_executor.py:39} WARNING - Could not import DAGs in example_local_kubernetes_executor.py
Traceback (most recent call last):
  File "/home/vscode/.local/lib/python3.10/site-packages/airflow/example_dags/example_local_kubernetes_executor.py", line 37, in <module>
    from kubernetes.client import models as k8s
ModuleNotFoundError: No module named 'kubernetes'
[2025-08-12T16:29:22.249+0000] {logging_mixin.py:150} INFO - [2025-08-12T16:29:22.249+0000] {example_local_kubernetes_executor.py:40} WARNING - Install Kubernetes dependencies with: pip install apache-airflow[cncf.kubernetes]
[2025-08-12T16:29:22.250+0000] {processor.py:838} WARNING - No viable dags retrieved from /home/vscode/.local/lib/python3.10/site-packages/airflow/example_dags/example_local_kubernetes_executor.py
[2025-08-12T16:29:22.256+0000] {processor.py:179} INFO - Processing /home/vscode/.local/lib/python3.10/site-packages/airflow/example_dags/example_local_kubernetes_executor.py took 0.013 seconds
[2025-08-12T16:30:05.824+0000] {processor.py:157} INFO - Started process (PID=40080) to work on /home/vscode/.local/lib/python3.10/site-packages/airflow/example_dags/example_local_kubernetes_executor.py
[2025-08-12T16:30:05.825+0000] {processor.py:826} INFO - Processing file /home/vscode/.local/lib/python3.10/site-packages/airflow/example_dags/example_local_kubernetes_executor.py for tasks to queue
[2025-08-12T16:30:05.825+0000] {logging_mixin.py:150} INFO - [2025-08-12T16:30:05.825+0000] {dagbag.py:541} INFO - Filling up the DagBag from /home/vscode/.local/lib/python3.10/site-packages/airflow/example_dags/example_local_kubernetes_executor.py
[2025-08-12T16:30:05.828+0000] {logging_mixin.py:150} INFO - [2025-08-12T16:30:05.827+0000] {example_local_kubernetes_executor.py:39} WARNING - Could not import DAGs in example_local_kubernetes_executor.py
Traceback (most recent call last):
  File "/home/vscode/.local/lib/python3.10/site-packages/airflow/example_dags/example_local_kubernetes_executor.py", line 37, in <module>
    from kubernetes.client import models as k8s
ModuleNotFoundError: No module named 'kubernetes'
[2025-08-12T16:30:05.828+0000] {logging_mixin.py:150} INFO - [2025-08-12T16:30:05.828+0000] {example_local_kubernetes_executor.py:40} WARNING - Install Kubernetes dependencies with: pip install apache-airflow[cncf.kubernetes]
[2025-08-12T16:30:05.828+0000] {processor.py:838} WARNING - No viable dags retrieved from /home/vscode/.local/lib/python3.10/site-packages/airflow/example_dags/example_local_kubernetes_executor.py
[2025-08-12T16:30:05.835+0000] {processor.py:179} INFO - Processing /home/vscode/.local/lib/python3.10/site-packages/airflow/example_dags/example_local_kubernetes_executor.py took 0.013 seconds
