[2025-08-12T15:37:17.925+0000] {processor.py:157} INFO - Started process (PID=18076) to work on /home/vscode/.local/lib/python3.10/site-packages/airflow/example_dags/example_branch_day_of_week_operator.py
[2025-08-12T15:37:17.925+0000] {processor.py:826} INFO - Processing file /home/vscode/.local/lib/python3.10/site-packages/airflow/example_dags/example_branch_day_of_week_operator.py for tasks to queue
[2025-08-12T15:37:17.926+0000] {logging_mixin.py:150} INFO - [2025-08-12T15:37:17.926+0000] {dagbag.py:541} INFO - Filling up the DagBag from /home/vscode/.local/lib/python3.10/site-packages/airflow/example_dags/example_branch_day_of_week_operator.py
[2025-08-12T15:37:17.933+0000] {processor.py:836} INFO - DAG(s) dict_keys(['example_weekday_branch_operator']) retrieved from /home/vscode/.local/lib/python3.10/site-packages/airflow/example_dags/example_branch_day_of_week_operator.py
[2025-08-12T15:37:18.032+0000] {logging_mixin.py:150} INFO - [2025-08-12T15:37:18.032+0000] {manager.py:504} INFO - Created Permission View: can edit on DAG:example_weekday_branch_operator
[2025-08-12T15:37:18.041+0000] {logging_mixin.py:150} INFO - [2025-08-12T15:37:18.041+0000] {manager.py:504} INFO - Created Permission View: can read on DAG:example_weekday_branch_operator
[2025-08-12T15:37:18.048+0000] {logging_mixin.py:150} INFO - [2025-08-12T15:37:18.048+0000] {manager.py:504} INFO - Created Permission View: can delete on DAG:example_weekday_branch_operator
[2025-08-12T15:37:18.055+0000] {logging_mixin.py:150} INFO - [2025-08-12T15:37:18.055+0000] {dag.py:2742} INFO - Sync 1 DAGs
[2025-08-12T15:37:18.062+0000] {logging_mixin.py:150} INFO - [2025-08-12T15:37:18.062+0000] {dag.py:2763} INFO - Creating ORM DAG for example_weekday_branch_operator
[2025-08-12T15:37:18.070+0000] {logging_mixin.py:150} INFO - [2025-08-12T15:37:18.070+0000] {dag.py:3504} INFO - Setting next_dagrun for example_weekday_branch_operator to 2025-08-11T00:00:00+00:00, run_after=2025-08-12T00:00:00+00:00
[2025-08-12T15:37:18.087+0000] {processor.py:179} INFO - Processing /home/vscode/.local/lib/python3.10/site-packages/airflow/example_dags/example_branch_day_of_week_operator.py took 0.164 seconds
[2025-08-12T15:38:08.473+0000] {processor.py:157} INFO - Started process (PID=18489) to work on /home/vscode/.local/lib/python3.10/site-packages/airflow/example_dags/example_branch_day_of_week_operator.py
[2025-08-12T15:38:08.474+0000] {processor.py:826} INFO - Processing file /home/vscode/.local/lib/python3.10/site-packages/airflow/example_dags/example_branch_day_of_week_operator.py for tasks to queue
[2025-08-12T15:38:08.475+0000] {logging_mixin.py:150} INFO - [2025-08-12T15:38:08.474+0000] {dagbag.py:541} INFO - Filling up the DagBag from /home/vscode/.local/lib/python3.10/site-packages/airflow/example_dags/example_branch_day_of_week_operator.py
[2025-08-12T15:38:08.481+0000] {processor.py:836} INFO - DAG(s) dict_keys(['example_weekday_branch_operator']) retrieved from /home/vscode/.local/lib/python3.10/site-packages/airflow/example_dags/example_branch_day_of_week_operator.py
[2025-08-12T15:38:08.493+0000] {logging_mixin.py:150} INFO - [2025-08-12T15:38:08.493+0000] {dag.py:2742} INFO - Sync 1 DAGs
[2025-08-12T15:38:08.509+0000] {logging_mixin.py:150} INFO - [2025-08-12T15:38:08.508+0000] {dag.py:3504} INFO - Setting next_dagrun for example_weekday_branch_operator to 2025-08-11T00:00:00+00:00, run_after=2025-08-12T00:00:00+00:00
[2025-08-12T15:38:08.524+0000] {processor.py:179} INFO - Processing /home/vscode/.local/lib/python3.10/site-packages/airflow/example_dags/example_branch_day_of_week_operator.py took 0.052 seconds
[2025-08-12T15:38:57.844+0000] {processor.py:157} INFO - Started process (PID=18882) to work on /home/vscode/.local/lib/python3.10/site-packages/airflow/example_dags/example_branch_day_of_week_operator.py
[2025-08-12T15:38:57.845+0000] {processor.py:826} INFO - Processing file /home/vscode/.local/lib/python3.10/site-packages/airflow/example_dags/example_branch_day_of_week_operator.py for tasks to queue
[2025-08-12T15:38:57.845+0000] {logging_mixin.py:150} INFO - [2025-08-12T15:38:57.845+0000] {dagbag.py:541} INFO - Filling up the DagBag from /home/vscode/.local/lib/python3.10/site-packages/airflow/example_dags/example_branch_day_of_week_operator.py
[2025-08-12T15:38:57.851+0000] {processor.py:836} INFO - DAG(s) dict_keys(['example_weekday_branch_operator']) retrieved from /home/vscode/.local/lib/python3.10/site-packages/airflow/example_dags/example_branch_day_of_week_operator.py
[2025-08-12T15:38:57.868+0000] {logging_mixin.py:150} INFO - [2025-08-12T15:38:57.867+0000] {dag.py:2742} INFO - Sync 1 DAGs
[2025-08-12T15:38:57.883+0000] {logging_mixin.py:150} INFO - [2025-08-12T15:38:57.883+0000] {dag.py:3504} INFO - Setting next_dagrun for example_weekday_branch_operator to 2025-08-11T00:00:00+00:00, run_after=2025-08-12T00:00:00+00:00
[2025-08-12T15:38:57.899+0000] {processor.py:179} INFO - Processing /home/vscode/.local/lib/python3.10/site-packages/airflow/example_dags/example_branch_day_of_week_operator.py took 0.057 seconds
[2025-08-12T15:39:40.665+0000] {processor.py:157} INFO - Started process (PID=19189) to work on /home/vscode/.local/lib/python3.10/site-packages/airflow/example_dags/example_branch_day_of_week_operator.py
[2025-08-12T15:39:40.666+0000] {processor.py:826} INFO - Processing file /home/vscode/.local/lib/python3.10/site-packages/airflow/example_dags/example_branch_day_of_week_operator.py for tasks to queue
[2025-08-12T15:39:40.667+0000] {logging_mixin.py:150} INFO - [2025-08-12T15:39:40.666+0000] {dagbag.py:541} INFO - Filling up the DagBag from /home/vscode/.local/lib/python3.10/site-packages/airflow/example_dags/example_branch_day_of_week_operator.py
[2025-08-12T15:39:40.673+0000] {processor.py:836} INFO - DAG(s) dict_keys(['example_weekday_branch_operator']) retrieved from /home/vscode/.local/lib/python3.10/site-packages/airflow/example_dags/example_branch_day_of_week_operator.py
[2025-08-12T15:39:40.685+0000] {logging_mixin.py:150} INFO - [2025-08-12T15:39:40.685+0000] {dag.py:2742} INFO - Sync 1 DAGs
[2025-08-12T15:39:40.700+0000] {logging_mixin.py:150} INFO - [2025-08-12T15:39:40.700+0000] {dag.py:3504} INFO - Setting next_dagrun for example_weekday_branch_operator to 2025-08-11T00:00:00+00:00, run_after=2025-08-12T00:00:00+00:00
[2025-08-12T15:39:40.716+0000] {processor.py:179} INFO - Processing /home/vscode/.local/lib/python3.10/site-packages/airflow/example_dags/example_branch_day_of_week_operator.py took 0.053 seconds
[2025-08-12T15:40:27.998+0000] {processor.py:157} INFO - Started process (PID=19509) to work on /home/vscode/.local/lib/python3.10/site-packages/airflow/example_dags/example_branch_day_of_week_operator.py
[2025-08-12T15:40:27.999+0000] {processor.py:826} INFO - Processing file /home/vscode/.local/lib/python3.10/site-packages/airflow/example_dags/example_branch_day_of_week_operator.py for tasks to queue
[2025-08-12T15:40:27.999+0000] {logging_mixin.py:150} INFO - [2025-08-12T15:40:27.999+0000] {dagbag.py:541} INFO - Filling up the DagBag from /home/vscode/.local/lib/python3.10/site-packages/airflow/example_dags/example_branch_day_of_week_operator.py
[2025-08-12T15:40:28.005+0000] {processor.py:836} INFO - DAG(s) dict_keys(['example_weekday_branch_operator']) retrieved from /home/vscode/.local/lib/python3.10/site-packages/airflow/example_dags/example_branch_day_of_week_operator.py
[2025-08-12T15:40:28.018+0000] {logging_mixin.py:150} INFO - [2025-08-12T15:40:28.018+0000] {dag.py:2742} INFO - Sync 1 DAGs
[2025-08-12T15:40:28.033+0000] {logging_mixin.py:150} INFO - [2025-08-12T15:40:28.033+0000] {dag.py:3504} INFO - Setting next_dagrun for example_weekday_branch_operator to 2025-08-11T00:00:00+00:00, run_after=2025-08-12T00:00:00+00:00
[2025-08-12T15:40:28.050+0000] {processor.py:179} INFO - Processing /home/vscode/.local/lib/python3.10/site-packages/airflow/example_dags/example_branch_day_of_week_operator.py took 0.054 seconds
[2025-08-12T15:41:09.799+0000] {processor.py:157} INFO - Started process (PID=19781) to work on /home/vscode/.local/lib/python3.10/site-packages/airflow/example_dags/example_branch_day_of_week_operator.py
[2025-08-12T15:41:09.800+0000] {processor.py:826} INFO - Processing file /home/vscode/.local/lib/python3.10/site-packages/airflow/example_dags/example_branch_day_of_week_operator.py for tasks to queue
[2025-08-12T15:41:09.800+0000] {logging_mixin.py:150} INFO - [2025-08-12T15:41:09.800+0000] {dagbag.py:541} INFO - Filling up the DagBag from /home/vscode/.local/lib/python3.10/site-packages/airflow/example_dags/example_branch_day_of_week_operator.py
[2025-08-12T15:41:09.806+0000] {processor.py:836} INFO - DAG(s) dict_keys(['example_weekday_branch_operator']) retrieved from /home/vscode/.local/lib/python3.10/site-packages/airflow/example_dags/example_branch_day_of_week_operator.py
[2025-08-12T15:41:09.819+0000] {logging_mixin.py:150} INFO - [2025-08-12T15:41:09.818+0000] {dag.py:2742} INFO - Sync 1 DAGs
[2025-08-12T15:41:09.834+0000] {logging_mixin.py:150} INFO - [2025-08-12T15:41:09.834+0000] {dag.py:3504} INFO - Setting next_dagrun for example_weekday_branch_operator to 2025-08-11T00:00:00+00:00, run_after=2025-08-12T00:00:00+00:00
[2025-08-12T15:41:09.850+0000] {processor.py:179} INFO - Processing /home/vscode/.local/lib/python3.10/site-packages/airflow/example_dags/example_branch_day_of_week_operator.py took 0.053 seconds
[2025-08-12T15:41:55.388+0000] {processor.py:157} INFO - Started process (PID=20088) to work on /home/vscode/.local/lib/python3.10/site-packages/airflow/example_dags/example_branch_day_of_week_operator.py
[2025-08-12T15:41:55.389+0000] {processor.py:826} INFO - Processing file /home/vscode/.local/lib/python3.10/site-packages/airflow/example_dags/example_branch_day_of_week_operator.py for tasks to queue
[2025-08-12T15:41:55.389+0000] {logging_mixin.py:150} INFO - [2025-08-12T15:41:55.389+0000] {dagbag.py:541} INFO - Filling up the DagBag from /home/vscode/.local/lib/python3.10/site-packages/airflow/example_dags/example_branch_day_of_week_operator.py
[2025-08-12T15:41:55.395+0000] {processor.py:836} INFO - DAG(s) dict_keys(['example_weekday_branch_operator']) retrieved from /home/vscode/.local/lib/python3.10/site-packages/airflow/example_dags/example_branch_day_of_week_operator.py
[2025-08-12T15:41:55.407+0000] {logging_mixin.py:150} INFO - [2025-08-12T15:41:55.407+0000] {dag.py:2742} INFO - Sync 1 DAGs
[2025-08-12T15:41:55.423+0000] {logging_mixin.py:150} INFO - [2025-08-12T15:41:55.422+0000] {dag.py:3504} INFO - Setting next_dagrun for example_weekday_branch_operator to 2025-08-11T00:00:00+00:00, run_after=2025-08-12T00:00:00+00:00
[2025-08-12T15:41:55.439+0000] {processor.py:179} INFO - Processing /home/vscode/.local/lib/python3.10/site-packages/airflow/example_dags/example_branch_day_of_week_operator.py took 0.053 seconds
[2025-08-12T15:42:40.763+0000] {processor.py:157} INFO - Started process (PID=20392) to work on /home/vscode/.local/lib/python3.10/site-packages/airflow/example_dags/example_branch_day_of_week_operator.py
[2025-08-12T15:42:40.763+0000] {processor.py:826} INFO - Processing file /home/vscode/.local/lib/python3.10/site-packages/airflow/example_dags/example_branch_day_of_week_operator.py for tasks to queue
[2025-08-12T15:42:40.764+0000] {logging_mixin.py:150} INFO - [2025-08-12T15:42:40.764+0000] {dagbag.py:541} INFO - Filling up the DagBag from /home/vscode/.local/lib/python3.10/site-packages/airflow/example_dags/example_branch_day_of_week_operator.py
[2025-08-12T15:42:40.770+0000] {processor.py:836} INFO - DAG(s) dict_keys(['example_weekday_branch_operator']) retrieved from /home/vscode/.local/lib/python3.10/site-packages/airflow/example_dags/example_branch_day_of_week_operator.py
[2025-08-12T15:42:40.782+0000] {logging_mixin.py:150} INFO - [2025-08-12T15:42:40.782+0000] {dag.py:2742} INFO - Sync 1 DAGs
[2025-08-12T15:42:40.797+0000] {logging_mixin.py:150} INFO - [2025-08-12T15:42:40.797+0000] {dag.py:3504} INFO - Setting next_dagrun for example_weekday_branch_operator to 2025-08-11T00:00:00+00:00, run_after=2025-08-12T00:00:00+00:00
[2025-08-12T15:42:40.812+0000] {processor.py:179} INFO - Processing /home/vscode/.local/lib/python3.10/site-packages/airflow/example_dags/example_branch_day_of_week_operator.py took 0.052 seconds
[2025-08-12T15:43:24.373+0000] {processor.py:157} INFO - Started process (PID=20678) to work on /home/vscode/.local/lib/python3.10/site-packages/airflow/example_dags/example_branch_day_of_week_operator.py
[2025-08-12T15:43:24.373+0000] {processor.py:826} INFO - Processing file /home/vscode/.local/lib/python3.10/site-packages/airflow/example_dags/example_branch_day_of_week_operator.py for tasks to queue
[2025-08-12T15:43:24.374+0000] {logging_mixin.py:150} INFO - [2025-08-12T15:43:24.374+0000] {dagbag.py:541} INFO - Filling up the DagBag from /home/vscode/.local/lib/python3.10/site-packages/airflow/example_dags/example_branch_day_of_week_operator.py
[2025-08-12T15:43:24.380+0000] {processor.py:836} INFO - DAG(s) dict_keys(['example_weekday_branch_operator']) retrieved from /home/vscode/.local/lib/python3.10/site-packages/airflow/example_dags/example_branch_day_of_week_operator.py
[2025-08-12T15:43:24.393+0000] {logging_mixin.py:150} INFO - [2025-08-12T15:43:24.392+0000] {dag.py:2742} INFO - Sync 1 DAGs
[2025-08-12T15:43:24.409+0000] {logging_mixin.py:150} INFO - [2025-08-12T15:43:24.409+0000] {dag.py:3504} INFO - Setting next_dagrun for example_weekday_branch_operator to 2025-08-11T00:00:00+00:00, run_after=2025-08-12T00:00:00+00:00
[2025-08-12T15:43:24.425+0000] {processor.py:179} INFO - Processing /home/vscode/.local/lib/python3.10/site-packages/airflow/example_dags/example_branch_day_of_week_operator.py took 0.054 seconds
[2025-08-12T15:44:11.574+0000] {processor.py:157} INFO - Started process (PID=20993) to work on /home/vscode/.local/lib/python3.10/site-packages/airflow/example_dags/example_branch_day_of_week_operator.py
[2025-08-12T15:44:11.574+0000] {processor.py:826} INFO - Processing file /home/vscode/.local/lib/python3.10/site-packages/airflow/example_dags/example_branch_day_of_week_operator.py for tasks to queue
[2025-08-12T15:44:11.575+0000] {logging_mixin.py:150} INFO - [2025-08-12T15:44:11.575+0000] {dagbag.py:541} INFO - Filling up the DagBag from /home/vscode/.local/lib/python3.10/site-packages/airflow/example_dags/example_branch_day_of_week_operator.py
[2025-08-12T15:44:11.581+0000] {processor.py:836} INFO - DAG(s) dict_keys(['example_weekday_branch_operator']) retrieved from /home/vscode/.local/lib/python3.10/site-packages/airflow/example_dags/example_branch_day_of_week_operator.py
[2025-08-12T15:44:11.593+0000] {logging_mixin.py:150} INFO - [2025-08-12T15:44:11.593+0000] {dag.py:2742} INFO - Sync 1 DAGs
[2025-08-12T15:44:11.609+0000] {logging_mixin.py:150} INFO - [2025-08-12T15:44:11.609+0000] {dag.py:3504} INFO - Setting next_dagrun for example_weekday_branch_operator to 2025-08-11T00:00:00+00:00, run_after=2025-08-12T00:00:00+00:00
[2025-08-12T15:44:11.625+0000] {processor.py:179} INFO - Processing /home/vscode/.local/lib/python3.10/site-packages/airflow/example_dags/example_branch_day_of_week_operator.py took 0.053 seconds
[2025-08-12T15:45:03.705+0000] {processor.py:157} INFO - Started process (PID=21335) to work on /home/vscode/.local/lib/python3.10/site-packages/airflow/example_dags/example_branch_day_of_week_operator.py
[2025-08-12T15:45:03.706+0000] {processor.py:826} INFO - Processing file /home/vscode/.local/lib/python3.10/site-packages/airflow/example_dags/example_branch_day_of_week_operator.py for tasks to queue
[2025-08-12T15:45:03.706+0000] {logging_mixin.py:150} INFO - [2025-08-12T15:45:03.706+0000] {dagbag.py:541} INFO - Filling up the DagBag from /home/vscode/.local/lib/python3.10/site-packages/airflow/example_dags/example_branch_day_of_week_operator.py
[2025-08-12T15:45:03.712+0000] {processor.py:836} INFO - DAG(s) dict_keys(['example_weekday_branch_operator']) retrieved from /home/vscode/.local/lib/python3.10/site-packages/airflow/example_dags/example_branch_day_of_week_operator.py
[2025-08-12T15:45:03.724+0000] {logging_mixin.py:150} INFO - [2025-08-12T15:45:03.724+0000] {dag.py:2742} INFO - Sync 1 DAGs
[2025-08-12T15:45:03.739+0000] {logging_mixin.py:150} INFO - [2025-08-12T15:45:03.739+0000] {dag.py:3504} INFO - Setting next_dagrun for example_weekday_branch_operator to 2025-08-11T00:00:00+00:00, run_after=2025-08-12T00:00:00+00:00
[2025-08-12T15:45:03.754+0000] {processor.py:179} INFO - Processing /home/vscode/.local/lib/python3.10/site-packages/airflow/example_dags/example_branch_day_of_week_operator.py took 0.050 seconds
[2025-08-12T15:45:46.966+0000] {processor.py:157} INFO - Started process (PID=21627) to work on /home/vscode/.local/lib/python3.10/site-packages/airflow/example_dags/example_branch_day_of_week_operator.py
[2025-08-12T15:45:46.967+0000] {processor.py:826} INFO - Processing file /home/vscode/.local/lib/python3.10/site-packages/airflow/example_dags/example_branch_day_of_week_operator.py for tasks to queue
[2025-08-12T15:45:46.967+0000] {logging_mixin.py:150} INFO - [2025-08-12T15:45:46.967+0000] {dagbag.py:541} INFO - Filling up the DagBag from /home/vscode/.local/lib/python3.10/site-packages/airflow/example_dags/example_branch_day_of_week_operator.py
[2025-08-12T15:45:46.976+0000] {processor.py:836} INFO - DAG(s) dict_keys(['example_weekday_branch_operator']) retrieved from /home/vscode/.local/lib/python3.10/site-packages/airflow/example_dags/example_branch_day_of_week_operator.py
[2025-08-12T15:45:46.990+0000] {logging_mixin.py:150} INFO - [2025-08-12T15:45:46.990+0000] {dag.py:2742} INFO - Sync 1 DAGs
[2025-08-12T15:45:47.006+0000] {logging_mixin.py:150} INFO - [2025-08-12T15:45:47.006+0000] {dag.py:3504} INFO - Setting next_dagrun for example_weekday_branch_operator to 2025-08-11T00:00:00+00:00, run_after=2025-08-12T00:00:00+00:00
[2025-08-12T15:45:47.022+0000] {processor.py:179} INFO - Processing /home/vscode/.local/lib/python3.10/site-packages/airflow/example_dags/example_branch_day_of_week_operator.py took 0.058 seconds
[2025-08-12T15:46:32.633+0000] {processor.py:157} INFO - Started process (PID=21934) to work on /home/vscode/.local/lib/python3.10/site-packages/airflow/example_dags/example_branch_day_of_week_operator.py
[2025-08-12T15:46:32.633+0000] {processor.py:826} INFO - Processing file /home/vscode/.local/lib/python3.10/site-packages/airflow/example_dags/example_branch_day_of_week_operator.py for tasks to queue
[2025-08-12T15:46:32.634+0000] {logging_mixin.py:150} INFO - [2025-08-12T15:46:32.634+0000] {dagbag.py:541} INFO - Filling up the DagBag from /home/vscode/.local/lib/python3.10/site-packages/airflow/example_dags/example_branch_day_of_week_operator.py
[2025-08-12T15:46:32.639+0000] {processor.py:836} INFO - DAG(s) dict_keys(['example_weekday_branch_operator']) retrieved from /home/vscode/.local/lib/python3.10/site-packages/airflow/example_dags/example_branch_day_of_week_operator.py
[2025-08-12T15:46:32.652+0000] {logging_mixin.py:150} INFO - [2025-08-12T15:46:32.652+0000] {dag.py:2742} INFO - Sync 1 DAGs
[2025-08-12T15:46:32.667+0000] {logging_mixin.py:150} INFO - [2025-08-12T15:46:32.667+0000] {dag.py:3504} INFO - Setting next_dagrun for example_weekday_branch_operator to 2025-08-11T00:00:00+00:00, run_after=2025-08-12T00:00:00+00:00
[2025-08-12T15:46:32.682+0000] {processor.py:179} INFO - Processing /home/vscode/.local/lib/python3.10/site-packages/airflow/example_dags/example_branch_day_of_week_operator.py took 0.052 seconds
[2025-08-12T15:47:15.478+0000] {processor.py:157} INFO - Started process (PID=22220) to work on /home/vscode/.local/lib/python3.10/site-packages/airflow/example_dags/example_branch_day_of_week_operator.py
[2025-08-12T15:47:15.479+0000] {processor.py:826} INFO - Processing file /home/vscode/.local/lib/python3.10/site-packages/airflow/example_dags/example_branch_day_of_week_operator.py for tasks to queue
[2025-08-12T15:47:15.480+0000] {logging_mixin.py:150} INFO - [2025-08-12T15:47:15.479+0000] {dagbag.py:541} INFO - Filling up the DagBag from /home/vscode/.local/lib/python3.10/site-packages/airflow/example_dags/example_branch_day_of_week_operator.py
[2025-08-12T15:47:15.485+0000] {processor.py:836} INFO - DAG(s) dict_keys(['example_weekday_branch_operator']) retrieved from /home/vscode/.local/lib/python3.10/site-packages/airflow/example_dags/example_branch_day_of_week_operator.py
[2025-08-12T15:47:15.499+0000] {logging_mixin.py:150} INFO - [2025-08-12T15:47:15.498+0000] {dag.py:2742} INFO - Sync 1 DAGs
[2025-08-12T15:47:15.515+0000] {logging_mixin.py:150} INFO - [2025-08-12T15:47:15.514+0000] {dag.py:3504} INFO - Setting next_dagrun for example_weekday_branch_operator to 2025-08-11T00:00:00+00:00, run_after=2025-08-12T00:00:00+00:00
[2025-08-12T15:47:15.530+0000] {processor.py:179} INFO - Processing /home/vscode/.local/lib/python3.10/site-packages/airflow/example_dags/example_branch_day_of_week_operator.py took 0.054 seconds
[2025-08-12T15:48:09.010+0000] {processor.py:157} INFO - Started process (PID=22582) to work on /home/vscode/.local/lib/python3.10/site-packages/airflow/example_dags/example_branch_day_of_week_operator.py
[2025-08-12T15:48:09.011+0000] {processor.py:826} INFO - Processing file /home/vscode/.local/lib/python3.10/site-packages/airflow/example_dags/example_branch_day_of_week_operator.py for tasks to queue
[2025-08-12T15:48:09.011+0000] {logging_mixin.py:150} INFO - [2025-08-12T15:48:09.011+0000] {dagbag.py:541} INFO - Filling up the DagBag from /home/vscode/.local/lib/python3.10/site-packages/airflow/example_dags/example_branch_day_of_week_operator.py
[2025-08-12T15:48:09.017+0000] {processor.py:836} INFO - DAG(s) dict_keys(['example_weekday_branch_operator']) retrieved from /home/vscode/.local/lib/python3.10/site-packages/airflow/example_dags/example_branch_day_of_week_operator.py
[2025-08-12T15:48:09.029+0000] {logging_mixin.py:150} INFO - [2025-08-12T15:48:09.029+0000] {dag.py:2742} INFO - Sync 1 DAGs
[2025-08-12T15:48:09.044+0000] {logging_mixin.py:150} INFO - [2025-08-12T15:48:09.044+0000] {dag.py:3504} INFO - Setting next_dagrun for example_weekday_branch_operator to 2025-08-11T00:00:00+00:00, run_after=2025-08-12T00:00:00+00:00
[2025-08-12T15:48:09.059+0000] {processor.py:179} INFO - Processing /home/vscode/.local/lib/python3.10/site-packages/airflow/example_dags/example_branch_day_of_week_operator.py took 0.051 seconds
[2025-08-12T15:49:03.123+0000] {processor.py:157} INFO - Started process (PID=22953) to work on /home/vscode/.local/lib/python3.10/site-packages/airflow/example_dags/example_branch_day_of_week_operator.py
[2025-08-12T15:49:03.123+0000] {processor.py:826} INFO - Processing file /home/vscode/.local/lib/python3.10/site-packages/airflow/example_dags/example_branch_day_of_week_operator.py for tasks to queue
[2025-08-12T15:49:03.124+0000] {logging_mixin.py:150} INFO - [2025-08-12T15:49:03.124+0000] {dagbag.py:541} INFO - Filling up the DagBag from /home/vscode/.local/lib/python3.10/site-packages/airflow/example_dags/example_branch_day_of_week_operator.py
[2025-08-12T15:49:03.133+0000] {processor.py:836} INFO - DAG(s) dict_keys(['example_weekday_branch_operator']) retrieved from /home/vscode/.local/lib/python3.10/site-packages/airflow/example_dags/example_branch_day_of_week_operator.py
[2025-08-12T15:49:03.155+0000] {logging_mixin.py:150} INFO - [2025-08-12T15:49:03.155+0000] {dag.py:2742} INFO - Sync 1 DAGs
[2025-08-12T15:49:03.179+0000] {logging_mixin.py:150} INFO - [2025-08-12T15:49:03.179+0000] {dag.py:3504} INFO - Setting next_dagrun for example_weekday_branch_operator to 2025-08-11T00:00:00+00:00, run_after=2025-08-12T00:00:00+00:00
[2025-08-12T15:49:03.199+0000] {processor.py:179} INFO - Processing /home/vscode/.local/lib/python3.10/site-packages/airflow/example_dags/example_branch_day_of_week_operator.py took 0.079 seconds
[2025-08-12T15:49:45.667+0000] {processor.py:157} INFO - Started process (PID=23260) to work on /home/vscode/.local/lib/python3.10/site-packages/airflow/example_dags/example_branch_day_of_week_operator.py
[2025-08-12T15:49:45.667+0000] {processor.py:826} INFO - Processing file /home/vscode/.local/lib/python3.10/site-packages/airflow/example_dags/example_branch_day_of_week_operator.py for tasks to queue
[2025-08-12T15:49:45.668+0000] {logging_mixin.py:150} INFO - [2025-08-12T15:49:45.668+0000] {dagbag.py:541} INFO - Filling up the DagBag from /home/vscode/.local/lib/python3.10/site-packages/airflow/example_dags/example_branch_day_of_week_operator.py
[2025-08-12T15:49:45.673+0000] {processor.py:836} INFO - DAG(s) dict_keys(['example_weekday_branch_operator']) retrieved from /home/vscode/.local/lib/python3.10/site-packages/airflow/example_dags/example_branch_day_of_week_operator.py
[2025-08-12T15:49:45.686+0000] {logging_mixin.py:150} INFO - [2025-08-12T15:49:45.686+0000] {dag.py:2742} INFO - Sync 1 DAGs
[2025-08-12T15:49:45.702+0000] {logging_mixin.py:150} INFO - [2025-08-12T15:49:45.702+0000] {dag.py:3504} INFO - Setting next_dagrun for example_weekday_branch_operator to 2025-08-11T00:00:00+00:00, run_after=2025-08-12T00:00:00+00:00
[2025-08-12T15:49:45.718+0000] {processor.py:179} INFO - Processing /home/vscode/.local/lib/python3.10/site-packages/airflow/example_dags/example_branch_day_of_week_operator.py took 0.054 seconds
[2025-08-12T15:50:32.771+0000] {processor.py:157} INFO - Started process (PID=23792) to work on /home/vscode/.local/lib/python3.10/site-packages/airflow/example_dags/example_branch_day_of_week_operator.py
[2025-08-12T15:50:32.772+0000] {processor.py:826} INFO - Processing file /home/vscode/.local/lib/python3.10/site-packages/airflow/example_dags/example_branch_day_of_week_operator.py for tasks to queue
[2025-08-12T15:50:32.772+0000] {logging_mixin.py:150} INFO - [2025-08-12T15:50:32.772+0000] {dagbag.py:541} INFO - Filling up the DagBag from /home/vscode/.local/lib/python3.10/site-packages/airflow/example_dags/example_branch_day_of_week_operator.py
[2025-08-12T15:50:32.778+0000] {processor.py:836} INFO - DAG(s) dict_keys(['example_weekday_branch_operator']) retrieved from /home/vscode/.local/lib/python3.10/site-packages/airflow/example_dags/example_branch_day_of_week_operator.py
[2025-08-12T15:50:32.790+0000] {logging_mixin.py:150} INFO - [2025-08-12T15:50:32.790+0000] {dag.py:2742} INFO - Sync 1 DAGs
[2025-08-12T15:50:32.805+0000] {logging_mixin.py:150} INFO - [2025-08-12T15:50:32.805+0000] {dag.py:3504} INFO - Setting next_dagrun for example_weekday_branch_operator to 2025-08-11T00:00:00+00:00, run_after=2025-08-12T00:00:00+00:00
[2025-08-12T15:50:32.821+0000] {processor.py:179} INFO - Processing /home/vscode/.local/lib/python3.10/site-packages/airflow/example_dags/example_branch_day_of_week_operator.py took 0.052 seconds
[2025-08-12T15:51:16.764+0000] {processor.py:157} INFO - Started process (PID=24079) to work on /home/vscode/.local/lib/python3.10/site-packages/airflow/example_dags/example_branch_day_of_week_operator.py
[2025-08-12T15:51:16.765+0000] {processor.py:826} INFO - Processing file /home/vscode/.local/lib/python3.10/site-packages/airflow/example_dags/example_branch_day_of_week_operator.py for tasks to queue
[2025-08-12T15:51:16.765+0000] {logging_mixin.py:150} INFO - [2025-08-12T15:51:16.765+0000] {dagbag.py:541} INFO - Filling up the DagBag from /home/vscode/.local/lib/python3.10/site-packages/airflow/example_dags/example_branch_day_of_week_operator.py
[2025-08-12T15:51:16.771+0000] {processor.py:836} INFO - DAG(s) dict_keys(['example_weekday_branch_operator']) retrieved from /home/vscode/.local/lib/python3.10/site-packages/airflow/example_dags/example_branch_day_of_week_operator.py
[2025-08-12T15:51:16.784+0000] {logging_mixin.py:150} INFO - [2025-08-12T15:51:16.784+0000] {dag.py:2742} INFO - Sync 1 DAGs
[2025-08-12T15:51:16.800+0000] {logging_mixin.py:150} INFO - [2025-08-12T15:51:16.800+0000] {dag.py:3504} INFO - Setting next_dagrun for example_weekday_branch_operator to 2025-08-11T00:00:00+00:00, run_after=2025-08-12T00:00:00+00:00
[2025-08-12T15:51:16.818+0000] {processor.py:179} INFO - Processing /home/vscode/.local/lib/python3.10/site-packages/airflow/example_dags/example_branch_day_of_week_operator.py took 0.056 seconds
[2025-08-12T15:52:00.758+0000] {processor.py:157} INFO - Started process (PID=24381) to work on /home/vscode/.local/lib/python3.10/site-packages/airflow/example_dags/example_branch_day_of_week_operator.py
[2025-08-12T15:52:00.758+0000] {processor.py:826} INFO - Processing file /home/vscode/.local/lib/python3.10/site-packages/airflow/example_dags/example_branch_day_of_week_operator.py for tasks to queue
[2025-08-12T15:52:00.759+0000] {logging_mixin.py:150} INFO - [2025-08-12T15:52:00.759+0000] {dagbag.py:541} INFO - Filling up the DagBag from /home/vscode/.local/lib/python3.10/site-packages/airflow/example_dags/example_branch_day_of_week_operator.py
[2025-08-12T15:52:00.765+0000] {processor.py:836} INFO - DAG(s) dict_keys(['example_weekday_branch_operator']) retrieved from /home/vscode/.local/lib/python3.10/site-packages/airflow/example_dags/example_branch_day_of_week_operator.py
[2025-08-12T15:52:00.778+0000] {logging_mixin.py:150} INFO - [2025-08-12T15:52:00.778+0000] {dag.py:2742} INFO - Sync 1 DAGs
[2025-08-12T15:52:00.794+0000] {logging_mixin.py:150} INFO - [2025-08-12T15:52:00.794+0000] {dag.py:3504} INFO - Setting next_dagrun for example_weekday_branch_operator to 2025-08-11T00:00:00+00:00, run_after=2025-08-12T00:00:00+00:00
[2025-08-12T15:52:00.811+0000] {processor.py:179} INFO - Processing /home/vscode/.local/lib/python3.10/site-packages/airflow/example_dags/example_branch_day_of_week_operator.py took 0.055 seconds
[2025-08-12T15:52:56.674+0000] {processor.py:157} INFO - Started process (PID=24779) to work on /home/vscode/.local/lib/python3.10/site-packages/airflow/example_dags/example_branch_day_of_week_operator.py
[2025-08-12T15:52:56.675+0000] {processor.py:826} INFO - Processing file /home/vscode/.local/lib/python3.10/site-packages/airflow/example_dags/example_branch_day_of_week_operator.py for tasks to queue
[2025-08-12T15:52:56.676+0000] {logging_mixin.py:150} INFO - [2025-08-12T15:52:56.675+0000] {dagbag.py:541} INFO - Filling up the DagBag from /home/vscode/.local/lib/python3.10/site-packages/airflow/example_dags/example_branch_day_of_week_operator.py
[2025-08-12T15:52:56.683+0000] {processor.py:836} INFO - DAG(s) dict_keys(['example_weekday_branch_operator']) retrieved from /home/vscode/.local/lib/python3.10/site-packages/airflow/example_dags/example_branch_day_of_week_operator.py
[2025-08-12T15:52:56.696+0000] {logging_mixin.py:150} INFO - [2025-08-12T15:52:56.696+0000] {dag.py:2742} INFO - Sync 1 DAGs
[2025-08-12T15:52:56.711+0000] {logging_mixin.py:150} INFO - [2025-08-12T15:52:56.711+0000] {dag.py:3504} INFO - Setting next_dagrun for example_weekday_branch_operator to 2025-08-11T00:00:00+00:00, run_after=2025-08-12T00:00:00+00:00
[2025-08-12T15:52:56.729+0000] {processor.py:179} INFO - Processing /home/vscode/.local/lib/python3.10/site-packages/airflow/example_dags/example_branch_day_of_week_operator.py took 0.058 seconds
[2025-08-12T15:53:39.416+0000] {processor.py:157} INFO - Started process (PID=25115) to work on /home/vscode/.local/lib/python3.10/site-packages/airflow/example_dags/example_branch_day_of_week_operator.py
[2025-08-12T15:53:39.416+0000] {processor.py:826} INFO - Processing file /home/vscode/.local/lib/python3.10/site-packages/airflow/example_dags/example_branch_day_of_week_operator.py for tasks to queue
[2025-08-12T15:53:39.417+0000] {logging_mixin.py:150} INFO - [2025-08-12T15:53:39.417+0000] {dagbag.py:541} INFO - Filling up the DagBag from /home/vscode/.local/lib/python3.10/site-packages/airflow/example_dags/example_branch_day_of_week_operator.py
[2025-08-12T15:53:39.422+0000] {processor.py:836} INFO - DAG(s) dict_keys(['example_weekday_branch_operator']) retrieved from /home/vscode/.local/lib/python3.10/site-packages/airflow/example_dags/example_branch_day_of_week_operator.py
[2025-08-12T15:53:39.435+0000] {logging_mixin.py:150} INFO - [2025-08-12T15:53:39.435+0000] {dag.py:2742} INFO - Sync 1 DAGs
[2025-08-12T15:53:39.450+0000] {logging_mixin.py:150} INFO - [2025-08-12T15:53:39.450+0000] {dag.py:3504} INFO - Setting next_dagrun for example_weekday_branch_operator to 2025-08-11T00:00:00+00:00, run_after=2025-08-12T00:00:00+00:00
[2025-08-12T15:53:39.468+0000] {processor.py:179} INFO - Processing /home/vscode/.local/lib/python3.10/site-packages/airflow/example_dags/example_branch_day_of_week_operator.py took 0.055 seconds
[2025-08-12T15:54:21.864+0000] {processor.py:157} INFO - Started process (PID=25439) to work on /home/vscode/.local/lib/python3.10/site-packages/airflow/example_dags/example_branch_day_of_week_operator.py
[2025-08-12T15:54:21.865+0000] {processor.py:826} INFO - Processing file /home/vscode/.local/lib/python3.10/site-packages/airflow/example_dags/example_branch_day_of_week_operator.py for tasks to queue
[2025-08-12T15:54:21.865+0000] {logging_mixin.py:150} INFO - [2025-08-12T15:54:21.865+0000] {dagbag.py:541} INFO - Filling up the DagBag from /home/vscode/.local/lib/python3.10/site-packages/airflow/example_dags/example_branch_day_of_week_operator.py
[2025-08-12T15:54:21.871+0000] {processor.py:836} INFO - DAG(s) dict_keys(['example_weekday_branch_operator']) retrieved from /home/vscode/.local/lib/python3.10/site-packages/airflow/example_dags/example_branch_day_of_week_operator.py
[2025-08-12T15:54:21.883+0000] {logging_mixin.py:150} INFO - [2025-08-12T15:54:21.883+0000] {dag.py:2742} INFO - Sync 1 DAGs
[2025-08-12T15:54:21.899+0000] {logging_mixin.py:150} INFO - [2025-08-12T15:54:21.899+0000] {dag.py:3504} INFO - Setting next_dagrun for example_weekday_branch_operator to 2025-08-11T00:00:00+00:00, run_after=2025-08-12T00:00:00+00:00
[2025-08-12T15:54:21.914+0000] {processor.py:179} INFO - Processing /home/vscode/.local/lib/python3.10/site-packages/airflow/example_dags/example_branch_day_of_week_operator.py took 0.052 seconds
[2025-08-12T15:55:06.316+0000] {processor.py:157} INFO - Started process (PID=25774) to work on /home/vscode/.local/lib/python3.10/site-packages/airflow/example_dags/example_branch_day_of_week_operator.py
[2025-08-12T15:55:06.317+0000] {processor.py:826} INFO - Processing file /home/vscode/.local/lib/python3.10/site-packages/airflow/example_dags/example_branch_day_of_week_operator.py for tasks to queue
[2025-08-12T15:55:06.317+0000] {logging_mixin.py:150} INFO - [2025-08-12T15:55:06.317+0000] {dagbag.py:541} INFO - Filling up the DagBag from /home/vscode/.local/lib/python3.10/site-packages/airflow/example_dags/example_branch_day_of_week_operator.py
[2025-08-12T15:55:06.323+0000] {processor.py:836} INFO - DAG(s) dict_keys(['example_weekday_branch_operator']) retrieved from /home/vscode/.local/lib/python3.10/site-packages/airflow/example_dags/example_branch_day_of_week_operator.py
[2025-08-12T15:55:06.338+0000] {logging_mixin.py:150} INFO - [2025-08-12T15:55:06.337+0000] {dag.py:2742} INFO - Sync 1 DAGs
[2025-08-12T15:55:06.355+0000] {logging_mixin.py:150} INFO - [2025-08-12T15:55:06.355+0000] {dag.py:3504} INFO - Setting next_dagrun for example_weekday_branch_operator to 2025-08-11T00:00:00+00:00, run_after=2025-08-12T00:00:00+00:00
[2025-08-12T15:55:06.371+0000] {processor.py:179} INFO - Processing /home/vscode/.local/lib/python3.10/site-packages/airflow/example_dags/example_branch_day_of_week_operator.py took 0.057 seconds
[2025-08-12T15:55:48.040+0000] {processor.py:157} INFO - Started process (PID=26097) to work on /home/vscode/.local/lib/python3.10/site-packages/airflow/example_dags/example_branch_day_of_week_operator.py
[2025-08-12T15:55:48.041+0000] {processor.py:826} INFO - Processing file /home/vscode/.local/lib/python3.10/site-packages/airflow/example_dags/example_branch_day_of_week_operator.py for tasks to queue
[2025-08-12T15:55:48.042+0000] {logging_mixin.py:150} INFO - [2025-08-12T15:55:48.041+0000] {dagbag.py:541} INFO - Filling up the DagBag from /home/vscode/.local/lib/python3.10/site-packages/airflow/example_dags/example_branch_day_of_week_operator.py
[2025-08-12T15:55:48.047+0000] {processor.py:836} INFO - DAG(s) dict_keys(['example_weekday_branch_operator']) retrieved from /home/vscode/.local/lib/python3.10/site-packages/airflow/example_dags/example_branch_day_of_week_operator.py
[2025-08-12T15:55:48.061+0000] {logging_mixin.py:150} INFO - [2025-08-12T15:55:48.060+0000] {dag.py:2742} INFO - Sync 1 DAGs
[2025-08-12T15:55:48.077+0000] {logging_mixin.py:150} INFO - [2025-08-12T15:55:48.076+0000] {dag.py:3504} INFO - Setting next_dagrun for example_weekday_branch_operator to 2025-08-11T00:00:00+00:00, run_after=2025-08-12T00:00:00+00:00
[2025-08-12T15:55:48.093+0000] {processor.py:179} INFO - Processing /home/vscode/.local/lib/python3.10/site-packages/airflow/example_dags/example_branch_day_of_week_operator.py took 0.055 seconds
[2025-08-12T15:56:35.381+0000] {processor.py:157} INFO - Started process (PID=26459) to work on /home/vscode/.local/lib/python3.10/site-packages/airflow/example_dags/example_branch_day_of_week_operator.py
[2025-08-12T15:56:35.381+0000] {processor.py:826} INFO - Processing file /home/vscode/.local/lib/python3.10/site-packages/airflow/example_dags/example_branch_day_of_week_operator.py for tasks to queue
[2025-08-12T15:56:35.382+0000] {logging_mixin.py:150} INFO - [2025-08-12T15:56:35.382+0000] {dagbag.py:541} INFO - Filling up the DagBag from /home/vscode/.local/lib/python3.10/site-packages/airflow/example_dags/example_branch_day_of_week_operator.py
[2025-08-12T15:56:35.388+0000] {processor.py:836} INFO - DAG(s) dict_keys(['example_weekday_branch_operator']) retrieved from /home/vscode/.local/lib/python3.10/site-packages/airflow/example_dags/example_branch_day_of_week_operator.py
[2025-08-12T15:56:35.400+0000] {logging_mixin.py:150} INFO - [2025-08-12T15:56:35.400+0000] {dag.py:2742} INFO - Sync 1 DAGs
[2025-08-12T15:56:35.416+0000] {logging_mixin.py:150} INFO - [2025-08-12T15:56:35.416+0000] {dag.py:3504} INFO - Setting next_dagrun for example_weekday_branch_operator to 2025-08-11T00:00:00+00:00, run_after=2025-08-12T00:00:00+00:00
[2025-08-12T15:56:35.432+0000] {processor.py:179} INFO - Processing /home/vscode/.local/lib/python3.10/site-packages/airflow/example_dags/example_branch_day_of_week_operator.py took 0.053 seconds
[2025-08-12T15:57:26.789+0000] {processor.py:157} INFO - Started process (PID=26848) to work on /home/vscode/.local/lib/python3.10/site-packages/airflow/example_dags/example_branch_day_of_week_operator.py
[2025-08-12T15:57:26.790+0000] {processor.py:826} INFO - Processing file /home/vscode/.local/lib/python3.10/site-packages/airflow/example_dags/example_branch_day_of_week_operator.py for tasks to queue
[2025-08-12T15:57:26.790+0000] {logging_mixin.py:150} INFO - [2025-08-12T15:57:26.790+0000] {dagbag.py:541} INFO - Filling up the DagBag from /home/vscode/.local/lib/python3.10/site-packages/airflow/example_dags/example_branch_day_of_week_operator.py
[2025-08-12T15:57:26.798+0000] {processor.py:836} INFO - DAG(s) dict_keys(['example_weekday_branch_operator']) retrieved from /home/vscode/.local/lib/python3.10/site-packages/airflow/example_dags/example_branch_day_of_week_operator.py
[2025-08-12T15:57:26.815+0000] {logging_mixin.py:150} INFO - [2025-08-12T15:57:26.815+0000] {dag.py:2742} INFO - Sync 1 DAGs
[2025-08-12T15:57:26.837+0000] {logging_mixin.py:150} INFO - [2025-08-12T15:57:26.837+0000] {dag.py:3504} INFO - Setting next_dagrun for example_weekday_branch_operator to 2025-08-11T00:00:00+00:00, run_after=2025-08-12T00:00:00+00:00
[2025-08-12T15:57:26.858+0000] {processor.py:179} INFO - Processing /home/vscode/.local/lib/python3.10/site-packages/airflow/example_dags/example_branch_day_of_week_operator.py took 0.071 seconds
[2025-08-12T15:58:12.083+0000] {processor.py:157} INFO - Started process (PID=27177) to work on /home/vscode/.local/lib/python3.10/site-packages/airflow/example_dags/example_branch_day_of_week_operator.py
[2025-08-12T15:58:12.084+0000] {processor.py:826} INFO - Processing file /home/vscode/.local/lib/python3.10/site-packages/airflow/example_dags/example_branch_day_of_week_operator.py for tasks to queue
[2025-08-12T15:58:12.085+0000] {logging_mixin.py:150} INFO - [2025-08-12T15:58:12.084+0000] {dagbag.py:541} INFO - Filling up the DagBag from /home/vscode/.local/lib/python3.10/site-packages/airflow/example_dags/example_branch_day_of_week_operator.py
[2025-08-12T15:58:12.090+0000] {processor.py:836} INFO - DAG(s) dict_keys(['example_weekday_branch_operator']) retrieved from /home/vscode/.local/lib/python3.10/site-packages/airflow/example_dags/example_branch_day_of_week_operator.py
[2025-08-12T15:58:12.103+0000] {logging_mixin.py:150} INFO - [2025-08-12T15:58:12.103+0000] {dag.py:2742} INFO - Sync 1 DAGs
[2025-08-12T15:58:12.119+0000] {logging_mixin.py:150} INFO - [2025-08-12T15:58:12.118+0000] {dag.py:3504} INFO - Setting next_dagrun for example_weekday_branch_operator to 2025-08-11T00:00:00+00:00, run_after=2025-08-12T00:00:00+00:00
[2025-08-12T15:58:12.134+0000] {processor.py:179} INFO - Processing /home/vscode/.local/lib/python3.10/site-packages/airflow/example_dags/example_branch_day_of_week_operator.py took 0.053 seconds
[2025-08-12T15:58:58.359+0000] {processor.py:157} INFO - Started process (PID=27480) to work on /home/vscode/.local/lib/python3.10/site-packages/airflow/example_dags/example_branch_day_of_week_operator.py
[2025-08-12T15:58:58.360+0000] {processor.py:826} INFO - Processing file /home/vscode/.local/lib/python3.10/site-packages/airflow/example_dags/example_branch_day_of_week_operator.py for tasks to queue
[2025-08-12T15:58:58.360+0000] {logging_mixin.py:150} INFO - [2025-08-12T15:58:58.360+0000] {dagbag.py:541} INFO - Filling up the DagBag from /home/vscode/.local/lib/python3.10/site-packages/airflow/example_dags/example_branch_day_of_week_operator.py
[2025-08-12T15:58:58.366+0000] {processor.py:836} INFO - DAG(s) dict_keys(['example_weekday_branch_operator']) retrieved from /home/vscode/.local/lib/python3.10/site-packages/airflow/example_dags/example_branch_day_of_week_operator.py
[2025-08-12T15:58:58.378+0000] {logging_mixin.py:150} INFO - [2025-08-12T15:58:58.378+0000] {dag.py:2742} INFO - Sync 1 DAGs
[2025-08-12T15:58:58.393+0000] {logging_mixin.py:150} INFO - [2025-08-12T15:58:58.393+0000] {dag.py:3504} INFO - Setting next_dagrun for example_weekday_branch_operator to 2025-08-11T00:00:00+00:00, run_after=2025-08-12T00:00:00+00:00
[2025-08-12T15:58:58.409+0000] {processor.py:179} INFO - Processing /home/vscode/.local/lib/python3.10/site-packages/airflow/example_dags/example_branch_day_of_week_operator.py took 0.053 seconds
[2025-08-12T15:59:38.878+0000] {processor.py:157} INFO - Started process (PID=27751) to work on /home/vscode/.local/lib/python3.10/site-packages/airflow/example_dags/example_branch_day_of_week_operator.py
[2025-08-12T15:59:38.879+0000] {processor.py:826} INFO - Processing file /home/vscode/.local/lib/python3.10/site-packages/airflow/example_dags/example_branch_day_of_week_operator.py for tasks to queue
[2025-08-12T15:59:38.879+0000] {logging_mixin.py:150} INFO - [2025-08-12T15:59:38.879+0000] {dagbag.py:541} INFO - Filling up the DagBag from /home/vscode/.local/lib/python3.10/site-packages/airflow/example_dags/example_branch_day_of_week_operator.py
[2025-08-12T15:59:38.885+0000] {processor.py:836} INFO - DAG(s) dict_keys(['example_weekday_branch_operator']) retrieved from /home/vscode/.local/lib/python3.10/site-packages/airflow/example_dags/example_branch_day_of_week_operator.py
[2025-08-12T15:59:38.898+0000] {logging_mixin.py:150} INFO - [2025-08-12T15:59:38.897+0000] {dag.py:2742} INFO - Sync 1 DAGs
[2025-08-12T15:59:38.913+0000] {logging_mixin.py:150} INFO - [2025-08-12T15:59:38.913+0000] {dag.py:3504} INFO - Setting next_dagrun for example_weekday_branch_operator to 2025-08-11T00:00:00+00:00, run_after=2025-08-12T00:00:00+00:00
[2025-08-12T15:59:38.929+0000] {processor.py:179} INFO - Processing /home/vscode/.local/lib/python3.10/site-packages/airflow/example_dags/example_branch_day_of_week_operator.py took 0.053 seconds
[2025-08-12T16:00:33.132+0000] {processor.py:157} INFO - Started process (PID=28145) to work on /home/vscode/.local/lib/python3.10/site-packages/airflow/example_dags/example_branch_day_of_week_operator.py
[2025-08-12T16:00:33.133+0000] {processor.py:826} INFO - Processing file /home/vscode/.local/lib/python3.10/site-packages/airflow/example_dags/example_branch_day_of_week_operator.py for tasks to queue
[2025-08-12T16:00:33.133+0000] {logging_mixin.py:150} INFO - [2025-08-12T16:00:33.133+0000] {dagbag.py:541} INFO - Filling up the DagBag from /home/vscode/.local/lib/python3.10/site-packages/airflow/example_dags/example_branch_day_of_week_operator.py
[2025-08-12T16:00:33.141+0000] {processor.py:836} INFO - DAG(s) dict_keys(['example_weekday_branch_operator']) retrieved from /home/vscode/.local/lib/python3.10/site-packages/airflow/example_dags/example_branch_day_of_week_operator.py
[2025-08-12T16:00:33.156+0000] {logging_mixin.py:150} INFO - [2025-08-12T16:00:33.156+0000] {dag.py:2742} INFO - Sync 1 DAGs
[2025-08-12T16:00:33.173+0000] {logging_mixin.py:150} INFO - [2025-08-12T16:00:33.173+0000] {dag.py:3504} INFO - Setting next_dagrun for example_weekday_branch_operator to 2025-08-11T00:00:00+00:00, run_after=2025-08-12T00:00:00+00:00
[2025-08-12T16:00:33.190+0000] {processor.py:179} INFO - Processing /home/vscode/.local/lib/python3.10/site-packages/airflow/example_dags/example_branch_day_of_week_operator.py took 0.060 seconds
[2025-08-12T16:01:17.105+0000] {processor.py:157} INFO - Started process (PID=28544) to work on /home/vscode/.local/lib/python3.10/site-packages/airflow/example_dags/example_branch_day_of_week_operator.py
[2025-08-12T16:01:17.106+0000] {processor.py:826} INFO - Processing file /home/vscode/.local/lib/python3.10/site-packages/airflow/example_dags/example_branch_day_of_week_operator.py for tasks to queue
[2025-08-12T16:01:17.107+0000] {logging_mixin.py:150} INFO - [2025-08-12T16:01:17.106+0000] {dagbag.py:541} INFO - Filling up the DagBag from /home/vscode/.local/lib/python3.10/site-packages/airflow/example_dags/example_branch_day_of_week_operator.py
[2025-08-12T16:01:17.112+0000] {processor.py:836} INFO - DAG(s) dict_keys(['example_weekday_branch_operator']) retrieved from /home/vscode/.local/lib/python3.10/site-packages/airflow/example_dags/example_branch_day_of_week_operator.py
[2025-08-12T16:01:17.126+0000] {logging_mixin.py:150} INFO - [2025-08-12T16:01:17.126+0000] {dag.py:2742} INFO - Sync 1 DAGs
[2025-08-12T16:01:17.142+0000] {logging_mixin.py:150} INFO - [2025-08-12T16:01:17.142+0000] {dag.py:3504} INFO - Setting next_dagrun for example_weekday_branch_operator to 2025-08-11T00:00:00+00:00, run_after=2025-08-12T00:00:00+00:00
[2025-08-12T16:01:17.158+0000] {processor.py:179} INFO - Processing /home/vscode/.local/lib/python3.10/site-packages/airflow/example_dags/example_branch_day_of_week_operator.py took 0.054 seconds
[2025-08-12T16:02:05.923+0000] {processor.py:157} INFO - Started process (PID=28900) to work on /home/vscode/.local/lib/python3.10/site-packages/airflow/example_dags/example_branch_day_of_week_operator.py
[2025-08-12T16:02:05.924+0000] {processor.py:826} INFO - Processing file /home/vscode/.local/lib/python3.10/site-packages/airflow/example_dags/example_branch_day_of_week_operator.py for tasks to queue
[2025-08-12T16:02:05.924+0000] {logging_mixin.py:150} INFO - [2025-08-12T16:02:05.924+0000] {dagbag.py:541} INFO - Filling up the DagBag from /home/vscode/.local/lib/python3.10/site-packages/airflow/example_dags/example_branch_day_of_week_operator.py
[2025-08-12T16:02:05.930+0000] {processor.py:836} INFO - DAG(s) dict_keys(['example_weekday_branch_operator']) retrieved from /home/vscode/.local/lib/python3.10/site-packages/airflow/example_dags/example_branch_day_of_week_operator.py
[2025-08-12T16:02:05.942+0000] {logging_mixin.py:150} INFO - [2025-08-12T16:02:05.942+0000] {dag.py:2742} INFO - Sync 1 DAGs
[2025-08-12T16:02:05.957+0000] {logging_mixin.py:150} INFO - [2025-08-12T16:02:05.957+0000] {dag.py:3504} INFO - Setting next_dagrun for example_weekday_branch_operator to 2025-08-11T00:00:00+00:00, run_after=2025-08-12T00:00:00+00:00
[2025-08-12T16:02:05.972+0000] {processor.py:179} INFO - Processing /home/vscode/.local/lib/python3.10/site-packages/airflow/example_dags/example_branch_day_of_week_operator.py took 0.051 seconds
[2025-08-12T16:02:47.595+0000] {processor.py:157} INFO - Started process (PID=29178) to work on /home/vscode/.local/lib/python3.10/site-packages/airflow/example_dags/example_branch_day_of_week_operator.py
[2025-08-12T16:02:47.596+0000] {processor.py:826} INFO - Processing file /home/vscode/.local/lib/python3.10/site-packages/airflow/example_dags/example_branch_day_of_week_operator.py for tasks to queue
[2025-08-12T16:02:47.596+0000] {logging_mixin.py:150} INFO - [2025-08-12T16:02:47.596+0000] {dagbag.py:541} INFO - Filling up the DagBag from /home/vscode/.local/lib/python3.10/site-packages/airflow/example_dags/example_branch_day_of_week_operator.py
[2025-08-12T16:02:47.602+0000] {processor.py:836} INFO - DAG(s) dict_keys(['example_weekday_branch_operator']) retrieved from /home/vscode/.local/lib/python3.10/site-packages/airflow/example_dags/example_branch_day_of_week_operator.py
[2025-08-12T16:02:47.615+0000] {logging_mixin.py:150} INFO - [2025-08-12T16:02:47.615+0000] {dag.py:2742} INFO - Sync 1 DAGs
[2025-08-12T16:02:47.630+0000] {logging_mixin.py:150} INFO - [2025-08-12T16:02:47.630+0000] {dag.py:3504} INFO - Setting next_dagrun for example_weekday_branch_operator to 2025-08-11T00:00:00+00:00, run_after=2025-08-12T00:00:00+00:00
[2025-08-12T16:02:47.645+0000] {processor.py:179} INFO - Processing /home/vscode/.local/lib/python3.10/site-packages/airflow/example_dags/example_branch_day_of_week_operator.py took 0.052 seconds
[2025-08-12T16:03:42.075+0000] {processor.py:157} INFO - Started process (PID=29534) to work on /home/vscode/.local/lib/python3.10/site-packages/airflow/example_dags/example_branch_day_of_week_operator.py
[2025-08-12T16:03:42.076+0000] {processor.py:826} INFO - Processing file /home/vscode/.local/lib/python3.10/site-packages/airflow/example_dags/example_branch_day_of_week_operator.py for tasks to queue
[2025-08-12T16:03:42.077+0000] {logging_mixin.py:150} INFO - [2025-08-12T16:03:42.076+0000] {dagbag.py:541} INFO - Filling up the DagBag from /home/vscode/.local/lib/python3.10/site-packages/airflow/example_dags/example_branch_day_of_week_operator.py
[2025-08-12T16:03:42.082+0000] {processor.py:836} INFO - DAG(s) dict_keys(['example_weekday_branch_operator']) retrieved from /home/vscode/.local/lib/python3.10/site-packages/airflow/example_dags/example_branch_day_of_week_operator.py
[2025-08-12T16:03:42.096+0000] {logging_mixin.py:150} INFO - [2025-08-12T16:03:42.096+0000] {dag.py:2742} INFO - Sync 1 DAGs
[2025-08-12T16:03:42.112+0000] {logging_mixin.py:150} INFO - [2025-08-12T16:03:42.112+0000] {dag.py:3504} INFO - Setting next_dagrun for example_weekday_branch_operator to 2025-08-11T00:00:00+00:00, run_after=2025-08-12T00:00:00+00:00
[2025-08-12T16:03:42.131+0000] {processor.py:179} INFO - Processing /home/vscode/.local/lib/python3.10/site-packages/airflow/example_dags/example_branch_day_of_week_operator.py took 0.058 seconds
[2025-08-12T16:04:31.146+0000] {processor.py:157} INFO - Started process (PID=29859) to work on /home/vscode/.local/lib/python3.10/site-packages/airflow/example_dags/example_branch_day_of_week_operator.py
[2025-08-12T16:04:31.147+0000] {processor.py:826} INFO - Processing file /home/vscode/.local/lib/python3.10/site-packages/airflow/example_dags/example_branch_day_of_week_operator.py for tasks to queue
[2025-08-12T16:04:31.148+0000] {logging_mixin.py:150} INFO - [2025-08-12T16:04:31.148+0000] {dagbag.py:541} INFO - Filling up the DagBag from /home/vscode/.local/lib/python3.10/site-packages/airflow/example_dags/example_branch_day_of_week_operator.py
[2025-08-12T16:04:31.156+0000] {processor.py:836} INFO - DAG(s) dict_keys(['example_weekday_branch_operator']) retrieved from /home/vscode/.local/lib/python3.10/site-packages/airflow/example_dags/example_branch_day_of_week_operator.py
[2025-08-12T16:04:31.174+0000] {logging_mixin.py:150} INFO - [2025-08-12T16:04:31.174+0000] {dag.py:2742} INFO - Sync 1 DAGs
[2025-08-12T16:04:31.197+0000] {logging_mixin.py:150} INFO - [2025-08-12T16:04:31.197+0000] {dag.py:3504} INFO - Setting next_dagrun for example_weekday_branch_operator to 2025-08-11T00:00:00+00:00, run_after=2025-08-12T00:00:00+00:00
[2025-08-12T16:04:31.230+0000] {processor.py:179} INFO - Processing /home/vscode/.local/lib/python3.10/site-packages/airflow/example_dags/example_branch_day_of_week_operator.py took 0.086 seconds
[2025-08-12T16:05:14.642+0000] {processor.py:157} INFO - Started process (PID=30152) to work on /home/vscode/.local/lib/python3.10/site-packages/airflow/example_dags/example_branch_day_of_week_operator.py
[2025-08-12T16:05:14.643+0000] {processor.py:826} INFO - Processing file /home/vscode/.local/lib/python3.10/site-packages/airflow/example_dags/example_branch_day_of_week_operator.py for tasks to queue
[2025-08-12T16:05:14.644+0000] {logging_mixin.py:150} INFO - [2025-08-12T16:05:14.643+0000] {dagbag.py:541} INFO - Filling up the DagBag from /home/vscode/.local/lib/python3.10/site-packages/airflow/example_dags/example_branch_day_of_week_operator.py
[2025-08-12T16:05:14.649+0000] {processor.py:836} INFO - DAG(s) dict_keys(['example_weekday_branch_operator']) retrieved from /home/vscode/.local/lib/python3.10/site-packages/airflow/example_dags/example_branch_day_of_week_operator.py
[2025-08-12T16:05:14.665+0000] {logging_mixin.py:150} INFO - [2025-08-12T16:05:14.665+0000] {dag.py:2742} INFO - Sync 1 DAGs
[2025-08-12T16:05:14.689+0000] {logging_mixin.py:150} INFO - [2025-08-12T16:05:14.688+0000] {dag.py:3504} INFO - Setting next_dagrun for example_weekday_branch_operator to 2025-08-11T00:00:00+00:00, run_after=2025-08-12T00:00:00+00:00
[2025-08-12T16:05:14.709+0000] {processor.py:179} INFO - Processing /home/vscode/.local/lib/python3.10/site-packages/airflow/example_dags/example_branch_day_of_week_operator.py took 0.069 seconds
[2025-08-12T16:05:58.898+0000] {processor.py:157} INFO - Started process (PID=30453) to work on /home/vscode/.local/lib/python3.10/site-packages/airflow/example_dags/example_branch_day_of_week_operator.py
[2025-08-12T16:05:58.899+0000] {processor.py:826} INFO - Processing file /home/vscode/.local/lib/python3.10/site-packages/airflow/example_dags/example_branch_day_of_week_operator.py for tasks to queue
[2025-08-12T16:05:58.900+0000] {logging_mixin.py:150} INFO - [2025-08-12T16:05:58.899+0000] {dagbag.py:541} INFO - Filling up the DagBag from /home/vscode/.local/lib/python3.10/site-packages/airflow/example_dags/example_branch_day_of_week_operator.py
[2025-08-12T16:05:58.905+0000] {processor.py:836} INFO - DAG(s) dict_keys(['example_weekday_branch_operator']) retrieved from /home/vscode/.local/lib/python3.10/site-packages/airflow/example_dags/example_branch_day_of_week_operator.py
[2025-08-12T16:05:58.918+0000] {logging_mixin.py:150} INFO - [2025-08-12T16:05:58.917+0000] {dag.py:2742} INFO - Sync 1 DAGs
[2025-08-12T16:05:58.932+0000] {logging_mixin.py:150} INFO - [2025-08-12T16:05:58.932+0000] {dag.py:3504} INFO - Setting next_dagrun for example_weekday_branch_operator to 2025-08-11T00:00:00+00:00, run_after=2025-08-12T00:00:00+00:00
[2025-08-12T16:05:58.947+0000] {processor.py:179} INFO - Processing /home/vscode/.local/lib/python3.10/site-packages/airflow/example_dags/example_branch_day_of_week_operator.py took 0.051 seconds
[2025-08-12T16:06:48.139+0000] {processor.py:157} INFO - Started process (PID=30780) to work on /home/vscode/.local/lib/python3.10/site-packages/airflow/example_dags/example_branch_day_of_week_operator.py
[2025-08-12T16:06:48.140+0000] {processor.py:826} INFO - Processing file /home/vscode/.local/lib/python3.10/site-packages/airflow/example_dags/example_branch_day_of_week_operator.py for tasks to queue
[2025-08-12T16:06:48.140+0000] {logging_mixin.py:150} INFO - [2025-08-12T16:06:48.140+0000] {dagbag.py:541} INFO - Filling up the DagBag from /home/vscode/.local/lib/python3.10/site-packages/airflow/example_dags/example_branch_day_of_week_operator.py
[2025-08-12T16:06:48.146+0000] {processor.py:836} INFO - DAG(s) dict_keys(['example_weekday_branch_operator']) retrieved from /home/vscode/.local/lib/python3.10/site-packages/airflow/example_dags/example_branch_day_of_week_operator.py
[2025-08-12T16:06:48.159+0000] {logging_mixin.py:150} INFO - [2025-08-12T16:06:48.159+0000] {dag.py:2742} INFO - Sync 1 DAGs
[2025-08-12T16:06:48.175+0000] {logging_mixin.py:150} INFO - [2025-08-12T16:06:48.175+0000] {dag.py:3504} INFO - Setting next_dagrun for example_weekday_branch_operator to 2025-08-11T00:00:00+00:00, run_after=2025-08-12T00:00:00+00:00
[2025-08-12T16:06:48.191+0000] {processor.py:179} INFO - Processing /home/vscode/.local/lib/python3.10/site-packages/airflow/example_dags/example_branch_day_of_week_operator.py took 0.054 seconds
[2025-08-12T16:07:42.430+0000] {processor.py:157} INFO - Started process (PID=31139) to work on /home/vscode/.local/lib/python3.10/site-packages/airflow/example_dags/example_branch_day_of_week_operator.py
[2025-08-12T16:07:42.430+0000] {processor.py:826} INFO - Processing file /home/vscode/.local/lib/python3.10/site-packages/airflow/example_dags/example_branch_day_of_week_operator.py for tasks to queue
[2025-08-12T16:07:42.431+0000] {logging_mixin.py:150} INFO - [2025-08-12T16:07:42.431+0000] {dagbag.py:541} INFO - Filling up the DagBag from /home/vscode/.local/lib/python3.10/site-packages/airflow/example_dags/example_branch_day_of_week_operator.py
[2025-08-12T16:07:42.437+0000] {processor.py:836} INFO - DAG(s) dict_keys(['example_weekday_branch_operator']) retrieved from /home/vscode/.local/lib/python3.10/site-packages/airflow/example_dags/example_branch_day_of_week_operator.py
[2025-08-12T16:07:42.451+0000] {logging_mixin.py:150} INFO - [2025-08-12T16:07:42.451+0000] {dag.py:2742} INFO - Sync 1 DAGs
[2025-08-12T16:07:42.466+0000] {logging_mixin.py:150} INFO - [2025-08-12T16:07:42.466+0000] {dag.py:3504} INFO - Setting next_dagrun for example_weekday_branch_operator to 2025-08-11T00:00:00+00:00, run_after=2025-08-12T00:00:00+00:00
[2025-08-12T16:07:42.484+0000] {processor.py:179} INFO - Processing /home/vscode/.local/lib/python3.10/site-packages/airflow/example_dags/example_branch_day_of_week_operator.py took 0.056 seconds
[2025-08-12T16:08:25.788+0000] {processor.py:157} INFO - Started process (PID=31437) to work on /home/vscode/.local/lib/python3.10/site-packages/airflow/example_dags/example_branch_day_of_week_operator.py
[2025-08-12T16:08:25.789+0000] {processor.py:826} INFO - Processing file /home/vscode/.local/lib/python3.10/site-packages/airflow/example_dags/example_branch_day_of_week_operator.py for tasks to queue
[2025-08-12T16:08:25.789+0000] {logging_mixin.py:150} INFO - [2025-08-12T16:08:25.789+0000] {dagbag.py:541} INFO - Filling up the DagBag from /home/vscode/.local/lib/python3.10/site-packages/airflow/example_dags/example_branch_day_of_week_operator.py
[2025-08-12T16:08:25.795+0000] {processor.py:836} INFO - DAG(s) dict_keys(['example_weekday_branch_operator']) retrieved from /home/vscode/.local/lib/python3.10/site-packages/airflow/example_dags/example_branch_day_of_week_operator.py
[2025-08-12T16:08:25.807+0000] {logging_mixin.py:150} INFO - [2025-08-12T16:08:25.807+0000] {dag.py:2742} INFO - Sync 1 DAGs
[2025-08-12T16:08:25.823+0000] {logging_mixin.py:150} INFO - [2025-08-12T16:08:25.822+0000] {dag.py:3504} INFO - Setting next_dagrun for example_weekday_branch_operator to 2025-08-11T00:00:00+00:00, run_after=2025-08-12T00:00:00+00:00
[2025-08-12T16:08:25.837+0000] {processor.py:179} INFO - Processing /home/vscode/.local/lib/python3.10/site-packages/airflow/example_dags/example_branch_day_of_week_operator.py took 0.051 seconds
[2025-08-12T16:09:21.618+0000] {processor.py:157} INFO - Started process (PID=31801) to work on /home/vscode/.local/lib/python3.10/site-packages/airflow/example_dags/example_branch_day_of_week_operator.py
[2025-08-12T16:09:21.618+0000] {processor.py:826} INFO - Processing file /home/vscode/.local/lib/python3.10/site-packages/airflow/example_dags/example_branch_day_of_week_operator.py for tasks to queue
[2025-08-12T16:09:21.619+0000] {logging_mixin.py:150} INFO - [2025-08-12T16:09:21.619+0000] {dagbag.py:541} INFO - Filling up the DagBag from /home/vscode/.local/lib/python3.10/site-packages/airflow/example_dags/example_branch_day_of_week_operator.py
[2025-08-12T16:09:21.624+0000] {processor.py:836} INFO - DAG(s) dict_keys(['example_weekday_branch_operator']) retrieved from /home/vscode/.local/lib/python3.10/site-packages/airflow/example_dags/example_branch_day_of_week_operator.py
[2025-08-12T16:09:21.637+0000] {logging_mixin.py:150} INFO - [2025-08-12T16:09:21.636+0000] {dag.py:2742} INFO - Sync 1 DAGs
[2025-08-12T16:09:21.651+0000] {logging_mixin.py:150} INFO - [2025-08-12T16:09:21.651+0000] {dag.py:3504} INFO - Setting next_dagrun for example_weekday_branch_operator to 2025-08-11T00:00:00+00:00, run_after=2025-08-12T00:00:00+00:00
[2025-08-12T16:09:21.666+0000] {processor.py:179} INFO - Processing /home/vscode/.local/lib/python3.10/site-packages/airflow/example_dags/example_branch_day_of_week_operator.py took 0.051 seconds
[2025-08-12T16:10:07.437+0000] {processor.py:157} INFO - Started process (PID=32103) to work on /home/vscode/.local/lib/python3.10/site-packages/airflow/example_dags/example_branch_day_of_week_operator.py
[2025-08-12T16:10:07.437+0000] {processor.py:826} INFO - Processing file /home/vscode/.local/lib/python3.10/site-packages/airflow/example_dags/example_branch_day_of_week_operator.py for tasks to queue
[2025-08-12T16:10:07.438+0000] {logging_mixin.py:150} INFO - [2025-08-12T16:10:07.437+0000] {dagbag.py:541} INFO - Filling up the DagBag from /home/vscode/.local/lib/python3.10/site-packages/airflow/example_dags/example_branch_day_of_week_operator.py
[2025-08-12T16:10:07.443+0000] {processor.py:836} INFO - DAG(s) dict_keys(['example_weekday_branch_operator']) retrieved from /home/vscode/.local/lib/python3.10/site-packages/airflow/example_dags/example_branch_day_of_week_operator.py
[2025-08-12T16:10:07.456+0000] {logging_mixin.py:150} INFO - [2025-08-12T16:10:07.455+0000] {dag.py:2742} INFO - Sync 1 DAGs
[2025-08-12T16:10:07.470+0000] {logging_mixin.py:150} INFO - [2025-08-12T16:10:07.470+0000] {dag.py:3504} INFO - Setting next_dagrun for example_weekday_branch_operator to 2025-08-11T00:00:00+00:00, run_after=2025-08-12T00:00:00+00:00
[2025-08-12T16:10:07.486+0000] {processor.py:179} INFO - Processing /home/vscode/.local/lib/python3.10/site-packages/airflow/example_dags/example_branch_day_of_week_operator.py took 0.052 seconds
[2025-08-12T16:10:53.966+0000] {processor.py:157} INFO - Started process (PID=32413) to work on /home/vscode/.local/lib/python3.10/site-packages/airflow/example_dags/example_branch_day_of_week_operator.py
[2025-08-12T16:10:53.967+0000] {processor.py:826} INFO - Processing file /home/vscode/.local/lib/python3.10/site-packages/airflow/example_dags/example_branch_day_of_week_operator.py for tasks to queue
[2025-08-12T16:10:53.967+0000] {logging_mixin.py:150} INFO - [2025-08-12T16:10:53.967+0000] {dagbag.py:541} INFO - Filling up the DagBag from /home/vscode/.local/lib/python3.10/site-packages/airflow/example_dags/example_branch_day_of_week_operator.py
[2025-08-12T16:10:53.973+0000] {processor.py:836} INFO - DAG(s) dict_keys(['example_weekday_branch_operator']) retrieved from /home/vscode/.local/lib/python3.10/site-packages/airflow/example_dags/example_branch_day_of_week_operator.py
[2025-08-12T16:10:53.985+0000] {logging_mixin.py:150} INFO - [2025-08-12T16:10:53.985+0000] {dag.py:2742} INFO - Sync 1 DAGs
[2025-08-12T16:10:54.004+0000] {logging_mixin.py:150} INFO - [2025-08-12T16:10:54.004+0000] {dag.py:3504} INFO - Setting next_dagrun for example_weekday_branch_operator to 2025-08-11T00:00:00+00:00, run_after=2025-08-12T00:00:00+00:00
[2025-08-12T16:10:54.020+0000] {processor.py:179} INFO - Processing /home/vscode/.local/lib/python3.10/site-packages/airflow/example_dags/example_branch_day_of_week_operator.py took 0.055 seconds
[2025-08-12T16:11:37.287+0000] {processor.py:157} INFO - Started process (PID=32705) to work on /home/vscode/.local/lib/python3.10/site-packages/airflow/example_dags/example_branch_day_of_week_operator.py
[2025-08-12T16:11:37.288+0000] {processor.py:826} INFO - Processing file /home/vscode/.local/lib/python3.10/site-packages/airflow/example_dags/example_branch_day_of_week_operator.py for tasks to queue
[2025-08-12T16:11:37.289+0000] {logging_mixin.py:150} INFO - [2025-08-12T16:11:37.288+0000] {dagbag.py:541} INFO - Filling up the DagBag from /home/vscode/.local/lib/python3.10/site-packages/airflow/example_dags/example_branch_day_of_week_operator.py
[2025-08-12T16:11:37.297+0000] {processor.py:836} INFO - DAG(s) dict_keys(['example_weekday_branch_operator']) retrieved from /home/vscode/.local/lib/python3.10/site-packages/airflow/example_dags/example_branch_day_of_week_operator.py
[2025-08-12T16:11:37.317+0000] {logging_mixin.py:150} INFO - [2025-08-12T16:11:37.317+0000] {dag.py:2742} INFO - Sync 1 DAGs
[2025-08-12T16:11:37.342+0000] {logging_mixin.py:150} INFO - [2025-08-12T16:11:37.342+0000] {dag.py:3504} INFO - Setting next_dagrun for example_weekday_branch_operator to 2025-08-11T00:00:00+00:00, run_after=2025-08-12T00:00:00+00:00
[2025-08-12T16:11:37.366+0000] {processor.py:179} INFO - Processing /home/vscode/.local/lib/python3.10/site-packages/airflow/example_dags/example_branch_day_of_week_operator.py took 0.082 seconds
[2025-08-12T16:12:21.854+0000] {processor.py:157} INFO - Started process (PID=33000) to work on /home/vscode/.local/lib/python3.10/site-packages/airflow/example_dags/example_branch_day_of_week_operator.py
[2025-08-12T16:12:21.854+0000] {processor.py:826} INFO - Processing file /home/vscode/.local/lib/python3.10/site-packages/airflow/example_dags/example_branch_day_of_week_operator.py for tasks to queue
[2025-08-12T16:12:21.855+0000] {logging_mixin.py:150} INFO - [2025-08-12T16:12:21.855+0000] {dagbag.py:541} INFO - Filling up the DagBag from /home/vscode/.local/lib/python3.10/site-packages/airflow/example_dags/example_branch_day_of_week_operator.py
[2025-08-12T16:12:21.861+0000] {processor.py:836} INFO - DAG(s) dict_keys(['example_weekday_branch_operator']) retrieved from /home/vscode/.local/lib/python3.10/site-packages/airflow/example_dags/example_branch_day_of_week_operator.py
[2025-08-12T16:12:21.873+0000] {logging_mixin.py:150} INFO - [2025-08-12T16:12:21.873+0000] {dag.py:2742} INFO - Sync 1 DAGs
[2025-08-12T16:12:21.888+0000] {logging_mixin.py:150} INFO - [2025-08-12T16:12:21.888+0000] {dag.py:3504} INFO - Setting next_dagrun for example_weekday_branch_operator to 2025-08-11T00:00:00+00:00, run_after=2025-08-12T00:00:00+00:00
[2025-08-12T16:12:21.902+0000] {processor.py:179} INFO - Processing /home/vscode/.local/lib/python3.10/site-packages/airflow/example_dags/example_branch_day_of_week_operator.py took 0.051 seconds
[2025-08-12T16:13:10.260+0000] {processor.py:157} INFO - Started process (PID=33324) to work on /home/vscode/.local/lib/python3.10/site-packages/airflow/example_dags/example_branch_day_of_week_operator.py
[2025-08-12T16:13:10.260+0000] {processor.py:826} INFO - Processing file /home/vscode/.local/lib/python3.10/site-packages/airflow/example_dags/example_branch_day_of_week_operator.py for tasks to queue
[2025-08-12T16:13:10.261+0000] {logging_mixin.py:150} INFO - [2025-08-12T16:13:10.261+0000] {dagbag.py:541} INFO - Filling up the DagBag from /home/vscode/.local/lib/python3.10/site-packages/airflow/example_dags/example_branch_day_of_week_operator.py
[2025-08-12T16:13:10.267+0000] {processor.py:836} INFO - DAG(s) dict_keys(['example_weekday_branch_operator']) retrieved from /home/vscode/.local/lib/python3.10/site-packages/airflow/example_dags/example_branch_day_of_week_operator.py
[2025-08-12T16:13:10.280+0000] {logging_mixin.py:150} INFO - [2025-08-12T16:13:10.280+0000] {dag.py:2742} INFO - Sync 1 DAGs
[2025-08-12T16:13:10.295+0000] {logging_mixin.py:150} INFO - [2025-08-12T16:13:10.295+0000] {dag.py:3504} INFO - Setting next_dagrun for example_weekday_branch_operator to 2025-08-11T00:00:00+00:00, run_after=2025-08-12T00:00:00+00:00
[2025-08-12T16:13:10.311+0000] {processor.py:179} INFO - Processing /home/vscode/.local/lib/python3.10/site-packages/airflow/example_dags/example_branch_day_of_week_operator.py took 0.053 seconds
[2025-08-12T16:14:05.382+0000] {processor.py:157} INFO - Started process (PID=33682) to work on /home/vscode/.local/lib/python3.10/site-packages/airflow/example_dags/example_branch_day_of_week_operator.py
[2025-08-12T16:14:05.383+0000] {processor.py:826} INFO - Processing file /home/vscode/.local/lib/python3.10/site-packages/airflow/example_dags/example_branch_day_of_week_operator.py for tasks to queue
[2025-08-12T16:14:05.383+0000] {logging_mixin.py:150} INFO - [2025-08-12T16:14:05.383+0000] {dagbag.py:541} INFO - Filling up the DagBag from /home/vscode/.local/lib/python3.10/site-packages/airflow/example_dags/example_branch_day_of_week_operator.py
[2025-08-12T16:14:05.389+0000] {processor.py:836} INFO - DAG(s) dict_keys(['example_weekday_branch_operator']) retrieved from /home/vscode/.local/lib/python3.10/site-packages/airflow/example_dags/example_branch_day_of_week_operator.py
[2025-08-12T16:14:05.401+0000] {logging_mixin.py:150} INFO - [2025-08-12T16:14:05.401+0000] {dag.py:2742} INFO - Sync 1 DAGs
[2025-08-12T16:14:05.418+0000] {logging_mixin.py:150} INFO - [2025-08-12T16:14:05.418+0000] {dag.py:3504} INFO - Setting next_dagrun for example_weekday_branch_operator to 2025-08-11T00:00:00+00:00, run_after=2025-08-12T00:00:00+00:00
[2025-08-12T16:14:05.434+0000] {processor.py:179} INFO - Processing /home/vscode/.local/lib/python3.10/site-packages/airflow/example_dags/example_branch_day_of_week_operator.py took 0.054 seconds
[2025-08-12T16:14:49.748+0000] {processor.py:157} INFO - Started process (PID=33987) to work on /home/vscode/.local/lib/python3.10/site-packages/airflow/example_dags/example_branch_day_of_week_operator.py
[2025-08-12T16:14:49.749+0000] {processor.py:826} INFO - Processing file /home/vscode/.local/lib/python3.10/site-packages/airflow/example_dags/example_branch_day_of_week_operator.py for tasks to queue
[2025-08-12T16:14:49.750+0000] {logging_mixin.py:150} INFO - [2025-08-12T16:14:49.749+0000] {dagbag.py:541} INFO - Filling up the DagBag from /home/vscode/.local/lib/python3.10/site-packages/airflow/example_dags/example_branch_day_of_week_operator.py
[2025-08-12T16:14:49.755+0000] {processor.py:836} INFO - DAG(s) dict_keys(['example_weekday_branch_operator']) retrieved from /home/vscode/.local/lib/python3.10/site-packages/airflow/example_dags/example_branch_day_of_week_operator.py
[2025-08-12T16:14:49.768+0000] {logging_mixin.py:150} INFO - [2025-08-12T16:14:49.768+0000] {dag.py:2742} INFO - Sync 1 DAGs
[2025-08-12T16:14:49.787+0000] {logging_mixin.py:150} INFO - [2025-08-12T16:14:49.787+0000] {dag.py:3504} INFO - Setting next_dagrun for example_weekday_branch_operator to 2025-08-11T00:00:00+00:00, run_after=2025-08-12T00:00:00+00:00
[2025-08-12T16:14:49.811+0000] {processor.py:179} INFO - Processing /home/vscode/.local/lib/python3.10/site-packages/airflow/example_dags/example_branch_day_of_week_operator.py took 0.065 seconds
[2025-08-12T16:15:45.111+0000] {processor.py:157} INFO - Started process (PID=34352) to work on /home/vscode/.local/lib/python3.10/site-packages/airflow/example_dags/example_branch_day_of_week_operator.py
[2025-08-12T16:15:45.112+0000] {processor.py:826} INFO - Processing file /home/vscode/.local/lib/python3.10/site-packages/airflow/example_dags/example_branch_day_of_week_operator.py for tasks to queue
[2025-08-12T16:15:45.112+0000] {logging_mixin.py:150} INFO - [2025-08-12T16:15:45.112+0000] {dagbag.py:541} INFO - Filling up the DagBag from /home/vscode/.local/lib/python3.10/site-packages/airflow/example_dags/example_branch_day_of_week_operator.py
[2025-08-12T16:15:45.118+0000] {processor.py:836} INFO - DAG(s) dict_keys(['example_weekday_branch_operator']) retrieved from /home/vscode/.local/lib/python3.10/site-packages/airflow/example_dags/example_branch_day_of_week_operator.py
[2025-08-12T16:15:45.133+0000] {logging_mixin.py:150} INFO - [2025-08-12T16:15:45.133+0000] {dag.py:2742} INFO - Sync 1 DAGs
[2025-08-12T16:15:45.150+0000] {logging_mixin.py:150} INFO - [2025-08-12T16:15:45.150+0000] {dag.py:3504} INFO - Setting next_dagrun for example_weekday_branch_operator to 2025-08-11T00:00:00+00:00, run_after=2025-08-12T00:00:00+00:00
[2025-08-12T16:15:45.166+0000] {processor.py:179} INFO - Processing /home/vscode/.local/lib/python3.10/site-packages/airflow/example_dags/example_branch_day_of_week_operator.py took 0.057 seconds
[2025-08-12T16:16:27.251+0000] {processor.py:157} INFO - Started process (PID=34637) to work on /home/vscode/.local/lib/python3.10/site-packages/airflow/example_dags/example_branch_day_of_week_operator.py
[2025-08-12T16:16:27.252+0000] {processor.py:826} INFO - Processing file /home/vscode/.local/lib/python3.10/site-packages/airflow/example_dags/example_branch_day_of_week_operator.py for tasks to queue
[2025-08-12T16:16:27.252+0000] {logging_mixin.py:150} INFO - [2025-08-12T16:16:27.252+0000] {dagbag.py:541} INFO - Filling up the DagBag from /home/vscode/.local/lib/python3.10/site-packages/airflow/example_dags/example_branch_day_of_week_operator.py
[2025-08-12T16:16:27.258+0000] {processor.py:836} INFO - DAG(s) dict_keys(['example_weekday_branch_operator']) retrieved from /home/vscode/.local/lib/python3.10/site-packages/airflow/example_dags/example_branch_day_of_week_operator.py
[2025-08-12T16:16:27.272+0000] {logging_mixin.py:150} INFO - [2025-08-12T16:16:27.272+0000] {dag.py:2742} INFO - Sync 1 DAGs
[2025-08-12T16:16:27.287+0000] {logging_mixin.py:150} INFO - [2025-08-12T16:16:27.287+0000] {dag.py:3504} INFO - Setting next_dagrun for example_weekday_branch_operator to 2025-08-11T00:00:00+00:00, run_after=2025-08-12T00:00:00+00:00
[2025-08-12T16:16:27.303+0000] {processor.py:179} INFO - Processing /home/vscode/.local/lib/python3.10/site-packages/airflow/example_dags/example_branch_day_of_week_operator.py took 0.054 seconds
[2025-08-12T16:17:11.231+0000] {processor.py:157} INFO - Started process (PID=34931) to work on /home/vscode/.local/lib/python3.10/site-packages/airflow/example_dags/example_branch_day_of_week_operator.py
[2025-08-12T16:17:11.232+0000] {processor.py:826} INFO - Processing file /home/vscode/.local/lib/python3.10/site-packages/airflow/example_dags/example_branch_day_of_week_operator.py for tasks to queue
[2025-08-12T16:17:11.232+0000] {logging_mixin.py:150} INFO - [2025-08-12T16:17:11.232+0000] {dagbag.py:541} INFO - Filling up the DagBag from /home/vscode/.local/lib/python3.10/site-packages/airflow/example_dags/example_branch_day_of_week_operator.py
[2025-08-12T16:17:11.238+0000] {processor.py:836} INFO - DAG(s) dict_keys(['example_weekday_branch_operator']) retrieved from /home/vscode/.local/lib/python3.10/site-packages/airflow/example_dags/example_branch_day_of_week_operator.py
[2025-08-12T16:17:11.250+0000] {logging_mixin.py:150} INFO - [2025-08-12T16:17:11.250+0000] {dag.py:2742} INFO - Sync 1 DAGs
[2025-08-12T16:17:11.266+0000] {logging_mixin.py:150} INFO - [2025-08-12T16:17:11.266+0000] {dag.py:3504} INFO - Setting next_dagrun for example_weekday_branch_operator to 2025-08-11T00:00:00+00:00, run_after=2025-08-12T00:00:00+00:00
[2025-08-12T16:17:11.282+0000] {processor.py:179} INFO - Processing /home/vscode/.local/lib/python3.10/site-packages/airflow/example_dags/example_branch_day_of_week_operator.py took 0.053 seconds
[2025-08-12T16:18:02.305+0000] {processor.py:157} INFO - Started process (PID=35270) to work on /home/vscode/.local/lib/python3.10/site-packages/airflow/example_dags/example_branch_day_of_week_operator.py
[2025-08-12T16:18:02.306+0000] {processor.py:826} INFO - Processing file /home/vscode/.local/lib/python3.10/site-packages/airflow/example_dags/example_branch_day_of_week_operator.py for tasks to queue
[2025-08-12T16:18:02.306+0000] {logging_mixin.py:150} INFO - [2025-08-12T16:18:02.306+0000] {dagbag.py:541} INFO - Filling up the DagBag from /home/vscode/.local/lib/python3.10/site-packages/airflow/example_dags/example_branch_day_of_week_operator.py
[2025-08-12T16:18:02.312+0000] {processor.py:836} INFO - DAG(s) dict_keys(['example_weekday_branch_operator']) retrieved from /home/vscode/.local/lib/python3.10/site-packages/airflow/example_dags/example_branch_day_of_week_operator.py
[2025-08-12T16:18:02.325+0000] {logging_mixin.py:150} INFO - [2025-08-12T16:18:02.324+0000] {dag.py:2742} INFO - Sync 1 DAGs
[2025-08-12T16:18:02.339+0000] {logging_mixin.py:150} INFO - [2025-08-12T16:18:02.339+0000] {dag.py:3504} INFO - Setting next_dagrun for example_weekday_branch_operator to 2025-08-11T00:00:00+00:00, run_after=2025-08-12T00:00:00+00:00
[2025-08-12T16:18:02.355+0000] {processor.py:179} INFO - Processing /home/vscode/.local/lib/python3.10/site-packages/airflow/example_dags/example_branch_day_of_week_operator.py took 0.052 seconds
[2025-08-12T16:18:55.549+0000] {processor.py:157} INFO - Started process (PID=35624) to work on /home/vscode/.local/lib/python3.10/site-packages/airflow/example_dags/example_branch_day_of_week_operator.py
[2025-08-12T16:18:55.550+0000] {processor.py:826} INFO - Processing file /home/vscode/.local/lib/python3.10/site-packages/airflow/example_dags/example_branch_day_of_week_operator.py for tasks to queue
[2025-08-12T16:18:55.550+0000] {logging_mixin.py:150} INFO - [2025-08-12T16:18:55.550+0000] {dagbag.py:541} INFO - Filling up the DagBag from /home/vscode/.local/lib/python3.10/site-packages/airflow/example_dags/example_branch_day_of_week_operator.py
[2025-08-12T16:18:55.556+0000] {processor.py:836} INFO - DAG(s) dict_keys(['example_weekday_branch_operator']) retrieved from /home/vscode/.local/lib/python3.10/site-packages/airflow/example_dags/example_branch_day_of_week_operator.py
[2025-08-12T16:18:55.569+0000] {logging_mixin.py:150} INFO - [2025-08-12T16:18:55.569+0000] {dag.py:2742} INFO - Sync 1 DAGs
[2025-08-12T16:18:55.584+0000] {logging_mixin.py:150} INFO - [2025-08-12T16:18:55.584+0000] {dag.py:3504} INFO - Setting next_dagrun for example_weekday_branch_operator to 2025-08-11T00:00:00+00:00, run_after=2025-08-12T00:00:00+00:00
[2025-08-12T16:18:55.599+0000] {processor.py:179} INFO - Processing /home/vscode/.local/lib/python3.10/site-packages/airflow/example_dags/example_branch_day_of_week_operator.py took 0.052 seconds
[2025-08-12T16:19:38.975+0000] {processor.py:157} INFO - Started process (PID=35909) to work on /home/vscode/.local/lib/python3.10/site-packages/airflow/example_dags/example_branch_day_of_week_operator.py
[2025-08-12T16:19:38.976+0000] {processor.py:826} INFO - Processing file /home/vscode/.local/lib/python3.10/site-packages/airflow/example_dags/example_branch_day_of_week_operator.py for tasks to queue
[2025-08-12T16:19:38.976+0000] {logging_mixin.py:150} INFO - [2025-08-12T16:19:38.976+0000] {dagbag.py:541} INFO - Filling up the DagBag from /home/vscode/.local/lib/python3.10/site-packages/airflow/example_dags/example_branch_day_of_week_operator.py
[2025-08-12T16:19:38.982+0000] {processor.py:836} INFO - DAG(s) dict_keys(['example_weekday_branch_operator']) retrieved from /home/vscode/.local/lib/python3.10/site-packages/airflow/example_dags/example_branch_day_of_week_operator.py
[2025-08-12T16:19:38.994+0000] {logging_mixin.py:150} INFO - [2025-08-12T16:19:38.994+0000] {dag.py:2742} INFO - Sync 1 DAGs
[2025-08-12T16:19:39.010+0000] {logging_mixin.py:150} INFO - [2025-08-12T16:19:39.009+0000] {dag.py:3504} INFO - Setting next_dagrun for example_weekday_branch_operator to 2025-08-11T00:00:00+00:00, run_after=2025-08-12T00:00:00+00:00
[2025-08-12T16:19:39.026+0000] {processor.py:179} INFO - Processing /home/vscode/.local/lib/python3.10/site-packages/airflow/example_dags/example_branch_day_of_week_operator.py took 0.053 seconds
[2025-08-12T16:20:28.033+0000] {processor.py:157} INFO - Started process (PID=36235) to work on /home/vscode/.local/lib/python3.10/site-packages/airflow/example_dags/example_branch_day_of_week_operator.py
[2025-08-12T16:20:28.033+0000] {processor.py:826} INFO - Processing file /home/vscode/.local/lib/python3.10/site-packages/airflow/example_dags/example_branch_day_of_week_operator.py for tasks to queue
[2025-08-12T16:20:28.034+0000] {logging_mixin.py:150} INFO - [2025-08-12T16:20:28.034+0000] {dagbag.py:541} INFO - Filling up the DagBag from /home/vscode/.local/lib/python3.10/site-packages/airflow/example_dags/example_branch_day_of_week_operator.py
[2025-08-12T16:20:28.039+0000] {processor.py:836} INFO - DAG(s) dict_keys(['example_weekday_branch_operator']) retrieved from /home/vscode/.local/lib/python3.10/site-packages/airflow/example_dags/example_branch_day_of_week_operator.py
[2025-08-12T16:20:28.052+0000] {logging_mixin.py:150} INFO - [2025-08-12T16:20:28.052+0000] {dag.py:2742} INFO - Sync 1 DAGs
[2025-08-12T16:20:28.067+0000] {logging_mixin.py:150} INFO - [2025-08-12T16:20:28.067+0000] {dag.py:3504} INFO - Setting next_dagrun for example_weekday_branch_operator to 2025-08-11T00:00:00+00:00, run_after=2025-08-12T00:00:00+00:00
[2025-08-12T16:20:28.083+0000] {processor.py:179} INFO - Processing /home/vscode/.local/lib/python3.10/site-packages/airflow/example_dags/example_branch_day_of_week_operator.py took 0.052 seconds
[2025-08-12T16:21:10.305+0000] {processor.py:157} INFO - Started process (PID=36520) to work on /home/vscode/.local/lib/python3.10/site-packages/airflow/example_dags/example_branch_day_of_week_operator.py
[2025-08-12T16:21:10.305+0000] {processor.py:826} INFO - Processing file /home/vscode/.local/lib/python3.10/site-packages/airflow/example_dags/example_branch_day_of_week_operator.py for tasks to queue
[2025-08-12T16:21:10.306+0000] {logging_mixin.py:150} INFO - [2025-08-12T16:21:10.306+0000] {dagbag.py:541} INFO - Filling up the DagBag from /home/vscode/.local/lib/python3.10/site-packages/airflow/example_dags/example_branch_day_of_week_operator.py
[2025-08-12T16:21:10.312+0000] {processor.py:836} INFO - DAG(s) dict_keys(['example_weekday_branch_operator']) retrieved from /home/vscode/.local/lib/python3.10/site-packages/airflow/example_dags/example_branch_day_of_week_operator.py
[2025-08-12T16:21:10.324+0000] {logging_mixin.py:150} INFO - [2025-08-12T16:21:10.324+0000] {dag.py:2742} INFO - Sync 1 DAGs
[2025-08-12T16:21:10.340+0000] {logging_mixin.py:150} INFO - [2025-08-12T16:21:10.340+0000] {dag.py:3504} INFO - Setting next_dagrun for example_weekday_branch_operator to 2025-08-11T00:00:00+00:00, run_after=2025-08-12T00:00:00+00:00
[2025-08-12T16:21:10.355+0000] {processor.py:179} INFO - Processing /home/vscode/.local/lib/python3.10/site-packages/airflow/example_dags/example_branch_day_of_week_operator.py took 0.052 seconds
[2025-08-12T16:21:56.404+0000] {processor.py:157} INFO - Started process (PID=36824) to work on /home/vscode/.local/lib/python3.10/site-packages/airflow/example_dags/example_branch_day_of_week_operator.py
[2025-08-12T16:21:56.405+0000] {processor.py:826} INFO - Processing file /home/vscode/.local/lib/python3.10/site-packages/airflow/example_dags/example_branch_day_of_week_operator.py for tasks to queue
[2025-08-12T16:21:56.405+0000] {logging_mixin.py:150} INFO - [2025-08-12T16:21:56.405+0000] {dagbag.py:541} INFO - Filling up the DagBag from /home/vscode/.local/lib/python3.10/site-packages/airflow/example_dags/example_branch_day_of_week_operator.py
[2025-08-12T16:21:56.411+0000] {processor.py:836} INFO - DAG(s) dict_keys(['example_weekday_branch_operator']) retrieved from /home/vscode/.local/lib/python3.10/site-packages/airflow/example_dags/example_branch_day_of_week_operator.py
[2025-08-12T16:21:56.423+0000] {logging_mixin.py:150} INFO - [2025-08-12T16:21:56.423+0000] {dag.py:2742} INFO - Sync 1 DAGs
[2025-08-12T16:21:56.438+0000] {logging_mixin.py:150} INFO - [2025-08-12T16:21:56.438+0000] {dag.py:3504} INFO - Setting next_dagrun for example_weekday_branch_operator to 2025-08-11T00:00:00+00:00, run_after=2025-08-12T00:00:00+00:00
[2025-08-12T16:21:56.454+0000] {processor.py:179} INFO - Processing /home/vscode/.local/lib/python3.10/site-packages/airflow/example_dags/example_branch_day_of_week_operator.py took 0.052 seconds
[2025-08-12T16:22:48.969+0000] {processor.py:157} INFO - Started process (PID=37177) to work on /home/vscode/.local/lib/python3.10/site-packages/airflow/example_dags/example_branch_day_of_week_operator.py
[2025-08-12T16:22:48.970+0000] {processor.py:826} INFO - Processing file /home/vscode/.local/lib/python3.10/site-packages/airflow/example_dags/example_branch_day_of_week_operator.py for tasks to queue
[2025-08-12T16:22:48.970+0000] {logging_mixin.py:150} INFO - [2025-08-12T16:22:48.970+0000] {dagbag.py:541} INFO - Filling up the DagBag from /home/vscode/.local/lib/python3.10/site-packages/airflow/example_dags/example_branch_day_of_week_operator.py
[2025-08-12T16:22:48.976+0000] {processor.py:836} INFO - DAG(s) dict_keys(['example_weekday_branch_operator']) retrieved from /home/vscode/.local/lib/python3.10/site-packages/airflow/example_dags/example_branch_day_of_week_operator.py
[2025-08-12T16:22:48.989+0000] {logging_mixin.py:150} INFO - [2025-08-12T16:22:48.989+0000] {dag.py:2742} INFO - Sync 1 DAGs
[2025-08-12T16:22:49.005+0000] {logging_mixin.py:150} INFO - [2025-08-12T16:22:49.004+0000] {dag.py:3504} INFO - Setting next_dagrun for example_weekday_branch_operator to 2025-08-11T00:00:00+00:00, run_after=2025-08-12T00:00:00+00:00
[2025-08-12T16:22:49.021+0000] {processor.py:179} INFO - Processing /home/vscode/.local/lib/python3.10/site-packages/airflow/example_dags/example_branch_day_of_week_operator.py took 0.054 seconds
[2025-08-12T16:23:36.232+0000] {processor.py:157} INFO - Started process (PID=37492) to work on /home/vscode/.local/lib/python3.10/site-packages/airflow/example_dags/example_branch_day_of_week_operator.py
[2025-08-12T16:23:36.232+0000] {processor.py:826} INFO - Processing file /home/vscode/.local/lib/python3.10/site-packages/airflow/example_dags/example_branch_day_of_week_operator.py for tasks to queue
[2025-08-12T16:23:36.233+0000] {logging_mixin.py:150} INFO - [2025-08-12T16:23:36.233+0000] {dagbag.py:541} INFO - Filling up the DagBag from /home/vscode/.local/lib/python3.10/site-packages/airflow/example_dags/example_branch_day_of_week_operator.py
[2025-08-12T16:23:36.241+0000] {processor.py:836} INFO - DAG(s) dict_keys(['example_weekday_branch_operator']) retrieved from /home/vscode/.local/lib/python3.10/site-packages/airflow/example_dags/example_branch_day_of_week_operator.py
[2025-08-12T16:23:36.260+0000] {logging_mixin.py:150} INFO - [2025-08-12T16:23:36.259+0000] {dag.py:2742} INFO - Sync 1 DAGs
[2025-08-12T16:23:36.279+0000] {logging_mixin.py:150} INFO - [2025-08-12T16:23:36.279+0000] {dag.py:3504} INFO - Setting next_dagrun for example_weekday_branch_operator to 2025-08-11T00:00:00+00:00, run_after=2025-08-12T00:00:00+00:00
[2025-08-12T16:23:36.294+0000] {processor.py:179} INFO - Processing /home/vscode/.local/lib/python3.10/site-packages/airflow/example_dags/example_branch_day_of_week_operator.py took 0.065 seconds
[2025-08-12T16:24:19.189+0000] {processor.py:157} INFO - Started process (PID=37772) to work on /home/vscode/.local/lib/python3.10/site-packages/airflow/example_dags/example_branch_day_of_week_operator.py
[2025-08-12T16:24:19.190+0000] {processor.py:826} INFO - Processing file /home/vscode/.local/lib/python3.10/site-packages/airflow/example_dags/example_branch_day_of_week_operator.py for tasks to queue
[2025-08-12T16:24:19.191+0000] {logging_mixin.py:150} INFO - [2025-08-12T16:24:19.190+0000] {dagbag.py:541} INFO - Filling up the DagBag from /home/vscode/.local/lib/python3.10/site-packages/airflow/example_dags/example_branch_day_of_week_operator.py
[2025-08-12T16:24:19.196+0000] {processor.py:836} INFO - DAG(s) dict_keys(['example_weekday_branch_operator']) retrieved from /home/vscode/.local/lib/python3.10/site-packages/airflow/example_dags/example_branch_day_of_week_operator.py
[2025-08-12T16:24:19.209+0000] {logging_mixin.py:150} INFO - [2025-08-12T16:24:19.209+0000] {dag.py:2742} INFO - Sync 1 DAGs
[2025-08-12T16:24:19.225+0000] {logging_mixin.py:150} INFO - [2025-08-12T16:24:19.225+0000] {dag.py:3504} INFO - Setting next_dagrun for example_weekday_branch_operator to 2025-08-11T00:00:00+00:00, run_after=2025-08-12T00:00:00+00:00
[2025-08-12T16:24:19.245+0000] {processor.py:179} INFO - Processing /home/vscode/.local/lib/python3.10/site-packages/airflow/example_dags/example_branch_day_of_week_operator.py took 0.058 seconds
[2025-08-12T16:25:03.905+0000] {processor.py:157} INFO - Started process (PID=38077) to work on /home/vscode/.local/lib/python3.10/site-packages/airflow/example_dags/example_branch_day_of_week_operator.py
[2025-08-12T16:25:03.906+0000] {processor.py:826} INFO - Processing file /home/vscode/.local/lib/python3.10/site-packages/airflow/example_dags/example_branch_day_of_week_operator.py for tasks to queue
[2025-08-12T16:25:03.907+0000] {logging_mixin.py:150} INFO - [2025-08-12T16:25:03.906+0000] {dagbag.py:541} INFO - Filling up the DagBag from /home/vscode/.local/lib/python3.10/site-packages/airflow/example_dags/example_branch_day_of_week_operator.py
[2025-08-12T16:25:03.912+0000] {processor.py:836} INFO - DAG(s) dict_keys(['example_weekday_branch_operator']) retrieved from /home/vscode/.local/lib/python3.10/site-packages/airflow/example_dags/example_branch_day_of_week_operator.py
[2025-08-12T16:25:03.924+0000] {logging_mixin.py:150} INFO - [2025-08-12T16:25:03.924+0000] {dag.py:2742} INFO - Sync 1 DAGs
[2025-08-12T16:25:03.939+0000] {logging_mixin.py:150} INFO - [2025-08-12T16:25:03.939+0000] {dag.py:3504} INFO - Setting next_dagrun for example_weekday_branch_operator to 2025-08-11T00:00:00+00:00, run_after=2025-08-12T00:00:00+00:00
[2025-08-12T16:25:03.953+0000] {processor.py:179} INFO - Processing /home/vscode/.local/lib/python3.10/site-packages/airflow/example_dags/example_branch_day_of_week_operator.py took 0.050 seconds
[2025-08-12T16:25:49.690+0000] {processor.py:157} INFO - Started process (PID=38372) to work on /home/vscode/.local/lib/python3.10/site-packages/airflow/example_dags/example_branch_day_of_week_operator.py
[2025-08-12T16:25:49.691+0000] {processor.py:826} INFO - Processing file /home/vscode/.local/lib/python3.10/site-packages/airflow/example_dags/example_branch_day_of_week_operator.py for tasks to queue
[2025-08-12T16:25:49.692+0000] {logging_mixin.py:150} INFO - [2025-08-12T16:25:49.691+0000] {dagbag.py:541} INFO - Filling up the DagBag from /home/vscode/.local/lib/python3.10/site-packages/airflow/example_dags/example_branch_day_of_week_operator.py
[2025-08-12T16:25:49.697+0000] {processor.py:836} INFO - DAG(s) dict_keys(['example_weekday_branch_operator']) retrieved from /home/vscode/.local/lib/python3.10/site-packages/airflow/example_dags/example_branch_day_of_week_operator.py
[2025-08-12T16:25:49.709+0000] {logging_mixin.py:150} INFO - [2025-08-12T16:25:49.709+0000] {dag.py:2742} INFO - Sync 1 DAGs
[2025-08-12T16:25:49.724+0000] {logging_mixin.py:150} INFO - [2025-08-12T16:25:49.724+0000] {dag.py:3504} INFO - Setting next_dagrun for example_weekday_branch_operator to 2025-08-11T00:00:00+00:00, run_after=2025-08-12T00:00:00+00:00
[2025-08-12T16:25:49.739+0000] {processor.py:179} INFO - Processing /home/vscode/.local/lib/python3.10/site-packages/airflow/example_dags/example_branch_day_of_week_operator.py took 0.051 seconds
[2025-08-12T16:26:32.841+0000] {processor.py:157} INFO - Started process (PID=38664) to work on /home/vscode/.local/lib/python3.10/site-packages/airflow/example_dags/example_branch_day_of_week_operator.py
[2025-08-12T16:26:32.841+0000] {processor.py:826} INFO - Processing file /home/vscode/.local/lib/python3.10/site-packages/airflow/example_dags/example_branch_day_of_week_operator.py for tasks to queue
[2025-08-12T16:26:32.842+0000] {logging_mixin.py:150} INFO - [2025-08-12T16:26:32.842+0000] {dagbag.py:541} INFO - Filling up the DagBag from /home/vscode/.local/lib/python3.10/site-packages/airflow/example_dags/example_branch_day_of_week_operator.py
[2025-08-12T16:26:32.848+0000] {processor.py:836} INFO - DAG(s) dict_keys(['example_weekday_branch_operator']) retrieved from /home/vscode/.local/lib/python3.10/site-packages/airflow/example_dags/example_branch_day_of_week_operator.py
[2025-08-12T16:26:32.860+0000] {logging_mixin.py:150} INFO - [2025-08-12T16:26:32.860+0000] {dag.py:2742} INFO - Sync 1 DAGs
[2025-08-12T16:26:32.875+0000] {logging_mixin.py:150} INFO - [2025-08-12T16:26:32.875+0000] {dag.py:3504} INFO - Setting next_dagrun for example_weekday_branch_operator to 2025-08-11T00:00:00+00:00, run_after=2025-08-12T00:00:00+00:00
[2025-08-12T16:26:32.891+0000] {processor.py:179} INFO - Processing /home/vscode/.local/lib/python3.10/site-packages/airflow/example_dags/example_branch_day_of_week_operator.py took 0.053 seconds
[2025-08-12T16:27:15.101+0000] {processor.py:157} INFO - Started process (PID=38947) to work on /home/vscode/.local/lib/python3.10/site-packages/airflow/example_dags/example_branch_day_of_week_operator.py
[2025-08-12T16:27:15.101+0000] {processor.py:826} INFO - Processing file /home/vscode/.local/lib/python3.10/site-packages/airflow/example_dags/example_branch_day_of_week_operator.py for tasks to queue
[2025-08-12T16:27:15.102+0000] {logging_mixin.py:150} INFO - [2025-08-12T16:27:15.102+0000] {dagbag.py:541} INFO - Filling up the DagBag from /home/vscode/.local/lib/python3.10/site-packages/airflow/example_dags/example_branch_day_of_week_operator.py
[2025-08-12T16:27:15.107+0000] {processor.py:836} INFO - DAG(s) dict_keys(['example_weekday_branch_operator']) retrieved from /home/vscode/.local/lib/python3.10/site-packages/airflow/example_dags/example_branch_day_of_week_operator.py
[2025-08-12T16:27:15.120+0000] {logging_mixin.py:150} INFO - [2025-08-12T16:27:15.120+0000] {dag.py:2742} INFO - Sync 1 DAGs
[2025-08-12T16:27:15.135+0000] {logging_mixin.py:150} INFO - [2025-08-12T16:27:15.135+0000] {dag.py:3504} INFO - Setting next_dagrun for example_weekday_branch_operator to 2025-08-11T00:00:00+00:00, run_after=2025-08-12T00:00:00+00:00
[2025-08-12T16:27:15.151+0000] {processor.py:179} INFO - Processing /home/vscode/.local/lib/python3.10/site-packages/airflow/example_dags/example_branch_day_of_week_operator.py took 0.053 seconds
[2025-08-12T16:27:58.342+0000] {processor.py:157} INFO - Started process (PID=39235) to work on /home/vscode/.local/lib/python3.10/site-packages/airflow/example_dags/example_branch_day_of_week_operator.py
[2025-08-12T16:27:58.342+0000] {processor.py:826} INFO - Processing file /home/vscode/.local/lib/python3.10/site-packages/airflow/example_dags/example_branch_day_of_week_operator.py for tasks to queue
[2025-08-12T16:27:58.343+0000] {logging_mixin.py:150} INFO - [2025-08-12T16:27:58.343+0000] {dagbag.py:541} INFO - Filling up the DagBag from /home/vscode/.local/lib/python3.10/site-packages/airflow/example_dags/example_branch_day_of_week_operator.py
[2025-08-12T16:27:58.349+0000] {processor.py:836} INFO - DAG(s) dict_keys(['example_weekday_branch_operator']) retrieved from /home/vscode/.local/lib/python3.10/site-packages/airflow/example_dags/example_branch_day_of_week_operator.py
[2025-08-12T16:27:58.363+0000] {logging_mixin.py:150} INFO - [2025-08-12T16:27:58.362+0000] {dag.py:2742} INFO - Sync 1 DAGs
[2025-08-12T16:27:58.377+0000] {logging_mixin.py:150} INFO - [2025-08-12T16:27:58.377+0000] {dag.py:3504} INFO - Setting next_dagrun for example_weekday_branch_operator to 2025-08-11T00:00:00+00:00, run_after=2025-08-12T00:00:00+00:00
[2025-08-12T16:27:58.393+0000] {processor.py:179} INFO - Processing /home/vscode/.local/lib/python3.10/site-packages/airflow/example_dags/example_branch_day_of_week_operator.py took 0.053 seconds
[2025-08-12T16:28:44.196+0000] {processor.py:157} INFO - Started process (PID=39538) to work on /home/vscode/.local/lib/python3.10/site-packages/airflow/example_dags/example_branch_day_of_week_operator.py
[2025-08-12T16:28:44.196+0000] {processor.py:826} INFO - Processing file /home/vscode/.local/lib/python3.10/site-packages/airflow/example_dags/example_branch_day_of_week_operator.py for tasks to queue
[2025-08-12T16:28:44.197+0000] {logging_mixin.py:150} INFO - [2025-08-12T16:28:44.197+0000] {dagbag.py:541} INFO - Filling up the DagBag from /home/vscode/.local/lib/python3.10/site-packages/airflow/example_dags/example_branch_day_of_week_operator.py
[2025-08-12T16:28:44.203+0000] {processor.py:836} INFO - DAG(s) dict_keys(['example_weekday_branch_operator']) retrieved from /home/vscode/.local/lib/python3.10/site-packages/airflow/example_dags/example_branch_day_of_week_operator.py
[2025-08-12T16:28:44.215+0000] {logging_mixin.py:150} INFO - [2025-08-12T16:28:44.215+0000] {dag.py:2742} INFO - Sync 1 DAGs
[2025-08-12T16:28:44.230+0000] {logging_mixin.py:150} INFO - [2025-08-12T16:28:44.230+0000] {dag.py:3504} INFO - Setting next_dagrun for example_weekday_branch_operator to 2025-08-11T00:00:00+00:00, run_after=2025-08-12T00:00:00+00:00
[2025-08-12T16:28:44.245+0000] {processor.py:179} INFO - Processing /home/vscode/.local/lib/python3.10/site-packages/airflow/example_dags/example_branch_day_of_week_operator.py took 0.051 seconds
[2025-08-12T16:29:31.798+0000] {processor.py:157} INFO - Started process (PID=39854) to work on /home/vscode/.local/lib/python3.10/site-packages/airflow/example_dags/example_branch_day_of_week_operator.py
[2025-08-12T16:29:31.798+0000] {processor.py:826} INFO - Processing file /home/vscode/.local/lib/python3.10/site-packages/airflow/example_dags/example_branch_day_of_week_operator.py for tasks to queue
[2025-08-12T16:29:31.799+0000] {logging_mixin.py:150} INFO - [2025-08-12T16:29:31.799+0000] {dagbag.py:541} INFO - Filling up the DagBag from /home/vscode/.local/lib/python3.10/site-packages/airflow/example_dags/example_branch_day_of_week_operator.py
[2025-08-12T16:29:31.804+0000] {processor.py:836} INFO - DAG(s) dict_keys(['example_weekday_branch_operator']) retrieved from /home/vscode/.local/lib/python3.10/site-packages/airflow/example_dags/example_branch_day_of_week_operator.py
[2025-08-12T16:29:31.817+0000] {logging_mixin.py:150} INFO - [2025-08-12T16:29:31.816+0000] {dag.py:2742} INFO - Sync 1 DAGs
[2025-08-12T16:29:31.831+0000] {logging_mixin.py:150} INFO - [2025-08-12T16:29:31.831+0000] {dag.py:3504} INFO - Setting next_dagrun for example_weekday_branch_operator to 2025-08-11T00:00:00+00:00, run_after=2025-08-12T00:00:00+00:00
[2025-08-12T16:29:31.847+0000] {processor.py:179} INFO - Processing /home/vscode/.local/lib/python3.10/site-packages/airflow/example_dags/example_branch_day_of_week_operator.py took 0.051 seconds
[2025-08-12T16:30:14.684+0000] {processor.py:157} INFO - Started process (PID=40146) to work on /home/vscode/.local/lib/python3.10/site-packages/airflow/example_dags/example_branch_day_of_week_operator.py
[2025-08-12T16:30:14.685+0000] {processor.py:826} INFO - Processing file /home/vscode/.local/lib/python3.10/site-packages/airflow/example_dags/example_branch_day_of_week_operator.py for tasks to queue
[2025-08-12T16:30:14.686+0000] {logging_mixin.py:150} INFO - [2025-08-12T16:30:14.685+0000] {dagbag.py:541} INFO - Filling up the DagBag from /home/vscode/.local/lib/python3.10/site-packages/airflow/example_dags/example_branch_day_of_week_operator.py
[2025-08-12T16:30:14.691+0000] {processor.py:836} INFO - DAG(s) dict_keys(['example_weekday_branch_operator']) retrieved from /home/vscode/.local/lib/python3.10/site-packages/airflow/example_dags/example_branch_day_of_week_operator.py
[2025-08-12T16:30:14.704+0000] {logging_mixin.py:150} INFO - [2025-08-12T16:30:14.704+0000] {dag.py:2742} INFO - Sync 1 DAGs
[2025-08-12T16:30:14.720+0000] {logging_mixin.py:150} INFO - [2025-08-12T16:30:14.720+0000] {dag.py:3504} INFO - Setting next_dagrun for example_weekday_branch_operator to 2025-08-11T00:00:00+00:00, run_after=2025-08-12T00:00:00+00:00
[2025-08-12T16:30:14.737+0000] {processor.py:179} INFO - Processing /home/vscode/.local/lib/python3.10/site-packages/airflow/example_dags/example_branch_day_of_week_operator.py took 0.055 seconds
