[2025-08-12T15:36:50.275+0000] {processor.py:157} INFO - Started process (PID=17873) to work on /home/vscode/.local/lib/python3.10/site-packages/airflow/example_dags/example_task_group.py
[2025-08-12T15:36:50.276+0000] {processor.py:826} INFO - Processing file /home/vscode/.local/lib/python3.10/site-packages/airflow/example_dags/example_task_group.py for tasks to queue
[2025-08-12T15:36:50.277+0000] {logging_mixin.py:150} INFO - [2025-08-12T15:36:50.276+0000] {dagbag.py:541} INFO - Filling up the DagBag from /home/vscode/.local/lib/python3.10/site-packages/airflow/example_dags/example_task_group.py
[2025-08-12T15:36:50.288+0000] {processor.py:836} INFO - DAG(s) dict_keys(['example_task_group']) retrieved from /home/vscode/.local/lib/python3.10/site-packages/airflow/example_dags/example_task_group.py
[2025-08-12T15:36:50.490+0000] {logging_mixin.py:150} INFO - [2025-08-12T15:36:50.490+0000] {manager.py:504} INFO - Created Permission View: can edit on DAG:example_task_group
[2025-08-12T15:36:50.502+0000] {logging_mixin.py:150} INFO - [2025-08-12T15:36:50.501+0000] {manager.py:504} INFO - Created Permission View: can read on DAG:example_task_group
[2025-08-12T15:36:50.510+0000] {logging_mixin.py:150} INFO - [2025-08-12T15:36:50.510+0000] {manager.py:504} INFO - Created Permission View: can delete on DAG:example_task_group
[2025-08-12T15:36:50.530+0000] {logging_mixin.py:150} INFO - [2025-08-12T15:36:50.530+0000] {dag.py:2742} INFO - Sync 1 DAGs
[2025-08-12T15:36:50.554+0000] {logging_mixin.py:150} INFO - [2025-08-12T15:36:50.554+0000] {dag.py:2763} INFO - Creating ORM DAG for example_task_group
[2025-08-12T15:36:50.575+0000] {logging_mixin.py:150} INFO - [2025-08-12T15:36:50.575+0000] {dag.py:3504} INFO - Setting next_dagrun for example_task_group to 2025-08-11T15:36:50.574756+00:00, run_after=2025-08-12T15:36:50.574756+00:00
[2025-08-12T15:36:50.643+0000] {processor.py:179} INFO - Processing /home/vscode/.local/lib/python3.10/site-packages/airflow/example_dags/example_task_group.py took 0.372 seconds
[2025-08-12T15:37:37.060+0000] {processor.py:157} INFO - Started process (PID=18243) to work on /home/vscode/.local/lib/python3.10/site-packages/airflow/example_dags/example_task_group.py
[2025-08-12T15:37:37.061+0000] {processor.py:826} INFO - Processing file /home/vscode/.local/lib/python3.10/site-packages/airflow/example_dags/example_task_group.py for tasks to queue
[2025-08-12T15:37:37.062+0000] {logging_mixin.py:150} INFO - [2025-08-12T15:37:37.061+0000] {dagbag.py:541} INFO - Filling up the DagBag from /home/vscode/.local/lib/python3.10/site-packages/airflow/example_dags/example_task_group.py
[2025-08-12T15:37:37.068+0000] {processor.py:836} INFO - DAG(s) dict_keys(['example_task_group']) retrieved from /home/vscode/.local/lib/python3.10/site-packages/airflow/example_dags/example_task_group.py
[2025-08-12T15:37:37.080+0000] {logging_mixin.py:150} INFO - [2025-08-12T15:37:37.080+0000] {dag.py:2742} INFO - Sync 1 DAGs
[2025-08-12T15:37:37.094+0000] {logging_mixin.py:150} INFO - [2025-08-12T15:37:37.094+0000] {dag.py:3504} INFO - Setting next_dagrun for example_task_group to 2025-08-11T15:37:37.094093+00:00, run_after=2025-08-12T15:37:37.094093+00:00
[2025-08-12T15:37:37.110+0000] {processor.py:179} INFO - Processing /home/vscode/.local/lib/python3.10/site-packages/airflow/example_dags/example_task_group.py took 0.052 seconds
[2025-08-12T15:38:23.607+0000] {processor.py:157} INFO - Started process (PID=18606) to work on /home/vscode/.local/lib/python3.10/site-packages/airflow/example_dags/example_task_group.py
[2025-08-12T15:38:23.608+0000] {processor.py:826} INFO - Processing file /home/vscode/.local/lib/python3.10/site-packages/airflow/example_dags/example_task_group.py for tasks to queue
[2025-08-12T15:38:23.609+0000] {logging_mixin.py:150} INFO - [2025-08-12T15:38:23.608+0000] {dagbag.py:541} INFO - Filling up the DagBag from /home/vscode/.local/lib/python3.10/site-packages/airflow/example_dags/example_task_group.py
[2025-08-12T15:38:23.614+0000] {processor.py:836} INFO - DAG(s) dict_keys(['example_task_group']) retrieved from /home/vscode/.local/lib/python3.10/site-packages/airflow/example_dags/example_task_group.py
[2025-08-12T15:38:23.626+0000] {logging_mixin.py:150} INFO - [2025-08-12T15:38:23.626+0000] {dag.py:2742} INFO - Sync 1 DAGs
[2025-08-12T15:38:23.640+0000] {logging_mixin.py:150} INFO - [2025-08-12T15:38:23.640+0000] {dag.py:3504} INFO - Setting next_dagrun for example_task_group to 2025-08-11T15:38:23.640462+00:00, run_after=2025-08-12T15:38:23.640462+00:00
[2025-08-12T15:38:23.656+0000] {processor.py:179} INFO - Processing /home/vscode/.local/lib/python3.10/site-packages/airflow/example_dags/example_task_group.py took 0.050 seconds
[2025-08-12T15:39:11.379+0000] {processor.py:157} INFO - Started process (PID=18983) to work on /home/vscode/.local/lib/python3.10/site-packages/airflow/example_dags/example_task_group.py
[2025-08-12T15:39:11.380+0000] {processor.py:826} INFO - Processing file /home/vscode/.local/lib/python3.10/site-packages/airflow/example_dags/example_task_group.py for tasks to queue
[2025-08-12T15:39:11.381+0000] {logging_mixin.py:150} INFO - [2025-08-12T15:39:11.380+0000] {dagbag.py:541} INFO - Filling up the DagBag from /home/vscode/.local/lib/python3.10/site-packages/airflow/example_dags/example_task_group.py
[2025-08-12T15:39:11.387+0000] {processor.py:836} INFO - DAG(s) dict_keys(['example_task_group']) retrieved from /home/vscode/.local/lib/python3.10/site-packages/airflow/example_dags/example_task_group.py
[2025-08-12T15:39:11.400+0000] {logging_mixin.py:150} INFO - [2025-08-12T15:39:11.400+0000] {dag.py:2742} INFO - Sync 1 DAGs
[2025-08-12T15:39:11.415+0000] {logging_mixin.py:150} INFO - [2025-08-12T15:39:11.415+0000] {dag.py:3504} INFO - Setting next_dagrun for example_task_group to 2025-08-11T15:39:11.415308+00:00, run_after=2025-08-12T15:39:11.415308+00:00
[2025-08-12T15:39:11.432+0000] {processor.py:179} INFO - Processing /home/vscode/.local/lib/python3.10/site-packages/airflow/example_dags/example_task_group.py took 0.054 seconds
[2025-08-12T15:39:53.221+0000] {processor.py:157} INFO - Started process (PID=19272) to work on /home/vscode/.local/lib/python3.10/site-packages/airflow/example_dags/example_task_group.py
[2025-08-12T15:39:53.221+0000] {processor.py:826} INFO - Processing file /home/vscode/.local/lib/python3.10/site-packages/airflow/example_dags/example_task_group.py for tasks to queue
[2025-08-12T15:39:53.222+0000] {logging_mixin.py:150} INFO - [2025-08-12T15:39:53.222+0000] {dagbag.py:541} INFO - Filling up the DagBag from /home/vscode/.local/lib/python3.10/site-packages/airflow/example_dags/example_task_group.py
[2025-08-12T15:39:53.230+0000] {processor.py:836} INFO - DAG(s) dict_keys(['example_task_group']) retrieved from /home/vscode/.local/lib/python3.10/site-packages/airflow/example_dags/example_task_group.py
[2025-08-12T15:39:53.244+0000] {logging_mixin.py:150} INFO - [2025-08-12T15:39:53.244+0000] {dag.py:2742} INFO - Sync 1 DAGs
[2025-08-12T15:39:53.258+0000] {logging_mixin.py:150} INFO - [2025-08-12T15:39:53.258+0000] {dag.py:3504} INFO - Setting next_dagrun for example_task_group to 2025-08-11T15:39:53.258622+00:00, run_after=2025-08-12T15:39:53.258622+00:00
[2025-08-12T15:39:53.274+0000] {processor.py:179} INFO - Processing /home/vscode/.local/lib/python3.10/site-packages/airflow/example_dags/example_task_group.py took 0.055 seconds
[2025-08-12T15:40:40.339+0000] {processor.py:157} INFO - Started process (PID=19590) to work on /home/vscode/.local/lib/python3.10/site-packages/airflow/example_dags/example_task_group.py
[2025-08-12T15:40:40.340+0000] {processor.py:826} INFO - Processing file /home/vscode/.local/lib/python3.10/site-packages/airflow/example_dags/example_task_group.py for tasks to queue
[2025-08-12T15:40:40.341+0000] {logging_mixin.py:150} INFO - [2025-08-12T15:40:40.340+0000] {dagbag.py:541} INFO - Filling up the DagBag from /home/vscode/.local/lib/python3.10/site-packages/airflow/example_dags/example_task_group.py
[2025-08-12T15:40:40.347+0000] {processor.py:836} INFO - DAG(s) dict_keys(['example_task_group']) retrieved from /home/vscode/.local/lib/python3.10/site-packages/airflow/example_dags/example_task_group.py
[2025-08-12T15:40:40.359+0000] {logging_mixin.py:150} INFO - [2025-08-12T15:40:40.359+0000] {dag.py:2742} INFO - Sync 1 DAGs
[2025-08-12T15:40:40.373+0000] {logging_mixin.py:150} INFO - [2025-08-12T15:40:40.373+0000] {dag.py:3504} INFO - Setting next_dagrun for example_task_group to 2025-08-11T15:40:40.373355+00:00, run_after=2025-08-12T15:40:40.373355+00:00
[2025-08-12T15:40:40.390+0000] {processor.py:179} INFO - Processing /home/vscode/.local/lib/python3.10/site-packages/airflow/example_dags/example_task_group.py took 0.053 seconds
[2025-08-12T15:41:24.026+0000] {processor.py:157} INFO - Started process (PID=19875) to work on /home/vscode/.local/lib/python3.10/site-packages/airflow/example_dags/example_task_group.py
[2025-08-12T15:41:24.028+0000] {processor.py:826} INFO - Processing file /home/vscode/.local/lib/python3.10/site-packages/airflow/example_dags/example_task_group.py for tasks to queue
[2025-08-12T15:41:24.029+0000] {logging_mixin.py:150} INFO - [2025-08-12T15:41:24.028+0000] {dagbag.py:541} INFO - Filling up the DagBag from /home/vscode/.local/lib/python3.10/site-packages/airflow/example_dags/example_task_group.py
[2025-08-12T15:41:24.037+0000] {processor.py:836} INFO - DAG(s) dict_keys(['example_task_group']) retrieved from /home/vscode/.local/lib/python3.10/site-packages/airflow/example_dags/example_task_group.py
[2025-08-12T15:41:24.058+0000] {logging_mixin.py:150} INFO - [2025-08-12T15:41:24.058+0000] {dag.py:2742} INFO - Sync 1 DAGs
[2025-08-12T15:41:24.081+0000] {logging_mixin.py:150} INFO - [2025-08-12T15:41:24.081+0000] {dag.py:3504} INFO - Setting next_dagrun for example_task_group to 2025-08-11T15:41:24.081366+00:00, run_after=2025-08-12T15:41:24.081366+00:00
[2025-08-12T15:41:24.104+0000] {processor.py:179} INFO - Processing /home/vscode/.local/lib/python3.10/site-packages/airflow/example_dags/example_task_group.py took 0.081 seconds
[2025-08-12T15:42:10.356+0000] {processor.py:157} INFO - Started process (PID=20184) to work on /home/vscode/.local/lib/python3.10/site-packages/airflow/example_dags/example_task_group.py
[2025-08-12T15:42:10.357+0000] {processor.py:826} INFO - Processing file /home/vscode/.local/lib/python3.10/site-packages/airflow/example_dags/example_task_group.py for tasks to queue
[2025-08-12T15:42:10.357+0000] {logging_mixin.py:150} INFO - [2025-08-12T15:42:10.357+0000] {dagbag.py:541} INFO - Filling up the DagBag from /home/vscode/.local/lib/python3.10/site-packages/airflow/example_dags/example_task_group.py
[2025-08-12T15:42:10.363+0000] {processor.py:836} INFO - DAG(s) dict_keys(['example_task_group']) retrieved from /home/vscode/.local/lib/python3.10/site-packages/airflow/example_dags/example_task_group.py
[2025-08-12T15:42:10.376+0000] {logging_mixin.py:150} INFO - [2025-08-12T15:42:10.376+0000] {dag.py:2742} INFO - Sync 1 DAGs
[2025-08-12T15:42:10.391+0000] {logging_mixin.py:150} INFO - [2025-08-12T15:42:10.391+0000] {dag.py:3504} INFO - Setting next_dagrun for example_task_group to 2025-08-11T15:42:10.390960+00:00, run_after=2025-08-12T15:42:10.390960+00:00
[2025-08-12T15:42:10.407+0000] {processor.py:179} INFO - Processing /home/vscode/.local/lib/python3.10/site-packages/airflow/example_dags/example_task_group.py took 0.053 seconds
[2025-08-12T15:42:52.390+0000] {processor.py:157} INFO - Started process (PID=20465) to work on /home/vscode/.local/lib/python3.10/site-packages/airflow/example_dags/example_task_group.py
[2025-08-12T15:42:52.390+0000] {processor.py:826} INFO - Processing file /home/vscode/.local/lib/python3.10/site-packages/airflow/example_dags/example_task_group.py for tasks to queue
[2025-08-12T15:42:52.391+0000] {logging_mixin.py:150} INFO - [2025-08-12T15:42:52.391+0000] {dagbag.py:541} INFO - Filling up the DagBag from /home/vscode/.local/lib/python3.10/site-packages/airflow/example_dags/example_task_group.py
[2025-08-12T15:42:52.397+0000] {processor.py:836} INFO - DAG(s) dict_keys(['example_task_group']) retrieved from /home/vscode/.local/lib/python3.10/site-packages/airflow/example_dags/example_task_group.py
[2025-08-12T15:42:52.408+0000] {logging_mixin.py:150} INFO - [2025-08-12T15:42:52.408+0000] {dag.py:2742} INFO - Sync 1 DAGs
[2025-08-12T15:42:52.422+0000] {logging_mixin.py:150} INFO - [2025-08-12T15:42:52.422+0000] {dag.py:3504} INFO - Setting next_dagrun for example_task_group to 2025-08-11T15:42:52.422257+00:00, run_after=2025-08-12T15:42:52.422257+00:00
[2025-08-12T15:42:52.438+0000] {processor.py:179} INFO - Processing /home/vscode/.local/lib/python3.10/site-packages/airflow/example_dags/example_task_group.py took 0.051 seconds
[2025-08-12T15:43:33.513+0000] {processor.py:157} INFO - Started process (PID=20738) to work on /home/vscode/.local/lib/python3.10/site-packages/airflow/example_dags/example_task_group.py
[2025-08-12T15:43:33.514+0000] {processor.py:826} INFO - Processing file /home/vscode/.local/lib/python3.10/site-packages/airflow/example_dags/example_task_group.py for tasks to queue
[2025-08-12T15:43:33.515+0000] {logging_mixin.py:150} INFO - [2025-08-12T15:43:33.514+0000] {dagbag.py:541} INFO - Filling up the DagBag from /home/vscode/.local/lib/python3.10/site-packages/airflow/example_dags/example_task_group.py
[2025-08-12T15:43:33.521+0000] {processor.py:836} INFO - DAG(s) dict_keys(['example_task_group']) retrieved from /home/vscode/.local/lib/python3.10/site-packages/airflow/example_dags/example_task_group.py
[2025-08-12T15:43:33.533+0000] {logging_mixin.py:150} INFO - [2025-08-12T15:43:33.533+0000] {dag.py:2742} INFO - Sync 1 DAGs
[2025-08-12T15:43:33.548+0000] {logging_mixin.py:150} INFO - [2025-08-12T15:43:33.548+0000] {dag.py:3504} INFO - Setting next_dagrun for example_task_group to 2025-08-11T15:43:33.547975+00:00, run_after=2025-08-12T15:43:33.547975+00:00
[2025-08-12T15:43:33.564+0000] {processor.py:179} INFO - Processing /home/vscode/.local/lib/python3.10/site-packages/airflow/example_dags/example_task_group.py took 0.053 seconds
[2025-08-12T15:44:17.846+0000] {processor.py:157} INFO - Started process (PID=21036) to work on /home/vscode/.local/lib/python3.10/site-packages/airflow/example_dags/example_task_group.py
[2025-08-12T15:44:17.846+0000] {processor.py:826} INFO - Processing file /home/vscode/.local/lib/python3.10/site-packages/airflow/example_dags/example_task_group.py for tasks to queue
[2025-08-12T15:44:17.847+0000] {logging_mixin.py:150} INFO - [2025-08-12T15:44:17.847+0000] {dagbag.py:541} INFO - Filling up the DagBag from /home/vscode/.local/lib/python3.10/site-packages/airflow/example_dags/example_task_group.py
[2025-08-12T15:44:17.853+0000] {processor.py:836} INFO - DAG(s) dict_keys(['example_task_group']) retrieved from /home/vscode/.local/lib/python3.10/site-packages/airflow/example_dags/example_task_group.py
[2025-08-12T15:44:17.865+0000] {logging_mixin.py:150} INFO - [2025-08-12T15:44:17.865+0000] {dag.py:2742} INFO - Sync 1 DAGs
[2025-08-12T15:44:17.879+0000] {logging_mixin.py:150} INFO - [2025-08-12T15:44:17.879+0000] {dag.py:3504} INFO - Setting next_dagrun for example_task_group to 2025-08-11T15:44:17.878901+00:00, run_after=2025-08-12T15:44:17.878901+00:00
[2025-08-12T15:44:17.895+0000] {processor.py:179} INFO - Processing /home/vscode/.local/lib/python3.10/site-packages/airflow/example_dags/example_task_group.py took 0.051 seconds
[2025-08-12T15:44:58.219+0000] {processor.py:157} INFO - Started process (PID=21306) to work on /home/vscode/.local/lib/python3.10/site-packages/airflow/example_dags/example_task_group.py
[2025-08-12T15:44:58.219+0000] {processor.py:826} INFO - Processing file /home/vscode/.local/lib/python3.10/site-packages/airflow/example_dags/example_task_group.py for tasks to queue
[2025-08-12T15:44:58.220+0000] {logging_mixin.py:150} INFO - [2025-08-12T15:44:58.220+0000] {dagbag.py:541} INFO - Filling up the DagBag from /home/vscode/.local/lib/python3.10/site-packages/airflow/example_dags/example_task_group.py
[2025-08-12T15:44:58.226+0000] {processor.py:836} INFO - DAG(s) dict_keys(['example_task_group']) retrieved from /home/vscode/.local/lib/python3.10/site-packages/airflow/example_dags/example_task_group.py
[2025-08-12T15:44:58.238+0000] {logging_mixin.py:150} INFO - [2025-08-12T15:44:58.238+0000] {dag.py:2742} INFO - Sync 1 DAGs
[2025-08-12T15:44:58.252+0000] {logging_mixin.py:150} INFO - [2025-08-12T15:44:58.252+0000] {dag.py:3504} INFO - Setting next_dagrun for example_task_group to 2025-08-11T15:44:58.252190+00:00, run_after=2025-08-12T15:44:58.252190+00:00
[2025-08-12T15:44:58.267+0000] {processor.py:179} INFO - Processing /home/vscode/.local/lib/python3.10/site-packages/airflow/example_dags/example_task_group.py took 0.051 seconds
[2025-08-12T15:45:41.822+0000] {processor.py:157} INFO - Started process (PID=21592) to work on /home/vscode/.local/lib/python3.10/site-packages/airflow/example_dags/example_task_group.py
[2025-08-12T15:45:41.823+0000] {processor.py:826} INFO - Processing file /home/vscode/.local/lib/python3.10/site-packages/airflow/example_dags/example_task_group.py for tasks to queue
[2025-08-12T15:45:41.823+0000] {logging_mixin.py:150} INFO - [2025-08-12T15:45:41.823+0000] {dagbag.py:541} INFO - Filling up the DagBag from /home/vscode/.local/lib/python3.10/site-packages/airflow/example_dags/example_task_group.py
[2025-08-12T15:45:41.830+0000] {processor.py:836} INFO - DAG(s) dict_keys(['example_task_group']) retrieved from /home/vscode/.local/lib/python3.10/site-packages/airflow/example_dags/example_task_group.py
[2025-08-12T15:45:41.843+0000] {logging_mixin.py:150} INFO - [2025-08-12T15:45:41.843+0000] {dag.py:2742} INFO - Sync 1 DAGs
[2025-08-12T15:45:41.857+0000] {logging_mixin.py:150} INFO - [2025-08-12T15:45:41.857+0000] {dag.py:3504} INFO - Setting next_dagrun for example_task_group to 2025-08-11T15:45:41.857243+00:00, run_after=2025-08-12T15:45:41.857243+00:00
[2025-08-12T15:45:41.874+0000] {processor.py:179} INFO - Processing /home/vscode/.local/lib/python3.10/site-packages/airflow/example_dags/example_task_group.py took 0.054 seconds
[2025-08-12T15:46:26.038+0000] {processor.py:157} INFO - Started process (PID=21884) to work on /home/vscode/.local/lib/python3.10/site-packages/airflow/example_dags/example_task_group.py
[2025-08-12T15:46:26.038+0000] {processor.py:826} INFO - Processing file /home/vscode/.local/lib/python3.10/site-packages/airflow/example_dags/example_task_group.py for tasks to queue
[2025-08-12T15:46:26.039+0000] {logging_mixin.py:150} INFO - [2025-08-12T15:46:26.039+0000] {dagbag.py:541} INFO - Filling up the DagBag from /home/vscode/.local/lib/python3.10/site-packages/airflow/example_dags/example_task_group.py
[2025-08-12T15:46:26.045+0000] {processor.py:836} INFO - DAG(s) dict_keys(['example_task_group']) retrieved from /home/vscode/.local/lib/python3.10/site-packages/airflow/example_dags/example_task_group.py
[2025-08-12T15:46:26.057+0000] {logging_mixin.py:150} INFO - [2025-08-12T15:46:26.057+0000] {dag.py:2742} INFO - Sync 1 DAGs
[2025-08-12T15:46:26.076+0000] {logging_mixin.py:150} INFO - [2025-08-12T15:46:26.075+0000] {dag.py:3504} INFO - Setting next_dagrun for example_task_group to 2025-08-11T15:46:26.075718+00:00, run_after=2025-08-12T15:46:26.075718+00:00
[2025-08-12T15:46:26.118+0000] {processor.py:179} INFO - Processing /home/vscode/.local/lib/python3.10/site-packages/airflow/example_dags/example_task_group.py took 0.082 seconds
[2025-08-12T15:47:08.855+0000] {processor.py:157} INFO - Started process (PID=22171) to work on /home/vscode/.local/lib/python3.10/site-packages/airflow/example_dags/example_task_group.py
[2025-08-12T15:47:08.856+0000] {processor.py:826} INFO - Processing file /home/vscode/.local/lib/python3.10/site-packages/airflow/example_dags/example_task_group.py for tasks to queue
[2025-08-12T15:47:08.857+0000] {logging_mixin.py:150} INFO - [2025-08-12T15:47:08.856+0000] {dagbag.py:541} INFO - Filling up the DagBag from /home/vscode/.local/lib/python3.10/site-packages/airflow/example_dags/example_task_group.py
[2025-08-12T15:47:08.863+0000] {processor.py:836} INFO - DAG(s) dict_keys(['example_task_group']) retrieved from /home/vscode/.local/lib/python3.10/site-packages/airflow/example_dags/example_task_group.py
[2025-08-12T15:47:08.876+0000] {logging_mixin.py:150} INFO - [2025-08-12T15:47:08.875+0000] {dag.py:2742} INFO - Sync 1 DAGs
[2025-08-12T15:47:08.890+0000] {logging_mixin.py:150} INFO - [2025-08-12T15:47:08.890+0000] {dag.py:3504} INFO - Setting next_dagrun for example_task_group to 2025-08-11T15:47:08.890633+00:00, run_after=2025-08-12T15:47:08.890633+00:00
[2025-08-12T15:47:08.908+0000] {processor.py:179} INFO - Processing /home/vscode/.local/lib/python3.10/site-packages/airflow/example_dags/example_task_group.py took 0.054 seconds
[2025-08-12T15:47:50.183+0000] {processor.py:157} INFO - Started process (PID=22448) to work on /home/vscode/.local/lib/python3.10/site-packages/airflow/example_dags/example_task_group.py
[2025-08-12T15:47:50.184+0000] {processor.py:826} INFO - Processing file /home/vscode/.local/lib/python3.10/site-packages/airflow/example_dags/example_task_group.py for tasks to queue
[2025-08-12T15:47:50.185+0000] {logging_mixin.py:150} INFO - [2025-08-12T15:47:50.184+0000] {dagbag.py:541} INFO - Filling up the DagBag from /home/vscode/.local/lib/python3.10/site-packages/airflow/example_dags/example_task_group.py
[2025-08-12T15:47:50.191+0000] {processor.py:836} INFO - DAG(s) dict_keys(['example_task_group']) retrieved from /home/vscode/.local/lib/python3.10/site-packages/airflow/example_dags/example_task_group.py
[2025-08-12T15:47:50.205+0000] {logging_mixin.py:150} INFO - [2025-08-12T15:47:50.204+0000] {dag.py:2742} INFO - Sync 1 DAGs
[2025-08-12T15:47:50.219+0000] {logging_mixin.py:150} INFO - [2025-08-12T15:47:50.219+0000] {dag.py:3504} INFO - Setting next_dagrun for example_task_group to 2025-08-11T15:47:50.219637+00:00, run_after=2025-08-12T15:47:50.219637+00:00
[2025-08-12T15:47:50.238+0000] {processor.py:179} INFO - Processing /home/vscode/.local/lib/python3.10/site-packages/airflow/example_dags/example_task_group.py took 0.056 seconds
[2025-08-12T15:48:28.877+0000] {processor.py:157} INFO - Started process (PID=22707) to work on /home/vscode/.local/lib/python3.10/site-packages/airflow/example_dags/example_task_group.py
[2025-08-12T15:48:28.878+0000] {processor.py:826} INFO - Processing file /home/vscode/.local/lib/python3.10/site-packages/airflow/example_dags/example_task_group.py for tasks to queue
[2025-08-12T15:48:28.879+0000] {logging_mixin.py:150} INFO - [2025-08-12T15:48:28.878+0000] {dagbag.py:541} INFO - Filling up the DagBag from /home/vscode/.local/lib/python3.10/site-packages/airflow/example_dags/example_task_group.py
[2025-08-12T15:48:28.884+0000] {processor.py:836} INFO - DAG(s) dict_keys(['example_task_group']) retrieved from /home/vscode/.local/lib/python3.10/site-packages/airflow/example_dags/example_task_group.py
[2025-08-12T15:48:28.897+0000] {logging_mixin.py:150} INFO - [2025-08-12T15:48:28.897+0000] {dag.py:2742} INFO - Sync 1 DAGs
[2025-08-12T15:48:28.911+0000] {logging_mixin.py:150} INFO - [2025-08-12T15:48:28.911+0000] {dag.py:3504} INFO - Setting next_dagrun for example_task_group to 2025-08-11T15:48:28.910929+00:00, run_after=2025-08-12T15:48:28.910929+00:00
[2025-08-12T15:48:28.928+0000] {processor.py:179} INFO - Processing /home/vscode/.local/lib/python3.10/site-packages/airflow/example_dags/example_task_group.py took 0.052 seconds
[2025-08-12T15:49:10.540+0000] {processor.py:157} INFO - Started process (PID=23019) to work on /home/vscode/.local/lib/python3.10/site-packages/airflow/example_dags/example_task_group.py
[2025-08-12T15:49:10.541+0000] {processor.py:826} INFO - Processing file /home/vscode/.local/lib/python3.10/site-packages/airflow/example_dags/example_task_group.py for tasks to queue
[2025-08-12T15:49:10.541+0000] {logging_mixin.py:150} INFO - [2025-08-12T15:49:10.541+0000] {dagbag.py:541} INFO - Filling up the DagBag from /home/vscode/.local/lib/python3.10/site-packages/airflow/example_dags/example_task_group.py
[2025-08-12T15:49:10.548+0000] {processor.py:836} INFO - DAG(s) dict_keys(['example_task_group']) retrieved from /home/vscode/.local/lib/python3.10/site-packages/airflow/example_dags/example_task_group.py
[2025-08-12T15:49:10.566+0000] {logging_mixin.py:150} INFO - [2025-08-12T15:49:10.565+0000] {dag.py:2742} INFO - Sync 1 DAGs
[2025-08-12T15:49:10.586+0000] {logging_mixin.py:150} INFO - [2025-08-12T15:49:10.586+0000] {dag.py:3504} INFO - Setting next_dagrun for example_task_group to 2025-08-11T15:49:10.586111+00:00, run_after=2025-08-12T15:49:10.586111+00:00
[2025-08-12T15:49:10.608+0000] {processor.py:179} INFO - Processing /home/vscode/.local/lib/python3.10/site-packages/airflow/example_dags/example_task_group.py took 0.070 seconds
[2025-08-12T15:49:52.762+0000] {processor.py:157} INFO - Started process (PID=23333) to work on /home/vscode/.local/lib/python3.10/site-packages/airflow/example_dags/example_task_group.py
[2025-08-12T15:49:52.763+0000] {processor.py:826} INFO - Processing file /home/vscode/.local/lib/python3.10/site-packages/airflow/example_dags/example_task_group.py for tasks to queue
[2025-08-12T15:49:52.763+0000] {logging_mixin.py:150} INFO - [2025-08-12T15:49:52.763+0000] {dagbag.py:541} INFO - Filling up the DagBag from /home/vscode/.local/lib/python3.10/site-packages/airflow/example_dags/example_task_group.py
[2025-08-12T15:49:52.769+0000] {processor.py:836} INFO - DAG(s) dict_keys(['example_task_group']) retrieved from /home/vscode/.local/lib/python3.10/site-packages/airflow/example_dags/example_task_group.py
[2025-08-12T15:49:52.782+0000] {logging_mixin.py:150} INFO - [2025-08-12T15:49:52.782+0000] {dag.py:2742} INFO - Sync 1 DAGs
[2025-08-12T15:49:52.797+0000] {logging_mixin.py:150} INFO - [2025-08-12T15:49:52.797+0000] {dag.py:3504} INFO - Setting next_dagrun for example_task_group to 2025-08-11T15:49:52.797541+00:00, run_after=2025-08-12T15:49:52.797541+00:00
[2025-08-12T15:49:52.814+0000] {processor.py:179} INFO - Processing /home/vscode/.local/lib/python3.10/site-packages/airflow/example_dags/example_task_group.py took 0.054 seconds
[2025-08-12T15:50:38.077+0000] {processor.py:157} INFO - Started process (PID=23826) to work on /home/vscode/.local/lib/python3.10/site-packages/airflow/example_dags/example_task_group.py
[2025-08-12T15:50:38.077+0000] {processor.py:826} INFO - Processing file /home/vscode/.local/lib/python3.10/site-packages/airflow/example_dags/example_task_group.py for tasks to queue
[2025-08-12T15:50:38.078+0000] {logging_mixin.py:150} INFO - [2025-08-12T15:50:38.078+0000] {dagbag.py:541} INFO - Filling up the DagBag from /home/vscode/.local/lib/python3.10/site-packages/airflow/example_dags/example_task_group.py
[2025-08-12T15:50:38.084+0000] {processor.py:836} INFO - DAG(s) dict_keys(['example_task_group']) retrieved from /home/vscode/.local/lib/python3.10/site-packages/airflow/example_dags/example_task_group.py
[2025-08-12T15:50:38.096+0000] {logging_mixin.py:150} INFO - [2025-08-12T15:50:38.096+0000] {dag.py:2742} INFO - Sync 1 DAGs
[2025-08-12T15:50:38.110+0000] {logging_mixin.py:150} INFO - [2025-08-12T15:50:38.109+0000] {dag.py:3504} INFO - Setting next_dagrun for example_task_group to 2025-08-11T15:50:38.109840+00:00, run_after=2025-08-12T15:50:38.109840+00:00
[2025-08-12T15:50:38.126+0000] {processor.py:179} INFO - Processing /home/vscode/.local/lib/python3.10/site-packages/airflow/example_dags/example_task_group.py took 0.052 seconds
[2025-08-12T15:51:21.907+0000] {processor.py:157} INFO - Started process (PID=24119) to work on /home/vscode/.local/lib/python3.10/site-packages/airflow/example_dags/example_task_group.py
[2025-08-12T15:51:21.907+0000] {processor.py:826} INFO - Processing file /home/vscode/.local/lib/python3.10/site-packages/airflow/example_dags/example_task_group.py for tasks to queue
[2025-08-12T15:51:21.908+0000] {logging_mixin.py:150} INFO - [2025-08-12T15:51:21.907+0000] {dagbag.py:541} INFO - Filling up the DagBag from /home/vscode/.local/lib/python3.10/site-packages/airflow/example_dags/example_task_group.py
[2025-08-12T15:51:21.914+0000] {processor.py:836} INFO - DAG(s) dict_keys(['example_task_group']) retrieved from /home/vscode/.local/lib/python3.10/site-packages/airflow/example_dags/example_task_group.py
[2025-08-12T15:51:21.926+0000] {logging_mixin.py:150} INFO - [2025-08-12T15:51:21.926+0000] {dag.py:2742} INFO - Sync 1 DAGs
[2025-08-12T15:51:21.941+0000] {logging_mixin.py:150} INFO - [2025-08-12T15:51:21.941+0000] {dag.py:3504} INFO - Setting next_dagrun for example_task_group to 2025-08-11T15:51:21.940962+00:00, run_after=2025-08-12T15:51:21.940962+00:00
[2025-08-12T15:51:21.956+0000] {processor.py:179} INFO - Processing /home/vscode/.local/lib/python3.10/site-packages/airflow/example_dags/example_task_group.py took 0.052 seconds
[2025-08-12T15:52:05.304+0000] {processor.py:157} INFO - Started process (PID=24407) to work on /home/vscode/.local/lib/python3.10/site-packages/airflow/example_dags/example_task_group.py
[2025-08-12T15:52:05.305+0000] {processor.py:826} INFO - Processing file /home/vscode/.local/lib/python3.10/site-packages/airflow/example_dags/example_task_group.py for tasks to queue
[2025-08-12T15:52:05.306+0000] {logging_mixin.py:150} INFO - [2025-08-12T15:52:05.305+0000] {dagbag.py:541} INFO - Filling up the DagBag from /home/vscode/.local/lib/python3.10/site-packages/airflow/example_dags/example_task_group.py
[2025-08-12T15:52:05.312+0000] {processor.py:836} INFO - DAG(s) dict_keys(['example_task_group']) retrieved from /home/vscode/.local/lib/python3.10/site-packages/airflow/example_dags/example_task_group.py
[2025-08-12T15:52:05.324+0000] {logging_mixin.py:150} INFO - [2025-08-12T15:52:05.324+0000] {dag.py:2742} INFO - Sync 1 DAGs
[2025-08-12T15:52:05.339+0000] {logging_mixin.py:150} INFO - [2025-08-12T15:52:05.339+0000] {dag.py:3504} INFO - Setting next_dagrun for example_task_group to 2025-08-11T15:52:05.339215+00:00, run_after=2025-08-12T15:52:05.339215+00:00
[2025-08-12T15:52:05.356+0000] {processor.py:179} INFO - Processing /home/vscode/.local/lib/python3.10/site-packages/airflow/example_dags/example_task_group.py took 0.053 seconds
[2025-08-12T15:52:48.162+0000] {processor.py:157} INFO - Started process (PID=24717) to work on /home/vscode/.local/lib/python3.10/site-packages/airflow/example_dags/example_task_group.py
[2025-08-12T15:52:48.163+0000] {processor.py:826} INFO - Processing file /home/vscode/.local/lib/python3.10/site-packages/airflow/example_dags/example_task_group.py for tasks to queue
[2025-08-12T15:52:48.163+0000] {logging_mixin.py:150} INFO - [2025-08-12T15:52:48.163+0000] {dagbag.py:541} INFO - Filling up the DagBag from /home/vscode/.local/lib/python3.10/site-packages/airflow/example_dags/example_task_group.py
[2025-08-12T15:52:48.169+0000] {processor.py:836} INFO - DAG(s) dict_keys(['example_task_group']) retrieved from /home/vscode/.local/lib/python3.10/site-packages/airflow/example_dags/example_task_group.py
[2025-08-12T15:52:48.182+0000] {logging_mixin.py:150} INFO - [2025-08-12T15:52:48.182+0000] {dag.py:2742} INFO - Sync 1 DAGs
[2025-08-12T15:52:48.196+0000] {logging_mixin.py:150} INFO - [2025-08-12T15:52:48.196+0000] {dag.py:3504} INFO - Setting next_dagrun for example_task_group to 2025-08-11T15:52:48.196241+00:00, run_after=2025-08-12T15:52:48.196241+00:00
[2025-08-12T15:52:48.212+0000] {processor.py:179} INFO - Processing /home/vscode/.local/lib/python3.10/site-packages/airflow/example_dags/example_task_group.py took 0.052 seconds
[2025-08-12T15:53:31.553+0000] {processor.py:157} INFO - Started process (PID=25053) to work on /home/vscode/.local/lib/python3.10/site-packages/airflow/example_dags/example_task_group.py
[2025-08-12T15:53:31.553+0000] {processor.py:826} INFO - Processing file /home/vscode/.local/lib/python3.10/site-packages/airflow/example_dags/example_task_group.py for tasks to queue
[2025-08-12T15:53:31.554+0000] {logging_mixin.py:150} INFO - [2025-08-12T15:53:31.554+0000] {dagbag.py:541} INFO - Filling up the DagBag from /home/vscode/.local/lib/python3.10/site-packages/airflow/example_dags/example_task_group.py
[2025-08-12T15:53:31.560+0000] {processor.py:836} INFO - DAG(s) dict_keys(['example_task_group']) retrieved from /home/vscode/.local/lib/python3.10/site-packages/airflow/example_dags/example_task_group.py
[2025-08-12T15:53:31.572+0000] {logging_mixin.py:150} INFO - [2025-08-12T15:53:31.572+0000] {dag.py:2742} INFO - Sync 1 DAGs
[2025-08-12T15:53:31.586+0000] {logging_mixin.py:150} INFO - [2025-08-12T15:53:31.586+0000] {dag.py:3504} INFO - Setting next_dagrun for example_task_group to 2025-08-11T15:53:31.586611+00:00, run_after=2025-08-12T15:53:31.586611+00:00
[2025-08-12T15:53:31.602+0000] {processor.py:179} INFO - Processing /home/vscode/.local/lib/python3.10/site-packages/airflow/example_dags/example_task_group.py took 0.052 seconds
[2025-08-12T15:54:12.696+0000] {processor.py:157} INFO - Started process (PID=25365) to work on /home/vscode/.local/lib/python3.10/site-packages/airflow/example_dags/example_task_group.py
[2025-08-12T15:54:12.696+0000] {processor.py:826} INFO - Processing file /home/vscode/.local/lib/python3.10/site-packages/airflow/example_dags/example_task_group.py for tasks to queue
[2025-08-12T15:54:12.697+0000] {logging_mixin.py:150} INFO - [2025-08-12T15:54:12.696+0000] {dagbag.py:541} INFO - Filling up the DagBag from /home/vscode/.local/lib/python3.10/site-packages/airflow/example_dags/example_task_group.py
[2025-08-12T15:54:12.703+0000] {processor.py:836} INFO - DAG(s) dict_keys(['example_task_group']) retrieved from /home/vscode/.local/lib/python3.10/site-packages/airflow/example_dags/example_task_group.py
[2025-08-12T15:54:12.715+0000] {logging_mixin.py:150} INFO - [2025-08-12T15:54:12.714+0000] {dag.py:2742} INFO - Sync 1 DAGs
[2025-08-12T15:54:12.735+0000] {logging_mixin.py:150} INFO - [2025-08-12T15:54:12.734+0000] {dag.py:3504} INFO - Setting next_dagrun for example_task_group to 2025-08-11T15:54:12.734718+00:00, run_after=2025-08-12T15:54:12.734718+00:00
[2025-08-12T15:54:12.755+0000] {processor.py:179} INFO - Processing /home/vscode/.local/lib/python3.10/site-packages/airflow/example_dags/example_task_group.py took 0.062 seconds
[2025-08-12T15:54:56.619+0000] {processor.py:157} INFO - Started process (PID=25708) to work on /home/vscode/.local/lib/python3.10/site-packages/airflow/example_dags/example_task_group.py
[2025-08-12T15:54:56.620+0000] {processor.py:826} INFO - Processing file /home/vscode/.local/lib/python3.10/site-packages/airflow/example_dags/example_task_group.py for tasks to queue
[2025-08-12T15:54:56.621+0000] {logging_mixin.py:150} INFO - [2025-08-12T15:54:56.620+0000] {dagbag.py:541} INFO - Filling up the DagBag from /home/vscode/.local/lib/python3.10/site-packages/airflow/example_dags/example_task_group.py
[2025-08-12T15:54:56.626+0000] {processor.py:836} INFO - DAG(s) dict_keys(['example_task_group']) retrieved from /home/vscode/.local/lib/python3.10/site-packages/airflow/example_dags/example_task_group.py
[2025-08-12T15:54:56.639+0000] {logging_mixin.py:150} INFO - [2025-08-12T15:54:56.639+0000] {dag.py:2742} INFO - Sync 1 DAGs
[2025-08-12T15:54:56.653+0000] {logging_mixin.py:150} INFO - [2025-08-12T15:54:56.653+0000] {dag.py:3504} INFO - Setting next_dagrun for example_task_group to 2025-08-11T15:54:56.653017+00:00, run_after=2025-08-12T15:54:56.653017+00:00
[2025-08-12T15:54:56.670+0000] {processor.py:179} INFO - Processing /home/vscode/.local/lib/python3.10/site-packages/airflow/example_dags/example_task_group.py took 0.053 seconds
[2025-08-12T15:55:38.775+0000] {processor.py:157} INFO - Started process (PID=26020) to work on /home/vscode/.local/lib/python3.10/site-packages/airflow/example_dags/example_task_group.py
[2025-08-12T15:55:38.775+0000] {processor.py:826} INFO - Processing file /home/vscode/.local/lib/python3.10/site-packages/airflow/example_dags/example_task_group.py for tasks to queue
[2025-08-12T15:55:38.776+0000] {logging_mixin.py:150} INFO - [2025-08-12T15:55:38.776+0000] {dagbag.py:541} INFO - Filling up the DagBag from /home/vscode/.local/lib/python3.10/site-packages/airflow/example_dags/example_task_group.py
[2025-08-12T15:55:38.782+0000] {processor.py:836} INFO - DAG(s) dict_keys(['example_task_group']) retrieved from /home/vscode/.local/lib/python3.10/site-packages/airflow/example_dags/example_task_group.py
[2025-08-12T15:55:38.794+0000] {logging_mixin.py:150} INFO - [2025-08-12T15:55:38.794+0000] {dag.py:2742} INFO - Sync 1 DAGs
[2025-08-12T15:55:38.809+0000] {logging_mixin.py:150} INFO - [2025-08-12T15:55:38.809+0000] {dag.py:3504} INFO - Setting next_dagrun for example_task_group to 2025-08-11T15:55:38.809060+00:00, run_after=2025-08-12T15:55:38.809060+00:00
[2025-08-12T15:55:38.825+0000] {processor.py:179} INFO - Processing /home/vscode/.local/lib/python3.10/site-packages/airflow/example_dags/example_task_group.py took 0.052 seconds
[2025-08-12T15:56:26.235+0000] {processor.py:157} INFO - Started process (PID=26383) to work on /home/vscode/.local/lib/python3.10/site-packages/airflow/example_dags/example_task_group.py
[2025-08-12T15:56:26.235+0000] {processor.py:826} INFO - Processing file /home/vscode/.local/lib/python3.10/site-packages/airflow/example_dags/example_task_group.py for tasks to queue
[2025-08-12T15:56:26.236+0000] {logging_mixin.py:150} INFO - [2025-08-12T15:56:26.236+0000] {dagbag.py:541} INFO - Filling up the DagBag from /home/vscode/.local/lib/python3.10/site-packages/airflow/example_dags/example_task_group.py
[2025-08-12T15:56:26.242+0000] {processor.py:836} INFO - DAG(s) dict_keys(['example_task_group']) retrieved from /home/vscode/.local/lib/python3.10/site-packages/airflow/example_dags/example_task_group.py
[2025-08-12T15:56:26.254+0000] {logging_mixin.py:150} INFO - [2025-08-12T15:56:26.254+0000] {dag.py:2742} INFO - Sync 1 DAGs
[2025-08-12T15:56:26.268+0000] {logging_mixin.py:150} INFO - [2025-08-12T15:56:26.267+0000] {dag.py:3504} INFO - Setting next_dagrun for example_task_group to 2025-08-11T15:56:26.267812+00:00, run_after=2025-08-12T15:56:26.267812+00:00
[2025-08-12T15:56:26.283+0000] {processor.py:179} INFO - Processing /home/vscode/.local/lib/python3.10/site-packages/airflow/example_dags/example_task_group.py took 0.051 seconds
[2025-08-12T15:57:04.622+0000] {processor.py:157} INFO - Started process (PID=26683) to work on /home/vscode/.local/lib/python3.10/site-packages/airflow/example_dags/example_task_group.py
[2025-08-12T15:57:04.622+0000] {processor.py:826} INFO - Processing file /home/vscode/.local/lib/python3.10/site-packages/airflow/example_dags/example_task_group.py for tasks to queue
[2025-08-12T15:57:04.623+0000] {logging_mixin.py:150} INFO - [2025-08-12T15:57:04.623+0000] {dagbag.py:541} INFO - Filling up the DagBag from /home/vscode/.local/lib/python3.10/site-packages/airflow/example_dags/example_task_group.py
[2025-08-12T15:57:04.629+0000] {processor.py:836} INFO - DAG(s) dict_keys(['example_task_group']) retrieved from /home/vscode/.local/lib/python3.10/site-packages/airflow/example_dags/example_task_group.py
[2025-08-12T15:57:04.641+0000] {logging_mixin.py:150} INFO - [2025-08-12T15:57:04.640+0000] {dag.py:2742} INFO - Sync 1 DAGs
[2025-08-12T15:57:04.655+0000] {logging_mixin.py:150} INFO - [2025-08-12T15:57:04.655+0000] {dag.py:3504} INFO - Setting next_dagrun for example_task_group to 2025-08-11T15:57:04.654862+00:00, run_after=2025-08-12T15:57:04.654862+00:00
[2025-08-12T15:57:04.670+0000] {processor.py:179} INFO - Processing /home/vscode/.local/lib/python3.10/site-packages/airflow/example_dags/example_task_group.py took 0.051 seconds
[2025-08-12T15:57:47.760+0000] {processor.py:157} INFO - Started process (PID=27009) to work on /home/vscode/.local/lib/python3.10/site-packages/airflow/example_dags/example_task_group.py
[2025-08-12T15:57:47.761+0000] {processor.py:826} INFO - Processing file /home/vscode/.local/lib/python3.10/site-packages/airflow/example_dags/example_task_group.py for tasks to queue
[2025-08-12T15:57:47.762+0000] {logging_mixin.py:150} INFO - [2025-08-12T15:57:47.761+0000] {dagbag.py:541} INFO - Filling up the DagBag from /home/vscode/.local/lib/python3.10/site-packages/airflow/example_dags/example_task_group.py
[2025-08-12T15:57:47.768+0000] {processor.py:836} INFO - DAG(s) dict_keys(['example_task_group']) retrieved from /home/vscode/.local/lib/python3.10/site-packages/airflow/example_dags/example_task_group.py
[2025-08-12T15:57:47.780+0000] {logging_mixin.py:150} INFO - [2025-08-12T15:57:47.780+0000] {dag.py:2742} INFO - Sync 1 DAGs
[2025-08-12T15:57:47.794+0000] {logging_mixin.py:150} INFO - [2025-08-12T15:57:47.794+0000] {dag.py:3504} INFO - Setting next_dagrun for example_task_group to 2025-08-11T15:57:47.794333+00:00, run_after=2025-08-12T15:57:47.794333+00:00
[2025-08-12T15:57:47.810+0000] {processor.py:179} INFO - Processing /home/vscode/.local/lib/python3.10/site-packages/airflow/example_dags/example_task_group.py took 0.052 seconds
[2025-08-12T15:58:36.480+0000] {processor.py:157} INFO - Started process (PID=27333) to work on /home/vscode/.local/lib/python3.10/site-packages/airflow/example_dags/example_task_group.py
[2025-08-12T15:58:36.480+0000] {processor.py:826} INFO - Processing file /home/vscode/.local/lib/python3.10/site-packages/airflow/example_dags/example_task_group.py for tasks to queue
[2025-08-12T15:58:36.481+0000] {logging_mixin.py:150} INFO - [2025-08-12T15:58:36.481+0000] {dagbag.py:541} INFO - Filling up the DagBag from /home/vscode/.local/lib/python3.10/site-packages/airflow/example_dags/example_task_group.py
[2025-08-12T15:58:36.487+0000] {processor.py:836} INFO - DAG(s) dict_keys(['example_task_group']) retrieved from /home/vscode/.local/lib/python3.10/site-packages/airflow/example_dags/example_task_group.py
[2025-08-12T15:58:36.499+0000] {logging_mixin.py:150} INFO - [2025-08-12T15:58:36.498+0000] {dag.py:2742} INFO - Sync 1 DAGs
[2025-08-12T15:58:36.512+0000] {logging_mixin.py:150} INFO - [2025-08-12T15:58:36.512+0000] {dag.py:3504} INFO - Setting next_dagrun for example_task_group to 2025-08-11T15:58:36.512329+00:00, run_after=2025-08-12T15:58:36.512329+00:00
[2025-08-12T15:58:36.528+0000] {processor.py:179} INFO - Processing /home/vscode/.local/lib/python3.10/site-packages/airflow/example_dags/example_task_group.py took 0.050 seconds
[2025-08-12T15:59:18.315+0000] {processor.py:157} INFO - Started process (PID=27612) to work on /home/vscode/.local/lib/python3.10/site-packages/airflow/example_dags/example_task_group.py
[2025-08-12T15:59:18.315+0000] {processor.py:826} INFO - Processing file /home/vscode/.local/lib/python3.10/site-packages/airflow/example_dags/example_task_group.py for tasks to queue
[2025-08-12T15:59:18.316+0000] {logging_mixin.py:150} INFO - [2025-08-12T15:59:18.316+0000] {dagbag.py:541} INFO - Filling up the DagBag from /home/vscode/.local/lib/python3.10/site-packages/airflow/example_dags/example_task_group.py
[2025-08-12T15:59:18.322+0000] {processor.py:836} INFO - DAG(s) dict_keys(['example_task_group']) retrieved from /home/vscode/.local/lib/python3.10/site-packages/airflow/example_dags/example_task_group.py
[2025-08-12T15:59:18.334+0000] {logging_mixin.py:150} INFO - [2025-08-12T15:59:18.333+0000] {dag.py:2742} INFO - Sync 1 DAGs
[2025-08-12T15:59:18.347+0000] {logging_mixin.py:150} INFO - [2025-08-12T15:59:18.347+0000] {dag.py:3504} INFO - Setting next_dagrun for example_task_group to 2025-08-11T15:59:18.347473+00:00, run_after=2025-08-12T15:59:18.347473+00:00
[2025-08-12T15:59:18.363+0000] {processor.py:179} INFO - Processing /home/vscode/.local/lib/python3.10/site-packages/airflow/example_dags/example_task_group.py took 0.050 seconds
[2025-08-12T15:59:57.138+0000] {processor.py:157} INFO - Started process (PID=27872) to work on /home/vscode/.local/lib/python3.10/site-packages/airflow/example_dags/example_task_group.py
[2025-08-12T15:59:57.139+0000] {processor.py:826} INFO - Processing file /home/vscode/.local/lib/python3.10/site-packages/airflow/example_dags/example_task_group.py for tasks to queue
[2025-08-12T15:59:57.139+0000] {logging_mixin.py:150} INFO - [2025-08-12T15:59:57.139+0000] {dagbag.py:541} INFO - Filling up the DagBag from /home/vscode/.local/lib/python3.10/site-packages/airflow/example_dags/example_task_group.py
[2025-08-12T15:59:57.145+0000] {processor.py:836} INFO - DAG(s) dict_keys(['example_task_group']) retrieved from /home/vscode/.local/lib/python3.10/site-packages/airflow/example_dags/example_task_group.py
[2025-08-12T15:59:57.161+0000] {logging_mixin.py:150} INFO - [2025-08-12T15:59:57.161+0000] {dag.py:2742} INFO - Sync 1 DAGs
[2025-08-12T15:59:57.182+0000] {logging_mixin.py:150} INFO - [2025-08-12T15:59:57.182+0000] {dag.py:3504} INFO - Setting next_dagrun for example_task_group to 2025-08-11T15:59:57.182458+00:00, run_after=2025-08-12T15:59:57.182458+00:00
[2025-08-12T15:59:57.198+0000] {processor.py:179} INFO - Processing /home/vscode/.local/lib/python3.10/site-packages/airflow/example_dags/example_task_group.py took 0.062 seconds
[2025-08-12T16:00:40.595+0000] {processor.py:157} INFO - Started process (PID=28221) to work on /home/vscode/.local/lib/python3.10/site-packages/airflow/example_dags/example_task_group.py
[2025-08-12T16:00:40.595+0000] {processor.py:826} INFO - Processing file /home/vscode/.local/lib/python3.10/site-packages/airflow/example_dags/example_task_group.py for tasks to queue
[2025-08-12T16:00:40.596+0000] {logging_mixin.py:150} INFO - [2025-08-12T16:00:40.596+0000] {dagbag.py:541} INFO - Filling up the DagBag from /home/vscode/.local/lib/python3.10/site-packages/airflow/example_dags/example_task_group.py
[2025-08-12T16:00:40.602+0000] {processor.py:836} INFO - DAG(s) dict_keys(['example_task_group']) retrieved from /home/vscode/.local/lib/python3.10/site-packages/airflow/example_dags/example_task_group.py
[2025-08-12T16:00:40.616+0000] {logging_mixin.py:150} INFO - [2025-08-12T16:00:40.616+0000] {dag.py:2742} INFO - Sync 1 DAGs
[2025-08-12T16:00:40.631+0000] {logging_mixin.py:150} INFO - [2025-08-12T16:00:40.631+0000] {dag.py:3504} INFO - Setting next_dagrun for example_task_group to 2025-08-11T16:00:40.631350+00:00, run_after=2025-08-12T16:00:40.631350+00:00
[2025-08-12T16:00:40.649+0000] {processor.py:179} INFO - Processing /home/vscode/.local/lib/python3.10/site-packages/airflow/example_dags/example_task_group.py took 0.057 seconds
[2025-08-12T16:01:24.526+0000] {processor.py:157} INFO - Started process (PID=28604) to work on /home/vscode/.local/lib/python3.10/site-packages/airflow/example_dags/example_task_group.py
[2025-08-12T16:01:24.527+0000] {processor.py:826} INFO - Processing file /home/vscode/.local/lib/python3.10/site-packages/airflow/example_dags/example_task_group.py for tasks to queue
[2025-08-12T16:01:24.528+0000] {logging_mixin.py:150} INFO - [2025-08-12T16:01:24.527+0000] {dagbag.py:541} INFO - Filling up the DagBag from /home/vscode/.local/lib/python3.10/site-packages/airflow/example_dags/example_task_group.py
[2025-08-12T16:01:24.533+0000] {processor.py:836} INFO - DAG(s) dict_keys(['example_task_group']) retrieved from /home/vscode/.local/lib/python3.10/site-packages/airflow/example_dags/example_task_group.py
[2025-08-12T16:01:24.546+0000] {logging_mixin.py:150} INFO - [2025-08-12T16:01:24.545+0000] {dag.py:2742} INFO - Sync 1 DAGs
[2025-08-12T16:01:24.559+0000] {logging_mixin.py:150} INFO - [2025-08-12T16:01:24.559+0000] {dag.py:3504} INFO - Setting next_dagrun for example_task_group to 2025-08-11T16:01:24.559660+00:00, run_after=2025-08-12T16:01:24.559660+00:00
[2025-08-12T16:01:24.575+0000] {processor.py:179} INFO - Processing /home/vscode/.local/lib/python3.10/site-packages/airflow/example_dags/example_task_group.py took 0.051 seconds
[2025-08-12T16:02:11.771+0000] {processor.py:157} INFO - Started process (PID=28936) to work on /home/vscode/.local/lib/python3.10/site-packages/airflow/example_dags/example_task_group.py
[2025-08-12T16:02:11.772+0000] {processor.py:826} INFO - Processing file /home/vscode/.local/lib/python3.10/site-packages/airflow/example_dags/example_task_group.py for tasks to queue
[2025-08-12T16:02:11.772+0000] {logging_mixin.py:150} INFO - [2025-08-12T16:02:11.772+0000] {dagbag.py:541} INFO - Filling up the DagBag from /home/vscode/.local/lib/python3.10/site-packages/airflow/example_dags/example_task_group.py
[2025-08-12T16:02:11.778+0000] {processor.py:836} INFO - DAG(s) dict_keys(['example_task_group']) retrieved from /home/vscode/.local/lib/python3.10/site-packages/airflow/example_dags/example_task_group.py
[2025-08-12T16:02:11.790+0000] {logging_mixin.py:150} INFO - [2025-08-12T16:02:11.790+0000] {dag.py:2742} INFO - Sync 1 DAGs
[2025-08-12T16:02:11.804+0000] {logging_mixin.py:150} INFO - [2025-08-12T16:02:11.804+0000] {dag.py:3504} INFO - Setting next_dagrun for example_task_group to 2025-08-11T16:02:11.804669+00:00, run_after=2025-08-12T16:02:11.804669+00:00
[2025-08-12T16:02:11.821+0000] {processor.py:179} INFO - Processing /home/vscode/.local/lib/python3.10/site-packages/airflow/example_dags/example_task_group.py took 0.052 seconds
[2025-08-12T16:02:50.191+0000] {processor.py:157} INFO - Started process (PID=29196) to work on /home/vscode/.local/lib/python3.10/site-packages/airflow/example_dags/example_task_group.py
[2025-08-12T16:02:50.192+0000] {processor.py:826} INFO - Processing file /home/vscode/.local/lib/python3.10/site-packages/airflow/example_dags/example_task_group.py for tasks to queue
[2025-08-12T16:02:50.192+0000] {logging_mixin.py:150} INFO - [2025-08-12T16:02:50.192+0000] {dagbag.py:541} INFO - Filling up the DagBag from /home/vscode/.local/lib/python3.10/site-packages/airflow/example_dags/example_task_group.py
[2025-08-12T16:02:50.198+0000] {processor.py:836} INFO - DAG(s) dict_keys(['example_task_group']) retrieved from /home/vscode/.local/lib/python3.10/site-packages/airflow/example_dags/example_task_group.py
[2025-08-12T16:02:50.210+0000] {logging_mixin.py:150} INFO - [2025-08-12T16:02:50.210+0000] {dag.py:2742} INFO - Sync 1 DAGs
[2025-08-12T16:02:50.225+0000] {logging_mixin.py:150} INFO - [2025-08-12T16:02:50.225+0000] {dag.py:3504} INFO - Setting next_dagrun for example_task_group to 2025-08-11T16:02:50.224870+00:00, run_after=2025-08-12T16:02:50.224870+00:00
[2025-08-12T16:02:50.240+0000] {processor.py:179} INFO - Processing /home/vscode/.local/lib/python3.10/site-packages/airflow/example_dags/example_task_group.py took 0.052 seconds
[2025-08-12T16:03:34.064+0000] {processor.py:157} INFO - Started process (PID=29487) to work on /home/vscode/.local/lib/python3.10/site-packages/airflow/example_dags/example_task_group.py
[2025-08-12T16:03:34.065+0000] {processor.py:826} INFO - Processing file /home/vscode/.local/lib/python3.10/site-packages/airflow/example_dags/example_task_group.py for tasks to queue
[2025-08-12T16:03:34.065+0000] {logging_mixin.py:150} INFO - [2025-08-12T16:03:34.065+0000] {dagbag.py:541} INFO - Filling up the DagBag from /home/vscode/.local/lib/python3.10/site-packages/airflow/example_dags/example_task_group.py
[2025-08-12T16:03:34.071+0000] {processor.py:836} INFO - DAG(s) dict_keys(['example_task_group']) retrieved from /home/vscode/.local/lib/python3.10/site-packages/airflow/example_dags/example_task_group.py
[2025-08-12T16:03:34.084+0000] {logging_mixin.py:150} INFO - [2025-08-12T16:03:34.084+0000] {dag.py:2742} INFO - Sync 1 DAGs
[2025-08-12T16:03:34.098+0000] {logging_mixin.py:150} INFO - [2025-08-12T16:03:34.098+0000] {dag.py:3504} INFO - Setting next_dagrun for example_task_group to 2025-08-11T16:03:34.098484+00:00, run_after=2025-08-12T16:03:34.098484+00:00
[2025-08-12T16:03:34.115+0000] {processor.py:179} INFO - Processing /home/vscode/.local/lib/python3.10/site-packages/airflow/example_dags/example_task_group.py took 0.054 seconds
[2025-08-12T16:04:21.996+0000] {processor.py:157} INFO - Started process (PID=29805) to work on /home/vscode/.local/lib/python3.10/site-packages/airflow/example_dags/example_task_group.py
[2025-08-12T16:04:21.996+0000] {processor.py:826} INFO - Processing file /home/vscode/.local/lib/python3.10/site-packages/airflow/example_dags/example_task_group.py for tasks to queue
[2025-08-12T16:04:21.997+0000] {logging_mixin.py:150} INFO - [2025-08-12T16:04:21.997+0000] {dagbag.py:541} INFO - Filling up the DagBag from /home/vscode/.local/lib/python3.10/site-packages/airflow/example_dags/example_task_group.py
[2025-08-12T16:04:22.003+0000] {processor.py:836} INFO - DAG(s) dict_keys(['example_task_group']) retrieved from /home/vscode/.local/lib/python3.10/site-packages/airflow/example_dags/example_task_group.py
[2025-08-12T16:04:22.015+0000] {logging_mixin.py:150} INFO - [2025-08-12T16:04:22.015+0000] {dag.py:2742} INFO - Sync 1 DAGs
[2025-08-12T16:04:22.029+0000] {logging_mixin.py:150} INFO - [2025-08-12T16:04:22.029+0000] {dag.py:3504} INFO - Setting next_dagrun for example_task_group to 2025-08-11T16:04:22.029322+00:00, run_after=2025-08-12T16:04:22.029322+00:00
[2025-08-12T16:04:22.045+0000] {processor.py:179} INFO - Processing /home/vscode/.local/lib/python3.10/site-packages/airflow/example_dags/example_task_group.py took 0.051 seconds
[2025-08-12T16:05:06.273+0000] {processor.py:157} INFO - Started process (PID=30099) to work on /home/vscode/.local/lib/python3.10/site-packages/airflow/example_dags/example_task_group.py
[2025-08-12T16:05:06.274+0000] {processor.py:826} INFO - Processing file /home/vscode/.local/lib/python3.10/site-packages/airflow/example_dags/example_task_group.py for tasks to queue
[2025-08-12T16:05:06.275+0000] {logging_mixin.py:150} INFO - [2025-08-12T16:05:06.274+0000] {dagbag.py:541} INFO - Filling up the DagBag from /home/vscode/.local/lib/python3.10/site-packages/airflow/example_dags/example_task_group.py
[2025-08-12T16:05:06.281+0000] {processor.py:836} INFO - DAG(s) dict_keys(['example_task_group']) retrieved from /home/vscode/.local/lib/python3.10/site-packages/airflow/example_dags/example_task_group.py
[2025-08-12T16:05:06.293+0000] {logging_mixin.py:150} INFO - [2025-08-12T16:05:06.293+0000] {dag.py:2742} INFO - Sync 1 DAGs
[2025-08-12T16:05:06.307+0000] {logging_mixin.py:150} INFO - [2025-08-12T16:05:06.307+0000] {dag.py:3504} INFO - Setting next_dagrun for example_task_group to 2025-08-11T16:05:06.307079+00:00, run_after=2025-08-12T16:05:06.307079+00:00
[2025-08-12T16:05:06.322+0000] {processor.py:179} INFO - Processing /home/vscode/.local/lib/python3.10/site-packages/airflow/example_dags/example_task_group.py took 0.051 seconds
[2025-08-12T16:05:48.763+0000] {processor.py:157} INFO - Started process (PID=30385) to work on /home/vscode/.local/lib/python3.10/site-packages/airflow/example_dags/example_task_group.py
[2025-08-12T16:05:48.764+0000] {processor.py:826} INFO - Processing file /home/vscode/.local/lib/python3.10/site-packages/airflow/example_dags/example_task_group.py for tasks to queue
[2025-08-12T16:05:48.764+0000] {logging_mixin.py:150} INFO - [2025-08-12T16:05:48.764+0000] {dagbag.py:541} INFO - Filling up the DagBag from /home/vscode/.local/lib/python3.10/site-packages/airflow/example_dags/example_task_group.py
[2025-08-12T16:05:48.770+0000] {processor.py:836} INFO - DAG(s) dict_keys(['example_task_group']) retrieved from /home/vscode/.local/lib/python3.10/site-packages/airflow/example_dags/example_task_group.py
[2025-08-12T16:05:48.784+0000] {logging_mixin.py:150} INFO - [2025-08-12T16:05:48.783+0000] {dag.py:2742} INFO - Sync 1 DAGs
[2025-08-12T16:05:48.799+0000] {logging_mixin.py:150} INFO - [2025-08-12T16:05:48.799+0000] {dag.py:3504} INFO - Setting next_dagrun for example_task_group to 2025-08-11T16:05:48.798973+00:00, run_after=2025-08-12T16:05:48.798973+00:00
[2025-08-12T16:05:48.815+0000] {processor.py:179} INFO - Processing /home/vscode/.local/lib/python3.10/site-packages/airflow/example_dags/example_task_group.py took 0.055 seconds
[2025-08-12T16:06:39.154+0000] {processor.py:157} INFO - Started process (PID=30720) to work on /home/vscode/.local/lib/python3.10/site-packages/airflow/example_dags/example_task_group.py
[2025-08-12T16:06:39.155+0000] {processor.py:826} INFO - Processing file /home/vscode/.local/lib/python3.10/site-packages/airflow/example_dags/example_task_group.py for tasks to queue
[2025-08-12T16:06:39.156+0000] {logging_mixin.py:150} INFO - [2025-08-12T16:06:39.155+0000] {dagbag.py:541} INFO - Filling up the DagBag from /home/vscode/.local/lib/python3.10/site-packages/airflow/example_dags/example_task_group.py
[2025-08-12T16:06:39.162+0000] {processor.py:836} INFO - DAG(s) dict_keys(['example_task_group']) retrieved from /home/vscode/.local/lib/python3.10/site-packages/airflow/example_dags/example_task_group.py
[2025-08-12T16:06:39.174+0000] {logging_mixin.py:150} INFO - [2025-08-12T16:06:39.173+0000] {dag.py:2742} INFO - Sync 1 DAGs
[2025-08-12T16:06:39.188+0000] {logging_mixin.py:150} INFO - [2025-08-12T16:06:39.188+0000] {dag.py:3504} INFO - Setting next_dagrun for example_task_group to 2025-08-11T16:06:39.188213+00:00, run_after=2025-08-12T16:06:39.188213+00:00
[2025-08-12T16:06:39.203+0000] {processor.py:179} INFO - Processing /home/vscode/.local/lib/python3.10/site-packages/airflow/example_dags/example_task_group.py took 0.051 seconds
[2025-08-12T16:07:21.110+0000] {processor.py:157} INFO - Started process (PID=30998) to work on /home/vscode/.local/lib/python3.10/site-packages/airflow/example_dags/example_task_group.py
[2025-08-12T16:07:21.110+0000] {processor.py:826} INFO - Processing file /home/vscode/.local/lib/python3.10/site-packages/airflow/example_dags/example_task_group.py for tasks to queue
[2025-08-12T16:07:21.111+0000] {logging_mixin.py:150} INFO - [2025-08-12T16:07:21.111+0000] {dagbag.py:541} INFO - Filling up the DagBag from /home/vscode/.local/lib/python3.10/site-packages/airflow/example_dags/example_task_group.py
[2025-08-12T16:07:21.117+0000] {processor.py:836} INFO - DAG(s) dict_keys(['example_task_group']) retrieved from /home/vscode/.local/lib/python3.10/site-packages/airflow/example_dags/example_task_group.py
[2025-08-12T16:07:21.130+0000] {logging_mixin.py:150} INFO - [2025-08-12T16:07:21.130+0000] {dag.py:2742} INFO - Sync 1 DAGs
[2025-08-12T16:07:21.145+0000] {logging_mixin.py:150} INFO - [2025-08-12T16:07:21.145+0000] {dag.py:3504} INFO - Setting next_dagrun for example_task_group to 2025-08-11T16:07:21.145059+00:00, run_after=2025-08-12T16:07:21.145059+00:00
[2025-08-12T16:07:21.161+0000] {processor.py:179} INFO - Processing /home/vscode/.local/lib/python3.10/site-packages/airflow/example_dags/example_task_group.py took 0.053 seconds
[2025-08-12T16:08:04.092+0000] {processor.py:157} INFO - Started process (PID=31283) to work on /home/vscode/.local/lib/python3.10/site-packages/airflow/example_dags/example_task_group.py
[2025-08-12T16:08:04.093+0000] {processor.py:826} INFO - Processing file /home/vscode/.local/lib/python3.10/site-packages/airflow/example_dags/example_task_group.py for tasks to queue
[2025-08-12T16:08:04.093+0000] {logging_mixin.py:150} INFO - [2025-08-12T16:08:04.093+0000] {dagbag.py:541} INFO - Filling up the DagBag from /home/vscode/.local/lib/python3.10/site-packages/airflow/example_dags/example_task_group.py
[2025-08-12T16:08:04.099+0000] {processor.py:836} INFO - DAG(s) dict_keys(['example_task_group']) retrieved from /home/vscode/.local/lib/python3.10/site-packages/airflow/example_dags/example_task_group.py
[2025-08-12T16:08:04.111+0000] {logging_mixin.py:150} INFO - [2025-08-12T16:08:04.111+0000] {dag.py:2742} INFO - Sync 1 DAGs
[2025-08-12T16:08:04.126+0000] {logging_mixin.py:150} INFO - [2025-08-12T16:08:04.126+0000] {dag.py:3504} INFO - Setting next_dagrun for example_task_group to 2025-08-11T16:08:04.126604+00:00, run_after=2025-08-12T16:08:04.126604+00:00
[2025-08-12T16:08:04.142+0000] {processor.py:179} INFO - Processing /home/vscode/.local/lib/python3.10/site-packages/airflow/example_dags/example_task_group.py took 0.052 seconds
[2025-08-12T16:08:43.349+0000] {processor.py:157} INFO - Started process (PID=31545) to work on /home/vscode/.local/lib/python3.10/site-packages/airflow/example_dags/example_task_group.py
[2025-08-12T16:08:43.349+0000] {processor.py:826} INFO - Processing file /home/vscode/.local/lib/python3.10/site-packages/airflow/example_dags/example_task_group.py for tasks to queue
[2025-08-12T16:08:43.350+0000] {logging_mixin.py:150} INFO - [2025-08-12T16:08:43.350+0000] {dagbag.py:541} INFO - Filling up the DagBag from /home/vscode/.local/lib/python3.10/site-packages/airflow/example_dags/example_task_group.py
[2025-08-12T16:08:43.356+0000] {processor.py:836} INFO - DAG(s) dict_keys(['example_task_group']) retrieved from /home/vscode/.local/lib/python3.10/site-packages/airflow/example_dags/example_task_group.py
[2025-08-12T16:08:43.368+0000] {logging_mixin.py:150} INFO - [2025-08-12T16:08:43.368+0000] {dag.py:2742} INFO - Sync 1 DAGs
[2025-08-12T16:08:43.382+0000] {logging_mixin.py:150} INFO - [2025-08-12T16:08:43.382+0000] {dag.py:3504} INFO - Setting next_dagrun for example_task_group to 2025-08-11T16:08:43.382210+00:00, run_after=2025-08-12T16:08:43.382210+00:00
[2025-08-12T16:08:43.398+0000] {processor.py:179} INFO - Processing /home/vscode/.local/lib/python3.10/site-packages/airflow/example_dags/example_task_group.py took 0.051 seconds
[2025-08-12T16:09:29.708+0000] {processor.py:157} INFO - Started process (PID=31859) to work on /home/vscode/.local/lib/python3.10/site-packages/airflow/example_dags/example_task_group.py
[2025-08-12T16:09:29.708+0000] {processor.py:826} INFO - Processing file /home/vscode/.local/lib/python3.10/site-packages/airflow/example_dags/example_task_group.py for tasks to queue
[2025-08-12T16:09:29.709+0000] {logging_mixin.py:150} INFO - [2025-08-12T16:09:29.709+0000] {dagbag.py:541} INFO - Filling up the DagBag from /home/vscode/.local/lib/python3.10/site-packages/airflow/example_dags/example_task_group.py
[2025-08-12T16:09:29.715+0000] {processor.py:836} INFO - DAG(s) dict_keys(['example_task_group']) retrieved from /home/vscode/.local/lib/python3.10/site-packages/airflow/example_dags/example_task_group.py
[2025-08-12T16:09:29.727+0000] {logging_mixin.py:150} INFO - [2025-08-12T16:09:29.727+0000] {dag.py:2742} INFO - Sync 1 DAGs
[2025-08-12T16:09:29.742+0000] {logging_mixin.py:150} INFO - [2025-08-12T16:09:29.741+0000] {dag.py:3504} INFO - Setting next_dagrun for example_task_group to 2025-08-11T16:09:29.741683+00:00, run_after=2025-08-12T16:09:29.741683+00:00
[2025-08-12T16:09:29.758+0000] {processor.py:179} INFO - Processing /home/vscode/.local/lib/python3.10/site-packages/airflow/example_dags/example_task_group.py took 0.052 seconds
[2025-08-12T16:10:15.696+0000] {processor.py:157} INFO - Started process (PID=32156) to work on /home/vscode/.local/lib/python3.10/site-packages/airflow/example_dags/example_task_group.py
[2025-08-12T16:10:15.697+0000] {processor.py:826} INFO - Processing file /home/vscode/.local/lib/python3.10/site-packages/airflow/example_dags/example_task_group.py for tasks to queue
[2025-08-12T16:10:15.698+0000] {logging_mixin.py:150} INFO - [2025-08-12T16:10:15.697+0000] {dagbag.py:541} INFO - Filling up the DagBag from /home/vscode/.local/lib/python3.10/site-packages/airflow/example_dags/example_task_group.py
[2025-08-12T16:10:15.704+0000] {processor.py:836} INFO - DAG(s) dict_keys(['example_task_group']) retrieved from /home/vscode/.local/lib/python3.10/site-packages/airflow/example_dags/example_task_group.py
[2025-08-12T16:10:15.716+0000] {logging_mixin.py:150} INFO - [2025-08-12T16:10:15.716+0000] {dag.py:2742} INFO - Sync 1 DAGs
[2025-08-12T16:10:15.732+0000] {logging_mixin.py:150} INFO - [2025-08-12T16:10:15.731+0000] {dag.py:3504} INFO - Setting next_dagrun for example_task_group to 2025-08-11T16:10:15.731645+00:00, run_after=2025-08-12T16:10:15.731645+00:00
[2025-08-12T16:10:15.748+0000] {processor.py:179} INFO - Processing /home/vscode/.local/lib/python3.10/site-packages/airflow/example_dags/example_task_group.py took 0.054 seconds
[2025-08-12T16:11:00.919+0000] {processor.py:157} INFO - Started process (PID=32457) to work on /home/vscode/.local/lib/python3.10/site-packages/airflow/example_dags/example_task_group.py
[2025-08-12T16:11:00.920+0000] {processor.py:826} INFO - Processing file /home/vscode/.local/lib/python3.10/site-packages/airflow/example_dags/example_task_group.py for tasks to queue
[2025-08-12T16:11:00.921+0000] {logging_mixin.py:150} INFO - [2025-08-12T16:11:00.920+0000] {dagbag.py:541} INFO - Filling up the DagBag from /home/vscode/.local/lib/python3.10/site-packages/airflow/example_dags/example_task_group.py
[2025-08-12T16:11:00.927+0000] {processor.py:836} INFO - DAG(s) dict_keys(['example_task_group']) retrieved from /home/vscode/.local/lib/python3.10/site-packages/airflow/example_dags/example_task_group.py
[2025-08-12T16:11:00.939+0000] {logging_mixin.py:150} INFO - [2025-08-12T16:11:00.939+0000] {dag.py:2742} INFO - Sync 1 DAGs
[2025-08-12T16:11:00.954+0000] {logging_mixin.py:150} INFO - [2025-08-12T16:11:00.954+0000] {dag.py:3504} INFO - Setting next_dagrun for example_task_group to 2025-08-11T16:11:00.953858+00:00, run_after=2025-08-12T16:11:00.953858+00:00
[2025-08-12T16:11:00.969+0000] {processor.py:179} INFO - Processing /home/vscode/.local/lib/python3.10/site-packages/airflow/example_dags/example_task_group.py took 0.052 seconds
[2025-08-12T16:11:43.499+0000] {processor.py:157} INFO - Started process (PID=32742) to work on /home/vscode/.local/lib/python3.10/site-packages/airflow/example_dags/example_task_group.py
[2025-08-12T16:11:43.500+0000] {processor.py:826} INFO - Processing file /home/vscode/.local/lib/python3.10/site-packages/airflow/example_dags/example_task_group.py for tasks to queue
[2025-08-12T16:11:43.500+0000] {logging_mixin.py:150} INFO - [2025-08-12T16:11:43.500+0000] {dagbag.py:541} INFO - Filling up the DagBag from /home/vscode/.local/lib/python3.10/site-packages/airflow/example_dags/example_task_group.py
[2025-08-12T16:11:43.506+0000] {processor.py:836} INFO - DAG(s) dict_keys(['example_task_group']) retrieved from /home/vscode/.local/lib/python3.10/site-packages/airflow/example_dags/example_task_group.py
[2025-08-12T16:11:43.519+0000] {logging_mixin.py:150} INFO - [2025-08-12T16:11:43.519+0000] {dag.py:2742} INFO - Sync 1 DAGs
[2025-08-12T16:11:43.533+0000] {logging_mixin.py:150} INFO - [2025-08-12T16:11:43.533+0000] {dag.py:3504} INFO - Setting next_dagrun for example_task_group to 2025-08-11T16:11:43.533542+00:00, run_after=2025-08-12T16:11:43.533542+00:00
[2025-08-12T16:11:43.549+0000] {processor.py:179} INFO - Processing /home/vscode/.local/lib/python3.10/site-packages/airflow/example_dags/example_task_group.py took 0.052 seconds
[2025-08-12T16:12:27.566+0000] {processor.py:157} INFO - Started process (PID=33041) to work on /home/vscode/.local/lib/python3.10/site-packages/airflow/example_dags/example_task_group.py
[2025-08-12T16:12:27.567+0000] {processor.py:826} INFO - Processing file /home/vscode/.local/lib/python3.10/site-packages/airflow/example_dags/example_task_group.py for tasks to queue
[2025-08-12T16:12:27.568+0000] {logging_mixin.py:150} INFO - [2025-08-12T16:12:27.567+0000] {dagbag.py:541} INFO - Filling up the DagBag from /home/vscode/.local/lib/python3.10/site-packages/airflow/example_dags/example_task_group.py
[2025-08-12T16:12:27.574+0000] {processor.py:836} INFO - DAG(s) dict_keys(['example_task_group']) retrieved from /home/vscode/.local/lib/python3.10/site-packages/airflow/example_dags/example_task_group.py
[2025-08-12T16:12:27.586+0000] {logging_mixin.py:150} INFO - [2025-08-12T16:12:27.586+0000] {dag.py:2742} INFO - Sync 1 DAGs
[2025-08-12T16:12:27.601+0000] {logging_mixin.py:150} INFO - [2025-08-12T16:12:27.601+0000] {dag.py:3504} INFO - Setting next_dagrun for example_task_group to 2025-08-11T16:12:27.601019+00:00, run_after=2025-08-12T16:12:27.601019+00:00
[2025-08-12T16:12:27.616+0000] {processor.py:179} INFO - Processing /home/vscode/.local/lib/python3.10/site-packages/airflow/example_dags/example_task_group.py took 0.052 seconds
[2025-08-12T16:13:15.848+0000] {processor.py:157} INFO - Started process (PID=33355) to work on /home/vscode/.local/lib/python3.10/site-packages/airflow/example_dags/example_task_group.py
[2025-08-12T16:13:15.848+0000] {processor.py:826} INFO - Processing file /home/vscode/.local/lib/python3.10/site-packages/airflow/example_dags/example_task_group.py for tasks to queue
[2025-08-12T16:13:15.849+0000] {logging_mixin.py:150} INFO - [2025-08-12T16:13:15.849+0000] {dagbag.py:541} INFO - Filling up the DagBag from /home/vscode/.local/lib/python3.10/site-packages/airflow/example_dags/example_task_group.py
[2025-08-12T16:13:15.855+0000] {processor.py:836} INFO - DAG(s) dict_keys(['example_task_group']) retrieved from /home/vscode/.local/lib/python3.10/site-packages/airflow/example_dags/example_task_group.py
[2025-08-12T16:13:15.867+0000] {logging_mixin.py:150} INFO - [2025-08-12T16:13:15.867+0000] {dag.py:2742} INFO - Sync 1 DAGs
[2025-08-12T16:13:15.882+0000] {logging_mixin.py:150} INFO - [2025-08-12T16:13:15.882+0000] {dag.py:3504} INFO - Setting next_dagrun for example_task_group to 2025-08-11T16:13:15.882484+00:00, run_after=2025-08-12T16:13:15.882484+00:00
[2025-08-12T16:13:15.899+0000] {processor.py:179} INFO - Processing /home/vscode/.local/lib/python3.10/site-packages/airflow/example_dags/example_task_group.py took 0.053 seconds
[2025-08-12T16:13:57.110+0000] {processor.py:157} INFO - Started process (PID=33630) to work on /home/vscode/.local/lib/python3.10/site-packages/airflow/example_dags/example_task_group.py
[2025-08-12T16:13:57.111+0000] {processor.py:826} INFO - Processing file /home/vscode/.local/lib/python3.10/site-packages/airflow/example_dags/example_task_group.py for tasks to queue
[2025-08-12T16:13:57.112+0000] {logging_mixin.py:150} INFO - [2025-08-12T16:13:57.111+0000] {dagbag.py:541} INFO - Filling up the DagBag from /home/vscode/.local/lib/python3.10/site-packages/airflow/example_dags/example_task_group.py
[2025-08-12T16:13:57.117+0000] {processor.py:836} INFO - DAG(s) dict_keys(['example_task_group']) retrieved from /home/vscode/.local/lib/python3.10/site-packages/airflow/example_dags/example_task_group.py
[2025-08-12T16:13:57.130+0000] {logging_mixin.py:150} INFO - [2025-08-12T16:13:57.129+0000] {dag.py:2742} INFO - Sync 1 DAGs
[2025-08-12T16:13:57.144+0000] {logging_mixin.py:150} INFO - [2025-08-12T16:13:57.144+0000] {dag.py:3504} INFO - Setting next_dagrun for example_task_group to 2025-08-11T16:13:57.144096+00:00, run_after=2025-08-12T16:13:57.144096+00:00
[2025-08-12T16:13:57.160+0000] {processor.py:179} INFO - Processing /home/vscode/.local/lib/python3.10/site-packages/airflow/example_dags/example_task_group.py took 0.052 seconds
[2025-08-12T16:14:42.738+0000] {processor.py:157} INFO - Started process (PID=33936) to work on /home/vscode/.local/lib/python3.10/site-packages/airflow/example_dags/example_task_group.py
[2025-08-12T16:14:42.738+0000] {processor.py:826} INFO - Processing file /home/vscode/.local/lib/python3.10/site-packages/airflow/example_dags/example_task_group.py for tasks to queue
[2025-08-12T16:14:42.739+0000] {logging_mixin.py:150} INFO - [2025-08-12T16:14:42.739+0000] {dagbag.py:541} INFO - Filling up the DagBag from /home/vscode/.local/lib/python3.10/site-packages/airflow/example_dags/example_task_group.py
[2025-08-12T16:14:42.745+0000] {processor.py:836} INFO - DAG(s) dict_keys(['example_task_group']) retrieved from /home/vscode/.local/lib/python3.10/site-packages/airflow/example_dags/example_task_group.py
[2025-08-12T16:14:42.758+0000] {logging_mixin.py:150} INFO - [2025-08-12T16:14:42.758+0000] {dag.py:2742} INFO - Sync 1 DAGs
[2025-08-12T16:14:42.773+0000] {logging_mixin.py:150} INFO - [2025-08-12T16:14:42.773+0000] {dag.py:3504} INFO - Setting next_dagrun for example_task_group to 2025-08-11T16:14:42.772920+00:00, run_after=2025-08-12T16:14:42.772920+00:00
[2025-08-12T16:14:42.790+0000] {processor.py:179} INFO - Processing /home/vscode/.local/lib/python3.10/site-packages/airflow/example_dags/example_task_group.py took 0.054 seconds
[2025-08-12T16:15:22.861+0000] {processor.py:157} INFO - Started process (PID=34203) to work on /home/vscode/.local/lib/python3.10/site-packages/airflow/example_dags/example_task_group.py
[2025-08-12T16:15:22.862+0000] {processor.py:826} INFO - Processing file /home/vscode/.local/lib/python3.10/site-packages/airflow/example_dags/example_task_group.py for tasks to queue
[2025-08-12T16:15:22.862+0000] {logging_mixin.py:150} INFO - [2025-08-12T16:15:22.862+0000] {dagbag.py:541} INFO - Filling up the DagBag from /home/vscode/.local/lib/python3.10/site-packages/airflow/example_dags/example_task_group.py
[2025-08-12T16:15:22.868+0000] {processor.py:836} INFO - DAG(s) dict_keys(['example_task_group']) retrieved from /home/vscode/.local/lib/python3.10/site-packages/airflow/example_dags/example_task_group.py
[2025-08-12T16:15:22.880+0000] {logging_mixin.py:150} INFO - [2025-08-12T16:15:22.880+0000] {dag.py:2742} INFO - Sync 1 DAGs
[2025-08-12T16:15:22.895+0000] {logging_mixin.py:150} INFO - [2025-08-12T16:15:22.894+0000] {dag.py:3504} INFO - Setting next_dagrun for example_task_group to 2025-08-11T16:15:22.894700+00:00, run_after=2025-08-12T16:15:22.894700+00:00
[2025-08-12T16:15:22.911+0000] {processor.py:179} INFO - Processing /home/vscode/.local/lib/python3.10/site-packages/airflow/example_dags/example_task_group.py took 0.053 seconds
[2025-08-12T16:16:05.672+0000] {processor.py:157} INFO - Started process (PID=34490) to work on /home/vscode/.local/lib/python3.10/site-packages/airflow/example_dags/example_task_group.py
[2025-08-12T16:16:05.672+0000] {processor.py:826} INFO - Processing file /home/vscode/.local/lib/python3.10/site-packages/airflow/example_dags/example_task_group.py for tasks to queue
[2025-08-12T16:16:05.673+0000] {logging_mixin.py:150} INFO - [2025-08-12T16:16:05.672+0000] {dagbag.py:541} INFO - Filling up the DagBag from /home/vscode/.local/lib/python3.10/site-packages/airflow/example_dags/example_task_group.py
[2025-08-12T16:16:05.679+0000] {processor.py:836} INFO - DAG(s) dict_keys(['example_task_group']) retrieved from /home/vscode/.local/lib/python3.10/site-packages/airflow/example_dags/example_task_group.py
[2025-08-12T16:16:05.691+0000] {logging_mixin.py:150} INFO - [2025-08-12T16:16:05.691+0000] {dag.py:2742} INFO - Sync 1 DAGs
[2025-08-12T16:16:05.708+0000] {logging_mixin.py:150} INFO - [2025-08-12T16:16:05.708+0000] {dag.py:3504} INFO - Setting next_dagrun for example_task_group to 2025-08-11T16:16:05.707646+00:00, run_after=2025-08-12T16:16:05.707646+00:00
[2025-08-12T16:16:05.734+0000] {processor.py:179} INFO - Processing /home/vscode/.local/lib/python3.10/site-packages/airflow/example_dags/example_task_group.py took 0.065 seconds
[2025-08-12T16:16:46.105+0000] {processor.py:157} INFO - Started process (PID=34759) to work on /home/vscode/.local/lib/python3.10/site-packages/airflow/example_dags/example_task_group.py
[2025-08-12T16:16:46.105+0000] {processor.py:826} INFO - Processing file /home/vscode/.local/lib/python3.10/site-packages/airflow/example_dags/example_task_group.py for tasks to queue
[2025-08-12T16:16:46.106+0000] {logging_mixin.py:150} INFO - [2025-08-12T16:16:46.106+0000] {dagbag.py:541} INFO - Filling up the DagBag from /home/vscode/.local/lib/python3.10/site-packages/airflow/example_dags/example_task_group.py
[2025-08-12T16:16:46.112+0000] {processor.py:836} INFO - DAG(s) dict_keys(['example_task_group']) retrieved from /home/vscode/.local/lib/python3.10/site-packages/airflow/example_dags/example_task_group.py
[2025-08-12T16:16:46.126+0000] {logging_mixin.py:150} INFO - [2025-08-12T16:16:46.126+0000] {dag.py:2742} INFO - Sync 1 DAGs
[2025-08-12T16:16:46.144+0000] {logging_mixin.py:150} INFO - [2025-08-12T16:16:46.144+0000] {dag.py:3504} INFO - Setting next_dagrun for example_task_group to 2025-08-11T16:16:46.143817+00:00, run_after=2025-08-12T16:16:46.143817+00:00
[2025-08-12T16:16:46.160+0000] {processor.py:179} INFO - Processing /home/vscode/.local/lib/python3.10/site-packages/airflow/example_dags/example_task_group.py took 0.058 seconds
[2025-08-12T16:17:29.180+0000] {processor.py:157} INFO - Started process (PID=35052) to work on /home/vscode/.local/lib/python3.10/site-packages/airflow/example_dags/example_task_group.py
[2025-08-12T16:17:29.181+0000] {processor.py:826} INFO - Processing file /home/vscode/.local/lib/python3.10/site-packages/airflow/example_dags/example_task_group.py for tasks to queue
[2025-08-12T16:17:29.182+0000] {logging_mixin.py:150} INFO - [2025-08-12T16:17:29.181+0000] {dagbag.py:541} INFO - Filling up the DagBag from /home/vscode/.local/lib/python3.10/site-packages/airflow/example_dags/example_task_group.py
[2025-08-12T16:17:29.187+0000] {processor.py:836} INFO - DAG(s) dict_keys(['example_task_group']) retrieved from /home/vscode/.local/lib/python3.10/site-packages/airflow/example_dags/example_task_group.py
[2025-08-12T16:17:29.200+0000] {logging_mixin.py:150} INFO - [2025-08-12T16:17:29.200+0000] {dag.py:2742} INFO - Sync 1 DAGs
[2025-08-12T16:17:29.213+0000] {logging_mixin.py:150} INFO - [2025-08-12T16:17:29.213+0000] {dag.py:3504} INFO - Setting next_dagrun for example_task_group to 2025-08-11T16:17:29.213590+00:00, run_after=2025-08-12T16:17:29.213590+00:00
[2025-08-12T16:17:29.229+0000] {processor.py:179} INFO - Processing /home/vscode/.local/lib/python3.10/site-packages/airflow/example_dags/example_task_group.py took 0.051 seconds
[2025-08-12T16:18:07.462+0000] {processor.py:157} INFO - Started process (PID=35301) to work on /home/vscode/.local/lib/python3.10/site-packages/airflow/example_dags/example_task_group.py
[2025-08-12T16:18:07.463+0000] {processor.py:826} INFO - Processing file /home/vscode/.local/lib/python3.10/site-packages/airflow/example_dags/example_task_group.py for tasks to queue
[2025-08-12T16:18:07.463+0000] {logging_mixin.py:150} INFO - [2025-08-12T16:18:07.463+0000] {dagbag.py:541} INFO - Filling up the DagBag from /home/vscode/.local/lib/python3.10/site-packages/airflow/example_dags/example_task_group.py
[2025-08-12T16:18:07.471+0000] {processor.py:836} INFO - DAG(s) dict_keys(['example_task_group']) retrieved from /home/vscode/.local/lib/python3.10/site-packages/airflow/example_dags/example_task_group.py
[2025-08-12T16:18:07.488+0000] {logging_mixin.py:150} INFO - [2025-08-12T16:18:07.488+0000] {dag.py:2742} INFO - Sync 1 DAGs
[2025-08-12T16:18:07.504+0000] {logging_mixin.py:150} INFO - [2025-08-12T16:18:07.504+0000] {dag.py:3504} INFO - Setting next_dagrun for example_task_group to 2025-08-11T16:18:07.503915+00:00, run_after=2025-08-12T16:18:07.503915+00:00
[2025-08-12T16:18:07.522+0000] {processor.py:179} INFO - Processing /home/vscode/.local/lib/python3.10/site-packages/airflow/example_dags/example_task_group.py took 0.063 seconds
[2025-08-12T16:18:49.119+0000] {processor.py:157} INFO - Started process (PID=35580) to work on /home/vscode/.local/lib/python3.10/site-packages/airflow/example_dags/example_task_group.py
[2025-08-12T16:18:49.120+0000] {processor.py:826} INFO - Processing file /home/vscode/.local/lib/python3.10/site-packages/airflow/example_dags/example_task_group.py for tasks to queue
[2025-08-12T16:18:49.120+0000] {logging_mixin.py:150} INFO - [2025-08-12T16:18:49.120+0000] {dagbag.py:541} INFO - Filling up the DagBag from /home/vscode/.local/lib/python3.10/site-packages/airflow/example_dags/example_task_group.py
[2025-08-12T16:18:49.126+0000] {processor.py:836} INFO - DAG(s) dict_keys(['example_task_group']) retrieved from /home/vscode/.local/lib/python3.10/site-packages/airflow/example_dags/example_task_group.py
[2025-08-12T16:18:49.139+0000] {logging_mixin.py:150} INFO - [2025-08-12T16:18:49.139+0000] {dag.py:2742} INFO - Sync 1 DAGs
[2025-08-12T16:18:49.154+0000] {logging_mixin.py:150} INFO - [2025-08-12T16:18:49.153+0000] {dag.py:3504} INFO - Setting next_dagrun for example_task_group to 2025-08-11T16:18:49.153820+00:00, run_after=2025-08-12T16:18:49.153820+00:00
[2025-08-12T16:18:49.169+0000] {processor.py:179} INFO - Processing /home/vscode/.local/lib/python3.10/site-packages/airflow/example_dags/example_task_group.py took 0.052 seconds
[2025-08-12T16:19:30.676+0000] {processor.py:157} INFO - Started process (PID=35857) to work on /home/vscode/.local/lib/python3.10/site-packages/airflow/example_dags/example_task_group.py
[2025-08-12T16:19:30.677+0000] {processor.py:826} INFO - Processing file /home/vscode/.local/lib/python3.10/site-packages/airflow/example_dags/example_task_group.py for tasks to queue
[2025-08-12T16:19:30.677+0000] {logging_mixin.py:150} INFO - [2025-08-12T16:19:30.677+0000] {dagbag.py:541} INFO - Filling up the DagBag from /home/vscode/.local/lib/python3.10/site-packages/airflow/example_dags/example_task_group.py
[2025-08-12T16:19:30.683+0000] {processor.py:836} INFO - DAG(s) dict_keys(['example_task_group']) retrieved from /home/vscode/.local/lib/python3.10/site-packages/airflow/example_dags/example_task_group.py
[2025-08-12T16:19:30.696+0000] {logging_mixin.py:150} INFO - [2025-08-12T16:19:30.695+0000] {dag.py:2742} INFO - Sync 1 DAGs
[2025-08-12T16:19:30.710+0000] {logging_mixin.py:150} INFO - [2025-08-12T16:19:30.710+0000] {dag.py:3504} INFO - Setting next_dagrun for example_task_group to 2025-08-11T16:19:30.710127+00:00, run_after=2025-08-12T16:19:30.710127+00:00
[2025-08-12T16:19:30.727+0000] {processor.py:179} INFO - Processing /home/vscode/.local/lib/python3.10/site-packages/airflow/example_dags/example_task_group.py took 0.053 seconds
[2025-08-12T16:20:08.613+0000] {processor.py:157} INFO - Started process (PID=36106) to work on /home/vscode/.local/lib/python3.10/site-packages/airflow/example_dags/example_task_group.py
[2025-08-12T16:20:08.614+0000] {processor.py:826} INFO - Processing file /home/vscode/.local/lib/python3.10/site-packages/airflow/example_dags/example_task_group.py for tasks to queue
[2025-08-12T16:20:08.615+0000] {logging_mixin.py:150} INFO - [2025-08-12T16:20:08.614+0000] {dagbag.py:541} INFO - Filling up the DagBag from /home/vscode/.local/lib/python3.10/site-packages/airflow/example_dags/example_task_group.py
[2025-08-12T16:20:08.621+0000] {processor.py:836} INFO - DAG(s) dict_keys(['example_task_group']) retrieved from /home/vscode/.local/lib/python3.10/site-packages/airflow/example_dags/example_task_group.py
[2025-08-12T16:20:08.634+0000] {logging_mixin.py:150} INFO - [2025-08-12T16:20:08.634+0000] {dag.py:2742} INFO - Sync 1 DAGs
[2025-08-12T16:20:08.649+0000] {logging_mixin.py:150} INFO - [2025-08-12T16:20:08.648+0000] {dag.py:3504} INFO - Setting next_dagrun for example_task_group to 2025-08-11T16:20:08.648733+00:00, run_after=2025-08-12T16:20:08.648733+00:00
[2025-08-12T16:20:08.664+0000] {processor.py:179} INFO - Processing /home/vscode/.local/lib/python3.10/site-packages/airflow/example_dags/example_task_group.py took 0.053 seconds
[2025-08-12T16:20:49.731+0000] {processor.py:157} INFO - Started process (PID=36384) to work on /home/vscode/.local/lib/python3.10/site-packages/airflow/example_dags/example_task_group.py
[2025-08-12T16:20:49.732+0000] {processor.py:826} INFO - Processing file /home/vscode/.local/lib/python3.10/site-packages/airflow/example_dags/example_task_group.py for tasks to queue
[2025-08-12T16:20:49.732+0000] {logging_mixin.py:150} INFO - [2025-08-12T16:20:49.732+0000] {dagbag.py:541} INFO - Filling up the DagBag from /home/vscode/.local/lib/python3.10/site-packages/airflow/example_dags/example_task_group.py
[2025-08-12T16:20:49.738+0000] {processor.py:836} INFO - DAG(s) dict_keys(['example_task_group']) retrieved from /home/vscode/.local/lib/python3.10/site-packages/airflow/example_dags/example_task_group.py
[2025-08-12T16:20:49.750+0000] {logging_mixin.py:150} INFO - [2025-08-12T16:20:49.750+0000] {dag.py:2742} INFO - Sync 1 DAGs
[2025-08-12T16:20:49.764+0000] {logging_mixin.py:150} INFO - [2025-08-12T16:20:49.764+0000] {dag.py:3504} INFO - Setting next_dagrun for example_task_group to 2025-08-11T16:20:49.764152+00:00, run_after=2025-08-12T16:20:49.764152+00:00
[2025-08-12T16:20:49.779+0000] {processor.py:179} INFO - Processing /home/vscode/.local/lib/python3.10/site-packages/airflow/example_dags/example_task_group.py took 0.050 seconds
[2025-08-12T16:21:34.830+0000] {processor.py:157} INFO - Started process (PID=36684) to work on /home/vscode/.local/lib/python3.10/site-packages/airflow/example_dags/example_task_group.py
[2025-08-12T16:21:34.831+0000] {processor.py:826} INFO - Processing file /home/vscode/.local/lib/python3.10/site-packages/airflow/example_dags/example_task_group.py for tasks to queue
[2025-08-12T16:21:34.831+0000] {logging_mixin.py:150} INFO - [2025-08-12T16:21:34.831+0000] {dagbag.py:541} INFO - Filling up the DagBag from /home/vscode/.local/lib/python3.10/site-packages/airflow/example_dags/example_task_group.py
[2025-08-12T16:21:34.837+0000] {processor.py:836} INFO - DAG(s) dict_keys(['example_task_group']) retrieved from /home/vscode/.local/lib/python3.10/site-packages/airflow/example_dags/example_task_group.py
[2025-08-12T16:21:34.849+0000] {logging_mixin.py:150} INFO - [2025-08-12T16:21:34.849+0000] {dag.py:2742} INFO - Sync 1 DAGs
[2025-08-12T16:21:34.863+0000] {logging_mixin.py:150} INFO - [2025-08-12T16:21:34.863+0000] {dag.py:3504} INFO - Setting next_dagrun for example_task_group to 2025-08-11T16:21:34.863378+00:00, run_after=2025-08-12T16:21:34.863378+00:00
[2025-08-12T16:21:34.879+0000] {processor.py:179} INFO - Processing /home/vscode/.local/lib/python3.10/site-packages/airflow/example_dags/example_task_group.py took 0.051 seconds
[2025-08-12T16:22:16.973+0000] {processor.py:157} INFO - Started process (PID=36962) to work on /home/vscode/.local/lib/python3.10/site-packages/airflow/example_dags/example_task_group.py
[2025-08-12T16:22:16.974+0000] {processor.py:826} INFO - Processing file /home/vscode/.local/lib/python3.10/site-packages/airflow/example_dags/example_task_group.py for tasks to queue
[2025-08-12T16:22:16.974+0000] {logging_mixin.py:150} INFO - [2025-08-12T16:22:16.974+0000] {dagbag.py:541} INFO - Filling up the DagBag from /home/vscode/.local/lib/python3.10/site-packages/airflow/example_dags/example_task_group.py
[2025-08-12T16:22:16.980+0000] {processor.py:836} INFO - DAG(s) dict_keys(['example_task_group']) retrieved from /home/vscode/.local/lib/python3.10/site-packages/airflow/example_dags/example_task_group.py
[2025-08-12T16:22:16.992+0000] {logging_mixin.py:150} INFO - [2025-08-12T16:22:16.992+0000] {dag.py:2742} INFO - Sync 1 DAGs
[2025-08-12T16:22:17.010+0000] {logging_mixin.py:150} INFO - [2025-08-12T16:22:17.009+0000] {dag.py:3504} INFO - Setting next_dagrun for example_task_group to 2025-08-11T16:22:17.009626+00:00, run_after=2025-08-12T16:22:17.009626+00:00
[2025-08-12T16:22:17.027+0000] {processor.py:179} INFO - Processing /home/vscode/.local/lib/python3.10/site-packages/airflow/example_dags/example_task_group.py took 0.056 seconds
[2025-08-12T16:23:00.319+0000] {processor.py:157} INFO - Started process (PID=37253) to work on /home/vscode/.local/lib/python3.10/site-packages/airflow/example_dags/example_task_group.py
[2025-08-12T16:23:00.320+0000] {processor.py:826} INFO - Processing file /home/vscode/.local/lib/python3.10/site-packages/airflow/example_dags/example_task_group.py for tasks to queue
[2025-08-12T16:23:00.321+0000] {logging_mixin.py:150} INFO - [2025-08-12T16:23:00.320+0000] {dagbag.py:541} INFO - Filling up the DagBag from /home/vscode/.local/lib/python3.10/site-packages/airflow/example_dags/example_task_group.py
[2025-08-12T16:23:00.327+0000] {processor.py:836} INFO - DAG(s) dict_keys(['example_task_group']) retrieved from /home/vscode/.local/lib/python3.10/site-packages/airflow/example_dags/example_task_group.py
[2025-08-12T16:23:00.339+0000] {logging_mixin.py:150} INFO - [2025-08-12T16:23:00.339+0000] {dag.py:2742} INFO - Sync 1 DAGs
[2025-08-12T16:23:00.353+0000] {logging_mixin.py:150} INFO - [2025-08-12T16:23:00.353+0000] {dag.py:3504} INFO - Setting next_dagrun for example_task_group to 2025-08-11T16:23:00.353076+00:00, run_after=2025-08-12T16:23:00.353076+00:00
[2025-08-12T16:23:00.372+0000] {processor.py:179} INFO - Processing /home/vscode/.local/lib/python3.10/site-packages/airflow/example_dags/example_task_group.py took 0.055 seconds
[2025-08-12T16:23:47.462+0000] {processor.py:157} INFO - Started process (PID=37568) to work on /home/vscode/.local/lib/python3.10/site-packages/airflow/example_dags/example_task_group.py
[2025-08-12T16:23:47.462+0000] {processor.py:826} INFO - Processing file /home/vscode/.local/lib/python3.10/site-packages/airflow/example_dags/example_task_group.py for tasks to queue
[2025-08-12T16:23:47.463+0000] {logging_mixin.py:150} INFO - [2025-08-12T16:23:47.463+0000] {dagbag.py:541} INFO - Filling up the DagBag from /home/vscode/.local/lib/python3.10/site-packages/airflow/example_dags/example_task_group.py
[2025-08-12T16:23:47.470+0000] {processor.py:836} INFO - DAG(s) dict_keys(['example_task_group']) retrieved from /home/vscode/.local/lib/python3.10/site-packages/airflow/example_dags/example_task_group.py
[2025-08-12T16:23:47.483+0000] {logging_mixin.py:150} INFO - [2025-08-12T16:23:47.483+0000] {dag.py:2742} INFO - Sync 1 DAGs
[2025-08-12T16:23:47.498+0000] {logging_mixin.py:150} INFO - [2025-08-12T16:23:47.498+0000] {dag.py:3504} INFO - Setting next_dagrun for example_task_group to 2025-08-11T16:23:47.497912+00:00, run_after=2025-08-12T16:23:47.497912+00:00
[2025-08-12T16:23:47.513+0000] {processor.py:179} INFO - Processing /home/vscode/.local/lib/python3.10/site-packages/airflow/example_dags/example_task_group.py took 0.054 seconds
[2025-08-12T16:24:30.619+0000] {processor.py:157} INFO - Started process (PID=37854) to work on /home/vscode/.local/lib/python3.10/site-packages/airflow/example_dags/example_task_group.py
[2025-08-12T16:24:30.620+0000] {processor.py:826} INFO - Processing file /home/vscode/.local/lib/python3.10/site-packages/airflow/example_dags/example_task_group.py for tasks to queue
[2025-08-12T16:24:30.621+0000] {logging_mixin.py:150} INFO - [2025-08-12T16:24:30.620+0000] {dagbag.py:541} INFO - Filling up the DagBag from /home/vscode/.local/lib/python3.10/site-packages/airflow/example_dags/example_task_group.py
[2025-08-12T16:24:30.628+0000] {processor.py:836} INFO - DAG(s) dict_keys(['example_task_group']) retrieved from /home/vscode/.local/lib/python3.10/site-packages/airflow/example_dags/example_task_group.py
[2025-08-12T16:24:30.640+0000] {logging_mixin.py:150} INFO - [2025-08-12T16:24:30.640+0000] {dag.py:2742} INFO - Sync 1 DAGs
[2025-08-12T16:24:30.654+0000] {logging_mixin.py:150} INFO - [2025-08-12T16:24:30.654+0000] {dag.py:3504} INFO - Setting next_dagrun for example_task_group to 2025-08-11T16:24:30.654248+00:00, run_after=2025-08-12T16:24:30.654248+00:00
[2025-08-12T16:24:30.670+0000] {processor.py:179} INFO - Processing /home/vscode/.local/lib/python3.10/site-packages/airflow/example_dags/example_task_group.py took 0.053 seconds
[2025-08-12T16:25:17.170+0000] {processor.py:157} INFO - Started process (PID=38158) to work on /home/vscode/.local/lib/python3.10/site-packages/airflow/example_dags/example_task_group.py
[2025-08-12T16:25:17.171+0000] {processor.py:826} INFO - Processing file /home/vscode/.local/lib/python3.10/site-packages/airflow/example_dags/example_task_group.py for tasks to queue
[2025-08-12T16:25:17.171+0000] {logging_mixin.py:150} INFO - [2025-08-12T16:25:17.171+0000] {dagbag.py:541} INFO - Filling up the DagBag from /home/vscode/.local/lib/python3.10/site-packages/airflow/example_dags/example_task_group.py
[2025-08-12T16:25:17.177+0000] {processor.py:836} INFO - DAG(s) dict_keys(['example_task_group']) retrieved from /home/vscode/.local/lib/python3.10/site-packages/airflow/example_dags/example_task_group.py
[2025-08-12T16:25:17.189+0000] {logging_mixin.py:150} INFO - [2025-08-12T16:25:17.189+0000] {dag.py:2742} INFO - Sync 1 DAGs
[2025-08-12T16:25:17.203+0000] {logging_mixin.py:150} INFO - [2025-08-12T16:25:17.203+0000] {dag.py:3504} INFO - Setting next_dagrun for example_task_group to 2025-08-11T16:25:17.203551+00:00, run_after=2025-08-12T16:25:17.203551+00:00
[2025-08-12T16:25:17.228+0000] {processor.py:179} INFO - Processing /home/vscode/.local/lib/python3.10/site-packages/airflow/example_dags/example_task_group.py took 0.061 seconds
[2025-08-12T16:26:02.557+0000] {processor.py:157} INFO - Started process (PID=38464) to work on /home/vscode/.local/lib/python3.10/site-packages/airflow/example_dags/example_task_group.py
[2025-08-12T16:26:02.557+0000] {processor.py:826} INFO - Processing file /home/vscode/.local/lib/python3.10/site-packages/airflow/example_dags/example_task_group.py for tasks to queue
[2025-08-12T16:26:02.558+0000] {logging_mixin.py:150} INFO - [2025-08-12T16:26:02.558+0000] {dagbag.py:541} INFO - Filling up the DagBag from /home/vscode/.local/lib/python3.10/site-packages/airflow/example_dags/example_task_group.py
[2025-08-12T16:26:02.564+0000] {processor.py:836} INFO - DAG(s) dict_keys(['example_task_group']) retrieved from /home/vscode/.local/lib/python3.10/site-packages/airflow/example_dags/example_task_group.py
[2025-08-12T16:26:02.576+0000] {logging_mixin.py:150} INFO - [2025-08-12T16:26:02.576+0000] {dag.py:2742} INFO - Sync 1 DAGs
[2025-08-12T16:26:02.597+0000] {logging_mixin.py:150} INFO - [2025-08-12T16:26:02.597+0000] {dag.py:3504} INFO - Setting next_dagrun for example_task_group to 2025-08-11T16:26:02.596830+00:00, run_after=2025-08-12T16:26:02.596830+00:00
[2025-08-12T16:26:02.618+0000] {processor.py:179} INFO - Processing /home/vscode/.local/lib/python3.10/site-packages/airflow/example_dags/example_task_group.py took 0.063 seconds
[2025-08-12T16:26:44.263+0000] {processor.py:157} INFO - Started process (PID=38742) to work on /home/vscode/.local/lib/python3.10/site-packages/airflow/example_dags/example_task_group.py
[2025-08-12T16:26:44.264+0000] {processor.py:826} INFO - Processing file /home/vscode/.local/lib/python3.10/site-packages/airflow/example_dags/example_task_group.py for tasks to queue
[2025-08-12T16:26:44.264+0000] {logging_mixin.py:150} INFO - [2025-08-12T16:26:44.264+0000] {dagbag.py:541} INFO - Filling up the DagBag from /home/vscode/.local/lib/python3.10/site-packages/airflow/example_dags/example_task_group.py
[2025-08-12T16:26:44.271+0000] {processor.py:836} INFO - DAG(s) dict_keys(['example_task_group']) retrieved from /home/vscode/.local/lib/python3.10/site-packages/airflow/example_dags/example_task_group.py
[2025-08-12T16:26:44.287+0000] {logging_mixin.py:150} INFO - [2025-08-12T16:26:44.287+0000] {dag.py:2742} INFO - Sync 1 DAGs
[2025-08-12T16:26:44.302+0000] {logging_mixin.py:150} INFO - [2025-08-12T16:26:44.301+0000] {dag.py:3504} INFO - Setting next_dagrun for example_task_group to 2025-08-11T16:26:44.301787+00:00, run_after=2025-08-12T16:26:44.301787+00:00
[2025-08-12T16:26:44.318+0000] {processor.py:179} INFO - Processing /home/vscode/.local/lib/python3.10/site-packages/airflow/example_dags/example_task_group.py took 0.057 seconds
[2025-08-12T16:27:26.888+0000] {processor.py:157} INFO - Started process (PID=39026) to work on /home/vscode/.local/lib/python3.10/site-packages/airflow/example_dags/example_task_group.py
[2025-08-12T16:27:26.889+0000] {processor.py:826} INFO - Processing file /home/vscode/.local/lib/python3.10/site-packages/airflow/example_dags/example_task_group.py for tasks to queue
[2025-08-12T16:27:26.889+0000] {logging_mixin.py:150} INFO - [2025-08-12T16:27:26.889+0000] {dagbag.py:541} INFO - Filling up the DagBag from /home/vscode/.local/lib/python3.10/site-packages/airflow/example_dags/example_task_group.py
[2025-08-12T16:27:26.896+0000] {processor.py:836} INFO - DAG(s) dict_keys(['example_task_group']) retrieved from /home/vscode/.local/lib/python3.10/site-packages/airflow/example_dags/example_task_group.py
[2025-08-12T16:27:26.908+0000] {logging_mixin.py:150} INFO - [2025-08-12T16:27:26.908+0000] {dag.py:2742} INFO - Sync 1 DAGs
[2025-08-12T16:27:26.922+0000] {logging_mixin.py:150} INFO - [2025-08-12T16:27:26.922+0000] {dag.py:3504} INFO - Setting next_dagrun for example_task_group to 2025-08-11T16:27:26.922138+00:00, run_after=2025-08-12T16:27:26.922138+00:00
[2025-08-12T16:27:26.938+0000] {processor.py:179} INFO - Processing /home/vscode/.local/lib/python3.10/site-packages/airflow/example_dags/example_task_group.py took 0.052 seconds
[2025-08-12T16:28:11.722+0000] {processor.py:157} INFO - Started process (PID=39321) to work on /home/vscode/.local/lib/python3.10/site-packages/airflow/example_dags/example_task_group.py
[2025-08-12T16:28:11.723+0000] {processor.py:826} INFO - Processing file /home/vscode/.local/lib/python3.10/site-packages/airflow/example_dags/example_task_group.py for tasks to queue
[2025-08-12T16:28:11.723+0000] {logging_mixin.py:150} INFO - [2025-08-12T16:28:11.723+0000] {dagbag.py:541} INFO - Filling up the DagBag from /home/vscode/.local/lib/python3.10/site-packages/airflow/example_dags/example_task_group.py
[2025-08-12T16:28:11.729+0000] {processor.py:836} INFO - DAG(s) dict_keys(['example_task_group']) retrieved from /home/vscode/.local/lib/python3.10/site-packages/airflow/example_dags/example_task_group.py
[2025-08-12T16:28:11.741+0000] {logging_mixin.py:150} INFO - [2025-08-12T16:28:11.741+0000] {dag.py:2742} INFO - Sync 1 DAGs
[2025-08-12T16:28:11.756+0000] {logging_mixin.py:150} INFO - [2025-08-12T16:28:11.756+0000] {dag.py:3504} INFO - Setting next_dagrun for example_task_group to 2025-08-11T16:28:11.755913+00:00, run_after=2025-08-12T16:28:11.755913+00:00
[2025-08-12T16:28:11.772+0000] {processor.py:179} INFO - Processing /home/vscode/.local/lib/python3.10/site-packages/airflow/example_dags/example_task_group.py took 0.051 seconds
[2025-08-12T16:28:56.812+0000] {processor.py:157} INFO - Started process (PID=39630) to work on /home/vscode/.local/lib/python3.10/site-packages/airflow/example_dags/example_task_group.py
[2025-08-12T16:28:56.813+0000] {processor.py:826} INFO - Processing file /home/vscode/.local/lib/python3.10/site-packages/airflow/example_dags/example_task_group.py for tasks to queue
[2025-08-12T16:28:56.813+0000] {logging_mixin.py:150} INFO - [2025-08-12T16:28:56.813+0000] {dagbag.py:541} INFO - Filling up the DagBag from /home/vscode/.local/lib/python3.10/site-packages/airflow/example_dags/example_task_group.py
[2025-08-12T16:28:56.820+0000] {processor.py:836} INFO - DAG(s) dict_keys(['example_task_group']) retrieved from /home/vscode/.local/lib/python3.10/site-packages/airflow/example_dags/example_task_group.py
[2025-08-12T16:28:56.832+0000] {logging_mixin.py:150} INFO - [2025-08-12T16:28:56.832+0000] {dag.py:2742} INFO - Sync 1 DAGs
[2025-08-12T16:28:56.846+0000] {logging_mixin.py:150} INFO - [2025-08-12T16:28:56.845+0000] {dag.py:3504} INFO - Setting next_dagrun for example_task_group to 2025-08-11T16:28:56.845749+00:00, run_after=2025-08-12T16:28:56.845749+00:00
[2025-08-12T16:28:56.861+0000] {processor.py:179} INFO - Processing /home/vscode/.local/lib/python3.10/site-packages/airflow/example_dags/example_task_group.py took 0.051 seconds
[2025-08-12T16:29:43.200+0000] {processor.py:157} INFO - Started process (PID=39925) to work on /home/vscode/.local/lib/python3.10/site-packages/airflow/example_dags/example_task_group.py
[2025-08-12T16:29:43.201+0000] {processor.py:826} INFO - Processing file /home/vscode/.local/lib/python3.10/site-packages/airflow/example_dags/example_task_group.py for tasks to queue
[2025-08-12T16:29:43.202+0000] {logging_mixin.py:150} INFO - [2025-08-12T16:29:43.201+0000] {dagbag.py:541} INFO - Filling up the DagBag from /home/vscode/.local/lib/python3.10/site-packages/airflow/example_dags/example_task_group.py
[2025-08-12T16:29:43.210+0000] {processor.py:836} INFO - DAG(s) dict_keys(['example_task_group']) retrieved from /home/vscode/.local/lib/python3.10/site-packages/airflow/example_dags/example_task_group.py
[2025-08-12T16:29:43.229+0000] {logging_mixin.py:150} INFO - [2025-08-12T16:29:43.229+0000] {dag.py:2742} INFO - Sync 1 DAGs
[2025-08-12T16:29:43.254+0000] {logging_mixin.py:150} INFO - [2025-08-12T16:29:43.254+0000] {dag.py:3504} INFO - Setting next_dagrun for example_task_group to 2025-08-11T16:29:43.254245+00:00, run_after=2025-08-12T16:29:43.254245+00:00
[2025-08-12T16:29:43.270+0000] {processor.py:179} INFO - Processing /home/vscode/.local/lib/python3.10/site-packages/airflow/example_dags/example_task_group.py took 0.073 seconds
[2025-08-12T16:30:28.064+0000] {processor.py:157} INFO - Started process (PID=40226) to work on /home/vscode/.local/lib/python3.10/site-packages/airflow/example_dags/example_task_group.py
[2025-08-12T16:30:28.065+0000] {processor.py:826} INFO - Processing file /home/vscode/.local/lib/python3.10/site-packages/airflow/example_dags/example_task_group.py for tasks to queue
[2025-08-12T16:30:28.066+0000] {logging_mixin.py:150} INFO - [2025-08-12T16:30:28.065+0000] {dagbag.py:541} INFO - Filling up the DagBag from /home/vscode/.local/lib/python3.10/site-packages/airflow/example_dags/example_task_group.py
[2025-08-12T16:30:28.072+0000] {processor.py:836} INFO - DAG(s) dict_keys(['example_task_group']) retrieved from /home/vscode/.local/lib/python3.10/site-packages/airflow/example_dags/example_task_group.py
[2025-08-12T16:30:28.088+0000] {logging_mixin.py:150} INFO - [2025-08-12T16:30:28.088+0000] {dag.py:2742} INFO - Sync 1 DAGs
[2025-08-12T16:30:28.111+0000] {logging_mixin.py:150} INFO - [2025-08-12T16:30:28.111+0000] {dag.py:3504} INFO - Setting next_dagrun for example_task_group to 2025-08-11T16:30:28.110847+00:00, run_after=2025-08-12T16:30:28.110847+00:00
[2025-08-12T16:30:28.132+0000] {processor.py:179} INFO - Processing /home/vscode/.local/lib/python3.10/site-packages/airflow/example_dags/example_task_group.py took 0.070 seconds
