[2025-08-12T15:36:54.287+0000] {processor.py:157} INFO - Started process (PID=17905) to work on /home/vscode/.local/lib/python3.10/site-packages/airflow/example_dags/example_task_group_decorator.py
[2025-08-12T15:36:54.287+0000] {processor.py:826} INFO - Processing file /home/vscode/.local/lib/python3.10/site-packages/airflow/example_dags/example_task_group_decorator.py for tasks to queue
[2025-08-12T15:36:54.288+0000] {logging_mixin.py:150} INFO - [2025-08-12T15:36:54.288+0000] {dagbag.py:541} INFO - Filling up the DagBag from /home/vscode/.local/lib/python3.10/site-packages/airflow/example_dags/example_task_group_decorator.py
[2025-08-12T15:36:54.299+0000] {processor.py:836} INFO - DAG(s) dict_keys(['example_task_group_decorator']) retrieved from /home/vscode/.local/lib/python3.10/site-packages/airflow/example_dags/example_task_group_decorator.py
[2025-08-12T15:36:54.381+0000] {logging_mixin.py:150} INFO - [2025-08-12T15:36:54.381+0000] {manager.py:504} INFO - Created Permission View: can edit on DAG:example_task_group_decorator
[2025-08-12T15:36:54.390+0000] {logging_mixin.py:150} INFO - [2025-08-12T15:36:54.390+0000] {manager.py:504} INFO - Created Permission View: can read on DAG:example_task_group_decorator
[2025-08-12T15:36:54.398+0000] {logging_mixin.py:150} INFO - [2025-08-12T15:36:54.398+0000] {manager.py:504} INFO - Created Permission View: can delete on DAG:example_task_group_decorator
[2025-08-12T15:36:54.407+0000] {logging_mixin.py:150} INFO - [2025-08-12T15:36:54.407+0000] {dag.py:2742} INFO - Sync 1 DAGs
[2025-08-12T15:36:54.414+0000] {logging_mixin.py:150} INFO - [2025-08-12T15:36:54.414+0000] {dag.py:2763} INFO - Creating ORM DAG for example_task_group_decorator
[2025-08-12T15:36:54.420+0000] {logging_mixin.py:150} INFO - [2025-08-12T15:36:54.420+0000] {dag.py:3504} INFO - Setting next_dagrun for example_task_group_decorator to 2025-08-11T15:36:54.420071+00:00, run_after=2025-08-12T15:36:54.420071+00:00
[2025-08-12T15:36:54.437+0000] {processor.py:179} INFO - Processing /home/vscode/.local/lib/python3.10/site-packages/airflow/example_dags/example_task_group_decorator.py took 0.153 seconds
[2025-08-12T15:37:41.280+0000] {processor.py:157} INFO - Started process (PID=18269) to work on /home/vscode/.local/lib/python3.10/site-packages/airflow/example_dags/example_task_group_decorator.py
[2025-08-12T15:37:41.281+0000] {processor.py:826} INFO - Processing file /home/vscode/.local/lib/python3.10/site-packages/airflow/example_dags/example_task_group_decorator.py for tasks to queue
[2025-08-12T15:37:41.281+0000] {logging_mixin.py:150} INFO - [2025-08-12T15:37:41.281+0000] {dagbag.py:541} INFO - Filling up the DagBag from /home/vscode/.local/lib/python3.10/site-packages/airflow/example_dags/example_task_group_decorator.py
[2025-08-12T15:37:41.292+0000] {processor.py:836} INFO - DAG(s) dict_keys(['example_task_group_decorator']) retrieved from /home/vscode/.local/lib/python3.10/site-packages/airflow/example_dags/example_task_group_decorator.py
[2025-08-12T15:37:41.306+0000] {logging_mixin.py:150} INFO - [2025-08-12T15:37:41.306+0000] {dag.py:2742} INFO - Sync 1 DAGs
[2025-08-12T15:37:41.320+0000] {logging_mixin.py:150} INFO - [2025-08-12T15:37:41.320+0000] {dag.py:3504} INFO - Setting next_dagrun for example_task_group_decorator to 2025-08-11T15:37:41.320115+00:00, run_after=2025-08-12T15:37:41.320115+00:00
[2025-08-12T15:37:41.336+0000] {processor.py:179} INFO - Processing /home/vscode/.local/lib/python3.10/site-packages/airflow/example_dags/example_task_group_decorator.py took 0.057 seconds
[2025-08-12T15:38:27.500+0000] {processor.py:157} INFO - Started process (PID=18626) to work on /home/vscode/.local/lib/python3.10/site-packages/airflow/example_dags/example_task_group_decorator.py
[2025-08-12T15:38:27.501+0000] {processor.py:826} INFO - Processing file /home/vscode/.local/lib/python3.10/site-packages/airflow/example_dags/example_task_group_decorator.py for tasks to queue
[2025-08-12T15:38:27.501+0000] {logging_mixin.py:150} INFO - [2025-08-12T15:38:27.501+0000] {dagbag.py:541} INFO - Filling up the DagBag from /home/vscode/.local/lib/python3.10/site-packages/airflow/example_dags/example_task_group_decorator.py
[2025-08-12T15:38:27.513+0000] {processor.py:836} INFO - DAG(s) dict_keys(['example_task_group_decorator']) retrieved from /home/vscode/.local/lib/python3.10/site-packages/airflow/example_dags/example_task_group_decorator.py
[2025-08-12T15:38:27.528+0000] {logging_mixin.py:150} INFO - [2025-08-12T15:38:27.528+0000] {dag.py:2742} INFO - Sync 1 DAGs
[2025-08-12T15:38:27.542+0000] {logging_mixin.py:150} INFO - [2025-08-12T15:38:27.542+0000] {dag.py:3504} INFO - Setting next_dagrun for example_task_group_decorator to 2025-08-11T15:38:27.542236+00:00, run_after=2025-08-12T15:38:27.542236+00:00
[2025-08-12T15:38:27.558+0000] {processor.py:179} INFO - Processing /home/vscode/.local/lib/python3.10/site-packages/airflow/example_dags/example_task_group_decorator.py took 0.060 seconds
[2025-08-12T15:39:14.941+0000] {processor.py:157} INFO - Started process (PID=19015) to work on /home/vscode/.local/lib/python3.10/site-packages/airflow/example_dags/example_task_group_decorator.py
[2025-08-12T15:39:14.941+0000] {processor.py:826} INFO - Processing file /home/vscode/.local/lib/python3.10/site-packages/airflow/example_dags/example_task_group_decorator.py for tasks to queue
[2025-08-12T15:39:14.942+0000] {logging_mixin.py:150} INFO - [2025-08-12T15:39:14.942+0000] {dagbag.py:541} INFO - Filling up the DagBag from /home/vscode/.local/lib/python3.10/site-packages/airflow/example_dags/example_task_group_decorator.py
[2025-08-12T15:39:14.955+0000] {processor.py:836} INFO - DAG(s) dict_keys(['example_task_group_decorator']) retrieved from /home/vscode/.local/lib/python3.10/site-packages/airflow/example_dags/example_task_group_decorator.py
[2025-08-12T15:39:14.969+0000] {logging_mixin.py:150} INFO - [2025-08-12T15:39:14.969+0000] {dag.py:2742} INFO - Sync 1 DAGs
[2025-08-12T15:39:14.984+0000] {logging_mixin.py:150} INFO - [2025-08-12T15:39:14.984+0000] {dag.py:3504} INFO - Setting next_dagrun for example_task_group_decorator to 2025-08-11T15:39:14.983929+00:00, run_after=2025-08-12T15:39:14.983929+00:00
[2025-08-12T15:39:14.999+0000] {processor.py:179} INFO - Processing /home/vscode/.local/lib/python3.10/site-packages/airflow/example_dags/example_task_group_decorator.py took 0.061 seconds
[2025-08-12T15:39:57.752+0000] {processor.py:157} INFO - Started process (PID=19305) to work on /home/vscode/.local/lib/python3.10/site-packages/airflow/example_dags/example_task_group_decorator.py
[2025-08-12T15:39:57.753+0000] {processor.py:826} INFO - Processing file /home/vscode/.local/lib/python3.10/site-packages/airflow/example_dags/example_task_group_decorator.py for tasks to queue
[2025-08-12T15:39:57.753+0000] {logging_mixin.py:150} INFO - [2025-08-12T15:39:57.753+0000] {dagbag.py:541} INFO - Filling up the DagBag from /home/vscode/.local/lib/python3.10/site-packages/airflow/example_dags/example_task_group_decorator.py
[2025-08-12T15:39:57.764+0000] {processor.py:836} INFO - DAG(s) dict_keys(['example_task_group_decorator']) retrieved from /home/vscode/.local/lib/python3.10/site-packages/airflow/example_dags/example_task_group_decorator.py
[2025-08-12T15:39:57.778+0000] {logging_mixin.py:150} INFO - [2025-08-12T15:39:57.778+0000] {dag.py:2742} INFO - Sync 1 DAGs
[2025-08-12T15:39:57.792+0000] {logging_mixin.py:150} INFO - [2025-08-12T15:39:57.792+0000] {dag.py:3504} INFO - Setting next_dagrun for example_task_group_decorator to 2025-08-11T15:39:57.792402+00:00, run_after=2025-08-12T15:39:57.792402+00:00
[2025-08-12T15:39:57.808+0000] {processor.py:179} INFO - Processing /home/vscode/.local/lib/python3.10/site-packages/airflow/example_dags/example_task_group_decorator.py took 0.058 seconds
[2025-08-12T15:40:43.987+0000] {processor.py:157} INFO - Started process (PID=19616) to work on /home/vscode/.local/lib/python3.10/site-packages/airflow/example_dags/example_task_group_decorator.py
[2025-08-12T15:40:43.988+0000] {processor.py:826} INFO - Processing file /home/vscode/.local/lib/python3.10/site-packages/airflow/example_dags/example_task_group_decorator.py for tasks to queue
[2025-08-12T15:40:43.989+0000] {logging_mixin.py:150} INFO - [2025-08-12T15:40:43.988+0000] {dagbag.py:541} INFO - Filling up the DagBag from /home/vscode/.local/lib/python3.10/site-packages/airflow/example_dags/example_task_group_decorator.py
[2025-08-12T15:40:44.002+0000] {processor.py:836} INFO - DAG(s) dict_keys(['example_task_group_decorator']) retrieved from /home/vscode/.local/lib/python3.10/site-packages/airflow/example_dags/example_task_group_decorator.py
[2025-08-12T15:40:44.024+0000] {logging_mixin.py:150} INFO - [2025-08-12T15:40:44.023+0000] {dag.py:2742} INFO - Sync 1 DAGs
[2025-08-12T15:40:44.047+0000] {logging_mixin.py:150} INFO - [2025-08-12T15:40:44.047+0000] {dag.py:3504} INFO - Setting next_dagrun for example_task_group_decorator to 2025-08-11T15:40:44.047076+00:00, run_after=2025-08-12T15:40:44.047076+00:00
[2025-08-12T15:40:44.089+0000] {processor.py:179} INFO - Processing /home/vscode/.local/lib/python3.10/site-packages/airflow/example_dags/example_task_group_decorator.py took 0.104 seconds
[2025-08-12T15:41:27.594+0000] {processor.py:157} INFO - Started process (PID=19906) to work on /home/vscode/.local/lib/python3.10/site-packages/airflow/example_dags/example_task_group_decorator.py
[2025-08-12T15:41:27.595+0000] {processor.py:826} INFO - Processing file /home/vscode/.local/lib/python3.10/site-packages/airflow/example_dags/example_task_group_decorator.py for tasks to queue
[2025-08-12T15:41:27.596+0000] {logging_mixin.py:150} INFO - [2025-08-12T15:41:27.595+0000] {dagbag.py:541} INFO - Filling up the DagBag from /home/vscode/.local/lib/python3.10/site-packages/airflow/example_dags/example_task_group_decorator.py
[2025-08-12T15:41:27.610+0000] {processor.py:836} INFO - DAG(s) dict_keys(['example_task_group_decorator']) retrieved from /home/vscode/.local/lib/python3.10/site-packages/airflow/example_dags/example_task_group_decorator.py
[2025-08-12T15:41:27.630+0000] {logging_mixin.py:150} INFO - [2025-08-12T15:41:27.630+0000] {dag.py:2742} INFO - Sync 1 DAGs
[2025-08-12T15:41:27.654+0000] {logging_mixin.py:150} INFO - [2025-08-12T15:41:27.653+0000] {dag.py:3504} INFO - Setting next_dagrun for example_task_group_decorator to 2025-08-11T15:41:27.653718+00:00, run_after=2025-08-12T15:41:27.653718+00:00
[2025-08-12T15:41:27.688+0000] {processor.py:179} INFO - Processing /home/vscode/.local/lib/python3.10/site-packages/airflow/example_dags/example_task_group_decorator.py took 0.096 seconds
[2025-08-12T15:42:14.908+0000] {processor.py:157} INFO - Started process (PID=20217) to work on /home/vscode/.local/lib/python3.10/site-packages/airflow/example_dags/example_task_group_decorator.py
[2025-08-12T15:42:14.909+0000] {processor.py:826} INFO - Processing file /home/vscode/.local/lib/python3.10/site-packages/airflow/example_dags/example_task_group_decorator.py for tasks to queue
[2025-08-12T15:42:14.910+0000] {logging_mixin.py:150} INFO - [2025-08-12T15:42:14.909+0000] {dagbag.py:541} INFO - Filling up the DagBag from /home/vscode/.local/lib/python3.10/site-packages/airflow/example_dags/example_task_group_decorator.py
[2025-08-12T15:42:14.921+0000] {processor.py:836} INFO - DAG(s) dict_keys(['example_task_group_decorator']) retrieved from /home/vscode/.local/lib/python3.10/site-packages/airflow/example_dags/example_task_group_decorator.py
[2025-08-12T15:42:14.936+0000] {logging_mixin.py:150} INFO - [2025-08-12T15:42:14.936+0000] {dag.py:2742} INFO - Sync 1 DAGs
[2025-08-12T15:42:14.950+0000] {logging_mixin.py:150} INFO - [2025-08-12T15:42:14.950+0000] {dag.py:3504} INFO - Setting next_dagrun for example_task_group_decorator to 2025-08-11T15:42:14.950662+00:00, run_after=2025-08-12T15:42:14.950662+00:00
[2025-08-12T15:42:14.967+0000] {processor.py:179} INFO - Processing /home/vscode/.local/lib/python3.10/site-packages/airflow/example_dags/example_task_group_decorator.py took 0.061 seconds
[2025-08-12T15:42:55.940+0000] {processor.py:157} INFO - Started process (PID=20497) to work on /home/vscode/.local/lib/python3.10/site-packages/airflow/example_dags/example_task_group_decorator.py
[2025-08-12T15:42:55.941+0000] {processor.py:826} INFO - Processing file /home/vscode/.local/lib/python3.10/site-packages/airflow/example_dags/example_task_group_decorator.py for tasks to queue
[2025-08-12T15:42:55.942+0000] {logging_mixin.py:150} INFO - [2025-08-12T15:42:55.941+0000] {dagbag.py:541} INFO - Filling up the DagBag from /home/vscode/.local/lib/python3.10/site-packages/airflow/example_dags/example_task_group_decorator.py
[2025-08-12T15:42:55.953+0000] {processor.py:836} INFO - DAG(s) dict_keys(['example_task_group_decorator']) retrieved from /home/vscode/.local/lib/python3.10/site-packages/airflow/example_dags/example_task_group_decorator.py
[2025-08-12T15:42:55.968+0000] {logging_mixin.py:150} INFO - [2025-08-12T15:42:55.968+0000] {dag.py:2742} INFO - Sync 1 DAGs
[2025-08-12T15:42:55.983+0000] {logging_mixin.py:150} INFO - [2025-08-12T15:42:55.983+0000] {dag.py:3504} INFO - Setting next_dagrun for example_task_group_decorator to 2025-08-11T15:42:55.982906+00:00, run_after=2025-08-12T15:42:55.982906+00:00
[2025-08-12T15:42:56.002+0000] {processor.py:179} INFO - Processing /home/vscode/.local/lib/python3.10/site-packages/airflow/example_dags/example_task_group_decorator.py took 0.064 seconds
[2025-08-12T15:43:37.108+0000] {processor.py:157} INFO - Started process (PID=20764) to work on /home/vscode/.local/lib/python3.10/site-packages/airflow/example_dags/example_task_group_decorator.py
[2025-08-12T15:43:37.109+0000] {processor.py:826} INFO - Processing file /home/vscode/.local/lib/python3.10/site-packages/airflow/example_dags/example_task_group_decorator.py for tasks to queue
[2025-08-12T15:43:37.110+0000] {logging_mixin.py:150} INFO - [2025-08-12T15:43:37.109+0000] {dagbag.py:541} INFO - Filling up the DagBag from /home/vscode/.local/lib/python3.10/site-packages/airflow/example_dags/example_task_group_decorator.py
[2025-08-12T15:43:37.121+0000] {processor.py:836} INFO - DAG(s) dict_keys(['example_task_group_decorator']) retrieved from /home/vscode/.local/lib/python3.10/site-packages/airflow/example_dags/example_task_group_decorator.py
[2025-08-12T15:43:37.136+0000] {logging_mixin.py:150} INFO - [2025-08-12T15:43:37.136+0000] {dag.py:2742} INFO - Sync 1 DAGs
[2025-08-12T15:43:37.151+0000] {logging_mixin.py:150} INFO - [2025-08-12T15:43:37.151+0000] {dag.py:3504} INFO - Setting next_dagrun for example_task_group_decorator to 2025-08-11T15:43:37.151470+00:00, run_after=2025-08-12T15:43:37.151470+00:00
[2025-08-12T15:43:37.168+0000] {processor.py:179} INFO - Processing /home/vscode/.local/lib/python3.10/site-packages/airflow/example_dags/example_task_group_decorator.py took 0.061 seconds
[2025-08-12T15:44:21.847+0000] {processor.py:157} INFO - Started process (PID=21062) to work on /home/vscode/.local/lib/python3.10/site-packages/airflow/example_dags/example_task_group_decorator.py
[2025-08-12T15:44:21.848+0000] {processor.py:826} INFO - Processing file /home/vscode/.local/lib/python3.10/site-packages/airflow/example_dags/example_task_group_decorator.py for tasks to queue
[2025-08-12T15:44:21.848+0000] {logging_mixin.py:150} INFO - [2025-08-12T15:44:21.848+0000] {dagbag.py:541} INFO - Filling up the DagBag from /home/vscode/.local/lib/python3.10/site-packages/airflow/example_dags/example_task_group_decorator.py
[2025-08-12T15:44:21.860+0000] {processor.py:836} INFO - DAG(s) dict_keys(['example_task_group_decorator']) retrieved from /home/vscode/.local/lib/python3.10/site-packages/airflow/example_dags/example_task_group_decorator.py
[2025-08-12T15:44:21.874+0000] {logging_mixin.py:150} INFO - [2025-08-12T15:44:21.874+0000] {dag.py:2742} INFO - Sync 1 DAGs
[2025-08-12T15:44:21.888+0000] {logging_mixin.py:150} INFO - [2025-08-12T15:44:21.888+0000] {dag.py:3504} INFO - Setting next_dagrun for example_task_group_decorator to 2025-08-11T15:44:21.888273+00:00, run_after=2025-08-12T15:44:21.888273+00:00
[2025-08-12T15:44:21.903+0000] {processor.py:179} INFO - Processing /home/vscode/.local/lib/python3.10/site-packages/airflow/example_dags/example_task_group_decorator.py took 0.059 seconds
[2025-08-12T15:45:01.835+0000] {processor.py:157} INFO - Started process (PID=21325) to work on /home/vscode/.local/lib/python3.10/site-packages/airflow/example_dags/example_task_group_decorator.py
[2025-08-12T15:45:01.836+0000] {processor.py:826} INFO - Processing file /home/vscode/.local/lib/python3.10/site-packages/airflow/example_dags/example_task_group_decorator.py for tasks to queue
[2025-08-12T15:45:01.837+0000] {logging_mixin.py:150} INFO - [2025-08-12T15:45:01.836+0000] {dagbag.py:541} INFO - Filling up the DagBag from /home/vscode/.local/lib/python3.10/site-packages/airflow/example_dags/example_task_group_decorator.py
[2025-08-12T15:45:01.848+0000] {processor.py:836} INFO - DAG(s) dict_keys(['example_task_group_decorator']) retrieved from /home/vscode/.local/lib/python3.10/site-packages/airflow/example_dags/example_task_group_decorator.py
[2025-08-12T15:45:01.862+0000] {logging_mixin.py:150} INFO - [2025-08-12T15:45:01.862+0000] {dag.py:2742} INFO - Sync 1 DAGs
[2025-08-12T15:45:01.876+0000] {logging_mixin.py:150} INFO - [2025-08-12T15:45:01.876+0000] {dag.py:3504} INFO - Setting next_dagrun for example_task_group_decorator to 2025-08-11T15:45:01.876074+00:00, run_after=2025-08-12T15:45:01.876074+00:00
[2025-08-12T15:45:01.892+0000] {processor.py:179} INFO - Processing /home/vscode/.local/lib/python3.10/site-packages/airflow/example_dags/example_task_group_decorator.py took 0.058 seconds
[2025-08-12T15:45:45.396+0000] {processor.py:157} INFO - Started process (PID=21618) to work on /home/vscode/.local/lib/python3.10/site-packages/airflow/example_dags/example_task_group_decorator.py
[2025-08-12T15:45:45.397+0000] {processor.py:826} INFO - Processing file /home/vscode/.local/lib/python3.10/site-packages/airflow/example_dags/example_task_group_decorator.py for tasks to queue
[2025-08-12T15:45:45.397+0000] {logging_mixin.py:150} INFO - [2025-08-12T15:45:45.397+0000] {dagbag.py:541} INFO - Filling up the DagBag from /home/vscode/.local/lib/python3.10/site-packages/airflow/example_dags/example_task_group_decorator.py
[2025-08-12T15:45:45.408+0000] {processor.py:836} INFO - DAG(s) dict_keys(['example_task_group_decorator']) retrieved from /home/vscode/.local/lib/python3.10/site-packages/airflow/example_dags/example_task_group_decorator.py
[2025-08-12T15:45:45.422+0000] {logging_mixin.py:150} INFO - [2025-08-12T15:45:45.422+0000] {dag.py:2742} INFO - Sync 1 DAGs
[2025-08-12T15:45:45.436+0000] {logging_mixin.py:150} INFO - [2025-08-12T15:45:45.436+0000] {dag.py:3504} INFO - Setting next_dagrun for example_task_group_decorator to 2025-08-11T15:45:45.436669+00:00, run_after=2025-08-12T15:45:45.436669+00:00
[2025-08-12T15:45:45.452+0000] {processor.py:179} INFO - Processing /home/vscode/.local/lib/python3.10/site-packages/airflow/example_dags/example_task_group_decorator.py took 0.059 seconds
[2025-08-12T15:46:29.234+0000] {processor.py:157} INFO - Started process (PID=21910) to work on /home/vscode/.local/lib/python3.10/site-packages/airflow/example_dags/example_task_group_decorator.py
[2025-08-12T15:46:29.235+0000] {processor.py:826} INFO - Processing file /home/vscode/.local/lib/python3.10/site-packages/airflow/example_dags/example_task_group_decorator.py for tasks to queue
[2025-08-12T15:46:29.236+0000] {logging_mixin.py:150} INFO - [2025-08-12T15:46:29.235+0000] {dagbag.py:541} INFO - Filling up the DagBag from /home/vscode/.local/lib/python3.10/site-packages/airflow/example_dags/example_task_group_decorator.py
[2025-08-12T15:46:29.247+0000] {processor.py:836} INFO - DAG(s) dict_keys(['example_task_group_decorator']) retrieved from /home/vscode/.local/lib/python3.10/site-packages/airflow/example_dags/example_task_group_decorator.py
[2025-08-12T15:46:29.262+0000] {logging_mixin.py:150} INFO - [2025-08-12T15:46:29.262+0000] {dag.py:2742} INFO - Sync 1 DAGs
[2025-08-12T15:46:29.277+0000] {logging_mixin.py:150} INFO - [2025-08-12T15:46:29.276+0000] {dag.py:3504} INFO - Setting next_dagrun for example_task_group_decorator to 2025-08-11T15:46:29.276798+00:00, run_after=2025-08-12T15:46:29.276798+00:00
[2025-08-12T15:46:29.292+0000] {processor.py:179} INFO - Processing /home/vscode/.local/lib/python3.10/site-packages/airflow/example_dags/example_task_group_decorator.py took 0.060 seconds
[2025-08-12T15:47:12.061+0000] {processor.py:157} INFO - Started process (PID=22196) to work on /home/vscode/.local/lib/python3.10/site-packages/airflow/example_dags/example_task_group_decorator.py
[2025-08-12T15:47:12.061+0000] {processor.py:826} INFO - Processing file /home/vscode/.local/lib/python3.10/site-packages/airflow/example_dags/example_task_group_decorator.py for tasks to queue
[2025-08-12T15:47:12.062+0000] {logging_mixin.py:150} INFO - [2025-08-12T15:47:12.062+0000] {dagbag.py:541} INFO - Filling up the DagBag from /home/vscode/.local/lib/python3.10/site-packages/airflow/example_dags/example_task_group_decorator.py
[2025-08-12T15:47:12.074+0000] {processor.py:836} INFO - DAG(s) dict_keys(['example_task_group_decorator']) retrieved from /home/vscode/.local/lib/python3.10/site-packages/airflow/example_dags/example_task_group_decorator.py
[2025-08-12T15:47:12.088+0000] {logging_mixin.py:150} INFO - [2025-08-12T15:47:12.088+0000] {dag.py:2742} INFO - Sync 1 DAGs
[2025-08-12T15:47:12.103+0000] {logging_mixin.py:150} INFO - [2025-08-12T15:47:12.103+0000] {dag.py:3504} INFO - Setting next_dagrun for example_task_group_decorator to 2025-08-11T15:47:12.102862+00:00, run_after=2025-08-12T15:47:12.102862+00:00
[2025-08-12T15:47:12.119+0000] {processor.py:179} INFO - Processing /home/vscode/.local/lib/python3.10/site-packages/airflow/example_dags/example_task_group_decorator.py took 0.060 seconds
[2025-08-12T15:47:54.741+0000] {processor.py:157} INFO - Started process (PID=22481) to work on /home/vscode/.local/lib/python3.10/site-packages/airflow/example_dags/example_task_group_decorator.py
[2025-08-12T15:47:54.742+0000] {processor.py:826} INFO - Processing file /home/vscode/.local/lib/python3.10/site-packages/airflow/example_dags/example_task_group_decorator.py for tasks to queue
[2025-08-12T15:47:54.743+0000] {logging_mixin.py:150} INFO - [2025-08-12T15:47:54.743+0000] {dagbag.py:541} INFO - Filling up the DagBag from /home/vscode/.local/lib/python3.10/site-packages/airflow/example_dags/example_task_group_decorator.py
[2025-08-12T15:47:54.758+0000] {processor.py:836} INFO - DAG(s) dict_keys(['example_task_group_decorator']) retrieved from /home/vscode/.local/lib/python3.10/site-packages/airflow/example_dags/example_task_group_decorator.py
[2025-08-12T15:47:54.772+0000] {logging_mixin.py:150} INFO - [2025-08-12T15:47:54.772+0000] {dag.py:2742} INFO - Sync 1 DAGs
[2025-08-12T15:47:54.787+0000] {logging_mixin.py:150} INFO - [2025-08-12T15:47:54.787+0000] {dag.py:3504} INFO - Setting next_dagrun for example_task_group_decorator to 2025-08-11T15:47:54.786925+00:00, run_after=2025-08-12T15:47:54.786925+00:00
[2025-08-12T15:47:54.804+0000] {processor.py:179} INFO - Processing /home/vscode/.local/lib/python3.10/site-packages/airflow/example_dags/example_task_group_decorator.py took 0.066 seconds
[2025-08-12T15:48:42.731+0000] {processor.py:157} INFO - Started process (PID=22806) to work on /home/vscode/.local/lib/python3.10/site-packages/airflow/example_dags/example_task_group_decorator.py
[2025-08-12T15:48:42.732+0000] {processor.py:826} INFO - Processing file /home/vscode/.local/lib/python3.10/site-packages/airflow/example_dags/example_task_group_decorator.py for tasks to queue
[2025-08-12T15:48:42.732+0000] {logging_mixin.py:150} INFO - [2025-08-12T15:48:42.732+0000] {dagbag.py:541} INFO - Filling up the DagBag from /home/vscode/.local/lib/python3.10/site-packages/airflow/example_dags/example_task_group_decorator.py
[2025-08-12T15:48:42.745+0000] {processor.py:836} INFO - DAG(s) dict_keys(['example_task_group_decorator']) retrieved from /home/vscode/.local/lib/python3.10/site-packages/airflow/example_dags/example_task_group_decorator.py
[2025-08-12T15:48:42.760+0000] {logging_mixin.py:150} INFO - [2025-08-12T15:48:42.760+0000] {dag.py:2742} INFO - Sync 1 DAGs
[2025-08-12T15:48:42.774+0000] {logging_mixin.py:150} INFO - [2025-08-12T15:48:42.774+0000] {dag.py:3504} INFO - Setting next_dagrun for example_task_group_decorator to 2025-08-11T15:48:42.774670+00:00, run_after=2025-08-12T15:48:42.774670+00:00
[2025-08-12T15:48:42.790+0000] {processor.py:179} INFO - Processing /home/vscode/.local/lib/python3.10/site-packages/airflow/example_dags/example_task_group_decorator.py took 0.061 seconds
[2025-08-12T15:49:24.823+0000] {processor.py:157} INFO - Started process (PID=23108) to work on /home/vscode/.local/lib/python3.10/site-packages/airflow/example_dags/example_task_group_decorator.py
[2025-08-12T15:49:24.824+0000] {processor.py:826} INFO - Processing file /home/vscode/.local/lib/python3.10/site-packages/airflow/example_dags/example_task_group_decorator.py for tasks to queue
[2025-08-12T15:49:24.825+0000] {logging_mixin.py:150} INFO - [2025-08-12T15:49:24.825+0000] {dagbag.py:541} INFO - Filling up the DagBag from /home/vscode/.local/lib/python3.10/site-packages/airflow/example_dags/example_task_group_decorator.py
[2025-08-12T15:49:24.842+0000] {processor.py:836} INFO - DAG(s) dict_keys(['example_task_group_decorator']) retrieved from /home/vscode/.local/lib/python3.10/site-packages/airflow/example_dags/example_task_group_decorator.py
[2025-08-12T15:49:24.867+0000] {logging_mixin.py:150} INFO - [2025-08-12T15:49:24.867+0000] {dag.py:2742} INFO - Sync 1 DAGs
[2025-08-12T15:49:24.889+0000] {logging_mixin.py:150} INFO - [2025-08-12T15:49:24.888+0000] {dag.py:3504} INFO - Setting next_dagrun for example_task_group_decorator to 2025-08-11T15:49:24.888641+00:00, run_after=2025-08-12T15:49:24.888641+00:00
[2025-08-12T15:49:24.916+0000] {processor.py:179} INFO - Processing /home/vscode/.local/lib/python3.10/site-packages/airflow/example_dags/example_task_group_decorator.py took 0.095 seconds
[2025-08-12T15:50:08.786+0000] {processor.py:157} INFO - Started process (PID=23533) to work on /home/vscode/.local/lib/python3.10/site-packages/airflow/example_dags/example_task_group_decorator.py
[2025-08-12T15:50:08.786+0000] {processor.py:826} INFO - Processing file /home/vscode/.local/lib/python3.10/site-packages/airflow/example_dags/example_task_group_decorator.py for tasks to queue
[2025-08-12T15:50:08.787+0000] {logging_mixin.py:150} INFO - [2025-08-12T15:50:08.787+0000] {dagbag.py:541} INFO - Filling up the DagBag from /home/vscode/.local/lib/python3.10/site-packages/airflow/example_dags/example_task_group_decorator.py
[2025-08-12T15:50:08.798+0000] {processor.py:836} INFO - DAG(s) dict_keys(['example_task_group_decorator']) retrieved from /home/vscode/.local/lib/python3.10/site-packages/airflow/example_dags/example_task_group_decorator.py
[2025-08-12T15:50:08.813+0000] {logging_mixin.py:150} INFO - [2025-08-12T15:50:08.813+0000] {dag.py:2742} INFO - Sync 1 DAGs
[2025-08-12T15:50:08.827+0000] {logging_mixin.py:150} INFO - [2025-08-12T15:50:08.827+0000] {dag.py:3504} INFO - Setting next_dagrun for example_task_group_decorator to 2025-08-11T15:50:08.827207+00:00, run_after=2025-08-12T15:50:08.827207+00:00
[2025-08-12T15:50:08.842+0000] {processor.py:179} INFO - Processing /home/vscode/.local/lib/python3.10/site-packages/airflow/example_dags/example_task_group_decorator.py took 0.059 seconds
[2025-08-12T15:50:52.195+0000] {processor.py:157} INFO - Started process (PID=23921) to work on /home/vscode/.local/lib/python3.10/site-packages/airflow/example_dags/example_task_group_decorator.py
[2025-08-12T15:50:52.196+0000] {processor.py:826} INFO - Processing file /home/vscode/.local/lib/python3.10/site-packages/airflow/example_dags/example_task_group_decorator.py for tasks to queue
[2025-08-12T15:50:52.197+0000] {logging_mixin.py:150} INFO - [2025-08-12T15:50:52.196+0000] {dagbag.py:541} INFO - Filling up the DagBag from /home/vscode/.local/lib/python3.10/site-packages/airflow/example_dags/example_task_group_decorator.py
[2025-08-12T15:50:52.208+0000] {processor.py:836} INFO - DAG(s) dict_keys(['example_task_group_decorator']) retrieved from /home/vscode/.local/lib/python3.10/site-packages/airflow/example_dags/example_task_group_decorator.py
[2025-08-12T15:50:52.223+0000] {logging_mixin.py:150} INFO - [2025-08-12T15:50:52.223+0000] {dag.py:2742} INFO - Sync 1 DAGs
[2025-08-12T15:50:52.237+0000] {logging_mixin.py:150} INFO - [2025-08-12T15:50:52.237+0000] {dag.py:3504} INFO - Setting next_dagrun for example_task_group_decorator to 2025-08-11T15:50:52.237499+00:00, run_after=2025-08-12T15:50:52.237499+00:00
[2025-08-12T15:50:52.254+0000] {processor.py:179} INFO - Processing /home/vscode/.local/lib/python3.10/site-packages/airflow/example_dags/example_task_group_decorator.py took 0.060 seconds
[2025-08-12T15:51:36.765+0000] {processor.py:157} INFO - Started process (PID=24216) to work on /home/vscode/.local/lib/python3.10/site-packages/airflow/example_dags/example_task_group_decorator.py
[2025-08-12T15:51:36.766+0000] {processor.py:826} INFO - Processing file /home/vscode/.local/lib/python3.10/site-packages/airflow/example_dags/example_task_group_decorator.py for tasks to queue
[2025-08-12T15:51:36.767+0000] {logging_mixin.py:150} INFO - [2025-08-12T15:51:36.767+0000] {dagbag.py:541} INFO - Filling up the DagBag from /home/vscode/.local/lib/python3.10/site-packages/airflow/example_dags/example_task_group_decorator.py
[2025-08-12T15:51:36.779+0000] {processor.py:836} INFO - DAG(s) dict_keys(['example_task_group_decorator']) retrieved from /home/vscode/.local/lib/python3.10/site-packages/airflow/example_dags/example_task_group_decorator.py
[2025-08-12T15:51:36.794+0000] {logging_mixin.py:150} INFO - [2025-08-12T15:51:36.794+0000] {dag.py:2742} INFO - Sync 1 DAGs
[2025-08-12T15:51:36.809+0000] {logging_mixin.py:150} INFO - [2025-08-12T15:51:36.809+0000] {dag.py:3504} INFO - Setting next_dagrun for example_task_group_decorator to 2025-08-11T15:51:36.809163+00:00, run_after=2025-08-12T15:51:36.809163+00:00
[2025-08-12T15:51:36.825+0000] {processor.py:179} INFO - Processing /home/vscode/.local/lib/python3.10/site-packages/airflow/example_dags/example_task_group_decorator.py took 0.062 seconds
[2025-08-12T15:52:19.443+0000] {processor.py:157} INFO - Started process (PID=24508) to work on /home/vscode/.local/lib/python3.10/site-packages/airflow/example_dags/example_task_group_decorator.py
[2025-08-12T15:52:19.443+0000] {processor.py:826} INFO - Processing file /home/vscode/.local/lib/python3.10/site-packages/airflow/example_dags/example_task_group_decorator.py for tasks to queue
[2025-08-12T15:52:19.444+0000] {logging_mixin.py:150} INFO - [2025-08-12T15:52:19.444+0000] {dagbag.py:541} INFO - Filling up the DagBag from /home/vscode/.local/lib/python3.10/site-packages/airflow/example_dags/example_task_group_decorator.py
[2025-08-12T15:52:19.455+0000] {processor.py:836} INFO - DAG(s) dict_keys(['example_task_group_decorator']) retrieved from /home/vscode/.local/lib/python3.10/site-packages/airflow/example_dags/example_task_group_decorator.py
[2025-08-12T15:52:19.469+0000] {logging_mixin.py:150} INFO - [2025-08-12T15:52:19.468+0000] {dag.py:2742} INFO - Sync 1 DAGs
[2025-08-12T15:52:19.482+0000] {logging_mixin.py:150} INFO - [2025-08-12T15:52:19.482+0000] {dag.py:3504} INFO - Setting next_dagrun for example_task_group_decorator to 2025-08-11T15:52:19.482564+00:00, run_after=2025-08-12T15:52:19.482564+00:00
[2025-08-12T15:52:19.498+0000] {processor.py:179} INFO - Processing /home/vscode/.local/lib/python3.10/site-packages/airflow/example_dags/example_task_group_decorator.py took 0.058 seconds
[2025-08-12T15:53:04.687+0000] {processor.py:157} INFO - Started process (PID=24846) to work on /home/vscode/.local/lib/python3.10/site-packages/airflow/example_dags/example_task_group_decorator.py
[2025-08-12T15:53:04.688+0000] {processor.py:826} INFO - Processing file /home/vscode/.local/lib/python3.10/site-packages/airflow/example_dags/example_task_group_decorator.py for tasks to queue
[2025-08-12T15:53:04.688+0000] {logging_mixin.py:150} INFO - [2025-08-12T15:53:04.688+0000] {dagbag.py:541} INFO - Filling up the DagBag from /home/vscode/.local/lib/python3.10/site-packages/airflow/example_dags/example_task_group_decorator.py
[2025-08-12T15:53:04.700+0000] {processor.py:836} INFO - DAG(s) dict_keys(['example_task_group_decorator']) retrieved from /home/vscode/.local/lib/python3.10/site-packages/airflow/example_dags/example_task_group_decorator.py
[2025-08-12T15:53:04.715+0000] {logging_mixin.py:150} INFO - [2025-08-12T15:53:04.715+0000] {dag.py:2742} INFO - Sync 1 DAGs
[2025-08-12T15:53:04.730+0000] {logging_mixin.py:150} INFO - [2025-08-12T15:53:04.729+0000] {dag.py:3504} INFO - Setting next_dagrun for example_task_group_decorator to 2025-08-11T15:53:04.729775+00:00, run_after=2025-08-12T15:53:04.729775+00:00
[2025-08-12T15:53:04.750+0000] {processor.py:179} INFO - Processing /home/vscode/.local/lib/python3.10/site-packages/airflow/example_dags/example_task_group_decorator.py took 0.065 seconds
[2025-08-12T15:53:46.702+0000] {processor.py:157} INFO - Started process (PID=25160) to work on /home/vscode/.local/lib/python3.10/site-packages/airflow/example_dags/example_task_group_decorator.py
[2025-08-12T15:53:46.703+0000] {processor.py:826} INFO - Processing file /home/vscode/.local/lib/python3.10/site-packages/airflow/example_dags/example_task_group_decorator.py for tasks to queue
[2025-08-12T15:53:46.703+0000] {logging_mixin.py:150} INFO - [2025-08-12T15:53:46.703+0000] {dagbag.py:541} INFO - Filling up the DagBag from /home/vscode/.local/lib/python3.10/site-packages/airflow/example_dags/example_task_group_decorator.py
[2025-08-12T15:53:46.715+0000] {processor.py:836} INFO - DAG(s) dict_keys(['example_task_group_decorator']) retrieved from /home/vscode/.local/lib/python3.10/site-packages/airflow/example_dags/example_task_group_decorator.py
[2025-08-12T15:53:46.730+0000] {logging_mixin.py:150} INFO - [2025-08-12T15:53:46.730+0000] {dag.py:2742} INFO - Sync 1 DAGs
[2025-08-12T15:53:46.745+0000] {logging_mixin.py:150} INFO - [2025-08-12T15:53:46.745+0000] {dag.py:3504} INFO - Setting next_dagrun for example_task_group_decorator to 2025-08-11T15:53:46.745210+00:00, run_after=2025-08-12T15:53:46.745210+00:00
[2025-08-12T15:53:46.763+0000] {processor.py:179} INFO - Processing /home/vscode/.local/lib/python3.10/site-packages/airflow/example_dags/example_task_group_decorator.py took 0.063 seconds
[2025-08-12T15:54:30.975+0000] {processor.py:157} INFO - Started process (PID=25509) to work on /home/vscode/.local/lib/python3.10/site-packages/airflow/example_dags/example_task_group_decorator.py
[2025-08-12T15:54:30.975+0000] {processor.py:826} INFO - Processing file /home/vscode/.local/lib/python3.10/site-packages/airflow/example_dags/example_task_group_decorator.py for tasks to queue
[2025-08-12T15:54:30.976+0000] {logging_mixin.py:150} INFO - [2025-08-12T15:54:30.976+0000] {dagbag.py:541} INFO - Filling up the DagBag from /home/vscode/.local/lib/python3.10/site-packages/airflow/example_dags/example_task_group_decorator.py
[2025-08-12T15:54:30.988+0000] {processor.py:836} INFO - DAG(s) dict_keys(['example_task_group_decorator']) retrieved from /home/vscode/.local/lib/python3.10/site-packages/airflow/example_dags/example_task_group_decorator.py
[2025-08-12T15:54:31.006+0000] {logging_mixin.py:150} INFO - [2025-08-12T15:54:31.006+0000] {dag.py:2742} INFO - Sync 1 DAGs
[2025-08-12T15:54:31.020+0000] {logging_mixin.py:150} INFO - [2025-08-12T15:54:31.020+0000] {dag.py:3504} INFO - Setting next_dagrun for example_task_group_decorator to 2025-08-11T15:54:31.020457+00:00, run_after=2025-08-12T15:54:31.020457+00:00
[2025-08-12T15:54:31.036+0000] {processor.py:179} INFO - Processing /home/vscode/.local/lib/python3.10/site-packages/airflow/example_dags/example_task_group_decorator.py took 0.064 seconds
[2025-08-12T15:55:14.334+0000] {processor.py:157} INFO - Started process (PID=25838) to work on /home/vscode/.local/lib/python3.10/site-packages/airflow/example_dags/example_task_group_decorator.py
[2025-08-12T15:55:14.334+0000] {processor.py:826} INFO - Processing file /home/vscode/.local/lib/python3.10/site-packages/airflow/example_dags/example_task_group_decorator.py for tasks to queue
[2025-08-12T15:55:14.335+0000] {logging_mixin.py:150} INFO - [2025-08-12T15:55:14.335+0000] {dagbag.py:541} INFO - Filling up the DagBag from /home/vscode/.local/lib/python3.10/site-packages/airflow/example_dags/example_task_group_decorator.py
[2025-08-12T15:55:14.346+0000] {processor.py:836} INFO - DAG(s) dict_keys(['example_task_group_decorator']) retrieved from /home/vscode/.local/lib/python3.10/site-packages/airflow/example_dags/example_task_group_decorator.py
[2025-08-12T15:55:14.361+0000] {logging_mixin.py:150} INFO - [2025-08-12T15:55:14.360+0000] {dag.py:2742} INFO - Sync 1 DAGs
[2025-08-12T15:55:14.376+0000] {logging_mixin.py:150} INFO - [2025-08-12T15:55:14.376+0000] {dag.py:3504} INFO - Setting next_dagrun for example_task_group_decorator to 2025-08-11T15:55:14.376069+00:00, run_after=2025-08-12T15:55:14.376069+00:00
[2025-08-12T15:55:14.392+0000] {processor.py:179} INFO - Processing /home/vscode/.local/lib/python3.10/site-packages/airflow/example_dags/example_task_group_decorator.py took 0.060 seconds
[2025-08-12T15:55:58.323+0000] {processor.py:157} INFO - Started process (PID=26176) to work on /home/vscode/.local/lib/python3.10/site-packages/airflow/example_dags/example_task_group_decorator.py
[2025-08-12T15:55:58.323+0000] {processor.py:826} INFO - Processing file /home/vscode/.local/lib/python3.10/site-packages/airflow/example_dags/example_task_group_decorator.py for tasks to queue
[2025-08-12T15:55:58.324+0000] {logging_mixin.py:150} INFO - [2025-08-12T15:55:58.324+0000] {dagbag.py:541} INFO - Filling up the DagBag from /home/vscode/.local/lib/python3.10/site-packages/airflow/example_dags/example_task_group_decorator.py
[2025-08-12T15:55:58.335+0000] {processor.py:836} INFO - DAG(s) dict_keys(['example_task_group_decorator']) retrieved from /home/vscode/.local/lib/python3.10/site-packages/airflow/example_dags/example_task_group_decorator.py
[2025-08-12T15:55:58.350+0000] {logging_mixin.py:150} INFO - [2025-08-12T15:55:58.350+0000] {dag.py:2742} INFO - Sync 1 DAGs
[2025-08-12T15:55:58.364+0000] {logging_mixin.py:150} INFO - [2025-08-12T15:55:58.363+0000] {dag.py:3504} INFO - Setting next_dagrun for example_task_group_decorator to 2025-08-11T15:55:58.363729+00:00, run_after=2025-08-12T15:55:58.363729+00:00
[2025-08-12T15:55:58.379+0000] {processor.py:179} INFO - Processing /home/vscode/.local/lib/python3.10/site-packages/airflow/example_dags/example_task_group_decorator.py took 0.058 seconds
[2025-08-12T15:56:41.855+0000] {processor.py:157} INFO - Started process (PID=26514) to work on /home/vscode/.local/lib/python3.10/site-packages/airflow/example_dags/example_task_group_decorator.py
[2025-08-12T15:56:41.856+0000] {processor.py:826} INFO - Processing file /home/vscode/.local/lib/python3.10/site-packages/airflow/example_dags/example_task_group_decorator.py for tasks to queue
[2025-08-12T15:56:41.857+0000] {logging_mixin.py:150} INFO - [2025-08-12T15:56:41.857+0000] {dagbag.py:541} INFO - Filling up the DagBag from /home/vscode/.local/lib/python3.10/site-packages/airflow/example_dags/example_task_group_decorator.py
[2025-08-12T15:56:41.869+0000] {processor.py:836} INFO - DAG(s) dict_keys(['example_task_group_decorator']) retrieved from /home/vscode/.local/lib/python3.10/site-packages/airflow/example_dags/example_task_group_decorator.py
[2025-08-12T15:56:41.883+0000] {logging_mixin.py:150} INFO - [2025-08-12T15:56:41.882+0000] {dag.py:2742} INFO - Sync 1 DAGs
[2025-08-12T15:56:41.897+0000] {logging_mixin.py:150} INFO - [2025-08-12T15:56:41.897+0000] {dag.py:3504} INFO - Setting next_dagrun for example_task_group_decorator to 2025-08-11T15:56:41.896999+00:00, run_after=2025-08-12T15:56:41.896999+00:00
[2025-08-12T15:56:41.914+0000] {processor.py:179} INFO - Processing /home/vscode/.local/lib/python3.10/site-packages/airflow/example_dags/example_task_group_decorator.py took 0.061 seconds
[2025-08-12T15:57:20.505+0000] {processor.py:157} INFO - Started process (PID=26801) to work on /home/vscode/.local/lib/python3.10/site-packages/airflow/example_dags/example_task_group_decorator.py
[2025-08-12T15:57:20.505+0000] {processor.py:826} INFO - Processing file /home/vscode/.local/lib/python3.10/site-packages/airflow/example_dags/example_task_group_decorator.py for tasks to queue
[2025-08-12T15:57:20.506+0000] {logging_mixin.py:150} INFO - [2025-08-12T15:57:20.506+0000] {dagbag.py:541} INFO - Filling up the DagBag from /home/vscode/.local/lib/python3.10/site-packages/airflow/example_dags/example_task_group_decorator.py
[2025-08-12T15:57:20.517+0000] {processor.py:836} INFO - DAG(s) dict_keys(['example_task_group_decorator']) retrieved from /home/vscode/.local/lib/python3.10/site-packages/airflow/example_dags/example_task_group_decorator.py
[2025-08-12T15:57:20.531+0000] {logging_mixin.py:150} INFO - [2025-08-12T15:57:20.531+0000] {dag.py:2742} INFO - Sync 1 DAGs
[2025-08-12T15:57:20.545+0000] {logging_mixin.py:150} INFO - [2025-08-12T15:57:20.545+0000] {dag.py:3504} INFO - Setting next_dagrun for example_task_group_decorator to 2025-08-11T15:57:20.545158+00:00, run_after=2025-08-12T15:57:20.545158+00:00
[2025-08-12T15:57:20.561+0000] {processor.py:179} INFO - Processing /home/vscode/.local/lib/python3.10/site-packages/airflow/example_dags/example_task_group_decorator.py took 0.058 seconds
[2025-08-12T15:58:06.199+0000] {processor.py:157} INFO - Started process (PID=27135) to work on /home/vscode/.local/lib/python3.10/site-packages/airflow/example_dags/example_task_group_decorator.py
[2025-08-12T15:58:06.200+0000] {processor.py:826} INFO - Processing file /home/vscode/.local/lib/python3.10/site-packages/airflow/example_dags/example_task_group_decorator.py for tasks to queue
[2025-08-12T15:58:06.200+0000] {logging_mixin.py:150} INFO - [2025-08-12T15:58:06.200+0000] {dagbag.py:541} INFO - Filling up the DagBag from /home/vscode/.local/lib/python3.10/site-packages/airflow/example_dags/example_task_group_decorator.py
[2025-08-12T15:58:06.212+0000] {processor.py:836} INFO - DAG(s) dict_keys(['example_task_group_decorator']) retrieved from /home/vscode/.local/lib/python3.10/site-packages/airflow/example_dags/example_task_group_decorator.py
[2025-08-12T15:58:06.227+0000] {logging_mixin.py:150} INFO - [2025-08-12T15:58:06.226+0000] {dag.py:2742} INFO - Sync 1 DAGs
[2025-08-12T15:58:06.241+0000] {logging_mixin.py:150} INFO - [2025-08-12T15:58:06.241+0000] {dag.py:3504} INFO - Setting next_dagrun for example_task_group_decorator to 2025-08-11T15:58:06.241458+00:00, run_after=2025-08-12T15:58:06.241458+00:00
[2025-08-12T15:58:06.260+0000] {processor.py:179} INFO - Processing /home/vscode/.local/lib/python3.10/site-packages/airflow/example_dags/example_task_group_decorator.py took 0.063 seconds
[2025-08-12T15:58:52.628+0000] {processor.py:157} INFO - Started process (PID=27445) to work on /home/vscode/.local/lib/python3.10/site-packages/airflow/example_dags/example_task_group_decorator.py
[2025-08-12T15:58:52.628+0000] {processor.py:826} INFO - Processing file /home/vscode/.local/lib/python3.10/site-packages/airflow/example_dags/example_task_group_decorator.py for tasks to queue
[2025-08-12T15:58:52.629+0000] {logging_mixin.py:150} INFO - [2025-08-12T15:58:52.629+0000] {dagbag.py:541} INFO - Filling up the DagBag from /home/vscode/.local/lib/python3.10/site-packages/airflow/example_dags/example_task_group_decorator.py
[2025-08-12T15:58:52.640+0000] {processor.py:836} INFO - DAG(s) dict_keys(['example_task_group_decorator']) retrieved from /home/vscode/.local/lib/python3.10/site-packages/airflow/example_dags/example_task_group_decorator.py
[2025-08-12T15:58:52.654+0000] {logging_mixin.py:150} INFO - [2025-08-12T15:58:52.654+0000] {dag.py:2742} INFO - Sync 1 DAGs
[2025-08-12T15:58:52.667+0000] {logging_mixin.py:150} INFO - [2025-08-12T15:58:52.667+0000] {dag.py:3504} INFO - Setting next_dagrun for example_task_group_decorator to 2025-08-11T15:58:52.667670+00:00, run_after=2025-08-12T15:58:52.667670+00:00
[2025-08-12T15:58:52.683+0000] {processor.py:179} INFO - Processing /home/vscode/.local/lib/python3.10/site-packages/airflow/example_dags/example_task_group_decorator.py took 0.057 seconds
[2025-08-12T15:59:33.452+0000] {processor.py:157} INFO - Started process (PID=27721) to work on /home/vscode/.local/lib/python3.10/site-packages/airflow/example_dags/example_task_group_decorator.py
[2025-08-12T15:59:33.452+0000] {processor.py:826} INFO - Processing file /home/vscode/.local/lib/python3.10/site-packages/airflow/example_dags/example_task_group_decorator.py for tasks to queue
[2025-08-12T15:59:33.453+0000] {logging_mixin.py:150} INFO - [2025-08-12T15:59:33.453+0000] {dagbag.py:541} INFO - Filling up the DagBag from /home/vscode/.local/lib/python3.10/site-packages/airflow/example_dags/example_task_group_decorator.py
[2025-08-12T15:59:33.464+0000] {processor.py:836} INFO - DAG(s) dict_keys(['example_task_group_decorator']) retrieved from /home/vscode/.local/lib/python3.10/site-packages/airflow/example_dags/example_task_group_decorator.py
[2025-08-12T15:59:33.478+0000] {logging_mixin.py:150} INFO - [2025-08-12T15:59:33.477+0000] {dag.py:2742} INFO - Sync 1 DAGs
[2025-08-12T15:59:33.492+0000] {logging_mixin.py:150} INFO - [2025-08-12T15:59:33.492+0000] {dag.py:3504} INFO - Setting next_dagrun for example_task_group_decorator to 2025-08-11T15:59:33.492493+00:00, run_after=2025-08-12T15:59:33.492493+00:00
[2025-08-12T15:59:33.508+0000] {processor.py:179} INFO - Processing /home/vscode/.local/lib/python3.10/site-packages/airflow/example_dags/example_task_group_decorator.py took 0.058 seconds
[2025-08-12T16:00:13.708+0000] {processor.py:157} INFO - Started process (PID=27984) to work on /home/vscode/.local/lib/python3.10/site-packages/airflow/example_dags/example_task_group_decorator.py
[2025-08-12T16:00:13.709+0000] {processor.py:826} INFO - Processing file /home/vscode/.local/lib/python3.10/site-packages/airflow/example_dags/example_task_group_decorator.py for tasks to queue
[2025-08-12T16:00:13.710+0000] {logging_mixin.py:150} INFO - [2025-08-12T16:00:13.709+0000] {dagbag.py:541} INFO - Filling up the DagBag from /home/vscode/.local/lib/python3.10/site-packages/airflow/example_dags/example_task_group_decorator.py
[2025-08-12T16:00:13.721+0000] {processor.py:836} INFO - DAG(s) dict_keys(['example_task_group_decorator']) retrieved from /home/vscode/.local/lib/python3.10/site-packages/airflow/example_dags/example_task_group_decorator.py
[2025-08-12T16:00:13.735+0000] {logging_mixin.py:150} INFO - [2025-08-12T16:00:13.735+0000] {dag.py:2742} INFO - Sync 1 DAGs
[2025-08-12T16:00:13.749+0000] {logging_mixin.py:150} INFO - [2025-08-12T16:00:13.749+0000] {dag.py:3504} INFO - Setting next_dagrun for example_task_group_decorator to 2025-08-11T16:00:13.749538+00:00, run_after=2025-08-12T16:00:13.749538+00:00
[2025-08-12T16:00:13.765+0000] {processor.py:179} INFO - Processing /home/vscode/.local/lib/python3.10/site-packages/airflow/example_dags/example_task_group_decorator.py took 0.059 seconds
[2025-08-12T16:00:57.673+0000] {processor.py:157} INFO - Started process (PID=28396) to work on /home/vscode/.local/lib/python3.10/site-packages/airflow/example_dags/example_task_group_decorator.py
[2025-08-12T16:00:57.673+0000] {processor.py:826} INFO - Processing file /home/vscode/.local/lib/python3.10/site-packages/airflow/example_dags/example_task_group_decorator.py for tasks to queue
[2025-08-12T16:00:57.674+0000] {logging_mixin.py:150} INFO - [2025-08-12T16:00:57.674+0000] {dagbag.py:541} INFO - Filling up the DagBag from /home/vscode/.local/lib/python3.10/site-packages/airflow/example_dags/example_task_group_decorator.py
[2025-08-12T16:00:57.685+0000] {processor.py:836} INFO - DAG(s) dict_keys(['example_task_group_decorator']) retrieved from /home/vscode/.local/lib/python3.10/site-packages/airflow/example_dags/example_task_group_decorator.py
[2025-08-12T16:00:57.700+0000] {logging_mixin.py:150} INFO - [2025-08-12T16:00:57.700+0000] {dag.py:2742} INFO - Sync 1 DAGs
[2025-08-12T16:00:57.714+0000] {logging_mixin.py:150} INFO - [2025-08-12T16:00:57.714+0000] {dag.py:3504} INFO - Setting next_dagrun for example_task_group_decorator to 2025-08-11T16:00:57.714573+00:00, run_after=2025-08-12T16:00:57.714573+00:00
[2025-08-12T16:00:57.731+0000] {processor.py:179} INFO - Processing /home/vscode/.local/lib/python3.10/site-packages/airflow/example_dags/example_task_group_decorator.py took 0.060 seconds
[2025-08-12T16:01:45.098+0000] {processor.py:157} INFO - Started process (PID=28762) to work on /home/vscode/.local/lib/python3.10/site-packages/airflow/example_dags/example_task_group_decorator.py
[2025-08-12T16:01:45.098+0000] {processor.py:826} INFO - Processing file /home/vscode/.local/lib/python3.10/site-packages/airflow/example_dags/example_task_group_decorator.py for tasks to queue
[2025-08-12T16:01:45.099+0000] {logging_mixin.py:150} INFO - [2025-08-12T16:01:45.099+0000] {dagbag.py:541} INFO - Filling up the DagBag from /home/vscode/.local/lib/python3.10/site-packages/airflow/example_dags/example_task_group_decorator.py
[2025-08-12T16:01:45.110+0000] {processor.py:836} INFO - DAG(s) dict_keys(['example_task_group_decorator']) retrieved from /home/vscode/.local/lib/python3.10/site-packages/airflow/example_dags/example_task_group_decorator.py
[2025-08-12T16:01:45.124+0000] {logging_mixin.py:150} INFO - [2025-08-12T16:01:45.124+0000] {dag.py:2742} INFO - Sync 1 DAGs
[2025-08-12T16:01:45.139+0000] {logging_mixin.py:150} INFO - [2025-08-12T16:01:45.139+0000] {dag.py:3504} INFO - Setting next_dagrun for example_task_group_decorator to 2025-08-11T16:01:45.138844+00:00, run_after=2025-08-12T16:01:45.138844+00:00
[2025-08-12T16:01:45.154+0000] {processor.py:179} INFO - Processing /home/vscode/.local/lib/python3.10/site-packages/airflow/example_dags/example_task_group_decorator.py took 0.059 seconds
[2025-08-12T16:02:28.460+0000] {processor.py:157} INFO - Started process (PID=29049) to work on /home/vscode/.local/lib/python3.10/site-packages/airflow/example_dags/example_task_group_decorator.py
[2025-08-12T16:02:28.460+0000] {processor.py:826} INFO - Processing file /home/vscode/.local/lib/python3.10/site-packages/airflow/example_dags/example_task_group_decorator.py for tasks to queue
[2025-08-12T16:02:28.461+0000] {logging_mixin.py:150} INFO - [2025-08-12T16:02:28.461+0000] {dagbag.py:541} INFO - Filling up the DagBag from /home/vscode/.local/lib/python3.10/site-packages/airflow/example_dags/example_task_group_decorator.py
[2025-08-12T16:02:28.472+0000] {processor.py:836} INFO - DAG(s) dict_keys(['example_task_group_decorator']) retrieved from /home/vscode/.local/lib/python3.10/site-packages/airflow/example_dags/example_task_group_decorator.py
[2025-08-12T16:02:28.487+0000] {logging_mixin.py:150} INFO - [2025-08-12T16:02:28.487+0000] {dag.py:2742} INFO - Sync 1 DAGs
[2025-08-12T16:02:28.501+0000] {logging_mixin.py:150} INFO - [2025-08-12T16:02:28.501+0000] {dag.py:3504} INFO - Setting next_dagrun for example_task_group_decorator to 2025-08-11T16:02:28.501640+00:00, run_after=2025-08-12T16:02:28.501640+00:00
[2025-08-12T16:02:28.518+0000] {processor.py:179} INFO - Processing /home/vscode/.local/lib/python3.10/site-packages/airflow/example_dags/example_task_group_decorator.py took 0.061 seconds
[2025-08-12T16:03:06.463+0000] {processor.py:157} INFO - Started process (PID=29305) to work on /home/vscode/.local/lib/python3.10/site-packages/airflow/example_dags/example_task_group_decorator.py
[2025-08-12T16:03:06.463+0000] {processor.py:826} INFO - Processing file /home/vscode/.local/lib/python3.10/site-packages/airflow/example_dags/example_task_group_decorator.py for tasks to queue
[2025-08-12T16:03:06.464+0000] {logging_mixin.py:150} INFO - [2025-08-12T16:03:06.464+0000] {dagbag.py:541} INFO - Filling up the DagBag from /home/vscode/.local/lib/python3.10/site-packages/airflow/example_dags/example_task_group_decorator.py
[2025-08-12T16:03:06.476+0000] {processor.py:836} INFO - DAG(s) dict_keys(['example_task_group_decorator']) retrieved from /home/vscode/.local/lib/python3.10/site-packages/airflow/example_dags/example_task_group_decorator.py
[2025-08-12T16:03:06.491+0000] {logging_mixin.py:150} INFO - [2025-08-12T16:03:06.491+0000] {dag.py:2742} INFO - Sync 1 DAGs
[2025-08-12T16:03:06.506+0000] {logging_mixin.py:150} INFO - [2025-08-12T16:03:06.506+0000] {dag.py:3504} INFO - Setting next_dagrun for example_task_group_decorator to 2025-08-11T16:03:06.505861+00:00, run_after=2025-08-12T16:03:06.505861+00:00
[2025-08-12T16:03:06.522+0000] {processor.py:179} INFO - Processing /home/vscode/.local/lib/python3.10/site-packages/airflow/example_dags/example_task_group_decorator.py took 0.061 seconds
[2025-08-12T16:03:51.216+0000] {processor.py:157} INFO - Started process (PID=29600) to work on /home/vscode/.local/lib/python3.10/site-packages/airflow/example_dags/example_task_group_decorator.py
[2025-08-12T16:03:51.216+0000] {processor.py:826} INFO - Processing file /home/vscode/.local/lib/python3.10/site-packages/airflow/example_dags/example_task_group_decorator.py for tasks to queue
[2025-08-12T16:03:51.217+0000] {logging_mixin.py:150} INFO - [2025-08-12T16:03:51.217+0000] {dagbag.py:541} INFO - Filling up the DagBag from /home/vscode/.local/lib/python3.10/site-packages/airflow/example_dags/example_task_group_decorator.py
[2025-08-12T16:03:51.229+0000] {processor.py:836} INFO - DAG(s) dict_keys(['example_task_group_decorator']) retrieved from /home/vscode/.local/lib/python3.10/site-packages/airflow/example_dags/example_task_group_decorator.py
[2025-08-12T16:03:51.244+0000] {logging_mixin.py:150} INFO - [2025-08-12T16:03:51.244+0000] {dag.py:2742} INFO - Sync 1 DAGs
[2025-08-12T16:03:51.259+0000] {logging_mixin.py:150} INFO - [2025-08-12T16:03:51.259+0000] {dag.py:3504} INFO - Setting next_dagrun for example_task_group_decorator to 2025-08-11T16:03:51.259626+00:00, run_after=2025-08-12T16:03:51.259626+00:00
[2025-08-12T16:03:51.275+0000] {processor.py:179} INFO - Processing /home/vscode/.local/lib/python3.10/site-packages/airflow/example_dags/example_task_group_decorator.py took 0.062 seconds
[2025-08-12T16:04:41.151+0000] {processor.py:157} INFO - Started process (PID=29928) to work on /home/vscode/.local/lib/python3.10/site-packages/airflow/example_dags/example_task_group_decorator.py
[2025-08-12T16:04:41.152+0000] {processor.py:826} INFO - Processing file /home/vscode/.local/lib/python3.10/site-packages/airflow/example_dags/example_task_group_decorator.py for tasks to queue
[2025-08-12T16:04:41.153+0000] {logging_mixin.py:150} INFO - [2025-08-12T16:04:41.152+0000] {dagbag.py:541} INFO - Filling up the DagBag from /home/vscode/.local/lib/python3.10/site-packages/airflow/example_dags/example_task_group_decorator.py
[2025-08-12T16:04:41.164+0000] {processor.py:836} INFO - DAG(s) dict_keys(['example_task_group_decorator']) retrieved from /home/vscode/.local/lib/python3.10/site-packages/airflow/example_dags/example_task_group_decorator.py
[2025-08-12T16:04:41.178+0000] {logging_mixin.py:150} INFO - [2025-08-12T16:04:41.178+0000] {dag.py:2742} INFO - Sync 1 DAGs
[2025-08-12T16:04:41.192+0000] {logging_mixin.py:150} INFO - [2025-08-12T16:04:41.192+0000] {dag.py:3504} INFO - Setting next_dagrun for example_task_group_decorator to 2025-08-11T16:04:41.192073+00:00, run_after=2025-08-12T16:04:41.192073+00:00
[2025-08-12T16:04:41.207+0000] {processor.py:179} INFO - Processing /home/vscode/.local/lib/python3.10/site-packages/airflow/example_dags/example_task_group_decorator.py took 0.058 seconds
[2025-08-12T16:05:24.820+0000] {processor.py:157} INFO - Started process (PID=30221) to work on /home/vscode/.local/lib/python3.10/site-packages/airflow/example_dags/example_task_group_decorator.py
[2025-08-12T16:05:24.820+0000] {processor.py:826} INFO - Processing file /home/vscode/.local/lib/python3.10/site-packages/airflow/example_dags/example_task_group_decorator.py for tasks to queue
[2025-08-12T16:05:24.821+0000] {logging_mixin.py:150} INFO - [2025-08-12T16:05:24.821+0000] {dagbag.py:541} INFO - Filling up the DagBag from /home/vscode/.local/lib/python3.10/site-packages/airflow/example_dags/example_task_group_decorator.py
[2025-08-12T16:05:24.832+0000] {processor.py:836} INFO - DAG(s) dict_keys(['example_task_group_decorator']) retrieved from /home/vscode/.local/lib/python3.10/site-packages/airflow/example_dags/example_task_group_decorator.py
[2025-08-12T16:05:24.847+0000] {logging_mixin.py:150} INFO - [2025-08-12T16:05:24.847+0000] {dag.py:2742} INFO - Sync 1 DAGs
[2025-08-12T16:05:24.861+0000] {logging_mixin.py:150} INFO - [2025-08-12T16:05:24.861+0000] {dag.py:3504} INFO - Setting next_dagrun for example_task_group_decorator to 2025-08-11T16:05:24.861290+00:00, run_after=2025-08-12T16:05:24.861290+00:00
[2025-08-12T16:05:24.878+0000] {processor.py:179} INFO - Processing /home/vscode/.local/lib/python3.10/site-packages/airflow/example_dags/example_task_group_decorator.py took 0.060 seconds
[2025-08-12T16:06:09.033+0000] {processor.py:157} INFO - Started process (PID=30521) to work on /home/vscode/.local/lib/python3.10/site-packages/airflow/example_dags/example_task_group_decorator.py
[2025-08-12T16:06:09.034+0000] {processor.py:826} INFO - Processing file /home/vscode/.local/lib/python3.10/site-packages/airflow/example_dags/example_task_group_decorator.py for tasks to queue
[2025-08-12T16:06:09.034+0000] {logging_mixin.py:150} INFO - [2025-08-12T16:06:09.034+0000] {dagbag.py:541} INFO - Filling up the DagBag from /home/vscode/.local/lib/python3.10/site-packages/airflow/example_dags/example_task_group_decorator.py
[2025-08-12T16:06:09.046+0000] {processor.py:836} INFO - DAG(s) dict_keys(['example_task_group_decorator']) retrieved from /home/vscode/.local/lib/python3.10/site-packages/airflow/example_dags/example_task_group_decorator.py
[2025-08-12T16:06:09.061+0000] {logging_mixin.py:150} INFO - [2025-08-12T16:06:09.061+0000] {dag.py:2742} INFO - Sync 1 DAGs
[2025-08-12T16:06:09.075+0000] {logging_mixin.py:150} INFO - [2025-08-12T16:06:09.075+0000] {dag.py:3504} INFO - Setting next_dagrun for example_task_group_decorator to 2025-08-11T16:06:09.075634+00:00, run_after=2025-08-12T16:06:09.075634+00:00
[2025-08-12T16:06:09.091+0000] {processor.py:179} INFO - Processing /home/vscode/.local/lib/python3.10/site-packages/airflow/example_dags/example_task_group_decorator.py took 0.060 seconds
[2025-08-12T16:06:56.144+0000] {processor.py:157} INFO - Started process (PID=30833) to work on /home/vscode/.local/lib/python3.10/site-packages/airflow/example_dags/example_task_group_decorator.py
[2025-08-12T16:06:56.145+0000] {processor.py:826} INFO - Processing file /home/vscode/.local/lib/python3.10/site-packages/airflow/example_dags/example_task_group_decorator.py for tasks to queue
[2025-08-12T16:06:56.146+0000] {logging_mixin.py:150} INFO - [2025-08-12T16:06:56.145+0000] {dagbag.py:541} INFO - Filling up the DagBag from /home/vscode/.local/lib/python3.10/site-packages/airflow/example_dags/example_task_group_decorator.py
[2025-08-12T16:06:56.157+0000] {processor.py:836} INFO - DAG(s) dict_keys(['example_task_group_decorator']) retrieved from /home/vscode/.local/lib/python3.10/site-packages/airflow/example_dags/example_task_group_decorator.py
[2025-08-12T16:06:56.172+0000] {logging_mixin.py:150} INFO - [2025-08-12T16:06:56.172+0000] {dag.py:2742} INFO - Sync 1 DAGs
[2025-08-12T16:06:56.187+0000] {logging_mixin.py:150} INFO - [2025-08-12T16:06:56.187+0000] {dag.py:3504} INFO - Setting next_dagrun for example_task_group_decorator to 2025-08-11T16:06:56.187035+00:00, run_after=2025-08-12T16:06:56.187035+00:00
[2025-08-12T16:06:56.203+0000] {processor.py:179} INFO - Processing /home/vscode/.local/lib/python3.10/site-packages/airflow/example_dags/example_task_group_decorator.py took 0.061 seconds
[2025-08-12T16:07:37.290+0000] {processor.py:157} INFO - Started process (PID=31109) to work on /home/vscode/.local/lib/python3.10/site-packages/airflow/example_dags/example_task_group_decorator.py
[2025-08-12T16:07:37.290+0000] {processor.py:826} INFO - Processing file /home/vscode/.local/lib/python3.10/site-packages/airflow/example_dags/example_task_group_decorator.py for tasks to queue
[2025-08-12T16:07:37.291+0000] {logging_mixin.py:150} INFO - [2025-08-12T16:07:37.291+0000] {dagbag.py:541} INFO - Filling up the DagBag from /home/vscode/.local/lib/python3.10/site-packages/airflow/example_dags/example_task_group_decorator.py
[2025-08-12T16:07:37.302+0000] {processor.py:836} INFO - DAG(s) dict_keys(['example_task_group_decorator']) retrieved from /home/vscode/.local/lib/python3.10/site-packages/airflow/example_dags/example_task_group_decorator.py
[2025-08-12T16:07:37.317+0000] {logging_mixin.py:150} INFO - [2025-08-12T16:07:37.317+0000] {dag.py:2742} INFO - Sync 1 DAGs
[2025-08-12T16:07:37.337+0000] {logging_mixin.py:150} INFO - [2025-08-12T16:07:37.336+0000] {dag.py:3504} INFO - Setting next_dagrun for example_task_group_decorator to 2025-08-11T16:07:37.336654+00:00, run_after=2025-08-12T16:07:37.336654+00:00
[2025-08-12T16:07:37.354+0000] {processor.py:179} INFO - Processing /home/vscode/.local/lib/python3.10/site-packages/airflow/example_dags/example_task_group_decorator.py took 0.067 seconds
[2025-08-12T16:08:19.516+0000] {processor.py:157} INFO - Started process (PID=31394) to work on /home/vscode/.local/lib/python3.10/site-packages/airflow/example_dags/example_task_group_decorator.py
[2025-08-12T16:08:19.517+0000] {processor.py:826} INFO - Processing file /home/vscode/.local/lib/python3.10/site-packages/airflow/example_dags/example_task_group_decorator.py for tasks to queue
[2025-08-12T16:08:19.518+0000] {logging_mixin.py:150} INFO - [2025-08-12T16:08:19.517+0000] {dagbag.py:541} INFO - Filling up the DagBag from /home/vscode/.local/lib/python3.10/site-packages/airflow/example_dags/example_task_group_decorator.py
[2025-08-12T16:08:19.529+0000] {processor.py:836} INFO - DAG(s) dict_keys(['example_task_group_decorator']) retrieved from /home/vscode/.local/lib/python3.10/site-packages/airflow/example_dags/example_task_group_decorator.py
[2025-08-12T16:08:19.543+0000] {logging_mixin.py:150} INFO - [2025-08-12T16:08:19.543+0000] {dag.py:2742} INFO - Sync 1 DAGs
[2025-08-12T16:08:19.557+0000] {logging_mixin.py:150} INFO - [2025-08-12T16:08:19.557+0000] {dag.py:3504} INFO - Setting next_dagrun for example_task_group_decorator to 2025-08-11T16:08:19.557429+00:00, run_after=2025-08-12T16:08:19.557429+00:00
[2025-08-12T16:08:19.573+0000] {processor.py:179} INFO - Processing /home/vscode/.local/lib/python3.10/site-packages/airflow/example_dags/example_task_group_decorator.py took 0.058 seconds
[2025-08-12T16:09:00.651+0000] {processor.py:157} INFO - Started process (PID=31662) to work on /home/vscode/.local/lib/python3.10/site-packages/airflow/example_dags/example_task_group_decorator.py
[2025-08-12T16:09:00.652+0000] {processor.py:826} INFO - Processing file /home/vscode/.local/lib/python3.10/site-packages/airflow/example_dags/example_task_group_decorator.py for tasks to queue
[2025-08-12T16:09:00.653+0000] {logging_mixin.py:150} INFO - [2025-08-12T16:09:00.652+0000] {dagbag.py:541} INFO - Filling up the DagBag from /home/vscode/.local/lib/python3.10/site-packages/airflow/example_dags/example_task_group_decorator.py
[2025-08-12T16:09:00.664+0000] {processor.py:836} INFO - DAG(s) dict_keys(['example_task_group_decorator']) retrieved from /home/vscode/.local/lib/python3.10/site-packages/airflow/example_dags/example_task_group_decorator.py
[2025-08-12T16:09:00.678+0000] {logging_mixin.py:150} INFO - [2025-08-12T16:09:00.678+0000] {dag.py:2742} INFO - Sync 1 DAGs
[2025-08-12T16:09:00.694+0000] {logging_mixin.py:150} INFO - [2025-08-12T16:09:00.694+0000] {dag.py:3504} INFO - Setting next_dagrun for example_task_group_decorator to 2025-08-11T16:09:00.694333+00:00, run_after=2025-08-12T16:09:00.694333+00:00
[2025-08-12T16:09:00.709+0000] {processor.py:179} INFO - Processing /home/vscode/.local/lib/python3.10/site-packages/airflow/example_dags/example_task_group_decorator.py took 0.060 seconds
[2025-08-12T16:09:45.291+0000] {processor.py:157} INFO - Started process (PID=31952) to work on /home/vscode/.local/lib/python3.10/site-packages/airflow/example_dags/example_task_group_decorator.py
[2025-08-12T16:09:45.292+0000] {processor.py:826} INFO - Processing file /home/vscode/.local/lib/python3.10/site-packages/airflow/example_dags/example_task_group_decorator.py for tasks to queue
[2025-08-12T16:09:45.293+0000] {logging_mixin.py:150} INFO - [2025-08-12T16:09:45.293+0000] {dagbag.py:541} INFO - Filling up the DagBag from /home/vscode/.local/lib/python3.10/site-packages/airflow/example_dags/example_task_group_decorator.py
[2025-08-12T16:09:45.313+0000] {processor.py:836} INFO - DAG(s) dict_keys(['example_task_group_decorator']) retrieved from /home/vscode/.local/lib/python3.10/site-packages/airflow/example_dags/example_task_group_decorator.py
[2025-08-12T16:09:45.334+0000] {logging_mixin.py:150} INFO - [2025-08-12T16:09:45.334+0000] {dag.py:2742} INFO - Sync 1 DAGs
[2025-08-12T16:09:45.350+0000] {logging_mixin.py:150} INFO - [2025-08-12T16:09:45.350+0000] {dag.py:3504} INFO - Setting next_dagrun for example_task_group_decorator to 2025-08-11T16:09:45.349989+00:00, run_after=2025-08-12T16:09:45.349989+00:00
[2025-08-12T16:09:45.366+0000] {processor.py:179} INFO - Processing /home/vscode/.local/lib/python3.10/site-packages/airflow/example_dags/example_task_group_decorator.py took 0.077 seconds
[2025-08-12T16:10:32.561+0000] {processor.py:157} INFO - Started process (PID=32274) to work on /home/vscode/.local/lib/python3.10/site-packages/airflow/example_dags/example_task_group_decorator.py
[2025-08-12T16:10:32.562+0000] {processor.py:826} INFO - Processing file /home/vscode/.local/lib/python3.10/site-packages/airflow/example_dags/example_task_group_decorator.py for tasks to queue
[2025-08-12T16:10:32.562+0000] {logging_mixin.py:150} INFO - [2025-08-12T16:10:32.562+0000] {dagbag.py:541} INFO - Filling up the DagBag from /home/vscode/.local/lib/python3.10/site-packages/airflow/example_dags/example_task_group_decorator.py
[2025-08-12T16:10:32.574+0000] {processor.py:836} INFO - DAG(s) dict_keys(['example_task_group_decorator']) retrieved from /home/vscode/.local/lib/python3.10/site-packages/airflow/example_dags/example_task_group_decorator.py
[2025-08-12T16:10:32.588+0000] {logging_mixin.py:150} INFO - [2025-08-12T16:10:32.588+0000] {dag.py:2742} INFO - Sync 1 DAGs
[2025-08-12T16:10:32.602+0000] {logging_mixin.py:150} INFO - [2025-08-12T16:10:32.602+0000] {dag.py:3504} INFO - Setting next_dagrun for example_task_group_decorator to 2025-08-11T16:10:32.602053+00:00, run_after=2025-08-12T16:10:32.602053+00:00
[2025-08-12T16:10:32.617+0000] {processor.py:179} INFO - Processing /home/vscode/.local/lib/python3.10/site-packages/airflow/example_dags/example_task_group_decorator.py took 0.058 seconds
[2025-08-12T16:11:16.499+0000] {processor.py:157} INFO - Started process (PID=32567) to work on /home/vscode/.local/lib/python3.10/site-packages/airflow/example_dags/example_task_group_decorator.py
[2025-08-12T16:11:16.500+0000] {processor.py:826} INFO - Processing file /home/vscode/.local/lib/python3.10/site-packages/airflow/example_dags/example_task_group_decorator.py for tasks to queue
[2025-08-12T16:11:16.501+0000] {logging_mixin.py:150} INFO - [2025-08-12T16:11:16.500+0000] {dagbag.py:541} INFO - Filling up the DagBag from /home/vscode/.local/lib/python3.10/site-packages/airflow/example_dags/example_task_group_decorator.py
[2025-08-12T16:11:16.512+0000] {processor.py:836} INFO - DAG(s) dict_keys(['example_task_group_decorator']) retrieved from /home/vscode/.local/lib/python3.10/site-packages/airflow/example_dags/example_task_group_decorator.py
[2025-08-12T16:11:16.527+0000] {logging_mixin.py:150} INFO - [2025-08-12T16:11:16.527+0000] {dag.py:2742} INFO - Sync 1 DAGs
[2025-08-12T16:11:16.542+0000] {logging_mixin.py:150} INFO - [2025-08-12T16:11:16.541+0000] {dag.py:3504} INFO - Setting next_dagrun for example_task_group_decorator to 2025-08-11T16:11:16.541804+00:00, run_after=2025-08-12T16:11:16.541804+00:00
[2025-08-12T16:11:16.558+0000] {processor.py:179} INFO - Processing /home/vscode/.local/lib/python3.10/site-packages/airflow/example_dags/example_task_group_decorator.py took 0.061 seconds
[2025-08-12T16:12:02.426+0000] {processor.py:157} INFO - Started process (PID=32870) to work on /home/vscode/.local/lib/python3.10/site-packages/airflow/example_dags/example_task_group_decorator.py
[2025-08-12T16:12:02.426+0000] {processor.py:826} INFO - Processing file /home/vscode/.local/lib/python3.10/site-packages/airflow/example_dags/example_task_group_decorator.py for tasks to queue
[2025-08-12T16:12:02.427+0000] {logging_mixin.py:150} INFO - [2025-08-12T16:12:02.427+0000] {dagbag.py:541} INFO - Filling up the DagBag from /home/vscode/.local/lib/python3.10/site-packages/airflow/example_dags/example_task_group_decorator.py
[2025-08-12T16:12:02.438+0000] {processor.py:836} INFO - DAG(s) dict_keys(['example_task_group_decorator']) retrieved from /home/vscode/.local/lib/python3.10/site-packages/airflow/example_dags/example_task_group_decorator.py
[2025-08-12T16:12:02.452+0000] {logging_mixin.py:150} INFO - [2025-08-12T16:12:02.452+0000] {dag.py:2742} INFO - Sync 1 DAGs
[2025-08-12T16:12:02.466+0000] {logging_mixin.py:150} INFO - [2025-08-12T16:12:02.466+0000] {dag.py:3504} INFO - Setting next_dagrun for example_task_group_decorator to 2025-08-11T16:12:02.465920+00:00, run_after=2025-08-12T16:12:02.465920+00:00
[2025-08-12T16:12:02.481+0000] {processor.py:179} INFO - Processing /home/vscode/.local/lib/python3.10/site-packages/airflow/example_dags/example_task_group_decorator.py took 0.058 seconds
[2025-08-12T16:12:46.398+0000] {processor.py:157} INFO - Started process (PID=33163) to work on /home/vscode/.local/lib/python3.10/site-packages/airflow/example_dags/example_task_group_decorator.py
[2025-08-12T16:12:46.398+0000] {processor.py:826} INFO - Processing file /home/vscode/.local/lib/python3.10/site-packages/airflow/example_dags/example_task_group_decorator.py for tasks to queue
[2025-08-12T16:12:46.399+0000] {logging_mixin.py:150} INFO - [2025-08-12T16:12:46.399+0000] {dagbag.py:541} INFO - Filling up the DagBag from /home/vscode/.local/lib/python3.10/site-packages/airflow/example_dags/example_task_group_decorator.py
[2025-08-12T16:12:46.410+0000] {processor.py:836} INFO - DAG(s) dict_keys(['example_task_group_decorator']) retrieved from /home/vscode/.local/lib/python3.10/site-packages/airflow/example_dags/example_task_group_decorator.py
[2025-08-12T16:12:46.425+0000] {logging_mixin.py:150} INFO - [2025-08-12T16:12:46.425+0000] {dag.py:2742} INFO - Sync 1 DAGs
[2025-08-12T16:12:46.440+0000] {logging_mixin.py:150} INFO - [2025-08-12T16:12:46.439+0000] {dag.py:3504} INFO - Setting next_dagrun for example_task_group_decorator to 2025-08-11T16:12:46.439831+00:00, run_after=2025-08-12T16:12:46.439831+00:00
[2025-08-12T16:12:46.455+0000] {processor.py:179} INFO - Processing /home/vscode/.local/lib/python3.10/site-packages/airflow/example_dags/example_task_group_decorator.py took 0.060 seconds
[2025-08-12T16:13:31.411+0000] {processor.py:157} INFO - Started process (PID=33465) to work on /home/vscode/.local/lib/python3.10/site-packages/airflow/example_dags/example_task_group_decorator.py
[2025-08-12T16:13:31.412+0000] {processor.py:826} INFO - Processing file /home/vscode/.local/lib/python3.10/site-packages/airflow/example_dags/example_task_group_decorator.py for tasks to queue
[2025-08-12T16:13:31.412+0000] {logging_mixin.py:150} INFO - [2025-08-12T16:13:31.412+0000] {dagbag.py:541} INFO - Filling up the DagBag from /home/vscode/.local/lib/python3.10/site-packages/airflow/example_dags/example_task_group_decorator.py
[2025-08-12T16:13:31.424+0000] {processor.py:836} INFO - DAG(s) dict_keys(['example_task_group_decorator']) retrieved from /home/vscode/.local/lib/python3.10/site-packages/airflow/example_dags/example_task_group_decorator.py
[2025-08-12T16:13:31.438+0000] {logging_mixin.py:150} INFO - [2025-08-12T16:13:31.438+0000] {dag.py:2742} INFO - Sync 1 DAGs
[2025-08-12T16:13:31.452+0000] {logging_mixin.py:150} INFO - [2025-08-12T16:13:31.452+0000] {dag.py:3504} INFO - Setting next_dagrun for example_task_group_decorator to 2025-08-11T16:13:31.452157+00:00, run_after=2025-08-12T16:13:31.452157+00:00
[2025-08-12T16:13:31.468+0000] {processor.py:179} INFO - Processing /home/vscode/.local/lib/python3.10/site-packages/airflow/example_dags/example_task_group_decorator.py took 0.059 seconds
[2025-08-12T16:14:13.628+0000] {processor.py:157} INFO - Started process (PID=33739) to work on /home/vscode/.local/lib/python3.10/site-packages/airflow/example_dags/example_task_group_decorator.py
[2025-08-12T16:14:13.629+0000] {processor.py:826} INFO - Processing file /home/vscode/.local/lib/python3.10/site-packages/airflow/example_dags/example_task_group_decorator.py for tasks to queue
[2025-08-12T16:14:13.629+0000] {logging_mixin.py:150} INFO - [2025-08-12T16:14:13.629+0000] {dagbag.py:541} INFO - Filling up the DagBag from /home/vscode/.local/lib/python3.10/site-packages/airflow/example_dags/example_task_group_decorator.py
[2025-08-12T16:14:13.640+0000] {processor.py:836} INFO - DAG(s) dict_keys(['example_task_group_decorator']) retrieved from /home/vscode/.local/lib/python3.10/site-packages/airflow/example_dags/example_task_group_decorator.py
[2025-08-12T16:14:13.655+0000] {logging_mixin.py:150} INFO - [2025-08-12T16:14:13.654+0000] {dag.py:2742} INFO - Sync 1 DAGs
[2025-08-12T16:14:13.669+0000] {logging_mixin.py:150} INFO - [2025-08-12T16:14:13.669+0000] {dag.py:3504} INFO - Setting next_dagrun for example_task_group_decorator to 2025-08-11T16:14:13.669642+00:00, run_after=2025-08-12T16:14:13.669642+00:00
[2025-08-12T16:14:13.685+0000] {processor.py:179} INFO - Processing /home/vscode/.local/lib/python3.10/site-packages/airflow/example_dags/example_task_group_decorator.py took 0.059 seconds
[2025-08-12T16:14:56.024+0000] {processor.py:157} INFO - Started process (PID=34024) to work on /home/vscode/.local/lib/python3.10/site-packages/airflow/example_dags/example_task_group_decorator.py
[2025-08-12T16:14:56.024+0000] {processor.py:826} INFO - Processing file /home/vscode/.local/lib/python3.10/site-packages/airflow/example_dags/example_task_group_decorator.py for tasks to queue
[2025-08-12T16:14:56.025+0000] {logging_mixin.py:150} INFO - [2025-08-12T16:14:56.024+0000] {dagbag.py:541} INFO - Filling up the DagBag from /home/vscode/.local/lib/python3.10/site-packages/airflow/example_dags/example_task_group_decorator.py
[2025-08-12T16:14:56.036+0000] {processor.py:836} INFO - DAG(s) dict_keys(['example_task_group_decorator']) retrieved from /home/vscode/.local/lib/python3.10/site-packages/airflow/example_dags/example_task_group_decorator.py
[2025-08-12T16:14:56.050+0000] {logging_mixin.py:150} INFO - [2025-08-12T16:14:56.049+0000] {dag.py:2742} INFO - Sync 1 DAGs
[2025-08-12T16:14:56.063+0000] {logging_mixin.py:150} INFO - [2025-08-12T16:14:56.063+0000] {dag.py:3504} INFO - Setting next_dagrun for example_task_group_decorator to 2025-08-11T16:14:56.063742+00:00, run_after=2025-08-12T16:14:56.063742+00:00
[2025-08-12T16:14:56.079+0000] {processor.py:179} INFO - Processing /home/vscode/.local/lib/python3.10/site-packages/airflow/example_dags/example_task_group_decorator.py took 0.058 seconds
[2025-08-12T16:15:37.701+0000] {processor.py:157} INFO - Started process (PID=34294) to work on /home/vscode/.local/lib/python3.10/site-packages/airflow/example_dags/example_task_group_decorator.py
[2025-08-12T16:15:37.702+0000] {processor.py:826} INFO - Processing file /home/vscode/.local/lib/python3.10/site-packages/airflow/example_dags/example_task_group_decorator.py for tasks to queue
[2025-08-12T16:15:37.702+0000] {logging_mixin.py:150} INFO - [2025-08-12T16:15:37.702+0000] {dagbag.py:541} INFO - Filling up the DagBag from /home/vscode/.local/lib/python3.10/site-packages/airflow/example_dags/example_task_group_decorator.py
[2025-08-12T16:15:37.714+0000] {processor.py:836} INFO - DAG(s) dict_keys(['example_task_group_decorator']) retrieved from /home/vscode/.local/lib/python3.10/site-packages/airflow/example_dags/example_task_group_decorator.py
[2025-08-12T16:15:37.728+0000] {logging_mixin.py:150} INFO - [2025-08-12T16:15:37.728+0000] {dag.py:2742} INFO - Sync 1 DAGs
[2025-08-12T16:15:37.744+0000] {logging_mixin.py:150} INFO - [2025-08-12T16:15:37.744+0000] {dag.py:3504} INFO - Setting next_dagrun for example_task_group_decorator to 2025-08-11T16:15:37.744414+00:00, run_after=2025-08-12T16:15:37.744414+00:00
[2025-08-12T16:15:37.771+0000] {processor.py:179} INFO - Processing /home/vscode/.local/lib/python3.10/site-packages/airflow/example_dags/example_task_group_decorator.py took 0.072 seconds
[2025-08-12T16:16:18.243+0000] {processor.py:157} INFO - Started process (PID=34571) to work on /home/vscode/.local/lib/python3.10/site-packages/airflow/example_dags/example_task_group_decorator.py
[2025-08-12T16:16:18.244+0000] {processor.py:826} INFO - Processing file /home/vscode/.local/lib/python3.10/site-packages/airflow/example_dags/example_task_group_decorator.py for tasks to queue
[2025-08-12T16:16:18.245+0000] {logging_mixin.py:150} INFO - [2025-08-12T16:16:18.244+0000] {dagbag.py:541} INFO - Filling up the DagBag from /home/vscode/.local/lib/python3.10/site-packages/airflow/example_dags/example_task_group_decorator.py
[2025-08-12T16:16:18.256+0000] {processor.py:836} INFO - DAG(s) dict_keys(['example_task_group_decorator']) retrieved from /home/vscode/.local/lib/python3.10/site-packages/airflow/example_dags/example_task_group_decorator.py
[2025-08-12T16:16:18.270+0000] {logging_mixin.py:150} INFO - [2025-08-12T16:16:18.270+0000] {dag.py:2742} INFO - Sync 1 DAGs
[2025-08-12T16:16:18.284+0000] {logging_mixin.py:150} INFO - [2025-08-12T16:16:18.284+0000] {dag.py:3504} INFO - Setting next_dagrun for example_task_group_decorator to 2025-08-11T16:16:18.284254+00:00, run_after=2025-08-12T16:16:18.284254+00:00
[2025-08-12T16:16:18.299+0000] {processor.py:179} INFO - Processing /home/vscode/.local/lib/python3.10/site-packages/airflow/example_dags/example_task_group_decorator.py took 0.058 seconds
[2025-08-12T16:17:00.107+0000] {processor.py:157} INFO - Started process (PID=34860) to work on /home/vscode/.local/lib/python3.10/site-packages/airflow/example_dags/example_task_group_decorator.py
[2025-08-12T16:17:00.107+0000] {processor.py:826} INFO - Processing file /home/vscode/.local/lib/python3.10/site-packages/airflow/example_dags/example_task_group_decorator.py for tasks to queue
[2025-08-12T16:17:00.108+0000] {logging_mixin.py:150} INFO - [2025-08-12T16:17:00.108+0000] {dagbag.py:541} INFO - Filling up the DagBag from /home/vscode/.local/lib/python3.10/site-packages/airflow/example_dags/example_task_group_decorator.py
[2025-08-12T16:17:00.119+0000] {processor.py:836} INFO - DAG(s) dict_keys(['example_task_group_decorator']) retrieved from /home/vscode/.local/lib/python3.10/site-packages/airflow/example_dags/example_task_group_decorator.py
[2025-08-12T16:17:00.134+0000] {logging_mixin.py:150} INFO - [2025-08-12T16:17:00.134+0000] {dag.py:2742} INFO - Sync 1 DAGs
[2025-08-12T16:17:00.149+0000] {logging_mixin.py:150} INFO - [2025-08-12T16:17:00.149+0000] {dag.py:3504} INFO - Setting next_dagrun for example_task_group_decorator to 2025-08-11T16:17:00.149514+00:00, run_after=2025-08-12T16:17:00.149514+00:00
[2025-08-12T16:17:00.168+0000] {processor.py:179} INFO - Processing /home/vscode/.local/lib/python3.10/site-packages/airflow/example_dags/example_task_group_decorator.py took 0.064 seconds
[2025-08-12T16:17:41.598+0000] {processor.py:157} INFO - Started process (PID=35131) to work on /home/vscode/.local/lib/python3.10/site-packages/airflow/example_dags/example_task_group_decorator.py
[2025-08-12T16:17:41.599+0000] {processor.py:826} INFO - Processing file /home/vscode/.local/lib/python3.10/site-packages/airflow/example_dags/example_task_group_decorator.py for tasks to queue
[2025-08-12T16:17:41.600+0000] {logging_mixin.py:150} INFO - [2025-08-12T16:17:41.599+0000] {dagbag.py:541} INFO - Filling up the DagBag from /home/vscode/.local/lib/python3.10/site-packages/airflow/example_dags/example_task_group_decorator.py
[2025-08-12T16:17:41.611+0000] {processor.py:836} INFO - DAG(s) dict_keys(['example_task_group_decorator']) retrieved from /home/vscode/.local/lib/python3.10/site-packages/airflow/example_dags/example_task_group_decorator.py
[2025-08-12T16:17:41.628+0000] {logging_mixin.py:150} INFO - [2025-08-12T16:17:41.628+0000] {dag.py:2742} INFO - Sync 1 DAGs
[2025-08-12T16:17:41.643+0000] {logging_mixin.py:150} INFO - [2025-08-12T16:17:41.643+0000] {dag.py:3504} INFO - Setting next_dagrun for example_task_group_decorator to 2025-08-11T16:17:41.643465+00:00, run_after=2025-08-12T16:17:41.643465+00:00
[2025-08-12T16:17:41.660+0000] {processor.py:179} INFO - Processing /home/vscode/.local/lib/python3.10/site-packages/airflow/example_dags/example_task_group_decorator.py took 0.064 seconds
[2025-08-12T16:18:20.603+0000] {processor.py:157} INFO - Started process (PID=35390) to work on /home/vscode/.local/lib/python3.10/site-packages/airflow/example_dags/example_task_group_decorator.py
[2025-08-12T16:18:20.603+0000] {processor.py:826} INFO - Processing file /home/vscode/.local/lib/python3.10/site-packages/airflow/example_dags/example_task_group_decorator.py for tasks to queue
[2025-08-12T16:18:20.604+0000] {logging_mixin.py:150} INFO - [2025-08-12T16:18:20.604+0000] {dagbag.py:541} INFO - Filling up the DagBag from /home/vscode/.local/lib/python3.10/site-packages/airflow/example_dags/example_task_group_decorator.py
[2025-08-12T16:18:20.615+0000] {processor.py:836} INFO - DAG(s) dict_keys(['example_task_group_decorator']) retrieved from /home/vscode/.local/lib/python3.10/site-packages/airflow/example_dags/example_task_group_decorator.py
[2025-08-12T16:18:20.629+0000] {logging_mixin.py:150} INFO - [2025-08-12T16:18:20.629+0000] {dag.py:2742} INFO - Sync 1 DAGs
[2025-08-12T16:18:20.644+0000] {logging_mixin.py:150} INFO - [2025-08-12T16:18:20.644+0000] {dag.py:3504} INFO - Setting next_dagrun for example_task_group_decorator to 2025-08-11T16:18:20.644556+00:00, run_after=2025-08-12T16:18:20.644556+00:00
[2025-08-12T16:18:20.661+0000] {processor.py:179} INFO - Processing /home/vscode/.local/lib/python3.10/site-packages/airflow/example_dags/example_task_group_decorator.py took 0.060 seconds
[2025-08-12T16:19:01.846+0000] {processor.py:157} INFO - Started process (PID=35667) to work on /home/vscode/.local/lib/python3.10/site-packages/airflow/example_dags/example_task_group_decorator.py
[2025-08-12T16:19:01.847+0000] {processor.py:826} INFO - Processing file /home/vscode/.local/lib/python3.10/site-packages/airflow/example_dags/example_task_group_decorator.py for tasks to queue
[2025-08-12T16:19:01.847+0000] {logging_mixin.py:150} INFO - [2025-08-12T16:19:01.847+0000] {dagbag.py:541} INFO - Filling up the DagBag from /home/vscode/.local/lib/python3.10/site-packages/airflow/example_dags/example_task_group_decorator.py
[2025-08-12T16:19:01.859+0000] {processor.py:836} INFO - DAG(s) dict_keys(['example_task_group_decorator']) retrieved from /home/vscode/.local/lib/python3.10/site-packages/airflow/example_dags/example_task_group_decorator.py
[2025-08-12T16:19:01.874+0000] {logging_mixin.py:150} INFO - [2025-08-12T16:19:01.873+0000] {dag.py:2742} INFO - Sync 1 DAGs
[2025-08-12T16:19:01.888+0000] {logging_mixin.py:150} INFO - [2025-08-12T16:19:01.888+0000] {dag.py:3504} INFO - Setting next_dagrun for example_task_group_decorator to 2025-08-11T16:19:01.887980+00:00, run_after=2025-08-12T16:19:01.887980+00:00
[2025-08-12T16:19:01.903+0000] {processor.py:179} INFO - Processing /home/vscode/.local/lib/python3.10/site-packages/airflow/example_dags/example_task_group_decorator.py took 0.059 seconds
[2025-08-12T16:19:49.258+0000] {processor.py:157} INFO - Started process (PID=35977) to work on /home/vscode/.local/lib/python3.10/site-packages/airflow/example_dags/example_task_group_decorator.py
[2025-08-12T16:19:49.259+0000] {processor.py:826} INFO - Processing file /home/vscode/.local/lib/python3.10/site-packages/airflow/example_dags/example_task_group_decorator.py for tasks to queue
[2025-08-12T16:19:49.259+0000] {logging_mixin.py:150} INFO - [2025-08-12T16:19:49.259+0000] {dagbag.py:541} INFO - Filling up the DagBag from /home/vscode/.local/lib/python3.10/site-packages/airflow/example_dags/example_task_group_decorator.py
[2025-08-12T16:19:49.270+0000] {processor.py:836} INFO - DAG(s) dict_keys(['example_task_group_decorator']) retrieved from /home/vscode/.local/lib/python3.10/site-packages/airflow/example_dags/example_task_group_decorator.py
[2025-08-12T16:19:49.284+0000] {logging_mixin.py:150} INFO - [2025-08-12T16:19:49.284+0000] {dag.py:2742} INFO - Sync 1 DAGs
[2025-08-12T16:19:49.299+0000] {logging_mixin.py:150} INFO - [2025-08-12T16:19:49.299+0000] {dag.py:3504} INFO - Setting next_dagrun for example_task_group_decorator to 2025-08-11T16:19:49.299424+00:00, run_after=2025-08-12T16:19:49.299424+00:00
[2025-08-12T16:19:49.317+0000] {processor.py:179} INFO - Processing /home/vscode/.local/lib/python3.10/site-packages/airflow/example_dags/example_task_group_decorator.py took 0.061 seconds
[2025-08-12T16:20:35.446+0000] {processor.py:157} INFO - Started process (PID=36286) to work on /home/vscode/.local/lib/python3.10/site-packages/airflow/example_dags/example_task_group_decorator.py
[2025-08-12T16:20:35.446+0000] {processor.py:826} INFO - Processing file /home/vscode/.local/lib/python3.10/site-packages/airflow/example_dags/example_task_group_decorator.py for tasks to queue
[2025-08-12T16:20:35.447+0000] {logging_mixin.py:150} INFO - [2025-08-12T16:20:35.447+0000] {dagbag.py:541} INFO - Filling up the DagBag from /home/vscode/.local/lib/python3.10/site-packages/airflow/example_dags/example_task_group_decorator.py
[2025-08-12T16:20:35.459+0000] {processor.py:836} INFO - DAG(s) dict_keys(['example_task_group_decorator']) retrieved from /home/vscode/.local/lib/python3.10/site-packages/airflow/example_dags/example_task_group_decorator.py
[2025-08-12T16:20:35.474+0000] {logging_mixin.py:150} INFO - [2025-08-12T16:20:35.474+0000] {dag.py:2742} INFO - Sync 1 DAGs
[2025-08-12T16:20:35.489+0000] {logging_mixin.py:150} INFO - [2025-08-12T16:20:35.489+0000] {dag.py:3504} INFO - Setting next_dagrun for example_task_group_decorator to 2025-08-11T16:20:35.488940+00:00, run_after=2025-08-12T16:20:35.488940+00:00
[2025-08-12T16:20:35.505+0000] {processor.py:179} INFO - Processing /home/vscode/.local/lib/python3.10/site-packages/airflow/example_dags/example_task_group_decorator.py took 0.062 seconds
[2025-08-12T16:21:15.038+0000] {processor.py:157} INFO - Started process (PID=36554) to work on /home/vscode/.local/lib/python3.10/site-packages/airflow/example_dags/example_task_group_decorator.py
[2025-08-12T16:21:15.039+0000] {processor.py:826} INFO - Processing file /home/vscode/.local/lib/python3.10/site-packages/airflow/example_dags/example_task_group_decorator.py for tasks to queue
[2025-08-12T16:21:15.040+0000] {logging_mixin.py:150} INFO - [2025-08-12T16:21:15.039+0000] {dagbag.py:541} INFO - Filling up the DagBag from /home/vscode/.local/lib/python3.10/site-packages/airflow/example_dags/example_task_group_decorator.py
[2025-08-12T16:21:15.051+0000] {processor.py:836} INFO - DAG(s) dict_keys(['example_task_group_decorator']) retrieved from /home/vscode/.local/lib/python3.10/site-packages/airflow/example_dags/example_task_group_decorator.py
[2025-08-12T16:21:15.065+0000] {logging_mixin.py:150} INFO - [2025-08-12T16:21:15.065+0000] {dag.py:2742} INFO - Sync 1 DAGs
[2025-08-12T16:21:15.079+0000] {logging_mixin.py:150} INFO - [2025-08-12T16:21:15.079+0000] {dag.py:3504} INFO - Setting next_dagrun for example_task_group_decorator to 2025-08-11T16:21:15.079732+00:00, run_after=2025-08-12T16:21:15.079732+00:00
[2025-08-12T16:21:15.095+0000] {processor.py:179} INFO - Processing /home/vscode/.local/lib/python3.10/site-packages/airflow/example_dags/example_task_group_decorator.py took 0.059 seconds
[2025-08-12T16:21:58.670+0000] {processor.py:157} INFO - Started process (PID=36841) to work on /home/vscode/.local/lib/python3.10/site-packages/airflow/example_dags/example_task_group_decorator.py
[2025-08-12T16:21:58.671+0000] {processor.py:826} INFO - Processing file /home/vscode/.local/lib/python3.10/site-packages/airflow/example_dags/example_task_group_decorator.py for tasks to queue
[2025-08-12T16:21:58.671+0000] {logging_mixin.py:150} INFO - [2025-08-12T16:21:58.671+0000] {dagbag.py:541} INFO - Filling up the DagBag from /home/vscode/.local/lib/python3.10/site-packages/airflow/example_dags/example_task_group_decorator.py
[2025-08-12T16:21:58.682+0000] {processor.py:836} INFO - DAG(s) dict_keys(['example_task_group_decorator']) retrieved from /home/vscode/.local/lib/python3.10/site-packages/airflow/example_dags/example_task_group_decorator.py
[2025-08-12T16:21:58.697+0000] {logging_mixin.py:150} INFO - [2025-08-12T16:21:58.697+0000] {dag.py:2742} INFO - Sync 1 DAGs
[2025-08-12T16:21:58.711+0000] {logging_mixin.py:150} INFO - [2025-08-12T16:21:58.711+0000] {dag.py:3504} INFO - Setting next_dagrun for example_task_group_decorator to 2025-08-11T16:21:58.711310+00:00, run_after=2025-08-12T16:21:58.711310+00:00
[2025-08-12T16:21:58.727+0000] {processor.py:179} INFO - Processing /home/vscode/.local/lib/python3.10/site-packages/airflow/example_dags/example_task_group_decorator.py took 0.059 seconds
[2025-08-12T16:22:38.679+0000] {processor.py:157} INFO - Started process (PID=37107) to work on /home/vscode/.local/lib/python3.10/site-packages/airflow/example_dags/example_task_group_decorator.py
[2025-08-12T16:22:38.680+0000] {processor.py:826} INFO - Processing file /home/vscode/.local/lib/python3.10/site-packages/airflow/example_dags/example_task_group_decorator.py for tasks to queue
[2025-08-12T16:22:38.680+0000] {logging_mixin.py:150} INFO - [2025-08-12T16:22:38.680+0000] {dagbag.py:541} INFO - Filling up the DagBag from /home/vscode/.local/lib/python3.10/site-packages/airflow/example_dags/example_task_group_decorator.py
[2025-08-12T16:22:38.692+0000] {processor.py:836} INFO - DAG(s) dict_keys(['example_task_group_decorator']) retrieved from /home/vscode/.local/lib/python3.10/site-packages/airflow/example_dags/example_task_group_decorator.py
[2025-08-12T16:22:38.706+0000] {logging_mixin.py:150} INFO - [2025-08-12T16:22:38.706+0000] {dag.py:2742} INFO - Sync 1 DAGs
[2025-08-12T16:22:38.720+0000] {logging_mixin.py:150} INFO - [2025-08-12T16:22:38.720+0000] {dag.py:3504} INFO - Setting next_dagrun for example_task_group_decorator to 2025-08-11T16:22:38.719974+00:00, run_after=2025-08-12T16:22:38.719974+00:00
[2025-08-12T16:22:38.736+0000] {processor.py:179} INFO - Processing /home/vscode/.local/lib/python3.10/site-packages/airflow/example_dags/example_task_group_decorator.py took 0.059 seconds
[2025-08-12T16:23:23.815+0000] {processor.py:157} INFO - Started process (PID=37408) to work on /home/vscode/.local/lib/python3.10/site-packages/airflow/example_dags/example_task_group_decorator.py
[2025-08-12T16:23:23.816+0000] {processor.py:826} INFO - Processing file /home/vscode/.local/lib/python3.10/site-packages/airflow/example_dags/example_task_group_decorator.py for tasks to queue
[2025-08-12T16:23:23.816+0000] {logging_mixin.py:150} INFO - [2025-08-12T16:23:23.816+0000] {dagbag.py:541} INFO - Filling up the DagBag from /home/vscode/.local/lib/python3.10/site-packages/airflow/example_dags/example_task_group_decorator.py
[2025-08-12T16:23:23.827+0000] {processor.py:836} INFO - DAG(s) dict_keys(['example_task_group_decorator']) retrieved from /home/vscode/.local/lib/python3.10/site-packages/airflow/example_dags/example_task_group_decorator.py
[2025-08-12T16:23:23.846+0000] {logging_mixin.py:150} INFO - [2025-08-12T16:23:23.846+0000] {dag.py:2742} INFO - Sync 1 DAGs
[2025-08-12T16:23:23.867+0000] {logging_mixin.py:150} INFO - [2025-08-12T16:23:23.867+0000] {dag.py:3504} INFO - Setting next_dagrun for example_task_group_decorator to 2025-08-11T16:23:23.867123+00:00, run_after=2025-08-12T16:23:23.867123+00:00
[2025-08-12T16:23:23.911+0000] {processor.py:179} INFO - Processing /home/vscode/.local/lib/python3.10/site-packages/airflow/example_dags/example_task_group_decorator.py took 0.098 seconds
[2025-08-12T16:24:01.462+0000] {processor.py:157} INFO - Started process (PID=37651) to work on /home/vscode/.local/lib/python3.10/site-packages/airflow/example_dags/example_task_group_decorator.py
[2025-08-12T16:24:01.462+0000] {processor.py:826} INFO - Processing file /home/vscode/.local/lib/python3.10/site-packages/airflow/example_dags/example_task_group_decorator.py for tasks to queue
[2025-08-12T16:24:01.463+0000] {logging_mixin.py:150} INFO - [2025-08-12T16:24:01.463+0000] {dagbag.py:541} INFO - Filling up the DagBag from /home/vscode/.local/lib/python3.10/site-packages/airflow/example_dags/example_task_group_decorator.py
[2025-08-12T16:24:01.474+0000] {processor.py:836} INFO - DAG(s) dict_keys(['example_task_group_decorator']) retrieved from /home/vscode/.local/lib/python3.10/site-packages/airflow/example_dags/example_task_group_decorator.py
[2025-08-12T16:24:01.489+0000] {logging_mixin.py:150} INFO - [2025-08-12T16:24:01.488+0000] {dag.py:2742} INFO - Sync 1 DAGs
[2025-08-12T16:24:01.506+0000] {logging_mixin.py:150} INFO - [2025-08-12T16:24:01.506+0000] {dag.py:3504} INFO - Setting next_dagrun for example_task_group_decorator to 2025-08-11T16:24:01.505994+00:00, run_after=2025-08-12T16:24:01.505994+00:00
[2025-08-12T16:24:01.531+0000] {processor.py:179} INFO - Processing /home/vscode/.local/lib/python3.10/site-packages/airflow/example_dags/example_task_group_decorator.py took 0.072 seconds
[2025-08-12T16:24:43.637+0000] {processor.py:157} INFO - Started process (PID=37940) to work on /home/vscode/.local/lib/python3.10/site-packages/airflow/example_dags/example_task_group_decorator.py
[2025-08-12T16:24:43.637+0000] {processor.py:826} INFO - Processing file /home/vscode/.local/lib/python3.10/site-packages/airflow/example_dags/example_task_group_decorator.py for tasks to queue
[2025-08-12T16:24:43.638+0000] {logging_mixin.py:150} INFO - [2025-08-12T16:24:43.638+0000] {dagbag.py:541} INFO - Filling up the DagBag from /home/vscode/.local/lib/python3.10/site-packages/airflow/example_dags/example_task_group_decorator.py
[2025-08-12T16:24:43.649+0000] {processor.py:836} INFO - DAG(s) dict_keys(['example_task_group_decorator']) retrieved from /home/vscode/.local/lib/python3.10/site-packages/airflow/example_dags/example_task_group_decorator.py
[2025-08-12T16:24:43.663+0000] {logging_mixin.py:150} INFO - [2025-08-12T16:24:43.663+0000] {dag.py:2742} INFO - Sync 1 DAGs
[2025-08-12T16:24:43.679+0000] {logging_mixin.py:150} INFO - [2025-08-12T16:24:43.678+0000] {dag.py:3504} INFO - Setting next_dagrun for example_task_group_decorator to 2025-08-11T16:24:43.678795+00:00, run_after=2025-08-12T16:24:43.678795+00:00
[2025-08-12T16:24:43.694+0000] {processor.py:179} INFO - Processing /home/vscode/.local/lib/python3.10/site-packages/airflow/example_dags/example_task_group_decorator.py took 0.059 seconds
[2025-08-12T16:25:28.274+0000] {processor.py:157} INFO - Started process (PID=38234) to work on /home/vscode/.local/lib/python3.10/site-packages/airflow/example_dags/example_task_group_decorator.py
[2025-08-12T16:25:28.275+0000] {processor.py:826} INFO - Processing file /home/vscode/.local/lib/python3.10/site-packages/airflow/example_dags/example_task_group_decorator.py for tasks to queue
[2025-08-12T16:25:28.275+0000] {logging_mixin.py:150} INFO - [2025-08-12T16:25:28.275+0000] {dagbag.py:541} INFO - Filling up the DagBag from /home/vscode/.local/lib/python3.10/site-packages/airflow/example_dags/example_task_group_decorator.py
[2025-08-12T16:25:28.287+0000] {processor.py:836} INFO - DAG(s) dict_keys(['example_task_group_decorator']) retrieved from /home/vscode/.local/lib/python3.10/site-packages/airflow/example_dags/example_task_group_decorator.py
[2025-08-12T16:25:28.301+0000] {logging_mixin.py:150} INFO - [2025-08-12T16:25:28.301+0000] {dag.py:2742} INFO - Sync 1 DAGs
[2025-08-12T16:25:28.315+0000] {logging_mixin.py:150} INFO - [2025-08-12T16:25:28.315+0000] {dag.py:3504} INFO - Setting next_dagrun for example_task_group_decorator to 2025-08-11T16:25:28.315277+00:00, run_after=2025-08-12T16:25:28.315277+00:00
[2025-08-12T16:25:28.331+0000] {processor.py:179} INFO - Processing /home/vscode/.local/lib/python3.10/site-packages/airflow/example_dags/example_task_group_decorator.py took 0.060 seconds
[2025-08-12T16:26:14.656+0000] {processor.py:157} INFO - Started process (PID=38542) to work on /home/vscode/.local/lib/python3.10/site-packages/airflow/example_dags/example_task_group_decorator.py
[2025-08-12T16:26:14.657+0000] {processor.py:826} INFO - Processing file /home/vscode/.local/lib/python3.10/site-packages/airflow/example_dags/example_task_group_decorator.py for tasks to queue
[2025-08-12T16:26:14.657+0000] {logging_mixin.py:150} INFO - [2025-08-12T16:26:14.657+0000] {dagbag.py:541} INFO - Filling up the DagBag from /home/vscode/.local/lib/python3.10/site-packages/airflow/example_dags/example_task_group_decorator.py
[2025-08-12T16:26:14.668+0000] {processor.py:836} INFO - DAG(s) dict_keys(['example_task_group_decorator']) retrieved from /home/vscode/.local/lib/python3.10/site-packages/airflow/example_dags/example_task_group_decorator.py
[2025-08-12T16:26:14.682+0000] {logging_mixin.py:150} INFO - [2025-08-12T16:26:14.682+0000] {dag.py:2742} INFO - Sync 1 DAGs
[2025-08-12T16:26:14.696+0000] {logging_mixin.py:150} INFO - [2025-08-12T16:26:14.696+0000] {dag.py:3504} INFO - Setting next_dagrun for example_task_group_decorator to 2025-08-11T16:26:14.695871+00:00, run_after=2025-08-12T16:26:14.695871+00:00
[2025-08-12T16:26:14.710+0000] {processor.py:179} INFO - Processing /home/vscode/.local/lib/python3.10/site-packages/airflow/example_dags/example_task_group_decorator.py took 0.057 seconds
[2025-08-12T16:26:53.403+0000] {processor.py:157} INFO - Started process (PID=38803) to work on /home/vscode/.local/lib/python3.10/site-packages/airflow/example_dags/example_task_group_decorator.py
[2025-08-12T16:26:53.404+0000] {processor.py:826} INFO - Processing file /home/vscode/.local/lib/python3.10/site-packages/airflow/example_dags/example_task_group_decorator.py for tasks to queue
[2025-08-12T16:26:53.404+0000] {logging_mixin.py:150} INFO - [2025-08-12T16:26:53.404+0000] {dagbag.py:541} INFO - Filling up the DagBag from /home/vscode/.local/lib/python3.10/site-packages/airflow/example_dags/example_task_group_decorator.py
[2025-08-12T16:26:53.415+0000] {processor.py:836} INFO - DAG(s) dict_keys(['example_task_group_decorator']) retrieved from /home/vscode/.local/lib/python3.10/site-packages/airflow/example_dags/example_task_group_decorator.py
[2025-08-12T16:26:53.429+0000] {logging_mixin.py:150} INFO - [2025-08-12T16:26:53.429+0000] {dag.py:2742} INFO - Sync 1 DAGs
[2025-08-12T16:26:53.443+0000] {logging_mixin.py:150} INFO - [2025-08-12T16:26:53.443+0000] {dag.py:3504} INFO - Setting next_dagrun for example_task_group_decorator to 2025-08-11T16:26:53.443261+00:00, run_after=2025-08-12T16:26:53.443261+00:00
[2025-08-12T16:26:53.458+0000] {processor.py:179} INFO - Processing /home/vscode/.local/lib/python3.10/site-packages/airflow/example_dags/example_task_group_decorator.py took 0.057 seconds
[2025-08-12T16:27:37.021+0000] {processor.py:157} INFO - Started process (PID=39095) to work on /home/vscode/.local/lib/python3.10/site-packages/airflow/example_dags/example_task_group_decorator.py
[2025-08-12T16:27:37.022+0000] {processor.py:826} INFO - Processing file /home/vscode/.local/lib/python3.10/site-packages/airflow/example_dags/example_task_group_decorator.py for tasks to queue
[2025-08-12T16:27:37.023+0000] {logging_mixin.py:150} INFO - [2025-08-12T16:27:37.022+0000] {dagbag.py:541} INFO - Filling up the DagBag from /home/vscode/.local/lib/python3.10/site-packages/airflow/example_dags/example_task_group_decorator.py
[2025-08-12T16:27:37.034+0000] {processor.py:836} INFO - DAG(s) dict_keys(['example_task_group_decorator']) retrieved from /home/vscode/.local/lib/python3.10/site-packages/airflow/example_dags/example_task_group_decorator.py
[2025-08-12T16:27:37.048+0000] {logging_mixin.py:150} INFO - [2025-08-12T16:27:37.048+0000] {dag.py:2742} INFO - Sync 1 DAGs
[2025-08-12T16:27:37.064+0000] {logging_mixin.py:150} INFO - [2025-08-12T16:27:37.063+0000] {dag.py:3504} INFO - Setting next_dagrun for example_task_group_decorator to 2025-08-11T16:27:37.063784+00:00, run_after=2025-08-12T16:27:37.063784+00:00
[2025-08-12T16:27:37.079+0000] {processor.py:179} INFO - Processing /home/vscode/.local/lib/python3.10/site-packages/airflow/example_dags/example_task_group_decorator.py took 0.060 seconds
[2025-08-12T16:28:20.865+0000] {processor.py:157} INFO - Started process (PID=39382) to work on /home/vscode/.local/lib/python3.10/site-packages/airflow/example_dags/example_task_group_decorator.py
[2025-08-12T16:28:20.866+0000] {processor.py:826} INFO - Processing file /home/vscode/.local/lib/python3.10/site-packages/airflow/example_dags/example_task_group_decorator.py for tasks to queue
[2025-08-12T16:28:20.867+0000] {logging_mixin.py:150} INFO - [2025-08-12T16:28:20.866+0000] {dagbag.py:541} INFO - Filling up the DagBag from /home/vscode/.local/lib/python3.10/site-packages/airflow/example_dags/example_task_group_decorator.py
[2025-08-12T16:28:20.878+0000] {processor.py:836} INFO - DAG(s) dict_keys(['example_task_group_decorator']) retrieved from /home/vscode/.local/lib/python3.10/site-packages/airflow/example_dags/example_task_group_decorator.py
[2025-08-12T16:28:20.892+0000] {logging_mixin.py:150} INFO - [2025-08-12T16:28:20.892+0000] {dag.py:2742} INFO - Sync 1 DAGs
[2025-08-12T16:28:20.907+0000] {logging_mixin.py:150} INFO - [2025-08-12T16:28:20.907+0000] {dag.py:3504} INFO - Setting next_dagrun for example_task_group_decorator to 2025-08-11T16:28:20.906851+00:00, run_after=2025-08-12T16:28:20.906851+00:00
[2025-08-12T16:28:20.922+0000] {processor.py:179} INFO - Processing /home/vscode/.local/lib/python3.10/site-packages/airflow/example_dags/example_task_group_decorator.py took 0.060 seconds
[2025-08-12T16:29:06.413+0000] {processor.py:157} INFO - Started process (PID=39685) to work on /home/vscode/.local/lib/python3.10/site-packages/airflow/example_dags/example_task_group_decorator.py
[2025-08-12T16:29:06.414+0000] {processor.py:826} INFO - Processing file /home/vscode/.local/lib/python3.10/site-packages/airflow/example_dags/example_task_group_decorator.py for tasks to queue
[2025-08-12T16:29:06.414+0000] {logging_mixin.py:150} INFO - [2025-08-12T16:29:06.414+0000] {dagbag.py:541} INFO - Filling up the DagBag from /home/vscode/.local/lib/python3.10/site-packages/airflow/example_dags/example_task_group_decorator.py
[2025-08-12T16:29:06.426+0000] {processor.py:836} INFO - DAG(s) dict_keys(['example_task_group_decorator']) retrieved from /home/vscode/.local/lib/python3.10/site-packages/airflow/example_dags/example_task_group_decorator.py
[2025-08-12T16:29:06.439+0000] {logging_mixin.py:150} INFO - [2025-08-12T16:29:06.439+0000] {dag.py:2742} INFO - Sync 1 DAGs
[2025-08-12T16:29:06.453+0000] {logging_mixin.py:150} INFO - [2025-08-12T16:29:06.453+0000] {dag.py:3504} INFO - Setting next_dagrun for example_task_group_decorator to 2025-08-11T16:29:06.453157+00:00, run_after=2025-08-12T16:29:06.453157+00:00
[2025-08-12T16:29:06.468+0000] {processor.py:179} INFO - Processing /home/vscode/.local/lib/python3.10/site-packages/airflow/example_dags/example_task_group_decorator.py took 0.057 seconds
[2025-08-12T16:29:52.956+0000] {processor.py:157} INFO - Started process (PID=39993) to work on /home/vscode/.local/lib/python3.10/site-packages/airflow/example_dags/example_task_group_decorator.py
[2025-08-12T16:29:52.957+0000] {processor.py:826} INFO - Processing file /home/vscode/.local/lib/python3.10/site-packages/airflow/example_dags/example_task_group_decorator.py for tasks to queue
[2025-08-12T16:29:52.957+0000] {logging_mixin.py:150} INFO - [2025-08-12T16:29:52.957+0000] {dagbag.py:541} INFO - Filling up the DagBag from /home/vscode/.local/lib/python3.10/site-packages/airflow/example_dags/example_task_group_decorator.py
[2025-08-12T16:29:52.969+0000] {processor.py:836} INFO - DAG(s) dict_keys(['example_task_group_decorator']) retrieved from /home/vscode/.local/lib/python3.10/site-packages/airflow/example_dags/example_task_group_decorator.py
[2025-08-12T16:29:52.982+0000] {logging_mixin.py:150} INFO - [2025-08-12T16:29:52.982+0000] {dag.py:2742} INFO - Sync 1 DAGs
[2025-08-12T16:29:52.997+0000] {logging_mixin.py:150} INFO - [2025-08-12T16:29:52.996+0000] {dag.py:3504} INFO - Setting next_dagrun for example_task_group_decorator to 2025-08-11T16:29:52.996752+00:00, run_after=2025-08-12T16:29:52.996752+00:00
[2025-08-12T16:29:53.011+0000] {processor.py:179} INFO - Processing /home/vscode/.local/lib/python3.10/site-packages/airflow/example_dags/example_task_group_decorator.py took 0.057 seconds
