[2025-08-12T15:37:06.645+0000] {processor.py:157} INFO - Started process (PID=17988) to work on /home/vscode/.local/lib/python3.10/site-packages/airflow/example_dags/example_latest_only_with_trigger.py
[2025-08-12T15:37:06.645+0000] {processor.py:826} INFO - Processing file /home/vscode/.local/lib/python3.10/site-packages/airflow/example_dags/example_latest_only_with_trigger.py for tasks to queue
[2025-08-12T15:37:06.646+0000] {logging_mixin.py:150} INFO - [2025-08-12T15:37:06.646+0000] {dagbag.py:541} INFO - Filling up the DagBag from /home/vscode/.local/lib/python3.10/site-packages/airflow/example_dags/example_latest_only_with_trigger.py
[2025-08-12T15:37:06.651+0000] {processor.py:836} INFO - DAG(s) dict_keys(['latest_only_with_trigger']) retrieved from /home/vscode/.local/lib/python3.10/site-packages/airflow/example_dags/example_latest_only_with_trigger.py
[2025-08-12T15:37:06.754+0000] {logging_mixin.py:150} INFO - [2025-08-12T15:37:06.754+0000] {manager.py:504} INFO - Created Permission View: can edit on DAG:latest_only_with_trigger
[2025-08-12T15:37:06.765+0000] {logging_mixin.py:150} INFO - [2025-08-12T15:37:06.765+0000] {manager.py:504} INFO - Created Permission View: can read on DAG:latest_only_with_trigger
[2025-08-12T15:37:06.772+0000] {logging_mixin.py:150} INFO - [2025-08-12T15:37:06.772+0000] {manager.py:504} INFO - Created Permission View: can delete on DAG:latest_only_with_trigger
[2025-08-12T15:37:06.780+0000] {logging_mixin.py:150} INFO - [2025-08-12T15:37:06.780+0000] {dag.py:2742} INFO - Sync 1 DAGs
[2025-08-12T15:37:06.786+0000] {logging_mixin.py:150} INFO - [2025-08-12T15:37:06.786+0000] {dag.py:2763} INFO - Creating ORM DAG for latest_only_with_trigger
[2025-08-12T15:37:06.792+0000] {logging_mixin.py:150} INFO - [2025-08-12T15:37:06.792+0000] {dag.py:3504} INFO - Setting next_dagrun for latest_only_with_trigger to 2025-08-12T11:37:06.792705+00:00, run_after=2025-08-12T15:37:06.792705+00:00
[2025-08-12T15:37:06.809+0000] {processor.py:179} INFO - Processing /home/vscode/.local/lib/python3.10/site-packages/airflow/example_dags/example_latest_only_with_trigger.py took 0.167 seconds
[2025-08-12T15:37:53.334+0000] {processor.py:157} INFO - Started process (PID=18365) to work on /home/vscode/.local/lib/python3.10/site-packages/airflow/example_dags/example_latest_only_with_trigger.py
[2025-08-12T15:37:53.335+0000] {processor.py:826} INFO - Processing file /home/vscode/.local/lib/python3.10/site-packages/airflow/example_dags/example_latest_only_with_trigger.py for tasks to queue
[2025-08-12T15:37:53.335+0000] {logging_mixin.py:150} INFO - [2025-08-12T15:37:53.335+0000] {dagbag.py:541} INFO - Filling up the DagBag from /home/vscode/.local/lib/python3.10/site-packages/airflow/example_dags/example_latest_only_with_trigger.py
[2025-08-12T15:37:53.340+0000] {processor.py:836} INFO - DAG(s) dict_keys(['latest_only_with_trigger']) retrieved from /home/vscode/.local/lib/python3.10/site-packages/airflow/example_dags/example_latest_only_with_trigger.py
[2025-08-12T15:37:53.352+0000] {logging_mixin.py:150} INFO - [2025-08-12T15:37:53.351+0000] {dag.py:2742} INFO - Sync 1 DAGs
[2025-08-12T15:37:53.366+0000] {logging_mixin.py:150} INFO - [2025-08-12T15:37:53.366+0000] {dag.py:3504} INFO - Setting next_dagrun for latest_only_with_trigger to 2025-08-12T11:37:53.366508+00:00, run_after=2025-08-12T15:37:53.366508+00:00
[2025-08-12T15:37:53.381+0000] {processor.py:179} INFO - Processing /home/vscode/.local/lib/python3.10/site-packages/airflow/example_dags/example_latest_only_with_trigger.py took 0.050 seconds
[2025-08-12T15:38:41.931+0000] {processor.py:157} INFO - Started process (PID=18720) to work on /home/vscode/.local/lib/python3.10/site-packages/airflow/example_dags/example_latest_only_with_trigger.py
[2025-08-12T15:38:41.931+0000] {processor.py:826} INFO - Processing file /home/vscode/.local/lib/python3.10/site-packages/airflow/example_dags/example_latest_only_with_trigger.py for tasks to queue
[2025-08-12T15:38:41.932+0000] {logging_mixin.py:150} INFO - [2025-08-12T15:38:41.932+0000] {dagbag.py:541} INFO - Filling up the DagBag from /home/vscode/.local/lib/python3.10/site-packages/airflow/example_dags/example_latest_only_with_trigger.py
[2025-08-12T15:38:41.937+0000] {processor.py:836} INFO - DAG(s) dict_keys(['latest_only_with_trigger']) retrieved from /home/vscode/.local/lib/python3.10/site-packages/airflow/example_dags/example_latest_only_with_trigger.py
[2025-08-12T15:38:41.948+0000] {logging_mixin.py:150} INFO - [2025-08-12T15:38:41.948+0000] {dag.py:2742} INFO - Sync 1 DAGs
[2025-08-12T15:38:41.962+0000] {logging_mixin.py:150} INFO - [2025-08-12T15:38:41.962+0000] {dag.py:3504} INFO - Setting next_dagrun for latest_only_with_trigger to 2025-08-12T11:38:41.962151+00:00, run_after=2025-08-12T15:38:41.962151+00:00
[2025-08-12T15:38:41.978+0000] {processor.py:179} INFO - Processing /home/vscode/.local/lib/python3.10/site-packages/airflow/example_dags/example_latest_only_with_trigger.py took 0.049 seconds
[2025-08-12T15:39:28.259+0000] {processor.py:157} INFO - Started process (PID=19106) to work on /home/vscode/.local/lib/python3.10/site-packages/airflow/example_dags/example_latest_only_with_trigger.py
[2025-08-12T15:39:28.260+0000] {processor.py:826} INFO - Processing file /home/vscode/.local/lib/python3.10/site-packages/airflow/example_dags/example_latest_only_with_trigger.py for tasks to queue
[2025-08-12T15:39:28.261+0000] {logging_mixin.py:150} INFO - [2025-08-12T15:39:28.260+0000] {dagbag.py:541} INFO - Filling up the DagBag from /home/vscode/.local/lib/python3.10/site-packages/airflow/example_dags/example_latest_only_with_trigger.py
[2025-08-12T15:39:28.267+0000] {processor.py:836} INFO - DAG(s) dict_keys(['latest_only_with_trigger']) retrieved from /home/vscode/.local/lib/python3.10/site-packages/airflow/example_dags/example_latest_only_with_trigger.py
[2025-08-12T15:39:28.284+0000] {logging_mixin.py:150} INFO - [2025-08-12T15:39:28.283+0000] {dag.py:2742} INFO - Sync 1 DAGs
[2025-08-12T15:39:28.299+0000] {logging_mixin.py:150} INFO - [2025-08-12T15:39:28.298+0000] {dag.py:3504} INFO - Setting next_dagrun for latest_only_with_trigger to 2025-08-12T11:39:28.298748+00:00, run_after=2025-08-12T15:39:28.298748+00:00
[2025-08-12T15:39:28.316+0000] {processor.py:179} INFO - Processing /home/vscode/.local/lib/python3.10/site-packages/airflow/example_dags/example_latest_only_with_trigger.py took 0.060 seconds
[2025-08-12T15:40:13.173+0000] {processor.py:157} INFO - Started process (PID=19402) to work on /home/vscode/.local/lib/python3.10/site-packages/airflow/example_dags/example_latest_only_with_trigger.py
[2025-08-12T15:40:13.174+0000] {processor.py:826} INFO - Processing file /home/vscode/.local/lib/python3.10/site-packages/airflow/example_dags/example_latest_only_with_trigger.py for tasks to queue
[2025-08-12T15:40:13.174+0000] {logging_mixin.py:150} INFO - [2025-08-12T15:40:13.174+0000] {dagbag.py:541} INFO - Filling up the DagBag from /home/vscode/.local/lib/python3.10/site-packages/airflow/example_dags/example_latest_only_with_trigger.py
[2025-08-12T15:40:13.179+0000] {processor.py:836} INFO - DAG(s) dict_keys(['latest_only_with_trigger']) retrieved from /home/vscode/.local/lib/python3.10/site-packages/airflow/example_dags/example_latest_only_with_trigger.py
[2025-08-12T15:40:13.190+0000] {logging_mixin.py:150} INFO - [2025-08-12T15:40:13.190+0000] {dag.py:2742} INFO - Sync 1 DAGs
[2025-08-12T15:40:13.204+0000] {logging_mixin.py:150} INFO - [2025-08-12T15:40:13.204+0000] {dag.py:3504} INFO - Setting next_dagrun for latest_only_with_trigger to 2025-08-12T11:40:13.204225+00:00, run_after=2025-08-12T15:40:13.204225+00:00
[2025-08-12T15:40:13.220+0000] {processor.py:179} INFO - Processing /home/vscode/.local/lib/python3.10/site-packages/airflow/example_dags/example_latest_only_with_trigger.py took 0.049 seconds
[2025-08-12T15:40:59.380+0000] {processor.py:157} INFO - Started process (PID=19712) to work on /home/vscode/.local/lib/python3.10/site-packages/airflow/example_dags/example_latest_only_with_trigger.py
[2025-08-12T15:40:59.381+0000] {processor.py:826} INFO - Processing file /home/vscode/.local/lib/python3.10/site-packages/airflow/example_dags/example_latest_only_with_trigger.py for tasks to queue
[2025-08-12T15:40:59.382+0000] {logging_mixin.py:150} INFO - [2025-08-12T15:40:59.381+0000] {dagbag.py:541} INFO - Filling up the DagBag from /home/vscode/.local/lib/python3.10/site-packages/airflow/example_dags/example_latest_only_with_trigger.py
[2025-08-12T15:40:59.386+0000] {processor.py:836} INFO - DAG(s) dict_keys(['latest_only_with_trigger']) retrieved from /home/vscode/.local/lib/python3.10/site-packages/airflow/example_dags/example_latest_only_with_trigger.py
[2025-08-12T15:40:59.398+0000] {logging_mixin.py:150} INFO - [2025-08-12T15:40:59.398+0000] {dag.py:2742} INFO - Sync 1 DAGs
[2025-08-12T15:40:59.413+0000] {logging_mixin.py:150} INFO - [2025-08-12T15:40:59.412+0000] {dag.py:3504} INFO - Setting next_dagrun for latest_only_with_trigger to 2025-08-12T11:40:59.412748+00:00, run_after=2025-08-12T15:40:59.412748+00:00
[2025-08-12T15:40:59.431+0000] {processor.py:179} INFO - Processing /home/vscode/.local/lib/python3.10/site-packages/airflow/example_dags/example_latest_only_with_trigger.py took 0.053 seconds
[2025-08-12T15:41:41.883+0000] {processor.py:157} INFO - Started process (PID=19996) to work on /home/vscode/.local/lib/python3.10/site-packages/airflow/example_dags/example_latest_only_with_trigger.py
[2025-08-12T15:41:41.884+0000] {processor.py:826} INFO - Processing file /home/vscode/.local/lib/python3.10/site-packages/airflow/example_dags/example_latest_only_with_trigger.py for tasks to queue
[2025-08-12T15:41:41.885+0000] {logging_mixin.py:150} INFO - [2025-08-12T15:41:41.884+0000] {dagbag.py:541} INFO - Filling up the DagBag from /home/vscode/.local/lib/python3.10/site-packages/airflow/example_dags/example_latest_only_with_trigger.py
[2025-08-12T15:41:41.889+0000] {processor.py:836} INFO - DAG(s) dict_keys(['latest_only_with_trigger']) retrieved from /home/vscode/.local/lib/python3.10/site-packages/airflow/example_dags/example_latest_only_with_trigger.py
[2025-08-12T15:41:41.902+0000] {logging_mixin.py:150} INFO - [2025-08-12T15:41:41.901+0000] {dag.py:2742} INFO - Sync 1 DAGs
[2025-08-12T15:41:41.916+0000] {logging_mixin.py:150} INFO - [2025-08-12T15:41:41.916+0000] {dag.py:3504} INFO - Setting next_dagrun for latest_only_with_trigger to 2025-08-12T11:41:41.916300+00:00, run_after=2025-08-12T15:41:41.916300+00:00
[2025-08-12T15:41:41.933+0000] {processor.py:179} INFO - Processing /home/vscode/.local/lib/python3.10/site-packages/airflow/example_dags/example_latest_only_with_trigger.py took 0.052 seconds
[2025-08-12T15:42:30.208+0000] {processor.py:157} INFO - Started process (PID=20314) to work on /home/vscode/.local/lib/python3.10/site-packages/airflow/example_dags/example_latest_only_with_trigger.py
[2025-08-12T15:42:30.208+0000] {processor.py:826} INFO - Processing file /home/vscode/.local/lib/python3.10/site-packages/airflow/example_dags/example_latest_only_with_trigger.py for tasks to queue
[2025-08-12T15:42:30.209+0000] {logging_mixin.py:150} INFO - [2025-08-12T15:42:30.209+0000] {dagbag.py:541} INFO - Filling up the DagBag from /home/vscode/.local/lib/python3.10/site-packages/airflow/example_dags/example_latest_only_with_trigger.py
[2025-08-12T15:42:30.214+0000] {processor.py:836} INFO - DAG(s) dict_keys(['latest_only_with_trigger']) retrieved from /home/vscode/.local/lib/python3.10/site-packages/airflow/example_dags/example_latest_only_with_trigger.py
[2025-08-12T15:42:30.225+0000] {logging_mixin.py:150} INFO - [2025-08-12T15:42:30.225+0000] {dag.py:2742} INFO - Sync 1 DAGs
[2025-08-12T15:42:30.239+0000] {logging_mixin.py:150} INFO - [2025-08-12T15:42:30.239+0000] {dag.py:3504} INFO - Setting next_dagrun for latest_only_with_trigger to 2025-08-12T11:42:30.239514+00:00, run_after=2025-08-12T15:42:30.239514+00:00
[2025-08-12T15:42:30.258+0000] {processor.py:179} INFO - Processing /home/vscode/.local/lib/python3.10/site-packages/airflow/example_dags/example_latest_only_with_trigger.py took 0.052 seconds
[2025-08-12T15:43:14.091+0000] {processor.py:157} INFO - Started process (PID=20610) to work on /home/vscode/.local/lib/python3.10/site-packages/airflow/example_dags/example_latest_only_with_trigger.py
[2025-08-12T15:43:14.092+0000] {processor.py:826} INFO - Processing file /home/vscode/.local/lib/python3.10/site-packages/airflow/example_dags/example_latest_only_with_trigger.py for tasks to queue
[2025-08-12T15:43:14.093+0000] {logging_mixin.py:150} INFO - [2025-08-12T15:43:14.092+0000] {dagbag.py:541} INFO - Filling up the DagBag from /home/vscode/.local/lib/python3.10/site-packages/airflow/example_dags/example_latest_only_with_trigger.py
[2025-08-12T15:43:14.097+0000] {processor.py:836} INFO - DAG(s) dict_keys(['latest_only_with_trigger']) retrieved from /home/vscode/.local/lib/python3.10/site-packages/airflow/example_dags/example_latest_only_with_trigger.py
[2025-08-12T15:43:14.109+0000] {logging_mixin.py:150} INFO - [2025-08-12T15:43:14.109+0000] {dag.py:2742} INFO - Sync 1 DAGs
[2025-08-12T15:43:14.123+0000] {logging_mixin.py:150} INFO - [2025-08-12T15:43:14.123+0000] {dag.py:3504} INFO - Setting next_dagrun for latest_only_with_trigger to 2025-08-12T11:43:14.123394+00:00, run_after=2025-08-12T15:43:14.123394+00:00
[2025-08-12T15:43:14.139+0000] {processor.py:179} INFO - Processing /home/vscode/.local/lib/python3.10/site-packages/airflow/example_dags/example_latest_only_with_trigger.py took 0.050 seconds
[2025-08-12T15:44:01.728+0000] {processor.py:157} INFO - Started process (PID=20925) to work on /home/vscode/.local/lib/python3.10/site-packages/airflow/example_dags/example_latest_only_with_trigger.py
[2025-08-12T15:44:01.728+0000] {processor.py:826} INFO - Processing file /home/vscode/.local/lib/python3.10/site-packages/airflow/example_dags/example_latest_only_with_trigger.py for tasks to queue
[2025-08-12T15:44:01.729+0000] {logging_mixin.py:150} INFO - [2025-08-12T15:44:01.729+0000] {dagbag.py:541} INFO - Filling up the DagBag from /home/vscode/.local/lib/python3.10/site-packages/airflow/example_dags/example_latest_only_with_trigger.py
[2025-08-12T15:44:01.734+0000] {processor.py:836} INFO - DAG(s) dict_keys(['latest_only_with_trigger']) retrieved from /home/vscode/.local/lib/python3.10/site-packages/airflow/example_dags/example_latest_only_with_trigger.py
[2025-08-12T15:44:01.745+0000] {logging_mixin.py:150} INFO - [2025-08-12T15:44:01.745+0000] {dag.py:2742} INFO - Sync 1 DAGs
[2025-08-12T15:44:01.759+0000] {logging_mixin.py:150} INFO - [2025-08-12T15:44:01.759+0000] {dag.py:3504} INFO - Setting next_dagrun for latest_only_with_trigger to 2025-08-12T11:44:01.759463+00:00, run_after=2025-08-12T15:44:01.759463+00:00
[2025-08-12T15:44:01.775+0000] {processor.py:179} INFO - Processing /home/vscode/.local/lib/python3.10/site-packages/airflow/example_dags/example_latest_only_with_trigger.py took 0.050 seconds
[2025-08-12T15:44:43.406+0000] {processor.py:157} INFO - Started process (PID=21204) to work on /home/vscode/.local/lib/python3.10/site-packages/airflow/example_dags/example_latest_only_with_trigger.py
[2025-08-12T15:44:43.407+0000] {processor.py:826} INFO - Processing file /home/vscode/.local/lib/python3.10/site-packages/airflow/example_dags/example_latest_only_with_trigger.py for tasks to queue
[2025-08-12T15:44:43.408+0000] {logging_mixin.py:150} INFO - [2025-08-12T15:44:43.407+0000] {dagbag.py:541} INFO - Filling up the DagBag from /home/vscode/.local/lib/python3.10/site-packages/airflow/example_dags/example_latest_only_with_trigger.py
[2025-08-12T15:44:43.412+0000] {processor.py:836} INFO - DAG(s) dict_keys(['latest_only_with_trigger']) retrieved from /home/vscode/.local/lib/python3.10/site-packages/airflow/example_dags/example_latest_only_with_trigger.py
[2025-08-12T15:44:43.428+0000] {logging_mixin.py:150} INFO - [2025-08-12T15:44:43.428+0000] {dag.py:2742} INFO - Sync 1 DAGs
[2025-08-12T15:44:43.442+0000] {logging_mixin.py:150} INFO - [2025-08-12T15:44:43.442+0000] {dag.py:3504} INFO - Setting next_dagrun for latest_only_with_trigger to 2025-08-12T11:44:43.442579+00:00, run_after=2025-08-12T15:44:43.442579+00:00
[2025-08-12T15:44:43.457+0000] {processor.py:179} INFO - Processing /home/vscode/.local/lib/python3.10/site-packages/airflow/example_dags/example_latest_only_with_trigger.py took 0.053 seconds
[2025-08-12T15:45:28.675+0000] {processor.py:157} INFO - Started process (PID=21505) to work on /home/vscode/.local/lib/python3.10/site-packages/airflow/example_dags/example_latest_only_with_trigger.py
[2025-08-12T15:45:28.676+0000] {processor.py:826} INFO - Processing file /home/vscode/.local/lib/python3.10/site-packages/airflow/example_dags/example_latest_only_with_trigger.py for tasks to queue
[2025-08-12T15:45:28.677+0000] {logging_mixin.py:150} INFO - [2025-08-12T15:45:28.676+0000] {dagbag.py:541} INFO - Filling up the DagBag from /home/vscode/.local/lib/python3.10/site-packages/airflow/example_dags/example_latest_only_with_trigger.py
[2025-08-12T15:45:28.684+0000] {processor.py:836} INFO - DAG(s) dict_keys(['latest_only_with_trigger']) retrieved from /home/vscode/.local/lib/python3.10/site-packages/airflow/example_dags/example_latest_only_with_trigger.py
[2025-08-12T15:45:28.702+0000] {logging_mixin.py:150} INFO - [2025-08-12T15:45:28.702+0000] {dag.py:2742} INFO - Sync 1 DAGs
[2025-08-12T15:45:28.723+0000] {logging_mixin.py:150} INFO - [2025-08-12T15:45:28.722+0000] {dag.py:3504} INFO - Setting next_dagrun for latest_only_with_trigger to 2025-08-12T11:45:28.722768+00:00, run_after=2025-08-12T15:45:28.722768+00:00
[2025-08-12T15:45:28.738+0000] {processor.py:179} INFO - Processing /home/vscode/.local/lib/python3.10/site-packages/airflow/example_dags/example_latest_only_with_trigger.py took 0.066 seconds
[2025-08-12T15:46:11.526+0000] {processor.py:157} INFO - Started process (PID=21790) to work on /home/vscode/.local/lib/python3.10/site-packages/airflow/example_dags/example_latest_only_with_trigger.py
[2025-08-12T15:46:11.526+0000] {processor.py:826} INFO - Processing file /home/vscode/.local/lib/python3.10/site-packages/airflow/example_dags/example_latest_only_with_trigger.py for tasks to queue
[2025-08-12T15:46:11.527+0000] {logging_mixin.py:150} INFO - [2025-08-12T15:46:11.527+0000] {dagbag.py:541} INFO - Filling up the DagBag from /home/vscode/.local/lib/python3.10/site-packages/airflow/example_dags/example_latest_only_with_trigger.py
[2025-08-12T15:46:11.532+0000] {processor.py:836} INFO - DAG(s) dict_keys(['latest_only_with_trigger']) retrieved from /home/vscode/.local/lib/python3.10/site-packages/airflow/example_dags/example_latest_only_with_trigger.py
[2025-08-12T15:46:11.543+0000] {logging_mixin.py:150} INFO - [2025-08-12T15:46:11.543+0000] {dag.py:2742} INFO - Sync 1 DAGs
[2025-08-12T15:46:11.557+0000] {logging_mixin.py:150} INFO - [2025-08-12T15:46:11.557+0000] {dag.py:3504} INFO - Setting next_dagrun for latest_only_with_trigger to 2025-08-12T11:46:11.557534+00:00, run_after=2025-08-12T15:46:11.557534+00:00
[2025-08-12T15:46:11.573+0000] {processor.py:179} INFO - Processing /home/vscode/.local/lib/python3.10/site-packages/airflow/example_dags/example_latest_only_with_trigger.py took 0.049 seconds
[2025-08-12T15:46:55.311+0000] {processor.py:157} INFO - Started process (PID=22084) to work on /home/vscode/.local/lib/python3.10/site-packages/airflow/example_dags/example_latest_only_with_trigger.py
[2025-08-12T15:46:55.312+0000] {processor.py:826} INFO - Processing file /home/vscode/.local/lib/python3.10/site-packages/airflow/example_dags/example_latest_only_with_trigger.py for tasks to queue
[2025-08-12T15:46:55.313+0000] {logging_mixin.py:150} INFO - [2025-08-12T15:46:55.312+0000] {dagbag.py:541} INFO - Filling up the DagBag from /home/vscode/.local/lib/python3.10/site-packages/airflow/example_dags/example_latest_only_with_trigger.py
[2025-08-12T15:46:55.318+0000] {processor.py:836} INFO - DAG(s) dict_keys(['latest_only_with_trigger']) retrieved from /home/vscode/.local/lib/python3.10/site-packages/airflow/example_dags/example_latest_only_with_trigger.py
[2025-08-12T15:46:55.330+0000] {logging_mixin.py:150} INFO - [2025-08-12T15:46:55.330+0000] {dag.py:2742} INFO - Sync 1 DAGs
[2025-08-12T15:46:55.345+0000] {logging_mixin.py:150} INFO - [2025-08-12T15:46:55.344+0000] {dag.py:3504} INFO - Setting next_dagrun for latest_only_with_trigger to 2025-08-12T11:46:55.344765+00:00, run_after=2025-08-12T15:46:55.344765+00:00
[2025-08-12T15:46:55.361+0000] {processor.py:179} INFO - Processing /home/vscode/.local/lib/python3.10/site-packages/airflow/example_dags/example_latest_only_with_trigger.py took 0.052 seconds
[2025-08-12T15:47:37.036+0000] {processor.py:157} INFO - Started process (PID=22366) to work on /home/vscode/.local/lib/python3.10/site-packages/airflow/example_dags/example_latest_only_with_trigger.py
[2025-08-12T15:47:37.036+0000] {processor.py:826} INFO - Processing file /home/vscode/.local/lib/python3.10/site-packages/airflow/example_dags/example_latest_only_with_trigger.py for tasks to queue
[2025-08-12T15:47:37.037+0000] {logging_mixin.py:150} INFO - [2025-08-12T15:47:37.037+0000] {dagbag.py:541} INFO - Filling up the DagBag from /home/vscode/.local/lib/python3.10/site-packages/airflow/example_dags/example_latest_only_with_trigger.py
[2025-08-12T15:47:37.042+0000] {processor.py:836} INFO - DAG(s) dict_keys(['latest_only_with_trigger']) retrieved from /home/vscode/.local/lib/python3.10/site-packages/airflow/example_dags/example_latest_only_with_trigger.py
[2025-08-12T15:47:37.054+0000] {logging_mixin.py:150} INFO - [2025-08-12T15:47:37.054+0000] {dag.py:2742} INFO - Sync 1 DAGs
[2025-08-12T15:47:37.069+0000] {logging_mixin.py:150} INFO - [2025-08-12T15:47:37.068+0000] {dag.py:3504} INFO - Setting next_dagrun for latest_only_with_trigger to 2025-08-12T11:47:37.068650+00:00, run_after=2025-08-12T15:47:37.068650+00:00
[2025-08-12T15:47:37.085+0000] {processor.py:179} INFO - Processing /home/vscode/.local/lib/python3.10/site-packages/airflow/example_dags/example_latest_only_with_trigger.py took 0.051 seconds
[2025-08-12T15:48:17.029+0000] {processor.py:157} INFO - Started process (PID=22635) to work on /home/vscode/.local/lib/python3.10/site-packages/airflow/example_dags/example_latest_only_with_trigger.py
[2025-08-12T15:48:17.030+0000] {processor.py:826} INFO - Processing file /home/vscode/.local/lib/python3.10/site-packages/airflow/example_dags/example_latest_only_with_trigger.py for tasks to queue
[2025-08-12T15:48:17.031+0000] {logging_mixin.py:150} INFO - [2025-08-12T15:48:17.030+0000] {dagbag.py:541} INFO - Filling up the DagBag from /home/vscode/.local/lib/python3.10/site-packages/airflow/example_dags/example_latest_only_with_trigger.py
[2025-08-12T15:48:17.035+0000] {processor.py:836} INFO - DAG(s) dict_keys(['latest_only_with_trigger']) retrieved from /home/vscode/.local/lib/python3.10/site-packages/airflow/example_dags/example_latest_only_with_trigger.py
[2025-08-12T15:48:17.047+0000] {logging_mixin.py:150} INFO - [2025-08-12T15:48:17.047+0000] {dag.py:2742} INFO - Sync 1 DAGs
[2025-08-12T15:48:17.061+0000] {logging_mixin.py:150} INFO - [2025-08-12T15:48:17.061+0000] {dag.py:3504} INFO - Setting next_dagrun for latest_only_with_trigger to 2025-08-12T11:48:17.061015+00:00, run_after=2025-08-12T15:48:17.061015+00:00
[2025-08-12T15:48:17.077+0000] {processor.py:179} INFO - Processing /home/vscode/.local/lib/python3.10/site-packages/airflow/example_dags/example_latest_only_with_trigger.py took 0.050 seconds
[2025-08-12T15:48:59.122+0000] {processor.py:157} INFO - Started process (PID=22929) to work on /home/vscode/.local/lib/python3.10/site-packages/airflow/example_dags/example_latest_only_with_trigger.py
[2025-08-12T15:48:59.123+0000] {processor.py:826} INFO - Processing file /home/vscode/.local/lib/python3.10/site-packages/airflow/example_dags/example_latest_only_with_trigger.py for tasks to queue
[2025-08-12T15:48:59.124+0000] {logging_mixin.py:150} INFO - [2025-08-12T15:48:59.123+0000] {dagbag.py:541} INFO - Filling up the DagBag from /home/vscode/.local/lib/python3.10/site-packages/airflow/example_dags/example_latest_only_with_trigger.py
[2025-08-12T15:48:59.128+0000] {processor.py:836} INFO - DAG(s) dict_keys(['latest_only_with_trigger']) retrieved from /home/vscode/.local/lib/python3.10/site-packages/airflow/example_dags/example_latest_only_with_trigger.py
[2025-08-12T15:48:59.140+0000] {logging_mixin.py:150} INFO - [2025-08-12T15:48:59.140+0000] {dag.py:2742} INFO - Sync 1 DAGs
[2025-08-12T15:48:59.154+0000] {logging_mixin.py:150} INFO - [2025-08-12T15:48:59.154+0000] {dag.py:3504} INFO - Setting next_dagrun for latest_only_with_trigger to 2025-08-12T11:48:59.154019+00:00, run_after=2025-08-12T15:48:59.154019+00:00
[2025-08-12T15:48:59.170+0000] {processor.py:179} INFO - Processing /home/vscode/.local/lib/python3.10/site-packages/airflow/example_dags/example_latest_only_with_trigger.py took 0.050 seconds
[2025-08-12T15:49:42.486+0000] {processor.py:157} INFO - Started process (PID=23231) to work on /home/vscode/.local/lib/python3.10/site-packages/airflow/example_dags/example_latest_only_with_trigger.py
[2025-08-12T15:49:42.487+0000] {processor.py:826} INFO - Processing file /home/vscode/.local/lib/python3.10/site-packages/airflow/example_dags/example_latest_only_with_trigger.py for tasks to queue
[2025-08-12T15:49:42.487+0000] {logging_mixin.py:150} INFO - [2025-08-12T15:49:42.487+0000] {dagbag.py:541} INFO - Filling up the DagBag from /home/vscode/.local/lib/python3.10/site-packages/airflow/example_dags/example_latest_only_with_trigger.py
[2025-08-12T15:49:42.492+0000] {processor.py:836} INFO - DAG(s) dict_keys(['latest_only_with_trigger']) retrieved from /home/vscode/.local/lib/python3.10/site-packages/airflow/example_dags/example_latest_only_with_trigger.py
[2025-08-12T15:49:42.504+0000] {logging_mixin.py:150} INFO - [2025-08-12T15:49:42.504+0000] {dag.py:2742} INFO - Sync 1 DAGs
[2025-08-12T15:49:42.518+0000] {logging_mixin.py:150} INFO - [2025-08-12T15:49:42.518+0000] {dag.py:3504} INFO - Setting next_dagrun for latest_only_with_trigger to 2025-08-12T11:49:42.518065+00:00, run_after=2025-08-12T15:49:42.518065+00:00
[2025-08-12T15:49:42.536+0000] {processor.py:179} INFO - Processing /home/vscode/.local/lib/python3.10/site-packages/airflow/example_dags/example_latest_only_with_trigger.py took 0.052 seconds
[2025-08-12T15:50:28.790+0000] {processor.py:157} INFO - Started process (PID=23763) to work on /home/vscode/.local/lib/python3.10/site-packages/airflow/example_dags/example_latest_only_with_trigger.py
[2025-08-12T15:50:28.790+0000] {processor.py:826} INFO - Processing file /home/vscode/.local/lib/python3.10/site-packages/airflow/example_dags/example_latest_only_with_trigger.py for tasks to queue
[2025-08-12T15:50:28.791+0000] {logging_mixin.py:150} INFO - [2025-08-12T15:50:28.791+0000] {dagbag.py:541} INFO - Filling up the DagBag from /home/vscode/.local/lib/python3.10/site-packages/airflow/example_dags/example_latest_only_with_trigger.py
[2025-08-12T15:50:28.796+0000] {processor.py:836} INFO - DAG(s) dict_keys(['latest_only_with_trigger']) retrieved from /home/vscode/.local/lib/python3.10/site-packages/airflow/example_dags/example_latest_only_with_trigger.py
[2025-08-12T15:50:28.809+0000] {logging_mixin.py:150} INFO - [2025-08-12T15:50:28.808+0000] {dag.py:2742} INFO - Sync 1 DAGs
[2025-08-12T15:50:28.823+0000] {logging_mixin.py:150} INFO - [2025-08-12T15:50:28.823+0000] {dag.py:3504} INFO - Setting next_dagrun for latest_only_with_trigger to 2025-08-12T11:50:28.823318+00:00, run_after=2025-08-12T15:50:28.823318+00:00
[2025-08-12T15:50:28.840+0000] {processor.py:179} INFO - Processing /home/vscode/.local/lib/python3.10/site-packages/airflow/example_dags/example_latest_only_with_trigger.py took 0.052 seconds
[2025-08-12T15:51:13.890+0000] {processor.py:157} INFO - Started process (PID=24066) to work on /home/vscode/.local/lib/python3.10/site-packages/airflow/example_dags/example_latest_only_with_trigger.py
[2025-08-12T15:51:13.890+0000] {processor.py:826} INFO - Processing file /home/vscode/.local/lib/python3.10/site-packages/airflow/example_dags/example_latest_only_with_trigger.py for tasks to queue
[2025-08-12T15:51:13.891+0000] {logging_mixin.py:150} INFO - [2025-08-12T15:51:13.891+0000] {dagbag.py:541} INFO - Filling up the DagBag from /home/vscode/.local/lib/python3.10/site-packages/airflow/example_dags/example_latest_only_with_trigger.py
[2025-08-12T15:51:13.896+0000] {processor.py:836} INFO - DAG(s) dict_keys(['latest_only_with_trigger']) retrieved from /home/vscode/.local/lib/python3.10/site-packages/airflow/example_dags/example_latest_only_with_trigger.py
[2025-08-12T15:51:13.909+0000] {logging_mixin.py:150} INFO - [2025-08-12T15:51:13.909+0000] {dag.py:2742} INFO - Sync 1 DAGs
[2025-08-12T15:51:13.925+0000] {logging_mixin.py:150} INFO - [2025-08-12T15:51:13.925+0000] {dag.py:3504} INFO - Setting next_dagrun for latest_only_with_trigger to 2025-08-12T11:51:13.925043+00:00, run_after=2025-08-12T15:51:13.925043+00:00
[2025-08-12T15:51:13.942+0000] {processor.py:179} INFO - Processing /home/vscode/.local/lib/python3.10/site-packages/airflow/example_dags/example_latest_only_with_trigger.py took 0.055 seconds
[2025-08-12T15:51:58.008+0000] {processor.py:157} INFO - Started process (PID=24356) to work on /home/vscode/.local/lib/python3.10/site-packages/airflow/example_dags/example_latest_only_with_trigger.py
[2025-08-12T15:51:58.008+0000] {processor.py:826} INFO - Processing file /home/vscode/.local/lib/python3.10/site-packages/airflow/example_dags/example_latest_only_with_trigger.py for tasks to queue
[2025-08-12T15:51:58.009+0000] {logging_mixin.py:150} INFO - [2025-08-12T15:51:58.009+0000] {dagbag.py:541} INFO - Filling up the DagBag from /home/vscode/.local/lib/python3.10/site-packages/airflow/example_dags/example_latest_only_with_trigger.py
[2025-08-12T15:51:58.014+0000] {processor.py:836} INFO - DAG(s) dict_keys(['latest_only_with_trigger']) retrieved from /home/vscode/.local/lib/python3.10/site-packages/airflow/example_dags/example_latest_only_with_trigger.py
[2025-08-12T15:51:58.026+0000] {logging_mixin.py:150} INFO - [2025-08-12T15:51:58.026+0000] {dag.py:2742} INFO - Sync 1 DAGs
[2025-08-12T15:51:58.040+0000] {logging_mixin.py:150} INFO - [2025-08-12T15:51:58.040+0000] {dag.py:3504} INFO - Setting next_dagrun for latest_only_with_trigger to 2025-08-12T11:51:58.040319+00:00, run_after=2025-08-12T15:51:58.040319+00:00
[2025-08-12T15:51:58.056+0000] {processor.py:179} INFO - Processing /home/vscode/.local/lib/python3.10/site-packages/airflow/example_dags/example_latest_only_with_trigger.py took 0.050 seconds
[2025-08-12T15:52:39.721+0000] {processor.py:157} INFO - Started process (PID=24654) to work on /home/vscode/.local/lib/python3.10/site-packages/airflow/example_dags/example_latest_only_with_trigger.py
[2025-08-12T15:52:39.721+0000] {processor.py:826} INFO - Processing file /home/vscode/.local/lib/python3.10/site-packages/airflow/example_dags/example_latest_only_with_trigger.py for tasks to queue
[2025-08-12T15:52:39.722+0000] {logging_mixin.py:150} INFO - [2025-08-12T15:52:39.722+0000] {dagbag.py:541} INFO - Filling up the DagBag from /home/vscode/.local/lib/python3.10/site-packages/airflow/example_dags/example_latest_only_with_trigger.py
[2025-08-12T15:52:39.727+0000] {processor.py:836} INFO - DAG(s) dict_keys(['latest_only_with_trigger']) retrieved from /home/vscode/.local/lib/python3.10/site-packages/airflow/example_dags/example_latest_only_with_trigger.py
[2025-08-12T15:52:39.739+0000] {logging_mixin.py:150} INFO - [2025-08-12T15:52:39.739+0000] {dag.py:2742} INFO - Sync 1 DAGs
[2025-08-12T15:52:39.753+0000] {logging_mixin.py:150} INFO - [2025-08-12T15:52:39.753+0000] {dag.py:3504} INFO - Setting next_dagrun for latest_only_with_trigger to 2025-08-12T11:52:39.753688+00:00, run_after=2025-08-12T15:52:39.753688+00:00
[2025-08-12T15:52:39.769+0000] {processor.py:179} INFO - Processing /home/vscode/.local/lib/python3.10/site-packages/airflow/example_dags/example_latest_only_with_trigger.py took 0.050 seconds
[2025-08-12T15:53:23.784+0000] {processor.py:157} INFO - Started process (PID=24991) to work on /home/vscode/.local/lib/python3.10/site-packages/airflow/example_dags/example_latest_only_with_trigger.py
[2025-08-12T15:53:23.785+0000] {processor.py:826} INFO - Processing file /home/vscode/.local/lib/python3.10/site-packages/airflow/example_dags/example_latest_only_with_trigger.py for tasks to queue
[2025-08-12T15:53:23.785+0000] {logging_mixin.py:150} INFO - [2025-08-12T15:53:23.785+0000] {dagbag.py:541} INFO - Filling up the DagBag from /home/vscode/.local/lib/python3.10/site-packages/airflow/example_dags/example_latest_only_with_trigger.py
[2025-08-12T15:53:23.790+0000] {processor.py:836} INFO - DAG(s) dict_keys(['latest_only_with_trigger']) retrieved from /home/vscode/.local/lib/python3.10/site-packages/airflow/example_dags/example_latest_only_with_trigger.py
[2025-08-12T15:53:23.802+0000] {logging_mixin.py:150} INFO - [2025-08-12T15:53:23.802+0000] {dag.py:2742} INFO - Sync 1 DAGs
[2025-08-12T15:53:23.816+0000] {logging_mixin.py:150} INFO - [2025-08-12T15:53:23.816+0000] {dag.py:3504} INFO - Setting next_dagrun for latest_only_with_trigger to 2025-08-12T11:53:23.816495+00:00, run_after=2025-08-12T15:53:23.816495+00:00
[2025-08-12T15:53:23.834+0000] {processor.py:179} INFO - Processing /home/vscode/.local/lib/python3.10/site-packages/airflow/example_dags/example_latest_only_with_trigger.py took 0.052 seconds
[2025-08-12T15:54:04.126+0000] {processor.py:157} INFO - Started process (PID=25296) to work on /home/vscode/.local/lib/python3.10/site-packages/airflow/example_dags/example_latest_only_with_trigger.py
[2025-08-12T15:54:04.127+0000] {processor.py:826} INFO - Processing file /home/vscode/.local/lib/python3.10/site-packages/airflow/example_dags/example_latest_only_with_trigger.py for tasks to queue
[2025-08-12T15:54:04.128+0000] {logging_mixin.py:150} INFO - [2025-08-12T15:54:04.127+0000] {dagbag.py:541} INFO - Filling up the DagBag from /home/vscode/.local/lib/python3.10/site-packages/airflow/example_dags/example_latest_only_with_trigger.py
[2025-08-12T15:54:04.140+0000] {processor.py:836} INFO - DAG(s) dict_keys(['latest_only_with_trigger']) retrieved from /home/vscode/.local/lib/python3.10/site-packages/airflow/example_dags/example_latest_only_with_trigger.py
[2025-08-12T15:54:04.174+0000] {logging_mixin.py:150} INFO - [2025-08-12T15:54:04.174+0000] {dag.py:2742} INFO - Sync 1 DAGs
[2025-08-12T15:54:04.203+0000] {logging_mixin.py:150} INFO - [2025-08-12T15:54:04.202+0000] {dag.py:3504} INFO - Setting next_dagrun for latest_only_with_trigger to 2025-08-12T11:54:04.202718+00:00, run_after=2025-08-12T15:54:04.202718+00:00
[2025-08-12T15:54:04.222+0000] {processor.py:179} INFO - Processing /home/vscode/.local/lib/python3.10/site-packages/airflow/example_dags/example_latest_only_with_trigger.py took 0.103 seconds
[2025-08-12T15:54:49.807+0000] {processor.py:157} INFO - Started process (PID=25647) to work on /home/vscode/.local/lib/python3.10/site-packages/airflow/example_dags/example_latest_only_with_trigger.py
[2025-08-12T15:54:49.807+0000] {processor.py:826} INFO - Processing file /home/vscode/.local/lib/python3.10/site-packages/airflow/example_dags/example_latest_only_with_trigger.py for tasks to queue
[2025-08-12T15:54:49.808+0000] {logging_mixin.py:150} INFO - [2025-08-12T15:54:49.808+0000] {dagbag.py:541} INFO - Filling up the DagBag from /home/vscode/.local/lib/python3.10/site-packages/airflow/example_dags/example_latest_only_with_trigger.py
[2025-08-12T15:54:49.813+0000] {processor.py:836} INFO - DAG(s) dict_keys(['latest_only_with_trigger']) retrieved from /home/vscode/.local/lib/python3.10/site-packages/airflow/example_dags/example_latest_only_with_trigger.py
[2025-08-12T15:54:49.824+0000] {logging_mixin.py:150} INFO - [2025-08-12T15:54:49.824+0000] {dag.py:2742} INFO - Sync 1 DAGs
[2025-08-12T15:54:49.838+0000] {logging_mixin.py:150} INFO - [2025-08-12T15:54:49.838+0000] {dag.py:3504} INFO - Setting next_dagrun for latest_only_with_trigger to 2025-08-12T11:54:49.838676+00:00, run_after=2025-08-12T15:54:49.838676+00:00
[2025-08-12T15:54:49.855+0000] {processor.py:179} INFO - Processing /home/vscode/.local/lib/python3.10/site-packages/airflow/example_dags/example_latest_only_with_trigger.py took 0.050 seconds
[2025-08-12T15:55:32.622+0000] {processor.py:157} INFO - Started process (PID=25979) to work on /home/vscode/.local/lib/python3.10/site-packages/airflow/example_dags/example_latest_only_with_trigger.py
[2025-08-12T15:55:32.623+0000] {processor.py:826} INFO - Processing file /home/vscode/.local/lib/python3.10/site-packages/airflow/example_dags/example_latest_only_with_trigger.py for tasks to queue
[2025-08-12T15:55:32.623+0000] {logging_mixin.py:150} INFO - [2025-08-12T15:55:32.623+0000] {dagbag.py:541} INFO - Filling up the DagBag from /home/vscode/.local/lib/python3.10/site-packages/airflow/example_dags/example_latest_only_with_trigger.py
[2025-08-12T15:55:32.628+0000] {processor.py:836} INFO - DAG(s) dict_keys(['latest_only_with_trigger']) retrieved from /home/vscode/.local/lib/python3.10/site-packages/airflow/example_dags/example_latest_only_with_trigger.py
[2025-08-12T15:55:32.640+0000] {logging_mixin.py:150} INFO - [2025-08-12T15:55:32.640+0000] {dag.py:2742} INFO - Sync 1 DAGs
[2025-08-12T15:55:32.654+0000] {logging_mixin.py:150} INFO - [2025-08-12T15:55:32.654+0000] {dag.py:3504} INFO - Setting next_dagrun for latest_only_with_trigger to 2025-08-12T11:55:32.654110+00:00, run_after=2025-08-12T15:55:32.654110+00:00
[2025-08-12T15:55:32.670+0000] {processor.py:179} INFO - Processing /home/vscode/.local/lib/python3.10/site-packages/airflow/example_dags/example_latest_only_with_trigger.py took 0.050 seconds
[2025-08-12T15:56:19.999+0000] {processor.py:157} INFO - Started process (PID=26335) to work on /home/vscode/.local/lib/python3.10/site-packages/airflow/example_dags/example_latest_only_with_trigger.py
[2025-08-12T15:56:20.000+0000] {processor.py:826} INFO - Processing file /home/vscode/.local/lib/python3.10/site-packages/airflow/example_dags/example_latest_only_with_trigger.py for tasks to queue
[2025-08-12T15:56:20.001+0000] {logging_mixin.py:150} INFO - [2025-08-12T15:56:20.000+0000] {dagbag.py:541} INFO - Filling up the DagBag from /home/vscode/.local/lib/python3.10/site-packages/airflow/example_dags/example_latest_only_with_trigger.py
[2025-08-12T15:56:20.005+0000] {processor.py:836} INFO - DAG(s) dict_keys(['latest_only_with_trigger']) retrieved from /home/vscode/.local/lib/python3.10/site-packages/airflow/example_dags/example_latest_only_with_trigger.py
[2025-08-12T15:56:20.018+0000] {logging_mixin.py:150} INFO - [2025-08-12T15:56:20.018+0000] {dag.py:2742} INFO - Sync 1 DAGs
[2025-08-12T15:56:20.032+0000] {logging_mixin.py:150} INFO - [2025-08-12T15:56:20.032+0000] {dag.py:3504} INFO - Setting next_dagrun for latest_only_with_trigger to 2025-08-12T11:56:20.032238+00:00, run_after=2025-08-12T15:56:20.032238+00:00
[2025-08-12T15:56:20.047+0000] {processor.py:179} INFO - Processing /home/vscode/.local/lib/python3.10/site-packages/airflow/example_dags/example_latest_only_with_trigger.py took 0.050 seconds
[2025-08-12T15:57:02.075+0000] {processor.py:157} INFO - Started process (PID=26671) to work on /home/vscode/.local/lib/python3.10/site-packages/airflow/example_dags/example_latest_only_with_trigger.py
[2025-08-12T15:57:02.075+0000] {processor.py:826} INFO - Processing file /home/vscode/.local/lib/python3.10/site-packages/airflow/example_dags/example_latest_only_with_trigger.py for tasks to queue
[2025-08-12T15:57:02.076+0000] {logging_mixin.py:150} INFO - [2025-08-12T15:57:02.075+0000] {dagbag.py:541} INFO - Filling up the DagBag from /home/vscode/.local/lib/python3.10/site-packages/airflow/example_dags/example_latest_only_with_trigger.py
[2025-08-12T15:57:02.080+0000] {processor.py:836} INFO - DAG(s) dict_keys(['latest_only_with_trigger']) retrieved from /home/vscode/.local/lib/python3.10/site-packages/airflow/example_dags/example_latest_only_with_trigger.py
[2025-08-12T15:57:02.092+0000] {logging_mixin.py:150} INFO - [2025-08-12T15:57:02.092+0000] {dag.py:2742} INFO - Sync 1 DAGs
[2025-08-12T15:57:02.107+0000] {logging_mixin.py:150} INFO - [2025-08-12T15:57:02.107+0000] {dag.py:3504} INFO - Setting next_dagrun for latest_only_with_trigger to 2025-08-12T11:57:02.107154+00:00, run_after=2025-08-12T15:57:02.107154+00:00
[2025-08-12T15:57:02.124+0000] {processor.py:179} INFO - Processing /home/vscode/.local/lib/python3.10/site-packages/airflow/example_dags/example_latest_only_with_trigger.py took 0.052 seconds
[2025-08-12T15:57:52.664+0000] {processor.py:157} INFO - Started process (PID=27049) to work on /home/vscode/.local/lib/python3.10/site-packages/airflow/example_dags/example_latest_only_with_trigger.py
[2025-08-12T15:57:52.664+0000] {processor.py:826} INFO - Processing file /home/vscode/.local/lib/python3.10/site-packages/airflow/example_dags/example_latest_only_with_trigger.py for tasks to queue
[2025-08-12T15:57:52.665+0000] {logging_mixin.py:150} INFO - [2025-08-12T15:57:52.665+0000] {dagbag.py:541} INFO - Filling up the DagBag from /home/vscode/.local/lib/python3.10/site-packages/airflow/example_dags/example_latest_only_with_trigger.py
[2025-08-12T15:57:52.670+0000] {processor.py:836} INFO - DAG(s) dict_keys(['latest_only_with_trigger']) retrieved from /home/vscode/.local/lib/python3.10/site-packages/airflow/example_dags/example_latest_only_with_trigger.py
[2025-08-12T15:57:52.681+0000] {logging_mixin.py:150} INFO - [2025-08-12T15:57:52.681+0000] {dag.py:2742} INFO - Sync 1 DAGs
[2025-08-12T15:57:52.696+0000] {logging_mixin.py:150} INFO - [2025-08-12T15:57:52.696+0000] {dag.py:3504} INFO - Setting next_dagrun for latest_only_with_trigger to 2025-08-12T11:57:52.696213+00:00, run_after=2025-08-12T15:57:52.696213+00:00
[2025-08-12T15:57:52.712+0000] {processor.py:179} INFO - Processing /home/vscode/.local/lib/python3.10/site-packages/airflow/example_dags/example_latest_only_with_trigger.py took 0.051 seconds
[2025-08-12T15:58:40.324+0000] {processor.py:157} INFO - Started process (PID=27359) to work on /home/vscode/.local/lib/python3.10/site-packages/airflow/example_dags/example_latest_only_with_trigger.py
[2025-08-12T15:58:40.324+0000] {processor.py:826} INFO - Processing file /home/vscode/.local/lib/python3.10/site-packages/airflow/example_dags/example_latest_only_with_trigger.py for tasks to queue
[2025-08-12T15:58:40.325+0000] {logging_mixin.py:150} INFO - [2025-08-12T15:58:40.325+0000] {dagbag.py:541} INFO - Filling up the DagBag from /home/vscode/.local/lib/python3.10/site-packages/airflow/example_dags/example_latest_only_with_trigger.py
[2025-08-12T15:58:40.330+0000] {processor.py:836} INFO - DAG(s) dict_keys(['latest_only_with_trigger']) retrieved from /home/vscode/.local/lib/python3.10/site-packages/airflow/example_dags/example_latest_only_with_trigger.py
[2025-08-12T15:58:40.342+0000] {logging_mixin.py:150} INFO - [2025-08-12T15:58:40.342+0000] {dag.py:2742} INFO - Sync 1 DAGs
[2025-08-12T15:58:40.356+0000] {logging_mixin.py:150} INFO - [2025-08-12T15:58:40.356+0000] {dag.py:3504} INFO - Setting next_dagrun for latest_only_with_trigger to 2025-08-12T11:58:40.356230+00:00, run_after=2025-08-12T15:58:40.356230+00:00
[2025-08-12T15:58:40.372+0000] {processor.py:179} INFO - Processing /home/vscode/.local/lib/python3.10/site-packages/airflow/example_dags/example_latest_only_with_trigger.py took 0.051 seconds
[2025-08-12T15:59:23.453+0000] {processor.py:157} INFO - Started process (PID=27652) to work on /home/vscode/.local/lib/python3.10/site-packages/airflow/example_dags/example_latest_only_with_trigger.py
[2025-08-12T15:59:23.454+0000] {processor.py:826} INFO - Processing file /home/vscode/.local/lib/python3.10/site-packages/airflow/example_dags/example_latest_only_with_trigger.py for tasks to queue
[2025-08-12T15:59:23.455+0000] {logging_mixin.py:150} INFO - [2025-08-12T15:59:23.454+0000] {dagbag.py:541} INFO - Filling up the DagBag from /home/vscode/.local/lib/python3.10/site-packages/airflow/example_dags/example_latest_only_with_trigger.py
[2025-08-12T15:59:23.459+0000] {processor.py:836} INFO - DAG(s) dict_keys(['latest_only_with_trigger']) retrieved from /home/vscode/.local/lib/python3.10/site-packages/airflow/example_dags/example_latest_only_with_trigger.py
[2025-08-12T15:59:23.472+0000] {logging_mixin.py:150} INFO - [2025-08-12T15:59:23.472+0000] {dag.py:2742} INFO - Sync 1 DAGs
[2025-08-12T15:59:23.487+0000] {logging_mixin.py:150} INFO - [2025-08-12T15:59:23.486+0000] {dag.py:3504} INFO - Setting next_dagrun for latest_only_with_trigger to 2025-08-12T11:59:23.486093+00:00, run_after=2025-08-12T15:59:23.486093+00:00
[2025-08-12T15:59:23.502+0000] {processor.py:179} INFO - Processing /home/vscode/.local/lib/python3.10/site-packages/airflow/example_dags/example_latest_only_with_trigger.py took 0.051 seconds
[2025-08-12T16:00:03.413+0000] {processor.py:157} INFO - Started process (PID=27914) to work on /home/vscode/.local/lib/python3.10/site-packages/airflow/example_dags/example_latest_only_with_trigger.py
[2025-08-12T16:00:03.414+0000] {processor.py:826} INFO - Processing file /home/vscode/.local/lib/python3.10/site-packages/airflow/example_dags/example_latest_only_with_trigger.py for tasks to queue
[2025-08-12T16:00:03.415+0000] {logging_mixin.py:150} INFO - [2025-08-12T16:00:03.414+0000] {dagbag.py:541} INFO - Filling up the DagBag from /home/vscode/.local/lib/python3.10/site-packages/airflow/example_dags/example_latest_only_with_trigger.py
[2025-08-12T16:00:03.419+0000] {processor.py:836} INFO - DAG(s) dict_keys(['latest_only_with_trigger']) retrieved from /home/vscode/.local/lib/python3.10/site-packages/airflow/example_dags/example_latest_only_with_trigger.py
[2025-08-12T16:00:03.430+0000] {logging_mixin.py:150} INFO - [2025-08-12T16:00:03.430+0000] {dag.py:2742} INFO - Sync 1 DAGs
[2025-08-12T16:00:03.444+0000] {logging_mixin.py:150} INFO - [2025-08-12T16:00:03.444+0000] {dag.py:3504} INFO - Setting next_dagrun for latest_only_with_trigger to 2025-08-12T12:00:03.444734+00:00, run_after=2025-08-12T16:00:03.444734+00:00
[2025-08-12T16:00:03.459+0000] {processor.py:179} INFO - Processing /home/vscode/.local/lib/python3.10/site-packages/airflow/example_dags/example_latest_only_with_trigger.py took 0.048 seconds
[2025-08-12T16:00:46.375+0000] {processor.py:157} INFO - Started process (PID=28295) to work on /home/vscode/.local/lib/python3.10/site-packages/airflow/example_dags/example_latest_only_with_trigger.py
[2025-08-12T16:00:46.376+0000] {processor.py:826} INFO - Processing file /home/vscode/.local/lib/python3.10/site-packages/airflow/example_dags/example_latest_only_with_trigger.py for tasks to queue
[2025-08-12T16:00:46.376+0000] {logging_mixin.py:150} INFO - [2025-08-12T16:00:46.376+0000] {dagbag.py:541} INFO - Filling up the DagBag from /home/vscode/.local/lib/python3.10/site-packages/airflow/example_dags/example_latest_only_with_trigger.py
[2025-08-12T16:00:46.381+0000] {processor.py:836} INFO - DAG(s) dict_keys(['latest_only_with_trigger']) retrieved from /home/vscode/.local/lib/python3.10/site-packages/airflow/example_dags/example_latest_only_with_trigger.py
[2025-08-12T16:00:46.393+0000] {logging_mixin.py:150} INFO - [2025-08-12T16:00:46.393+0000] {dag.py:2742} INFO - Sync 1 DAGs
[2025-08-12T16:00:46.408+0000] {logging_mixin.py:150} INFO - [2025-08-12T16:00:46.408+0000] {dag.py:3504} INFO - Setting next_dagrun for latest_only_with_trigger to 2025-08-12T12:00:46.407880+00:00, run_after=2025-08-12T16:00:46.407880+00:00
[2025-08-12T16:00:46.424+0000] {processor.py:179} INFO - Processing /home/vscode/.local/lib/python3.10/site-packages/airflow/example_dags/example_latest_only_with_trigger.py took 0.051 seconds
[2025-08-12T16:01:30.806+0000] {processor.py:157} INFO - Started process (PID=28646) to work on /home/vscode/.local/lib/python3.10/site-packages/airflow/example_dags/example_latest_only_with_trigger.py
[2025-08-12T16:01:30.806+0000] {processor.py:826} INFO - Processing file /home/vscode/.local/lib/python3.10/site-packages/airflow/example_dags/example_latest_only_with_trigger.py for tasks to queue
[2025-08-12T16:01:30.807+0000] {logging_mixin.py:150} INFO - [2025-08-12T16:01:30.807+0000] {dagbag.py:541} INFO - Filling up the DagBag from /home/vscode/.local/lib/python3.10/site-packages/airflow/example_dags/example_latest_only_with_trigger.py
[2025-08-12T16:01:30.812+0000] {processor.py:836} INFO - DAG(s) dict_keys(['latest_only_with_trigger']) retrieved from /home/vscode/.local/lib/python3.10/site-packages/airflow/example_dags/example_latest_only_with_trigger.py
[2025-08-12T16:01:30.824+0000] {logging_mixin.py:150} INFO - [2025-08-12T16:01:30.824+0000] {dag.py:2742} INFO - Sync 1 DAGs
[2025-08-12T16:01:30.838+0000] {logging_mixin.py:150} INFO - [2025-08-12T16:01:30.838+0000] {dag.py:3504} INFO - Setting next_dagrun for latest_only_with_trigger to 2025-08-12T12:01:30.837860+00:00, run_after=2025-08-12T16:01:30.837860+00:00
[2025-08-12T16:01:30.853+0000] {processor.py:179} INFO - Processing /home/vscode/.local/lib/python3.10/site-packages/airflow/example_dags/example_latest_only_with_trigger.py took 0.050 seconds
[2025-08-12T16:02:17.193+0000] {processor.py:157} INFO - Started process (PID=28977) to work on /home/vscode/.local/lib/python3.10/site-packages/airflow/example_dags/example_latest_only_with_trigger.py
[2025-08-12T16:02:17.193+0000] {processor.py:826} INFO - Processing file /home/vscode/.local/lib/python3.10/site-packages/airflow/example_dags/example_latest_only_with_trigger.py for tasks to queue
[2025-08-12T16:02:17.194+0000] {logging_mixin.py:150} INFO - [2025-08-12T16:02:17.194+0000] {dagbag.py:541} INFO - Filling up the DagBag from /home/vscode/.local/lib/python3.10/site-packages/airflow/example_dags/example_latest_only_with_trigger.py
[2025-08-12T16:02:17.199+0000] {processor.py:836} INFO - DAG(s) dict_keys(['latest_only_with_trigger']) retrieved from /home/vscode/.local/lib/python3.10/site-packages/airflow/example_dags/example_latest_only_with_trigger.py
[2025-08-12T16:02:17.211+0000] {logging_mixin.py:150} INFO - [2025-08-12T16:02:17.211+0000] {dag.py:2742} INFO - Sync 1 DAGs
[2025-08-12T16:02:17.226+0000] {logging_mixin.py:150} INFO - [2025-08-12T16:02:17.226+0000] {dag.py:3504} INFO - Setting next_dagrun for latest_only_with_trigger to 2025-08-12T12:02:17.225953+00:00, run_after=2025-08-12T16:02:17.225953+00:00
[2025-08-12T16:02:17.242+0000] {processor.py:179} INFO - Processing /home/vscode/.local/lib/python3.10/site-packages/airflow/example_dags/example_latest_only_with_trigger.py took 0.051 seconds
[2025-08-12T16:02:56.595+0000] {processor.py:157} INFO - Started process (PID=29237) to work on /home/vscode/.local/lib/python3.10/site-packages/airflow/example_dags/example_latest_only_with_trigger.py
[2025-08-12T16:02:56.595+0000] {processor.py:826} INFO - Processing file /home/vscode/.local/lib/python3.10/site-packages/airflow/example_dags/example_latest_only_with_trigger.py for tasks to queue
[2025-08-12T16:02:56.596+0000] {logging_mixin.py:150} INFO - [2025-08-12T16:02:56.596+0000] {dagbag.py:541} INFO - Filling up the DagBag from /home/vscode/.local/lib/python3.10/site-packages/airflow/example_dags/example_latest_only_with_trigger.py
[2025-08-12T16:02:56.601+0000] {processor.py:836} INFO - DAG(s) dict_keys(['latest_only_with_trigger']) retrieved from /home/vscode/.local/lib/python3.10/site-packages/airflow/example_dags/example_latest_only_with_trigger.py
[2025-08-12T16:02:56.612+0000] {logging_mixin.py:150} INFO - [2025-08-12T16:02:56.612+0000] {dag.py:2742} INFO - Sync 1 DAGs
[2025-08-12T16:02:56.627+0000] {logging_mixin.py:150} INFO - [2025-08-12T16:02:56.626+0000] {dag.py:3504} INFO - Setting next_dagrun for latest_only_with_trigger to 2025-08-12T12:02:56.626795+00:00, run_after=2025-08-12T16:02:56.626795+00:00
[2025-08-12T16:02:56.642+0000] {processor.py:179} INFO - Processing /home/vscode/.local/lib/python3.10/site-packages/airflow/example_dags/example_latest_only_with_trigger.py took 0.050 seconds
[2025-08-12T16:03:39.312+0000] {processor.py:157} INFO - Started process (PID=29522) to work on /home/vscode/.local/lib/python3.10/site-packages/airflow/example_dags/example_latest_only_with_trigger.py
[2025-08-12T16:03:39.313+0000] {processor.py:826} INFO - Processing file /home/vscode/.local/lib/python3.10/site-packages/airflow/example_dags/example_latest_only_with_trigger.py for tasks to queue
[2025-08-12T16:03:39.314+0000] {logging_mixin.py:150} INFO - [2025-08-12T16:03:39.313+0000] {dagbag.py:541} INFO - Filling up the DagBag from /home/vscode/.local/lib/python3.10/site-packages/airflow/example_dags/example_latest_only_with_trigger.py
[2025-08-12T16:03:39.320+0000] {processor.py:836} INFO - DAG(s) dict_keys(['latest_only_with_trigger']) retrieved from /home/vscode/.local/lib/python3.10/site-packages/airflow/example_dags/example_latest_only_with_trigger.py
[2025-08-12T16:03:39.339+0000] {logging_mixin.py:150} INFO - [2025-08-12T16:03:39.338+0000] {dag.py:2742} INFO - Sync 1 DAGs
[2025-08-12T16:03:39.354+0000] {logging_mixin.py:150} INFO - [2025-08-12T16:03:39.354+0000] {dag.py:3504} INFO - Setting next_dagrun for latest_only_with_trigger to 2025-08-12T12:03:39.354291+00:00, run_after=2025-08-12T16:03:39.354291+00:00
[2025-08-12T16:03:39.369+0000] {processor.py:179} INFO - Processing /home/vscode/.local/lib/python3.10/site-packages/airflow/example_dags/example_latest_only_with_trigger.py took 0.060 seconds
[2025-08-12T16:04:27.745+0000] {processor.py:157} INFO - Started process (PID=29840) to work on /home/vscode/.local/lib/python3.10/site-packages/airflow/example_dags/example_latest_only_with_trigger.py
[2025-08-12T16:04:27.746+0000] {processor.py:826} INFO - Processing file /home/vscode/.local/lib/python3.10/site-packages/airflow/example_dags/example_latest_only_with_trigger.py for tasks to queue
[2025-08-12T16:04:27.747+0000] {logging_mixin.py:150} INFO - [2025-08-12T16:04:27.746+0000] {dagbag.py:541} INFO - Filling up the DagBag from /home/vscode/.local/lib/python3.10/site-packages/airflow/example_dags/example_latest_only_with_trigger.py
[2025-08-12T16:04:27.751+0000] {processor.py:836} INFO - DAG(s) dict_keys(['latest_only_with_trigger']) retrieved from /home/vscode/.local/lib/python3.10/site-packages/airflow/example_dags/example_latest_only_with_trigger.py
[2025-08-12T16:04:27.763+0000] {logging_mixin.py:150} INFO - [2025-08-12T16:04:27.763+0000] {dag.py:2742} INFO - Sync 1 DAGs
[2025-08-12T16:04:27.778+0000] {logging_mixin.py:150} INFO - [2025-08-12T16:04:27.777+0000] {dag.py:3504} INFO - Setting next_dagrun for latest_only_with_trigger to 2025-08-12T12:04:27.777757+00:00, run_after=2025-08-12T16:04:27.777757+00:00
[2025-08-12T16:04:27.794+0000] {processor.py:179} INFO - Processing /home/vscode/.local/lib/python3.10/site-packages/airflow/example_dags/example_latest_only_with_trigger.py took 0.051 seconds
[2025-08-12T16:05:11.768+0000] {processor.py:157} INFO - Started process (PID=30134) to work on /home/vscode/.local/lib/python3.10/site-packages/airflow/example_dags/example_latest_only_with_trigger.py
[2025-08-12T16:05:11.769+0000] {processor.py:826} INFO - Processing file /home/vscode/.local/lib/python3.10/site-packages/airflow/example_dags/example_latest_only_with_trigger.py for tasks to queue
[2025-08-12T16:05:11.770+0000] {logging_mixin.py:150} INFO - [2025-08-12T16:05:11.769+0000] {dagbag.py:541} INFO - Filling up the DagBag from /home/vscode/.local/lib/python3.10/site-packages/airflow/example_dags/example_latest_only_with_trigger.py
[2025-08-12T16:05:11.774+0000] {processor.py:836} INFO - DAG(s) dict_keys(['latest_only_with_trigger']) retrieved from /home/vscode/.local/lib/python3.10/site-packages/airflow/example_dags/example_latest_only_with_trigger.py
[2025-08-12T16:05:11.788+0000] {logging_mixin.py:150} INFO - [2025-08-12T16:05:11.787+0000] {dag.py:2742} INFO - Sync 1 DAGs
[2025-08-12T16:05:11.804+0000] {logging_mixin.py:150} INFO - [2025-08-12T16:05:11.804+0000] {dag.py:3504} INFO - Setting next_dagrun for latest_only_with_trigger to 2025-08-12T12:05:11.803962+00:00, run_after=2025-08-12T16:05:11.803962+00:00
[2025-08-12T16:05:11.821+0000] {processor.py:179} INFO - Processing /home/vscode/.local/lib/python3.10/site-packages/airflow/example_dags/example_latest_only_with_trigger.py took 0.055 seconds
[2025-08-12T16:05:54.529+0000] {processor.py:157} INFO - Started process (PID=30427) to work on /home/vscode/.local/lib/python3.10/site-packages/airflow/example_dags/example_latest_only_with_trigger.py
[2025-08-12T16:05:54.529+0000] {processor.py:826} INFO - Processing file /home/vscode/.local/lib/python3.10/site-packages/airflow/example_dags/example_latest_only_with_trigger.py for tasks to queue
[2025-08-12T16:05:54.530+0000] {logging_mixin.py:150} INFO - [2025-08-12T16:05:54.530+0000] {dagbag.py:541} INFO - Filling up the DagBag from /home/vscode/.local/lib/python3.10/site-packages/airflow/example_dags/example_latest_only_with_trigger.py
[2025-08-12T16:05:54.538+0000] {processor.py:836} INFO - DAG(s) dict_keys(['latest_only_with_trigger']) retrieved from /home/vscode/.local/lib/python3.10/site-packages/airflow/example_dags/example_latest_only_with_trigger.py
[2025-08-12T16:05:54.550+0000] {logging_mixin.py:150} INFO - [2025-08-12T16:05:54.549+0000] {dag.py:2742} INFO - Sync 1 DAGs
[2025-08-12T16:05:54.564+0000] {logging_mixin.py:150} INFO - [2025-08-12T16:05:54.563+0000] {dag.py:3504} INFO - Setting next_dagrun for latest_only_with_trigger to 2025-08-12T12:05:54.563839+00:00, run_after=2025-08-12T16:05:54.563839+00:00
[2025-08-12T16:05:54.580+0000] {processor.py:179} INFO - Processing /home/vscode/.local/lib/python3.10/site-packages/airflow/example_dags/example_latest_only_with_trigger.py took 0.053 seconds
[2025-08-12T16:06:44.130+0000] {processor.py:157} INFO - Started process (PID=30748) to work on /home/vscode/.local/lib/python3.10/site-packages/airflow/example_dags/example_latest_only_with_trigger.py
[2025-08-12T16:06:44.131+0000] {processor.py:826} INFO - Processing file /home/vscode/.local/lib/python3.10/site-packages/airflow/example_dags/example_latest_only_with_trigger.py for tasks to queue
[2025-08-12T16:06:44.132+0000] {logging_mixin.py:150} INFO - [2025-08-12T16:06:44.131+0000] {dagbag.py:541} INFO - Filling up the DagBag from /home/vscode/.local/lib/python3.10/site-packages/airflow/example_dags/example_latest_only_with_trigger.py
[2025-08-12T16:06:44.136+0000] {processor.py:836} INFO - DAG(s) dict_keys(['latest_only_with_trigger']) retrieved from /home/vscode/.local/lib/python3.10/site-packages/airflow/example_dags/example_latest_only_with_trigger.py
[2025-08-12T16:06:44.148+0000] {logging_mixin.py:150} INFO - [2025-08-12T16:06:44.148+0000] {dag.py:2742} INFO - Sync 1 DAGs
[2025-08-12T16:06:44.164+0000] {logging_mixin.py:150} INFO - [2025-08-12T16:06:44.163+0000] {dag.py:3504} INFO - Setting next_dagrun for latest_only_with_trigger to 2025-08-12T12:06:44.163666+00:00, run_after=2025-08-12T16:06:44.163666+00:00
[2025-08-12T16:06:44.179+0000] {processor.py:179} INFO - Processing /home/vscode/.local/lib/python3.10/site-packages/airflow/example_dags/example_latest_only_with_trigger.py took 0.051 seconds
[2025-08-12T16:07:26.995+0000] {processor.py:157} INFO - Started process (PID=31040) to work on /home/vscode/.local/lib/python3.10/site-packages/airflow/example_dags/example_latest_only_with_trigger.py
[2025-08-12T16:07:26.996+0000] {processor.py:826} INFO - Processing file /home/vscode/.local/lib/python3.10/site-packages/airflow/example_dags/example_latest_only_with_trigger.py for tasks to queue
[2025-08-12T16:07:26.996+0000] {logging_mixin.py:150} INFO - [2025-08-12T16:07:26.996+0000] {dagbag.py:541} INFO - Filling up the DagBag from /home/vscode/.local/lib/python3.10/site-packages/airflow/example_dags/example_latest_only_with_trigger.py
[2025-08-12T16:07:27.001+0000] {processor.py:836} INFO - DAG(s) dict_keys(['latest_only_with_trigger']) retrieved from /home/vscode/.local/lib/python3.10/site-packages/airflow/example_dags/example_latest_only_with_trigger.py
[2025-08-12T16:07:27.013+0000] {logging_mixin.py:150} INFO - [2025-08-12T16:07:27.013+0000] {dag.py:2742} INFO - Sync 1 DAGs
[2025-08-12T16:07:27.028+0000] {logging_mixin.py:150} INFO - [2025-08-12T16:07:27.027+0000] {dag.py:3504} INFO - Setting next_dagrun for latest_only_with_trigger to 2025-08-12T12:07:27.027728+00:00, run_after=2025-08-12T16:07:27.027728+00:00
[2025-08-12T16:07:27.045+0000] {processor.py:179} INFO - Processing /home/vscode/.local/lib/python3.10/site-packages/airflow/example_dags/example_latest_only_with_trigger.py took 0.052 seconds
[2025-08-12T16:08:09.232+0000] {processor.py:157} INFO - Started process (PID=31324) to work on /home/vscode/.local/lib/python3.10/site-packages/airflow/example_dags/example_latest_only_with_trigger.py
[2025-08-12T16:08:09.233+0000] {processor.py:826} INFO - Processing file /home/vscode/.local/lib/python3.10/site-packages/airflow/example_dags/example_latest_only_with_trigger.py for tasks to queue
[2025-08-12T16:08:09.233+0000] {logging_mixin.py:150} INFO - [2025-08-12T16:08:09.233+0000] {dagbag.py:541} INFO - Filling up the DagBag from /home/vscode/.local/lib/python3.10/site-packages/airflow/example_dags/example_latest_only_with_trigger.py
[2025-08-12T16:08:09.238+0000] {processor.py:836} INFO - DAG(s) dict_keys(['latest_only_with_trigger']) retrieved from /home/vscode/.local/lib/python3.10/site-packages/airflow/example_dags/example_latest_only_with_trigger.py
[2025-08-12T16:08:09.250+0000] {logging_mixin.py:150} INFO - [2025-08-12T16:08:09.250+0000] {dag.py:2742} INFO - Sync 1 DAGs
[2025-08-12T16:08:09.264+0000] {logging_mixin.py:150} INFO - [2025-08-12T16:08:09.264+0000] {dag.py:3504} INFO - Setting next_dagrun for latest_only_with_trigger to 2025-08-12T12:08:09.264472+00:00, run_after=2025-08-12T16:08:09.264472+00:00
[2025-08-12T16:08:09.280+0000] {processor.py:179} INFO - Processing /home/vscode/.local/lib/python3.10/site-packages/airflow/example_dags/example_latest_only_with_trigger.py took 0.050 seconds
[2025-08-12T16:08:49.229+0000] {processor.py:157} INFO - Started process (PID=31586) to work on /home/vscode/.local/lib/python3.10/site-packages/airflow/example_dags/example_latest_only_with_trigger.py
[2025-08-12T16:08:49.230+0000] {processor.py:826} INFO - Processing file /home/vscode/.local/lib/python3.10/site-packages/airflow/example_dags/example_latest_only_with_trigger.py for tasks to queue
[2025-08-12T16:08:49.230+0000] {logging_mixin.py:150} INFO - [2025-08-12T16:08:49.230+0000] {dagbag.py:541} INFO - Filling up the DagBag from /home/vscode/.local/lib/python3.10/site-packages/airflow/example_dags/example_latest_only_with_trigger.py
[2025-08-12T16:08:49.235+0000] {processor.py:836} INFO - DAG(s) dict_keys(['latest_only_with_trigger']) retrieved from /home/vscode/.local/lib/python3.10/site-packages/airflow/example_dags/example_latest_only_with_trigger.py
[2025-08-12T16:08:49.246+0000] {logging_mixin.py:150} INFO - [2025-08-12T16:08:49.246+0000] {dag.py:2742} INFO - Sync 1 DAGs
[2025-08-12T16:08:49.260+0000] {logging_mixin.py:150} INFO - [2025-08-12T16:08:49.260+0000] {dag.py:3504} INFO - Setting next_dagrun for latest_only_with_trigger to 2025-08-12T12:08:49.260553+00:00, run_after=2025-08-12T16:08:49.260553+00:00
[2025-08-12T16:08:49.278+0000] {processor.py:179} INFO - Processing /home/vscode/.local/lib/python3.10/site-packages/airflow/example_dags/example_latest_only_with_trigger.py took 0.051 seconds
[2025-08-12T16:09:35.154+0000] {processor.py:157} INFO - Started process (PID=31894) to work on /home/vscode/.local/lib/python3.10/site-packages/airflow/example_dags/example_latest_only_with_trigger.py
[2025-08-12T16:09:35.154+0000] {processor.py:826} INFO - Processing file /home/vscode/.local/lib/python3.10/site-packages/airflow/example_dags/example_latest_only_with_trigger.py for tasks to queue
[2025-08-12T16:09:35.155+0000] {logging_mixin.py:150} INFO - [2025-08-12T16:09:35.155+0000] {dagbag.py:541} INFO - Filling up the DagBag from /home/vscode/.local/lib/python3.10/site-packages/airflow/example_dags/example_latest_only_with_trigger.py
[2025-08-12T16:09:35.160+0000] {processor.py:836} INFO - DAG(s) dict_keys(['latest_only_with_trigger']) retrieved from /home/vscode/.local/lib/python3.10/site-packages/airflow/example_dags/example_latest_only_with_trigger.py
[2025-08-12T16:09:35.172+0000] {logging_mixin.py:150} INFO - [2025-08-12T16:09:35.171+0000] {dag.py:2742} INFO - Sync 1 DAGs
[2025-08-12T16:09:35.187+0000] {logging_mixin.py:150} INFO - [2025-08-12T16:09:35.186+0000] {dag.py:3504} INFO - Setting next_dagrun for latest_only_with_trigger to 2025-08-12T12:09:35.186671+00:00, run_after=2025-08-12T16:09:35.186671+00:00
[2025-08-12T16:09:35.205+0000] {processor.py:179} INFO - Processing /home/vscode/.local/lib/python3.10/site-packages/airflow/example_dags/example_latest_only_with_trigger.py took 0.054 seconds
[2025-08-12T16:10:21.663+0000] {processor.py:157} INFO - Started process (PID=32197) to work on /home/vscode/.local/lib/python3.10/site-packages/airflow/example_dags/example_latest_only_with_trigger.py
[2025-08-12T16:10:21.663+0000] {processor.py:826} INFO - Processing file /home/vscode/.local/lib/python3.10/site-packages/airflow/example_dags/example_latest_only_with_trigger.py for tasks to queue
[2025-08-12T16:10:21.664+0000] {logging_mixin.py:150} INFO - [2025-08-12T16:10:21.664+0000] {dagbag.py:541} INFO - Filling up the DagBag from /home/vscode/.local/lib/python3.10/site-packages/airflow/example_dags/example_latest_only_with_trigger.py
[2025-08-12T16:10:21.669+0000] {processor.py:836} INFO - DAG(s) dict_keys(['latest_only_with_trigger']) retrieved from /home/vscode/.local/lib/python3.10/site-packages/airflow/example_dags/example_latest_only_with_trigger.py
[2025-08-12T16:10:21.685+0000] {logging_mixin.py:150} INFO - [2025-08-12T16:10:21.685+0000] {dag.py:2742} INFO - Sync 1 DAGs
[2025-08-12T16:10:21.709+0000] {logging_mixin.py:150} INFO - [2025-08-12T16:10:21.709+0000] {dag.py:3504} INFO - Setting next_dagrun for latest_only_with_trigger to 2025-08-12T12:10:21.708871+00:00, run_after=2025-08-12T16:10:21.708871+00:00
[2025-08-12T16:10:21.733+0000] {processor.py:179} INFO - Processing /home/vscode/.local/lib/python3.10/site-packages/airflow/example_dags/example_latest_only_with_trigger.py took 0.073 seconds
[2025-08-12T16:11:06.368+0000] {processor.py:157} INFO - Started process (PID=32498) to work on /home/vscode/.local/lib/python3.10/site-packages/airflow/example_dags/example_latest_only_with_trigger.py
[2025-08-12T16:11:06.369+0000] {processor.py:826} INFO - Processing file /home/vscode/.local/lib/python3.10/site-packages/airflow/example_dags/example_latest_only_with_trigger.py for tasks to queue
[2025-08-12T16:11:06.369+0000] {logging_mixin.py:150} INFO - [2025-08-12T16:11:06.369+0000] {dagbag.py:541} INFO - Filling up the DagBag from /home/vscode/.local/lib/python3.10/site-packages/airflow/example_dags/example_latest_only_with_trigger.py
[2025-08-12T16:11:06.374+0000] {processor.py:836} INFO - DAG(s) dict_keys(['latest_only_with_trigger']) retrieved from /home/vscode/.local/lib/python3.10/site-packages/airflow/example_dags/example_latest_only_with_trigger.py
[2025-08-12T16:11:06.386+0000] {logging_mixin.py:150} INFO - [2025-08-12T16:11:06.386+0000] {dag.py:2742} INFO - Sync 1 DAGs
[2025-08-12T16:11:06.400+0000] {logging_mixin.py:150} INFO - [2025-08-12T16:11:06.400+0000] {dag.py:3504} INFO - Setting next_dagrun for latest_only_with_trigger to 2025-08-12T12:11:06.400114+00:00, run_after=2025-08-12T16:11:06.400114+00:00
[2025-08-12T16:11:06.415+0000] {processor.py:179} INFO - Processing /home/vscode/.local/lib/python3.10/site-packages/airflow/example_dags/example_latest_only_with_trigger.py took 0.050 seconds
[2025-08-12T16:11:49.781+0000] {processor.py:157} INFO - Started process (PID=32785) to work on /home/vscode/.local/lib/python3.10/site-packages/airflow/example_dags/example_latest_only_with_trigger.py
[2025-08-12T16:11:49.782+0000] {processor.py:826} INFO - Processing file /home/vscode/.local/lib/python3.10/site-packages/airflow/example_dags/example_latest_only_with_trigger.py for tasks to queue
[2025-08-12T16:11:49.782+0000] {logging_mixin.py:150} INFO - [2025-08-12T16:11:49.782+0000] {dagbag.py:541} INFO - Filling up the DagBag from /home/vscode/.local/lib/python3.10/site-packages/airflow/example_dags/example_latest_only_with_trigger.py
[2025-08-12T16:11:49.787+0000] {processor.py:836} INFO - DAG(s) dict_keys(['latest_only_with_trigger']) retrieved from /home/vscode/.local/lib/python3.10/site-packages/airflow/example_dags/example_latest_only_with_trigger.py
[2025-08-12T16:11:49.798+0000] {logging_mixin.py:150} INFO - [2025-08-12T16:11:49.798+0000] {dag.py:2742} INFO - Sync 1 DAGs
[2025-08-12T16:11:49.812+0000] {logging_mixin.py:150} INFO - [2025-08-12T16:11:49.812+0000] {dag.py:3504} INFO - Setting next_dagrun for latest_only_with_trigger to 2025-08-12T12:11:49.812151+00:00, run_after=2025-08-12T16:11:49.812151+00:00
[2025-08-12T16:11:49.827+0000] {processor.py:179} INFO - Processing /home/vscode/.local/lib/python3.10/site-packages/airflow/example_dags/example_latest_only_with_trigger.py took 0.048 seconds
[2025-08-12T16:12:34.175+0000] {processor.py:157} INFO - Started process (PID=33084) to work on /home/vscode/.local/lib/python3.10/site-packages/airflow/example_dags/example_latest_only_with_trigger.py
[2025-08-12T16:12:34.175+0000] {processor.py:826} INFO - Processing file /home/vscode/.local/lib/python3.10/site-packages/airflow/example_dags/example_latest_only_with_trigger.py for tasks to queue
[2025-08-12T16:12:34.176+0000] {logging_mixin.py:150} INFO - [2025-08-12T16:12:34.176+0000] {dagbag.py:541} INFO - Filling up the DagBag from /home/vscode/.local/lib/python3.10/site-packages/airflow/example_dags/example_latest_only_with_trigger.py
[2025-08-12T16:12:34.181+0000] {processor.py:836} INFO - DAG(s) dict_keys(['latest_only_with_trigger']) retrieved from /home/vscode/.local/lib/python3.10/site-packages/airflow/example_dags/example_latest_only_with_trigger.py
[2025-08-12T16:12:34.202+0000] {logging_mixin.py:150} INFO - [2025-08-12T16:12:34.202+0000] {dag.py:2742} INFO - Sync 1 DAGs
[2025-08-12T16:12:34.221+0000] {logging_mixin.py:150} INFO - [2025-08-12T16:12:34.221+0000] {dag.py:3504} INFO - Setting next_dagrun for latest_only_with_trigger to 2025-08-12T12:12:34.221253+00:00, run_after=2025-08-12T16:12:34.221253+00:00
[2025-08-12T16:12:34.239+0000] {processor.py:179} INFO - Processing /home/vscode/.local/lib/python3.10/site-packages/airflow/example_dags/example_latest_only_with_trigger.py took 0.066 seconds
[2025-08-12T16:13:21.131+0000] {processor.py:157} INFO - Started process (PID=33396) to work on /home/vscode/.local/lib/python3.10/site-packages/airflow/example_dags/example_latest_only_with_trigger.py
[2025-08-12T16:13:21.131+0000] {processor.py:826} INFO - Processing file /home/vscode/.local/lib/python3.10/site-packages/airflow/example_dags/example_latest_only_with_trigger.py for tasks to queue
[2025-08-12T16:13:21.132+0000] {logging_mixin.py:150} INFO - [2025-08-12T16:13:21.132+0000] {dagbag.py:541} INFO - Filling up the DagBag from /home/vscode/.local/lib/python3.10/site-packages/airflow/example_dags/example_latest_only_with_trigger.py
[2025-08-12T16:13:21.137+0000] {processor.py:836} INFO - DAG(s) dict_keys(['latest_only_with_trigger']) retrieved from /home/vscode/.local/lib/python3.10/site-packages/airflow/example_dags/example_latest_only_with_trigger.py
[2025-08-12T16:13:21.149+0000] {logging_mixin.py:150} INFO - [2025-08-12T16:13:21.149+0000] {dag.py:2742} INFO - Sync 1 DAGs
[2025-08-12T16:13:21.163+0000] {logging_mixin.py:150} INFO - [2025-08-12T16:13:21.163+0000] {dag.py:3504} INFO - Setting next_dagrun for latest_only_with_trigger to 2025-08-12T12:13:21.163558+00:00, run_after=2025-08-12T16:13:21.163558+00:00
[2025-08-12T16:13:21.180+0000] {processor.py:179} INFO - Processing /home/vscode/.local/lib/python3.10/site-packages/airflow/example_dags/example_latest_only_with_trigger.py took 0.051 seconds
[2025-08-12T16:14:03.390+0000] {processor.py:157} INFO - Started process (PID=33672) to work on /home/vscode/.local/lib/python3.10/site-packages/airflow/example_dags/example_latest_only_with_trigger.py
[2025-08-12T16:14:03.390+0000] {processor.py:826} INFO - Processing file /home/vscode/.local/lib/python3.10/site-packages/airflow/example_dags/example_latest_only_with_trigger.py for tasks to queue
[2025-08-12T16:14:03.391+0000] {logging_mixin.py:150} INFO - [2025-08-12T16:14:03.391+0000] {dagbag.py:541} INFO - Filling up the DagBag from /home/vscode/.local/lib/python3.10/site-packages/airflow/example_dags/example_latest_only_with_trigger.py
[2025-08-12T16:14:03.395+0000] {processor.py:836} INFO - DAG(s) dict_keys(['latest_only_with_trigger']) retrieved from /home/vscode/.local/lib/python3.10/site-packages/airflow/example_dags/example_latest_only_with_trigger.py
[2025-08-12T16:14:03.408+0000] {logging_mixin.py:150} INFO - [2025-08-12T16:14:03.408+0000] {dag.py:2742} INFO - Sync 1 DAGs
[2025-08-12T16:14:03.422+0000] {logging_mixin.py:150} INFO - [2025-08-12T16:14:03.422+0000] {dag.py:3504} INFO - Setting next_dagrun for latest_only_with_trigger to 2025-08-12T12:14:03.421955+00:00, run_after=2025-08-12T16:14:03.421955+00:00
[2025-08-12T16:14:03.438+0000] {processor.py:179} INFO - Processing /home/vscode/.local/lib/python3.10/site-packages/airflow/example_dags/example_latest_only_with_trigger.py took 0.051 seconds
[2025-08-12T16:14:48.186+0000] {processor.py:157} INFO - Started process (PID=33972) to work on /home/vscode/.local/lib/python3.10/site-packages/airflow/example_dags/example_latest_only_with_trigger.py
[2025-08-12T16:14:48.187+0000] {processor.py:826} INFO - Processing file /home/vscode/.local/lib/python3.10/site-packages/airflow/example_dags/example_latest_only_with_trigger.py for tasks to queue
[2025-08-12T16:14:48.188+0000] {logging_mixin.py:150} INFO - [2025-08-12T16:14:48.187+0000] {dagbag.py:541} INFO - Filling up the DagBag from /home/vscode/.local/lib/python3.10/site-packages/airflow/example_dags/example_latest_only_with_trigger.py
[2025-08-12T16:14:48.192+0000] {processor.py:836} INFO - DAG(s) dict_keys(['latest_only_with_trigger']) retrieved from /home/vscode/.local/lib/python3.10/site-packages/airflow/example_dags/example_latest_only_with_trigger.py
[2025-08-12T16:14:48.205+0000] {logging_mixin.py:150} INFO - [2025-08-12T16:14:48.205+0000] {dag.py:2742} INFO - Sync 1 DAGs
[2025-08-12T16:14:48.220+0000] {logging_mixin.py:150} INFO - [2025-08-12T16:14:48.220+0000] {dag.py:3504} INFO - Setting next_dagrun for latest_only_with_trigger to 2025-08-12T12:14:48.219913+00:00, run_after=2025-08-12T16:14:48.219913+00:00
[2025-08-12T16:14:48.236+0000] {processor.py:179} INFO - Processing /home/vscode/.local/lib/python3.10/site-packages/airflow/example_dags/example_latest_only_with_trigger.py took 0.052 seconds
[2025-08-12T16:15:28.156+0000] {processor.py:157} INFO - Started process (PID=34245) to work on /home/vscode/.local/lib/python3.10/site-packages/airflow/example_dags/example_latest_only_with_trigger.py
[2025-08-12T16:15:28.157+0000] {processor.py:826} INFO - Processing file /home/vscode/.local/lib/python3.10/site-packages/airflow/example_dags/example_latest_only_with_trigger.py for tasks to queue
[2025-08-12T16:15:28.157+0000] {logging_mixin.py:150} INFO - [2025-08-12T16:15:28.157+0000] {dagbag.py:541} INFO - Filling up the DagBag from /home/vscode/.local/lib/python3.10/site-packages/airflow/example_dags/example_latest_only_with_trigger.py
[2025-08-12T16:15:28.162+0000] {processor.py:836} INFO - DAG(s) dict_keys(['latest_only_with_trigger']) retrieved from /home/vscode/.local/lib/python3.10/site-packages/airflow/example_dags/example_latest_only_with_trigger.py
[2025-08-12T16:15:28.174+0000] {logging_mixin.py:150} INFO - [2025-08-12T16:15:28.174+0000] {dag.py:2742} INFO - Sync 1 DAGs
[2025-08-12T16:15:28.188+0000] {logging_mixin.py:150} INFO - [2025-08-12T16:15:28.188+0000] {dag.py:3504} INFO - Setting next_dagrun for latest_only_with_trigger to 2025-08-12T12:15:28.188547+00:00, run_after=2025-08-12T16:15:28.188547+00:00
[2025-08-12T16:15:28.205+0000] {processor.py:179} INFO - Processing /home/vscode/.local/lib/python3.10/site-packages/airflow/example_dags/example_latest_only_with_trigger.py took 0.051 seconds
[2025-08-12T16:16:10.826+0000] {processor.py:157} INFO - Started process (PID=34525) to work on /home/vscode/.local/lib/python3.10/site-packages/airflow/example_dags/example_latest_only_with_trigger.py
[2025-08-12T16:16:10.827+0000] {processor.py:826} INFO - Processing file /home/vscode/.local/lib/python3.10/site-packages/airflow/example_dags/example_latest_only_with_trigger.py for tasks to queue
[2025-08-12T16:16:10.828+0000] {logging_mixin.py:150} INFO - [2025-08-12T16:16:10.827+0000] {dagbag.py:541} INFO - Filling up the DagBag from /home/vscode/.local/lib/python3.10/site-packages/airflow/example_dags/example_latest_only_with_trigger.py
[2025-08-12T16:16:10.834+0000] {processor.py:836} INFO - DAG(s) dict_keys(['latest_only_with_trigger']) retrieved from /home/vscode/.local/lib/python3.10/site-packages/airflow/example_dags/example_latest_only_with_trigger.py
[2025-08-12T16:16:10.846+0000] {logging_mixin.py:150} INFO - [2025-08-12T16:16:10.846+0000] {dag.py:2742} INFO - Sync 1 DAGs
[2025-08-12T16:16:10.863+0000] {logging_mixin.py:150} INFO - [2025-08-12T16:16:10.863+0000] {dag.py:3504} INFO - Setting next_dagrun for latest_only_with_trigger to 2025-08-12T12:16:10.863109+00:00, run_after=2025-08-12T16:16:10.863109+00:00
[2025-08-12T16:16:10.883+0000] {processor.py:179} INFO - Processing /home/vscode/.local/lib/python3.10/site-packages/airflow/example_dags/example_latest_only_with_trigger.py took 0.060 seconds
[2025-08-12T16:16:51.955+0000] {processor.py:157} INFO - Started process (PID=34801) to work on /home/vscode/.local/lib/python3.10/site-packages/airflow/example_dags/example_latest_only_with_trigger.py
[2025-08-12T16:16:51.956+0000] {processor.py:826} INFO - Processing file /home/vscode/.local/lib/python3.10/site-packages/airflow/example_dags/example_latest_only_with_trigger.py for tasks to queue
[2025-08-12T16:16:51.956+0000] {logging_mixin.py:150} INFO - [2025-08-12T16:16:51.956+0000] {dagbag.py:541} INFO - Filling up the DagBag from /home/vscode/.local/lib/python3.10/site-packages/airflow/example_dags/example_latest_only_with_trigger.py
[2025-08-12T16:16:51.961+0000] {processor.py:836} INFO - DAG(s) dict_keys(['latest_only_with_trigger']) retrieved from /home/vscode/.local/lib/python3.10/site-packages/airflow/example_dags/example_latest_only_with_trigger.py
[2025-08-12T16:16:51.973+0000] {logging_mixin.py:150} INFO - [2025-08-12T16:16:51.973+0000] {dag.py:2742} INFO - Sync 1 DAGs
[2025-08-12T16:16:51.987+0000] {logging_mixin.py:150} INFO - [2025-08-12T16:16:51.987+0000] {dag.py:3504} INFO - Setting next_dagrun for latest_only_with_trigger to 2025-08-12T12:16:51.987395+00:00, run_after=2025-08-12T16:16:51.987395+00:00
[2025-08-12T16:16:52.004+0000] {processor.py:179} INFO - Processing /home/vscode/.local/lib/python3.10/site-packages/airflow/example_dags/example_latest_only_with_trigger.py took 0.051 seconds
[2025-08-12T16:17:35.449+0000] {processor.py:157} INFO - Started process (PID=35088) to work on /home/vscode/.local/lib/python3.10/site-packages/airflow/example_dags/example_latest_only_with_trigger.py
[2025-08-12T16:17:35.450+0000] {processor.py:826} INFO - Processing file /home/vscode/.local/lib/python3.10/site-packages/airflow/example_dags/example_latest_only_with_trigger.py for tasks to queue
[2025-08-12T16:17:35.451+0000] {logging_mixin.py:150} INFO - [2025-08-12T16:17:35.450+0000] {dagbag.py:541} INFO - Filling up the DagBag from /home/vscode/.local/lib/python3.10/site-packages/airflow/example_dags/example_latest_only_with_trigger.py
[2025-08-12T16:17:35.455+0000] {processor.py:836} INFO - DAG(s) dict_keys(['latest_only_with_trigger']) retrieved from /home/vscode/.local/lib/python3.10/site-packages/airflow/example_dags/example_latest_only_with_trigger.py
[2025-08-12T16:17:35.467+0000] {logging_mixin.py:150} INFO - [2025-08-12T16:17:35.467+0000] {dag.py:2742} INFO - Sync 1 DAGs
[2025-08-12T16:17:35.481+0000] {logging_mixin.py:150} INFO - [2025-08-12T16:17:35.481+0000] {dag.py:3504} INFO - Setting next_dagrun for latest_only_with_trigger to 2025-08-12T12:17:35.481396+00:00, run_after=2025-08-12T16:17:35.481396+00:00
[2025-08-12T16:17:35.497+0000] {processor.py:179} INFO - Processing /home/vscode/.local/lib/python3.10/site-packages/airflow/example_dags/example_latest_only_with_trigger.py took 0.049 seconds
[2025-08-12T16:18:25.742+0000] {processor.py:157} INFO - Started process (PID=35418) to work on /home/vscode/.local/lib/python3.10/site-packages/airflow/example_dags/example_latest_only_with_trigger.py
[2025-08-12T16:18:25.743+0000] {processor.py:826} INFO - Processing file /home/vscode/.local/lib/python3.10/site-packages/airflow/example_dags/example_latest_only_with_trigger.py for tasks to queue
[2025-08-12T16:18:25.744+0000] {logging_mixin.py:150} INFO - [2025-08-12T16:18:25.743+0000] {dagbag.py:541} INFO - Filling up the DagBag from /home/vscode/.local/lib/python3.10/site-packages/airflow/example_dags/example_latest_only_with_trigger.py
[2025-08-12T16:18:25.748+0000] {processor.py:836} INFO - DAG(s) dict_keys(['latest_only_with_trigger']) retrieved from /home/vscode/.local/lib/python3.10/site-packages/airflow/example_dags/example_latest_only_with_trigger.py
[2025-08-12T16:18:25.760+0000] {logging_mixin.py:150} INFO - [2025-08-12T16:18:25.760+0000] {dag.py:2742} INFO - Sync 1 DAGs
[2025-08-12T16:18:25.774+0000] {logging_mixin.py:150} INFO - [2025-08-12T16:18:25.774+0000] {dag.py:3504} INFO - Setting next_dagrun for latest_only_with_trigger to 2025-08-12T12:18:25.774200+00:00, run_after=2025-08-12T16:18:25.774200+00:00
[2025-08-12T16:18:25.789+0000] {processor.py:179} INFO - Processing /home/vscode/.local/lib/python3.10/site-packages/airflow/example_dags/example_latest_only_with_trigger.py took 0.049 seconds
[2025-08-12T16:19:06.995+0000] {processor.py:157} INFO - Started process (PID=35701) to work on /home/vscode/.local/lib/python3.10/site-packages/airflow/example_dags/example_latest_only_with_trigger.py
[2025-08-12T16:19:06.996+0000] {processor.py:826} INFO - Processing file /home/vscode/.local/lib/python3.10/site-packages/airflow/example_dags/example_latest_only_with_trigger.py for tasks to queue
[2025-08-12T16:19:06.996+0000] {logging_mixin.py:150} INFO - [2025-08-12T16:19:06.996+0000] {dagbag.py:541} INFO - Filling up the DagBag from /home/vscode/.local/lib/python3.10/site-packages/airflow/example_dags/example_latest_only_with_trigger.py
[2025-08-12T16:19:07.001+0000] {processor.py:836} INFO - DAG(s) dict_keys(['latest_only_with_trigger']) retrieved from /home/vscode/.local/lib/python3.10/site-packages/airflow/example_dags/example_latest_only_with_trigger.py
[2025-08-12T16:19:07.013+0000] {logging_mixin.py:150} INFO - [2025-08-12T16:19:07.013+0000] {dag.py:2742} INFO - Sync 1 DAGs
[2025-08-12T16:19:07.027+0000] {logging_mixin.py:150} INFO - [2025-08-12T16:19:07.027+0000] {dag.py:3504} INFO - Setting next_dagrun for latest_only_with_trigger to 2025-08-12T12:19:07.027015+00:00, run_after=2025-08-12T16:19:07.027015+00:00
[2025-08-12T16:19:07.042+0000] {processor.py:179} INFO - Processing /home/vscode/.local/lib/python3.10/site-packages/airflow/example_dags/example_latest_only_with_trigger.py took 0.049 seconds
[2025-08-12T16:19:54.397+0000] {processor.py:157} INFO - Started process (PID=36017) to work on /home/vscode/.local/lib/python3.10/site-packages/airflow/example_dags/example_latest_only_with_trigger.py
[2025-08-12T16:19:54.397+0000] {processor.py:826} INFO - Processing file /home/vscode/.local/lib/python3.10/site-packages/airflow/example_dags/example_latest_only_with_trigger.py for tasks to queue
[2025-08-12T16:19:54.398+0000] {logging_mixin.py:150} INFO - [2025-08-12T16:19:54.398+0000] {dagbag.py:541} INFO - Filling up the DagBag from /home/vscode/.local/lib/python3.10/site-packages/airflow/example_dags/example_latest_only_with_trigger.py
[2025-08-12T16:19:54.403+0000] {processor.py:836} INFO - DAG(s) dict_keys(['latest_only_with_trigger']) retrieved from /home/vscode/.local/lib/python3.10/site-packages/airflow/example_dags/example_latest_only_with_trigger.py
[2025-08-12T16:19:54.415+0000] {logging_mixin.py:150} INFO - [2025-08-12T16:19:54.415+0000] {dag.py:2742} INFO - Sync 1 DAGs
[2025-08-12T16:19:54.430+0000] {logging_mixin.py:150} INFO - [2025-08-12T16:19:54.429+0000] {dag.py:3504} INFO - Setting next_dagrun for latest_only_with_trigger to 2025-08-12T12:19:54.429715+00:00, run_after=2025-08-12T16:19:54.429715+00:00
[2025-08-12T16:19:54.446+0000] {processor.py:179} INFO - Processing /home/vscode/.local/lib/python3.10/site-packages/airflow/example_dags/example_latest_only_with_trigger.py took 0.051 seconds
[2025-08-12T16:20:39.954+0000] {processor.py:157} INFO - Started process (PID=36314) to work on /home/vscode/.local/lib/python3.10/site-packages/airflow/example_dags/example_latest_only_with_trigger.py
[2025-08-12T16:20:39.955+0000] {processor.py:826} INFO - Processing file /home/vscode/.local/lib/python3.10/site-packages/airflow/example_dags/example_latest_only_with_trigger.py for tasks to queue
[2025-08-12T16:20:39.955+0000] {logging_mixin.py:150} INFO - [2025-08-12T16:20:39.955+0000] {dagbag.py:541} INFO - Filling up the DagBag from /home/vscode/.local/lib/python3.10/site-packages/airflow/example_dags/example_latest_only_with_trigger.py
[2025-08-12T16:20:39.960+0000] {processor.py:836} INFO - DAG(s) dict_keys(['latest_only_with_trigger']) retrieved from /home/vscode/.local/lib/python3.10/site-packages/airflow/example_dags/example_latest_only_with_trigger.py
[2025-08-12T16:20:39.972+0000] {logging_mixin.py:150} INFO - [2025-08-12T16:20:39.972+0000] {dag.py:2742} INFO - Sync 1 DAGs
[2025-08-12T16:20:39.986+0000] {logging_mixin.py:150} INFO - [2025-08-12T16:20:39.985+0000] {dag.py:3504} INFO - Setting next_dagrun for latest_only_with_trigger to 2025-08-12T12:20:39.985755+00:00, run_after=2025-08-12T16:20:39.985755+00:00
[2025-08-12T16:20:40.001+0000] {processor.py:179} INFO - Processing /home/vscode/.local/lib/python3.10/site-packages/airflow/example_dags/example_latest_only_with_trigger.py took 0.049 seconds
[2025-08-12T16:21:20.597+0000] {processor.py:157} INFO - Started process (PID=36595) to work on /home/vscode/.local/lib/python3.10/site-packages/airflow/example_dags/example_latest_only_with_trigger.py
[2025-08-12T16:21:20.598+0000] {processor.py:826} INFO - Processing file /home/vscode/.local/lib/python3.10/site-packages/airflow/example_dags/example_latest_only_with_trigger.py for tasks to queue
[2025-08-12T16:21:20.599+0000] {logging_mixin.py:150} INFO - [2025-08-12T16:21:20.598+0000] {dagbag.py:541} INFO - Filling up the DagBag from /home/vscode/.local/lib/python3.10/site-packages/airflow/example_dags/example_latest_only_with_trigger.py
[2025-08-12T16:21:20.605+0000] {processor.py:836} INFO - DAG(s) dict_keys(['latest_only_with_trigger']) retrieved from /home/vscode/.local/lib/python3.10/site-packages/airflow/example_dags/example_latest_only_with_trigger.py
[2025-08-12T16:21:20.618+0000] {logging_mixin.py:150} INFO - [2025-08-12T16:21:20.618+0000] {dag.py:2742} INFO - Sync 1 DAGs
[2025-08-12T16:21:20.632+0000] {logging_mixin.py:150} INFO - [2025-08-12T16:21:20.632+0000] {dag.py:3504} INFO - Setting next_dagrun for latest_only_with_trigger to 2025-08-12T12:21:20.632130+00:00, run_after=2025-08-12T16:21:20.632130+00:00
[2025-08-12T16:21:20.648+0000] {processor.py:179} INFO - Processing /home/vscode/.local/lib/python3.10/site-packages/airflow/example_dags/example_latest_only_with_trigger.py took 0.054 seconds
[2025-08-12T16:22:02.821+0000] {processor.py:157} INFO - Started process (PID=36868) to work on /home/vscode/.local/lib/python3.10/site-packages/airflow/example_dags/example_latest_only_with_trigger.py
[2025-08-12T16:22:02.822+0000] {processor.py:826} INFO - Processing file /home/vscode/.local/lib/python3.10/site-packages/airflow/example_dags/example_latest_only_with_trigger.py for tasks to queue
[2025-08-12T16:22:02.823+0000] {logging_mixin.py:150} INFO - [2025-08-12T16:22:02.822+0000] {dagbag.py:541} INFO - Filling up the DagBag from /home/vscode/.local/lib/python3.10/site-packages/airflow/example_dags/example_latest_only_with_trigger.py
[2025-08-12T16:22:02.828+0000] {processor.py:836} INFO - DAG(s) dict_keys(['latest_only_with_trigger']) retrieved from /home/vscode/.local/lib/python3.10/site-packages/airflow/example_dags/example_latest_only_with_trigger.py
[2025-08-12T16:22:02.842+0000] {logging_mixin.py:150} INFO - [2025-08-12T16:22:02.842+0000] {dag.py:2742} INFO - Sync 1 DAGs
[2025-08-12T16:22:02.863+0000] {logging_mixin.py:150} INFO - [2025-08-12T16:22:02.863+0000] {dag.py:3504} INFO - Setting next_dagrun for latest_only_with_trigger to 2025-08-12T12:22:02.863071+00:00, run_after=2025-08-12T16:22:02.863071+00:00
[2025-08-12T16:22:02.937+0000] {processor.py:179} INFO - Processing /home/vscode/.local/lib/python3.10/site-packages/airflow/example_dags/example_latest_only_with_trigger.py took 0.118 seconds
[2025-08-12T16:22:43.377+0000] {processor.py:157} INFO - Started process (PID=37141) to work on /home/vscode/.local/lib/python3.10/site-packages/airflow/example_dags/example_latest_only_with_trigger.py
[2025-08-12T16:22:43.377+0000] {processor.py:826} INFO - Processing file /home/vscode/.local/lib/python3.10/site-packages/airflow/example_dags/example_latest_only_with_trigger.py for tasks to queue
[2025-08-12T16:22:43.378+0000] {logging_mixin.py:150} INFO - [2025-08-12T16:22:43.378+0000] {dagbag.py:541} INFO - Filling up the DagBag from /home/vscode/.local/lib/python3.10/site-packages/airflow/example_dags/example_latest_only_with_trigger.py
[2025-08-12T16:22:43.385+0000] {processor.py:836} INFO - DAG(s) dict_keys(['latest_only_with_trigger']) retrieved from /home/vscode/.local/lib/python3.10/site-packages/airflow/example_dags/example_latest_only_with_trigger.py
[2025-08-12T16:22:43.402+0000] {logging_mixin.py:150} INFO - [2025-08-12T16:22:43.402+0000] {dag.py:2742} INFO - Sync 1 DAGs
[2025-08-12T16:22:43.423+0000] {logging_mixin.py:150} INFO - [2025-08-12T16:22:43.422+0000] {dag.py:3504} INFO - Setting next_dagrun for latest_only_with_trigger to 2025-08-12T12:22:43.422739+00:00, run_after=2025-08-12T16:22:43.422739+00:00
[2025-08-12T16:22:43.443+0000] {processor.py:179} INFO - Processing /home/vscode/.local/lib/python3.10/site-packages/airflow/example_dags/example_latest_only_with_trigger.py took 0.070 seconds
[2025-08-12T16:23:30.105+0000] {processor.py:157} INFO - Started process (PID=37444) to work on /home/vscode/.local/lib/python3.10/site-packages/airflow/example_dags/example_latest_only_with_trigger.py
[2025-08-12T16:23:30.106+0000] {processor.py:826} INFO - Processing file /home/vscode/.local/lib/python3.10/site-packages/airflow/example_dags/example_latest_only_with_trigger.py for tasks to queue
[2025-08-12T16:23:30.107+0000] {logging_mixin.py:150} INFO - [2025-08-12T16:23:30.106+0000] {dagbag.py:541} INFO - Filling up the DagBag from /home/vscode/.local/lib/python3.10/site-packages/airflow/example_dags/example_latest_only_with_trigger.py
[2025-08-12T16:23:30.112+0000] {processor.py:836} INFO - DAG(s) dict_keys(['latest_only_with_trigger']) retrieved from /home/vscode/.local/lib/python3.10/site-packages/airflow/example_dags/example_latest_only_with_trigger.py
[2025-08-12T16:23:30.129+0000] {logging_mixin.py:150} INFO - [2025-08-12T16:23:30.128+0000] {dag.py:2742} INFO - Sync 1 DAGs
[2025-08-12T16:23:30.148+0000] {logging_mixin.py:150} INFO - [2025-08-12T16:23:30.148+0000] {dag.py:3504} INFO - Setting next_dagrun for latest_only_with_trigger to 2025-08-12T12:23:30.148572+00:00, run_after=2025-08-12T16:23:30.148572+00:00
[2025-08-12T16:23:30.165+0000] {processor.py:179} INFO - Processing /home/vscode/.local/lib/python3.10/site-packages/airflow/example_dags/example_latest_only_with_trigger.py took 0.061 seconds
[2025-08-12T16:24:14.050+0000] {processor.py:157} INFO - Started process (PID=37746) to work on /home/vscode/.local/lib/python3.10/site-packages/airflow/example_dags/example_latest_only_with_trigger.py
[2025-08-12T16:24:14.051+0000] {processor.py:826} INFO - Processing file /home/vscode/.local/lib/python3.10/site-packages/airflow/example_dags/example_latest_only_with_trigger.py for tasks to queue
[2025-08-12T16:24:14.052+0000] {logging_mixin.py:150} INFO - [2025-08-12T16:24:14.051+0000] {dagbag.py:541} INFO - Filling up the DagBag from /home/vscode/.local/lib/python3.10/site-packages/airflow/example_dags/example_latest_only_with_trigger.py
[2025-08-12T16:24:14.059+0000] {processor.py:836} INFO - DAG(s) dict_keys(['latest_only_with_trigger']) retrieved from /home/vscode/.local/lib/python3.10/site-packages/airflow/example_dags/example_latest_only_with_trigger.py
[2025-08-12T16:24:14.076+0000] {logging_mixin.py:150} INFO - [2025-08-12T16:24:14.076+0000] {dag.py:2742} INFO - Sync 1 DAGs
[2025-08-12T16:24:14.092+0000] {logging_mixin.py:150} INFO - [2025-08-12T16:24:14.092+0000] {dag.py:3504} INFO - Setting next_dagrun for latest_only_with_trigger to 2025-08-12T12:24:14.092621+00:00, run_after=2025-08-12T16:24:14.092621+00:00
[2025-08-12T16:24:14.108+0000] {processor.py:179} INFO - Processing /home/vscode/.local/lib/python3.10/site-packages/airflow/example_dags/example_latest_only_with_trigger.py took 0.061 seconds
[2025-08-12T16:24:58.570+0000] {processor.py:157} INFO - Started process (PID=38036) to work on /home/vscode/.local/lib/python3.10/site-packages/airflow/example_dags/example_latest_only_with_trigger.py
[2025-08-12T16:24:58.570+0000] {processor.py:826} INFO - Processing file /home/vscode/.local/lib/python3.10/site-packages/airflow/example_dags/example_latest_only_with_trigger.py for tasks to queue
[2025-08-12T16:24:58.571+0000] {logging_mixin.py:150} INFO - [2025-08-12T16:24:58.571+0000] {dagbag.py:541} INFO - Filling up the DagBag from /home/vscode/.local/lib/python3.10/site-packages/airflow/example_dags/example_latest_only_with_trigger.py
[2025-08-12T16:24:58.576+0000] {processor.py:836} INFO - DAG(s) dict_keys(['latest_only_with_trigger']) retrieved from /home/vscode/.local/lib/python3.10/site-packages/airflow/example_dags/example_latest_only_with_trigger.py
[2025-08-12T16:24:58.588+0000] {logging_mixin.py:150} INFO - [2025-08-12T16:24:58.588+0000] {dag.py:2742} INFO - Sync 1 DAGs
[2025-08-12T16:24:58.602+0000] {logging_mixin.py:150} INFO - [2025-08-12T16:24:58.601+0000] {dag.py:3504} INFO - Setting next_dagrun for latest_only_with_trigger to 2025-08-12T12:24:58.601819+00:00, run_after=2025-08-12T16:24:58.601819+00:00
[2025-08-12T16:24:58.617+0000] {processor.py:179} INFO - Processing /home/vscode/.local/lib/python3.10/site-packages/airflow/example_dags/example_latest_only_with_trigger.py took 0.049 seconds
[2025-08-12T16:25:43.778+0000] {processor.py:157} INFO - Started process (PID=38336) to work on /home/vscode/.local/lib/python3.10/site-packages/airflow/example_dags/example_latest_only_with_trigger.py
[2025-08-12T16:25:43.778+0000] {processor.py:826} INFO - Processing file /home/vscode/.local/lib/python3.10/site-packages/airflow/example_dags/example_latest_only_with_trigger.py for tasks to queue
[2025-08-12T16:25:43.779+0000] {logging_mixin.py:150} INFO - [2025-08-12T16:25:43.779+0000] {dagbag.py:541} INFO - Filling up the DagBag from /home/vscode/.local/lib/python3.10/site-packages/airflow/example_dags/example_latest_only_with_trigger.py
[2025-08-12T16:25:43.783+0000] {processor.py:836} INFO - DAG(s) dict_keys(['latest_only_with_trigger']) retrieved from /home/vscode/.local/lib/python3.10/site-packages/airflow/example_dags/example_latest_only_with_trigger.py
[2025-08-12T16:25:43.795+0000] {logging_mixin.py:150} INFO - [2025-08-12T16:25:43.795+0000] {dag.py:2742} INFO - Sync 1 DAGs
[2025-08-12T16:25:43.809+0000] {logging_mixin.py:150} INFO - [2025-08-12T16:25:43.809+0000] {dag.py:3504} INFO - Setting next_dagrun for latest_only_with_trigger to 2025-08-12T12:25:43.809036+00:00, run_after=2025-08-12T16:25:43.809036+00:00
[2025-08-12T16:25:43.824+0000] {processor.py:179} INFO - Processing /home/vscode/.local/lib/python3.10/site-packages/airflow/example_dags/example_latest_only_with_trigger.py took 0.049 seconds
[2025-08-12T16:26:27.215+0000] {processor.py:157} INFO - Started process (PID=38629) to work on /home/vscode/.local/lib/python3.10/site-packages/airflow/example_dags/example_latest_only_with_trigger.py
[2025-08-12T16:26:27.216+0000] {processor.py:826} INFO - Processing file /home/vscode/.local/lib/python3.10/site-packages/airflow/example_dags/example_latest_only_with_trigger.py for tasks to queue
[2025-08-12T16:26:27.216+0000] {logging_mixin.py:150} INFO - [2025-08-12T16:26:27.216+0000] {dagbag.py:541} INFO - Filling up the DagBag from /home/vscode/.local/lib/python3.10/site-packages/airflow/example_dags/example_latest_only_with_trigger.py
[2025-08-12T16:26:27.221+0000] {processor.py:836} INFO - DAG(s) dict_keys(['latest_only_with_trigger']) retrieved from /home/vscode/.local/lib/python3.10/site-packages/airflow/example_dags/example_latest_only_with_trigger.py
[2025-08-12T16:26:27.233+0000] {logging_mixin.py:150} INFO - [2025-08-12T16:26:27.233+0000] {dag.py:2742} INFO - Sync 1 DAGs
[2025-08-12T16:26:27.247+0000] {logging_mixin.py:150} INFO - [2025-08-12T16:26:27.247+0000] {dag.py:3504} INFO - Setting next_dagrun for latest_only_with_trigger to 2025-08-12T12:26:27.246877+00:00, run_after=2025-08-12T16:26:27.246877+00:00
[2025-08-12T16:26:27.262+0000] {processor.py:179} INFO - Processing /home/vscode/.local/lib/python3.10/site-packages/airflow/example_dags/example_latest_only_with_trigger.py took 0.049 seconds
[2025-08-12T16:27:06.620+0000] {processor.py:157} INFO - Started process (PID=38888) to work on /home/vscode/.local/lib/python3.10/site-packages/airflow/example_dags/example_latest_only_with_trigger.py
[2025-08-12T16:27:06.621+0000] {processor.py:826} INFO - Processing file /home/vscode/.local/lib/python3.10/site-packages/airflow/example_dags/example_latest_only_with_trigger.py for tasks to queue
[2025-08-12T16:27:06.621+0000] {logging_mixin.py:150} INFO - [2025-08-12T16:27:06.621+0000] {dagbag.py:541} INFO - Filling up the DagBag from /home/vscode/.local/lib/python3.10/site-packages/airflow/example_dags/example_latest_only_with_trigger.py
[2025-08-12T16:27:06.626+0000] {processor.py:836} INFO - DAG(s) dict_keys(['latest_only_with_trigger']) retrieved from /home/vscode/.local/lib/python3.10/site-packages/airflow/example_dags/example_latest_only_with_trigger.py
[2025-08-12T16:27:06.638+0000] {logging_mixin.py:150} INFO - [2025-08-12T16:27:06.638+0000] {dag.py:2742} INFO - Sync 1 DAGs
[2025-08-12T16:27:06.652+0000] {logging_mixin.py:150} INFO - [2025-08-12T16:27:06.652+0000] {dag.py:3504} INFO - Setting next_dagrun for latest_only_with_trigger to 2025-08-12T12:27:06.652625+00:00, run_after=2025-08-12T16:27:06.652625+00:00
[2025-08-12T16:27:06.668+0000] {processor.py:179} INFO - Processing /home/vscode/.local/lib/python3.10/site-packages/airflow/example_dags/example_latest_only_with_trigger.py took 0.050 seconds
[2025-08-12T16:27:49.925+0000] {processor.py:157} INFO - Started process (PID=39176) to work on /home/vscode/.local/lib/python3.10/site-packages/airflow/example_dags/example_latest_only_with_trigger.py
[2025-08-12T16:27:49.926+0000] {processor.py:826} INFO - Processing file /home/vscode/.local/lib/python3.10/site-packages/airflow/example_dags/example_latest_only_with_trigger.py for tasks to queue
[2025-08-12T16:27:49.927+0000] {logging_mixin.py:150} INFO - [2025-08-12T16:27:49.926+0000] {dagbag.py:541} INFO - Filling up the DagBag from /home/vscode/.local/lib/python3.10/site-packages/airflow/example_dags/example_latest_only_with_trigger.py
[2025-08-12T16:27:49.931+0000] {processor.py:836} INFO - DAG(s) dict_keys(['latest_only_with_trigger']) retrieved from /home/vscode/.local/lib/python3.10/site-packages/airflow/example_dags/example_latest_only_with_trigger.py
[2025-08-12T16:27:49.943+0000] {logging_mixin.py:150} INFO - [2025-08-12T16:27:49.943+0000] {dag.py:2742} INFO - Sync 1 DAGs
[2025-08-12T16:27:49.957+0000] {logging_mixin.py:150} INFO - [2025-08-12T16:27:49.957+0000] {dag.py:3504} INFO - Setting next_dagrun for latest_only_with_trigger to 2025-08-12T12:27:49.956877+00:00, run_after=2025-08-12T16:27:49.956877+00:00
[2025-08-12T16:27:49.972+0000] {processor.py:179} INFO - Processing /home/vscode/.local/lib/python3.10/site-packages/airflow/example_dags/example_latest_only_with_trigger.py took 0.049 seconds
[2025-08-12T16:28:36.605+0000] {processor.py:157} INFO - Started process (PID=39493) to work on /home/vscode/.local/lib/python3.10/site-packages/airflow/example_dags/example_latest_only_with_trigger.py
[2025-08-12T16:28:36.606+0000] {processor.py:826} INFO - Processing file /home/vscode/.local/lib/python3.10/site-packages/airflow/example_dags/example_latest_only_with_trigger.py for tasks to queue
[2025-08-12T16:28:36.607+0000] {logging_mixin.py:150} INFO - [2025-08-12T16:28:36.606+0000] {dagbag.py:541} INFO - Filling up the DagBag from /home/vscode/.local/lib/python3.10/site-packages/airflow/example_dags/example_latest_only_with_trigger.py
[2025-08-12T16:28:36.611+0000] {processor.py:836} INFO - DAG(s) dict_keys(['latest_only_with_trigger']) retrieved from /home/vscode/.local/lib/python3.10/site-packages/airflow/example_dags/example_latest_only_with_trigger.py
[2025-08-12T16:28:36.623+0000] {logging_mixin.py:150} INFO - [2025-08-12T16:28:36.622+0000] {dag.py:2742} INFO - Sync 1 DAGs
[2025-08-12T16:28:36.636+0000] {logging_mixin.py:150} INFO - [2025-08-12T16:28:36.636+0000] {dag.py:3504} INFO - Setting next_dagrun for latest_only_with_trigger to 2025-08-12T12:28:36.636521+00:00, run_after=2025-08-12T16:28:36.636521+00:00
[2025-08-12T16:28:36.652+0000] {processor.py:179} INFO - Processing /home/vscode/.local/lib/python3.10/site-packages/airflow/example_dags/example_latest_only_with_trigger.py took 0.049 seconds
[2025-08-12T16:29:23.388+0000] {processor.py:157} INFO - Started process (PID=39803) to work on /home/vscode/.local/lib/python3.10/site-packages/airflow/example_dags/example_latest_only_with_trigger.py
[2025-08-12T16:29:23.389+0000] {processor.py:826} INFO - Processing file /home/vscode/.local/lib/python3.10/site-packages/airflow/example_dags/example_latest_only_with_trigger.py for tasks to queue
[2025-08-12T16:29:23.390+0000] {logging_mixin.py:150} INFO - [2025-08-12T16:29:23.390+0000] {dagbag.py:541} INFO - Filling up the DagBag from /home/vscode/.local/lib/python3.10/site-packages/airflow/example_dags/example_latest_only_with_trigger.py
[2025-08-12T16:29:23.397+0000] {processor.py:836} INFO - DAG(s) dict_keys(['latest_only_with_trigger']) retrieved from /home/vscode/.local/lib/python3.10/site-packages/airflow/example_dags/example_latest_only_with_trigger.py
[2025-08-12T16:29:23.414+0000] {logging_mixin.py:150} INFO - [2025-08-12T16:29:23.413+0000] {dag.py:2742} INFO - Sync 1 DAGs
[2025-08-12T16:29:23.434+0000] {logging_mixin.py:150} INFO - [2025-08-12T16:29:23.434+0000] {dag.py:3504} INFO - Setting next_dagrun for latest_only_with_trigger to 2025-08-12T12:29:23.434355+00:00, run_after=2025-08-12T16:29:23.434355+00:00
[2025-08-12T16:29:23.457+0000] {processor.py:179} INFO - Processing /home/vscode/.local/lib/python3.10/site-packages/airflow/example_dags/example_latest_only_with_trigger.py took 0.071 seconds
[2025-08-12T16:30:06.957+0000] {processor.py:157} INFO - Started process (PID=40094) to work on /home/vscode/.local/lib/python3.10/site-packages/airflow/example_dags/example_latest_only_with_trigger.py
[2025-08-12T16:30:06.957+0000] {processor.py:826} INFO - Processing file /home/vscode/.local/lib/python3.10/site-packages/airflow/example_dags/example_latest_only_with_trigger.py for tasks to queue
[2025-08-12T16:30:06.958+0000] {logging_mixin.py:150} INFO - [2025-08-12T16:30:06.958+0000] {dagbag.py:541} INFO - Filling up the DagBag from /home/vscode/.local/lib/python3.10/site-packages/airflow/example_dags/example_latest_only_with_trigger.py
[2025-08-12T16:30:06.963+0000] {processor.py:836} INFO - DAG(s) dict_keys(['latest_only_with_trigger']) retrieved from /home/vscode/.local/lib/python3.10/site-packages/airflow/example_dags/example_latest_only_with_trigger.py
[2025-08-12T16:30:06.975+0000] {logging_mixin.py:150} INFO - [2025-08-12T16:30:06.974+0000] {dag.py:2742} INFO - Sync 1 DAGs
[2025-08-12T16:30:06.989+0000] {logging_mixin.py:150} INFO - [2025-08-12T16:30:06.989+0000] {dag.py:3504} INFO - Setting next_dagrun for latest_only_with_trigger to 2025-08-12T12:30:06.988932+00:00, run_after=2025-08-12T16:30:06.988932+00:00
[2025-08-12T16:30:07.004+0000] {processor.py:179} INFO - Processing /home/vscode/.local/lib/python3.10/site-packages/airflow/example_dags/example_latest_only_with_trigger.py took 0.050 seconds
