[2025-08-12T15:36:57.058+0000] {processor.py:157} INFO - Started process (PID=17929) to work on /home/vscode/.local/lib/python3.10/site-packages/airflow/example_dags/example_short_circuit_operator.py
[2025-08-12T15:36:57.059+0000] {processor.py:826} INFO - Processing file /home/vscode/.local/lib/python3.10/site-packages/airflow/example_dags/example_short_circuit_operator.py for tasks to queue
[2025-08-12T15:36:57.060+0000] {logging_mixin.py:150} INFO - [2025-08-12T15:36:57.059+0000] {dagbag.py:541} INFO - Filling up the DagBag from /home/vscode/.local/lib/python3.10/site-packages/airflow/example_dags/example_short_circuit_operator.py
[2025-08-12T15:36:57.069+0000] {processor.py:836} INFO - DAG(s) dict_keys(['example_short_circuit_operator']) retrieved from /home/vscode/.local/lib/python3.10/site-packages/airflow/example_dags/example_short_circuit_operator.py
[2025-08-12T15:36:57.171+0000] {logging_mixin.py:150} INFO - [2025-08-12T15:36:57.171+0000] {manager.py:504} INFO - Created Permission View: can edit on DAG:example_short_circuit_operator
[2025-08-12T15:36:57.180+0000] {logging_mixin.py:150} INFO - [2025-08-12T15:36:57.180+0000] {manager.py:504} INFO - Created Permission View: can read on DAG:example_short_circuit_operator
[2025-08-12T15:36:57.187+0000] {logging_mixin.py:150} INFO - [2025-08-12T15:36:57.187+0000] {manager.py:504} INFO - Created Permission View: can delete on DAG:example_short_circuit_operator
[2025-08-12T15:36:57.196+0000] {logging_mixin.py:150} INFO - [2025-08-12T15:36:57.196+0000] {dag.py:2742} INFO - Sync 1 DAGs
[2025-08-12T15:36:57.202+0000] {logging_mixin.py:150} INFO - [2025-08-12T15:36:57.202+0000] {dag.py:2763} INFO - Creating ORM DAG for example_short_circuit_operator
[2025-08-12T15:36:57.209+0000] {logging_mixin.py:150} INFO - [2025-08-12T15:36:57.209+0000] {dag.py:3504} INFO - Setting next_dagrun for example_short_circuit_operator to 2025-08-11T15:36:57.208922+00:00, run_after=2025-08-12T15:36:57.208922+00:00
[2025-08-12T15:36:57.225+0000] {processor.py:179} INFO - Processing /home/vscode/.local/lib/python3.10/site-packages/airflow/example_dags/example_short_circuit_operator.py took 0.170 seconds
[2025-08-12T15:37:44.147+0000] {processor.py:157} INFO - Started process (PID=18297) to work on /home/vscode/.local/lib/python3.10/site-packages/airflow/example_dags/example_short_circuit_operator.py
[2025-08-12T15:37:44.148+0000] {processor.py:826} INFO - Processing file /home/vscode/.local/lib/python3.10/site-packages/airflow/example_dags/example_short_circuit_operator.py for tasks to queue
[2025-08-12T15:37:44.149+0000] {logging_mixin.py:150} INFO - [2025-08-12T15:37:44.148+0000] {dagbag.py:541} INFO - Filling up the DagBag from /home/vscode/.local/lib/python3.10/site-packages/airflow/example_dags/example_short_circuit_operator.py
[2025-08-12T15:37:44.155+0000] {processor.py:836} INFO - DAG(s) dict_keys(['example_short_circuit_operator']) retrieved from /home/vscode/.local/lib/python3.10/site-packages/airflow/example_dags/example_short_circuit_operator.py
[2025-08-12T15:37:44.168+0000] {logging_mixin.py:150} INFO - [2025-08-12T15:37:44.168+0000] {dag.py:2742} INFO - Sync 1 DAGs
[2025-08-12T15:37:44.182+0000] {logging_mixin.py:150} INFO - [2025-08-12T15:37:44.181+0000] {dag.py:3504} INFO - Setting next_dagrun for example_short_circuit_operator to 2025-08-11T15:37:44.181799+00:00, run_after=2025-08-12T15:37:44.181799+00:00
[2025-08-12T15:37:44.198+0000] {processor.py:179} INFO - Processing /home/vscode/.local/lib/python3.10/site-packages/airflow/example_dags/example_short_circuit_operator.py took 0.053 seconds
[2025-08-12T15:38:30.512+0000] {processor.py:157} INFO - Started process (PID=18644) to work on /home/vscode/.local/lib/python3.10/site-packages/airflow/example_dags/example_short_circuit_operator.py
[2025-08-12T15:38:30.513+0000] {processor.py:826} INFO - Processing file /home/vscode/.local/lib/python3.10/site-packages/airflow/example_dags/example_short_circuit_operator.py for tasks to queue
[2025-08-12T15:38:30.514+0000] {logging_mixin.py:150} INFO - [2025-08-12T15:38:30.513+0000] {dagbag.py:541} INFO - Filling up the DagBag from /home/vscode/.local/lib/python3.10/site-packages/airflow/example_dags/example_short_circuit_operator.py
[2025-08-12T15:38:30.520+0000] {processor.py:836} INFO - DAG(s) dict_keys(['example_short_circuit_operator']) retrieved from /home/vscode/.local/lib/python3.10/site-packages/airflow/example_dags/example_short_circuit_operator.py
[2025-08-12T15:38:30.532+0000] {logging_mixin.py:150} INFO - [2025-08-12T15:38:30.532+0000] {dag.py:2742} INFO - Sync 1 DAGs
[2025-08-12T15:38:30.546+0000] {logging_mixin.py:150} INFO - [2025-08-12T15:38:30.546+0000] {dag.py:3504} INFO - Setting next_dagrun for example_short_circuit_operator to 2025-08-11T15:38:30.546602+00:00, run_after=2025-08-12T15:38:30.546602+00:00
[2025-08-12T15:38:30.562+0000] {processor.py:179} INFO - Processing /home/vscode/.local/lib/python3.10/site-packages/airflow/example_dags/example_short_circuit_operator.py took 0.051 seconds
[2025-08-12T15:39:17.808+0000] {processor.py:157} INFO - Started process (PID=19033) to work on /home/vscode/.local/lib/python3.10/site-packages/airflow/example_dags/example_short_circuit_operator.py
[2025-08-12T15:39:17.808+0000] {processor.py:826} INFO - Processing file /home/vscode/.local/lib/python3.10/site-packages/airflow/example_dags/example_short_circuit_operator.py for tasks to queue
[2025-08-12T15:39:17.809+0000] {logging_mixin.py:150} INFO - [2025-08-12T15:39:17.809+0000] {dagbag.py:541} INFO - Filling up the DagBag from /home/vscode/.local/lib/python3.10/site-packages/airflow/example_dags/example_short_circuit_operator.py
[2025-08-12T15:39:17.815+0000] {processor.py:836} INFO - DAG(s) dict_keys(['example_short_circuit_operator']) retrieved from /home/vscode/.local/lib/python3.10/site-packages/airflow/example_dags/example_short_circuit_operator.py
[2025-08-12T15:39:17.828+0000] {logging_mixin.py:150} INFO - [2025-08-12T15:39:17.827+0000] {dag.py:2742} INFO - Sync 1 DAGs
[2025-08-12T15:39:17.842+0000] {logging_mixin.py:150} INFO - [2025-08-12T15:39:17.842+0000] {dag.py:3504} INFO - Setting next_dagrun for example_short_circuit_operator to 2025-08-11T15:39:17.841946+00:00, run_after=2025-08-12T15:39:17.841946+00:00
[2025-08-12T15:39:17.857+0000] {processor.py:179} INFO - Processing /home/vscode/.local/lib/python3.10/site-packages/airflow/example_dags/example_short_circuit_operator.py took 0.052 seconds
[2025-08-12T15:40:05.164+0000] {processor.py:157} INFO - Started process (PID=19355) to work on /home/vscode/.local/lib/python3.10/site-packages/airflow/example_dags/example_short_circuit_operator.py
[2025-08-12T15:40:05.165+0000] {processor.py:826} INFO - Processing file /home/vscode/.local/lib/python3.10/site-packages/airflow/example_dags/example_short_circuit_operator.py for tasks to queue
[2025-08-12T15:40:05.165+0000] {logging_mixin.py:150} INFO - [2025-08-12T15:40:05.165+0000] {dagbag.py:541} INFO - Filling up the DagBag from /home/vscode/.local/lib/python3.10/site-packages/airflow/example_dags/example_short_circuit_operator.py
[2025-08-12T15:40:05.171+0000] {processor.py:836} INFO - DAG(s) dict_keys(['example_short_circuit_operator']) retrieved from /home/vscode/.local/lib/python3.10/site-packages/airflow/example_dags/example_short_circuit_operator.py
[2025-08-12T15:40:05.185+0000] {logging_mixin.py:150} INFO - [2025-08-12T15:40:05.185+0000] {dag.py:2742} INFO - Sync 1 DAGs
[2025-08-12T15:40:05.199+0000] {logging_mixin.py:150} INFO - [2025-08-12T15:40:05.198+0000] {dag.py:3504} INFO - Setting next_dagrun for example_short_circuit_operator to 2025-08-11T15:40:05.198780+00:00, run_after=2025-08-12T15:40:05.198780+00:00
[2025-08-12T15:40:05.214+0000] {processor.py:179} INFO - Processing /home/vscode/.local/lib/python3.10/site-packages/airflow/example_dags/example_short_circuit_operator.py took 0.052 seconds
[2025-08-12T15:40:50.381+0000] {processor.py:157} INFO - Started process (PID=19658) to work on /home/vscode/.local/lib/python3.10/site-packages/airflow/example_dags/example_short_circuit_operator.py
[2025-08-12T15:40:50.382+0000] {processor.py:826} INFO - Processing file /home/vscode/.local/lib/python3.10/site-packages/airflow/example_dags/example_short_circuit_operator.py for tasks to queue
[2025-08-12T15:40:50.383+0000] {logging_mixin.py:150} INFO - [2025-08-12T15:40:50.382+0000] {dagbag.py:541} INFO - Filling up the DagBag from /home/vscode/.local/lib/python3.10/site-packages/airflow/example_dags/example_short_circuit_operator.py
[2025-08-12T15:40:50.389+0000] {processor.py:836} INFO - DAG(s) dict_keys(['example_short_circuit_operator']) retrieved from /home/vscode/.local/lib/python3.10/site-packages/airflow/example_dags/example_short_circuit_operator.py
[2025-08-12T15:40:50.402+0000] {logging_mixin.py:150} INFO - [2025-08-12T15:40:50.402+0000] {dag.py:2742} INFO - Sync 1 DAGs
[2025-08-12T15:40:50.416+0000] {logging_mixin.py:150} INFO - [2025-08-12T15:40:50.416+0000] {dag.py:3504} INFO - Setting next_dagrun for example_short_circuit_operator to 2025-08-11T15:40:50.416712+00:00, run_after=2025-08-12T15:40:50.416712+00:00
[2025-08-12T15:40:50.433+0000] {processor.py:179} INFO - Processing /home/vscode/.local/lib/python3.10/site-packages/airflow/example_dags/example_short_circuit_operator.py took 0.053 seconds
[2025-08-12T15:41:33.884+0000] {processor.py:157} INFO - Started process (PID=19943) to work on /home/vscode/.local/lib/python3.10/site-packages/airflow/example_dags/example_short_circuit_operator.py
[2025-08-12T15:41:33.885+0000] {processor.py:826} INFO - Processing file /home/vscode/.local/lib/python3.10/site-packages/airflow/example_dags/example_short_circuit_operator.py for tasks to queue
[2025-08-12T15:41:33.885+0000] {logging_mixin.py:150} INFO - [2025-08-12T15:41:33.885+0000] {dagbag.py:541} INFO - Filling up the DagBag from /home/vscode/.local/lib/python3.10/site-packages/airflow/example_dags/example_short_circuit_operator.py
[2025-08-12T15:41:33.892+0000] {processor.py:836} INFO - DAG(s) dict_keys(['example_short_circuit_operator']) retrieved from /home/vscode/.local/lib/python3.10/site-packages/airflow/example_dags/example_short_circuit_operator.py
[2025-08-12T15:41:33.905+0000] {logging_mixin.py:150} INFO - [2025-08-12T15:41:33.905+0000] {dag.py:2742} INFO - Sync 1 DAGs
[2025-08-12T15:41:33.919+0000] {logging_mixin.py:150} INFO - [2025-08-12T15:41:33.919+0000] {dag.py:3504} INFO - Setting next_dagrun for example_short_circuit_operator to 2025-08-11T15:41:33.919241+00:00, run_after=2025-08-12T15:41:33.919241+00:00
[2025-08-12T15:41:33.935+0000] {processor.py:179} INFO - Processing /home/vscode/.local/lib/python3.10/site-packages/airflow/example_dags/example_short_circuit_operator.py took 0.053 seconds
[2025-08-12T15:42:21.636+0000] {processor.py:157} INFO - Started process (PID=20260) to work on /home/vscode/.local/lib/python3.10/site-packages/airflow/example_dags/example_short_circuit_operator.py
[2025-08-12T15:42:21.636+0000] {processor.py:826} INFO - Processing file /home/vscode/.local/lib/python3.10/site-packages/airflow/example_dags/example_short_circuit_operator.py for tasks to queue
[2025-08-12T15:42:21.637+0000] {logging_mixin.py:150} INFO - [2025-08-12T15:42:21.637+0000] {dagbag.py:541} INFO - Filling up the DagBag from /home/vscode/.local/lib/python3.10/site-packages/airflow/example_dags/example_short_circuit_operator.py
[2025-08-12T15:42:21.643+0000] {processor.py:836} INFO - DAG(s) dict_keys(['example_short_circuit_operator']) retrieved from /home/vscode/.local/lib/python3.10/site-packages/airflow/example_dags/example_short_circuit_operator.py
[2025-08-12T15:42:21.657+0000] {logging_mixin.py:150} INFO - [2025-08-12T15:42:21.657+0000] {dag.py:2742} INFO - Sync 1 DAGs
[2025-08-12T15:42:21.672+0000] {logging_mixin.py:150} INFO - [2025-08-12T15:42:21.672+0000] {dag.py:3504} INFO - Setting next_dagrun for example_short_circuit_operator to 2025-08-11T15:42:21.672634+00:00, run_after=2025-08-12T15:42:21.672634+00:00
[2025-08-12T15:42:21.689+0000] {processor.py:179} INFO - Processing /home/vscode/.local/lib/python3.10/site-packages/airflow/example_dags/example_short_circuit_operator.py took 0.056 seconds
[2025-08-12T15:43:02.669+0000] {processor.py:157} INFO - Started process (PID=20534) to work on /home/vscode/.local/lib/python3.10/site-packages/airflow/example_dags/example_short_circuit_operator.py
[2025-08-12T15:43:02.669+0000] {processor.py:826} INFO - Processing file /home/vscode/.local/lib/python3.10/site-packages/airflow/example_dags/example_short_circuit_operator.py for tasks to queue
[2025-08-12T15:43:02.670+0000] {logging_mixin.py:150} INFO - [2025-08-12T15:43:02.670+0000] {dagbag.py:541} INFO - Filling up the DagBag from /home/vscode/.local/lib/python3.10/site-packages/airflow/example_dags/example_short_circuit_operator.py
[2025-08-12T15:43:02.676+0000] {processor.py:836} INFO - DAG(s) dict_keys(['example_short_circuit_operator']) retrieved from /home/vscode/.local/lib/python3.10/site-packages/airflow/example_dags/example_short_circuit_operator.py
[2025-08-12T15:43:02.689+0000] {logging_mixin.py:150} INFO - [2025-08-12T15:43:02.689+0000] {dag.py:2742} INFO - Sync 1 DAGs
[2025-08-12T15:43:02.704+0000] {logging_mixin.py:150} INFO - [2025-08-12T15:43:02.704+0000] {dag.py:3504} INFO - Setting next_dagrun for example_short_circuit_operator to 2025-08-11T15:43:02.703845+00:00, run_after=2025-08-12T15:43:02.703845+00:00
[2025-08-12T15:43:02.720+0000] {processor.py:179} INFO - Processing /home/vscode/.local/lib/python3.10/site-packages/airflow/example_dags/example_short_circuit_operator.py took 0.054 seconds
[2025-08-12T15:43:50.011+0000] {processor.py:157} INFO - Started process (PID=20848) to work on /home/vscode/.local/lib/python3.10/site-packages/airflow/example_dags/example_short_circuit_operator.py
[2025-08-12T15:43:50.012+0000] {processor.py:826} INFO - Processing file /home/vscode/.local/lib/python3.10/site-packages/airflow/example_dags/example_short_circuit_operator.py for tasks to queue
[2025-08-12T15:43:50.012+0000] {logging_mixin.py:150} INFO - [2025-08-12T15:43:50.012+0000] {dagbag.py:541} INFO - Filling up the DagBag from /home/vscode/.local/lib/python3.10/site-packages/airflow/example_dags/example_short_circuit_operator.py
[2025-08-12T15:43:50.019+0000] {processor.py:836} INFO - DAG(s) dict_keys(['example_short_circuit_operator']) retrieved from /home/vscode/.local/lib/python3.10/site-packages/airflow/example_dags/example_short_circuit_operator.py
[2025-08-12T15:43:50.033+0000] {logging_mixin.py:150} INFO - [2025-08-12T15:43:50.032+0000] {dag.py:2742} INFO - Sync 1 DAGs
[2025-08-12T15:43:50.047+0000] {logging_mixin.py:150} INFO - [2025-08-12T15:43:50.047+0000] {dag.py:3504} INFO - Setting next_dagrun for example_short_circuit_operator to 2025-08-11T15:43:50.047627+00:00, run_after=2025-08-12T15:43:50.047627+00:00
[2025-08-12T15:43:50.064+0000] {processor.py:179} INFO - Processing /home/vscode/.local/lib/python3.10/site-packages/airflow/example_dags/example_short_circuit_operator.py took 0.055 seconds
[2025-08-12T15:44:33.272+0000] {processor.py:157} INFO - Started process (PID=21134) to work on /home/vscode/.local/lib/python3.10/site-packages/airflow/example_dags/example_short_circuit_operator.py
[2025-08-12T15:44:33.273+0000] {processor.py:826} INFO - Processing file /home/vscode/.local/lib/python3.10/site-packages/airflow/example_dags/example_short_circuit_operator.py for tasks to queue
[2025-08-12T15:44:33.273+0000] {logging_mixin.py:150} INFO - [2025-08-12T15:44:33.273+0000] {dagbag.py:541} INFO - Filling up the DagBag from /home/vscode/.local/lib/python3.10/site-packages/airflow/example_dags/example_short_circuit_operator.py
[2025-08-12T15:44:33.279+0000] {processor.py:836} INFO - DAG(s) dict_keys(['example_short_circuit_operator']) retrieved from /home/vscode/.local/lib/python3.10/site-packages/airflow/example_dags/example_short_circuit_operator.py
[2025-08-12T15:44:33.293+0000] {logging_mixin.py:150} INFO - [2025-08-12T15:44:33.293+0000] {dag.py:2742} INFO - Sync 1 DAGs
[2025-08-12T15:44:33.307+0000] {logging_mixin.py:150} INFO - [2025-08-12T15:44:33.307+0000] {dag.py:3504} INFO - Setting next_dagrun for example_short_circuit_operator to 2025-08-11T15:44:33.307491+00:00, run_after=2025-08-12T15:44:33.307491+00:00
[2025-08-12T15:44:33.327+0000] {processor.py:179} INFO - Processing /home/vscode/.local/lib/python3.10/site-packages/airflow/example_dags/example_short_circuit_operator.py took 0.057 seconds
[2025-08-12T15:45:13.841+0000] {processor.py:157} INFO - Started process (PID=21403) to work on /home/vscode/.local/lib/python3.10/site-packages/airflow/example_dags/example_short_circuit_operator.py
[2025-08-12T15:45:13.842+0000] {processor.py:826} INFO - Processing file /home/vscode/.local/lib/python3.10/site-packages/airflow/example_dags/example_short_circuit_operator.py for tasks to queue
[2025-08-12T15:45:13.843+0000] {logging_mixin.py:150} INFO - [2025-08-12T15:45:13.842+0000] {dagbag.py:541} INFO - Filling up the DagBag from /home/vscode/.local/lib/python3.10/site-packages/airflow/example_dags/example_short_circuit_operator.py
[2025-08-12T15:45:13.849+0000] {processor.py:836} INFO - DAG(s) dict_keys(['example_short_circuit_operator']) retrieved from /home/vscode/.local/lib/python3.10/site-packages/airflow/example_dags/example_short_circuit_operator.py
[2025-08-12T15:45:13.863+0000] {logging_mixin.py:150} INFO - [2025-08-12T15:45:13.863+0000] {dag.py:2742} INFO - Sync 1 DAGs
[2025-08-12T15:45:13.878+0000] {logging_mixin.py:150} INFO - [2025-08-12T15:45:13.877+0000] {dag.py:3504} INFO - Setting next_dagrun for example_short_circuit_operator to 2025-08-11T15:45:13.877787+00:00, run_after=2025-08-12T15:45:13.877787+00:00
[2025-08-12T15:45:13.893+0000] {processor.py:179} INFO - Processing /home/vscode/.local/lib/python3.10/site-packages/airflow/example_dags/example_short_circuit_operator.py took 0.054 seconds
[2025-08-12T15:45:57.245+0000] {processor.py:157} INFO - Started process (PID=21696) to work on /home/vscode/.local/lib/python3.10/site-packages/airflow/example_dags/example_short_circuit_operator.py
[2025-08-12T15:45:57.246+0000] {processor.py:826} INFO - Processing file /home/vscode/.local/lib/python3.10/site-packages/airflow/example_dags/example_short_circuit_operator.py for tasks to queue
[2025-08-12T15:45:57.246+0000] {logging_mixin.py:150} INFO - [2025-08-12T15:45:57.246+0000] {dagbag.py:541} INFO - Filling up the DagBag from /home/vscode/.local/lib/python3.10/site-packages/airflow/example_dags/example_short_circuit_operator.py
[2025-08-12T15:45:57.253+0000] {processor.py:836} INFO - DAG(s) dict_keys(['example_short_circuit_operator']) retrieved from /home/vscode/.local/lib/python3.10/site-packages/airflow/example_dags/example_short_circuit_operator.py
[2025-08-12T15:45:57.266+0000] {logging_mixin.py:150} INFO - [2025-08-12T15:45:57.265+0000] {dag.py:2742} INFO - Sync 1 DAGs
[2025-08-12T15:45:57.280+0000] {logging_mixin.py:150} INFO - [2025-08-12T15:45:57.280+0000] {dag.py:3504} INFO - Setting next_dagrun for example_short_circuit_operator to 2025-08-11T15:45:57.279923+00:00, run_after=2025-08-12T15:45:57.279923+00:00
[2025-08-12T15:45:57.296+0000] {processor.py:179} INFO - Processing /home/vscode/.local/lib/python3.10/site-packages/airflow/example_dags/example_short_circuit_operator.py took 0.052 seconds
[2025-08-12T15:46:42.927+0000] {processor.py:157} INFO - Started process (PID=22004) to work on /home/vscode/.local/lib/python3.10/site-packages/airflow/example_dags/example_short_circuit_operator.py
[2025-08-12T15:46:42.928+0000] {processor.py:826} INFO - Processing file /home/vscode/.local/lib/python3.10/site-packages/airflow/example_dags/example_short_circuit_operator.py for tasks to queue
[2025-08-12T15:46:42.928+0000] {logging_mixin.py:150} INFO - [2025-08-12T15:46:42.928+0000] {dagbag.py:541} INFO - Filling up the DagBag from /home/vscode/.local/lib/python3.10/site-packages/airflow/example_dags/example_short_circuit_operator.py
[2025-08-12T15:46:42.935+0000] {processor.py:836} INFO - DAG(s) dict_keys(['example_short_circuit_operator']) retrieved from /home/vscode/.local/lib/python3.10/site-packages/airflow/example_dags/example_short_circuit_operator.py
[2025-08-12T15:46:42.948+0000] {logging_mixin.py:150} INFO - [2025-08-12T15:46:42.948+0000] {dag.py:2742} INFO - Sync 1 DAGs
[2025-08-12T15:46:42.963+0000] {logging_mixin.py:150} INFO - [2025-08-12T15:46:42.963+0000] {dag.py:3504} INFO - Setting next_dagrun for example_short_circuit_operator to 2025-08-11T15:46:42.963148+00:00, run_after=2025-08-12T15:46:42.963148+00:00
[2025-08-12T15:46:42.979+0000] {processor.py:179} INFO - Processing /home/vscode/.local/lib/python3.10/site-packages/airflow/example_dags/example_short_circuit_operator.py took 0.055 seconds
[2025-08-12T15:47:24.475+0000] {processor.py:157} INFO - Started process (PID=22274) to work on /home/vscode/.local/lib/python3.10/site-packages/airflow/example_dags/example_short_circuit_operator.py
[2025-08-12T15:47:24.475+0000] {processor.py:826} INFO - Processing file /home/vscode/.local/lib/python3.10/site-packages/airflow/example_dags/example_short_circuit_operator.py for tasks to queue
[2025-08-12T15:47:24.476+0000] {logging_mixin.py:150} INFO - [2025-08-12T15:47:24.476+0000] {dagbag.py:541} INFO - Filling up the DagBag from /home/vscode/.local/lib/python3.10/site-packages/airflow/example_dags/example_short_circuit_operator.py
[2025-08-12T15:47:24.482+0000] {processor.py:836} INFO - DAG(s) dict_keys(['example_short_circuit_operator']) retrieved from /home/vscode/.local/lib/python3.10/site-packages/airflow/example_dags/example_short_circuit_operator.py
[2025-08-12T15:47:24.495+0000] {logging_mixin.py:150} INFO - [2025-08-12T15:47:24.495+0000] {dag.py:2742} INFO - Sync 1 DAGs
[2025-08-12T15:47:24.510+0000] {logging_mixin.py:150} INFO - [2025-08-12T15:47:24.510+0000] {dag.py:3504} INFO - Setting next_dagrun for example_short_circuit_operator to 2025-08-11T15:47:24.509909+00:00, run_after=2025-08-12T15:47:24.509909+00:00
[2025-08-12T15:47:24.526+0000] {processor.py:179} INFO - Processing /home/vscode/.local/lib/python3.10/site-packages/airflow/example_dags/example_short_circuit_operator.py took 0.054 seconds
[2025-08-12T15:48:05.004+0000] {processor.py:157} INFO - Started process (PID=22550) to work on /home/vscode/.local/lib/python3.10/site-packages/airflow/example_dags/example_short_circuit_operator.py
[2025-08-12T15:48:05.004+0000] {processor.py:826} INFO - Processing file /home/vscode/.local/lib/python3.10/site-packages/airflow/example_dags/example_short_circuit_operator.py for tasks to queue
[2025-08-12T15:48:05.005+0000] {logging_mixin.py:150} INFO - [2025-08-12T15:48:05.005+0000] {dagbag.py:541} INFO - Filling up the DagBag from /home/vscode/.local/lib/python3.10/site-packages/airflow/example_dags/example_short_circuit_operator.py
[2025-08-12T15:48:05.011+0000] {processor.py:836} INFO - DAG(s) dict_keys(['example_short_circuit_operator']) retrieved from /home/vscode/.local/lib/python3.10/site-packages/airflow/example_dags/example_short_circuit_operator.py
[2025-08-12T15:48:05.024+0000] {logging_mixin.py:150} INFO - [2025-08-12T15:48:05.024+0000] {dag.py:2742} INFO - Sync 1 DAGs
[2025-08-12T15:48:05.038+0000] {logging_mixin.py:150} INFO - [2025-08-12T15:48:05.038+0000] {dag.py:3504} INFO - Setting next_dagrun for example_short_circuit_operator to 2025-08-11T15:48:05.038381+00:00, run_after=2025-08-12T15:48:05.038381+00:00
[2025-08-12T15:48:05.054+0000] {processor.py:179} INFO - Processing /home/vscode/.local/lib/python3.10/site-packages/airflow/example_dags/example_short_circuit_operator.py took 0.052 seconds
[2025-08-12T15:48:45.144+0000] {processor.py:157} INFO - Started process (PID=22821) to work on /home/vscode/.local/lib/python3.10/site-packages/airflow/example_dags/example_short_circuit_operator.py
[2025-08-12T15:48:45.145+0000] {processor.py:826} INFO - Processing file /home/vscode/.local/lib/python3.10/site-packages/airflow/example_dags/example_short_circuit_operator.py for tasks to queue
[2025-08-12T15:48:45.145+0000] {logging_mixin.py:150} INFO - [2025-08-12T15:48:45.145+0000] {dagbag.py:541} INFO - Filling up the DagBag from /home/vscode/.local/lib/python3.10/site-packages/airflow/example_dags/example_short_circuit_operator.py
[2025-08-12T15:48:45.151+0000] {processor.py:836} INFO - DAG(s) dict_keys(['example_short_circuit_operator']) retrieved from /home/vscode/.local/lib/python3.10/site-packages/airflow/example_dags/example_short_circuit_operator.py
[2025-08-12T15:48:45.168+0000] {logging_mixin.py:150} INFO - [2025-08-12T15:48:45.168+0000] {dag.py:2742} INFO - Sync 1 DAGs
[2025-08-12T15:48:45.182+0000] {logging_mixin.py:150} INFO - [2025-08-12T15:48:45.182+0000] {dag.py:3504} INFO - Setting next_dagrun for example_short_circuit_operator to 2025-08-11T15:48:45.182540+00:00, run_after=2025-08-12T15:48:45.182540+00:00
[2025-08-12T15:48:45.198+0000] {processor.py:179} INFO - Processing /home/vscode/.local/lib/python3.10/site-packages/airflow/example_dags/example_short_circuit_operator.py took 0.055 seconds
[2025-08-12T15:49:27.254+0000] {processor.py:157} INFO - Started process (PID=23125) to work on /home/vscode/.local/lib/python3.10/site-packages/airflow/example_dags/example_short_circuit_operator.py
[2025-08-12T15:49:27.255+0000] {processor.py:826} INFO - Processing file /home/vscode/.local/lib/python3.10/site-packages/airflow/example_dags/example_short_circuit_operator.py for tasks to queue
[2025-08-12T15:49:27.255+0000] {logging_mixin.py:150} INFO - [2025-08-12T15:49:27.255+0000] {dagbag.py:541} INFO - Filling up the DagBag from /home/vscode/.local/lib/python3.10/site-packages/airflow/example_dags/example_short_circuit_operator.py
[2025-08-12T15:49:27.262+0000] {processor.py:836} INFO - DAG(s) dict_keys(['example_short_circuit_operator']) retrieved from /home/vscode/.local/lib/python3.10/site-packages/airflow/example_dags/example_short_circuit_operator.py
[2025-08-12T15:49:27.276+0000] {logging_mixin.py:150} INFO - [2025-08-12T15:49:27.276+0000] {dag.py:2742} INFO - Sync 1 DAGs
[2025-08-12T15:49:27.291+0000] {logging_mixin.py:150} INFO - [2025-08-12T15:49:27.290+0000] {dag.py:3504} INFO - Setting next_dagrun for example_short_circuit_operator to 2025-08-11T15:49:27.290756+00:00, run_after=2025-08-12T15:49:27.290756+00:00
[2025-08-12T15:49:27.307+0000] {processor.py:179} INFO - Processing /home/vscode/.local/lib/python3.10/site-packages/airflow/example_dags/example_short_circuit_operator.py took 0.055 seconds
[2025-08-12T15:50:12.191+0000] {processor.py:157} INFO - Started process (PID=23555) to work on /home/vscode/.local/lib/python3.10/site-packages/airflow/example_dags/example_short_circuit_operator.py
[2025-08-12T15:50:12.192+0000] {processor.py:826} INFO - Processing file /home/vscode/.local/lib/python3.10/site-packages/airflow/example_dags/example_short_circuit_operator.py for tasks to queue
[2025-08-12T15:50:12.193+0000] {logging_mixin.py:150} INFO - [2025-08-12T15:50:12.192+0000] {dagbag.py:541} INFO - Filling up the DagBag from /home/vscode/.local/lib/python3.10/site-packages/airflow/example_dags/example_short_circuit_operator.py
[2025-08-12T15:50:12.200+0000] {processor.py:836} INFO - DAG(s) dict_keys(['example_short_circuit_operator']) retrieved from /home/vscode/.local/lib/python3.10/site-packages/airflow/example_dags/example_short_circuit_operator.py
[2025-08-12T15:50:12.214+0000] {logging_mixin.py:150} INFO - [2025-08-12T15:50:12.213+0000] {dag.py:2742} INFO - Sync 1 DAGs
[2025-08-12T15:50:12.229+0000] {logging_mixin.py:150} INFO - [2025-08-12T15:50:12.228+0000] {dag.py:3504} INFO - Setting next_dagrun for example_short_circuit_operator to 2025-08-11T15:50:12.228648+00:00, run_after=2025-08-12T15:50:12.228648+00:00
[2025-08-12T15:50:12.246+0000] {processor.py:179} INFO - Processing /home/vscode/.local/lib/python3.10/site-packages/airflow/example_dags/example_short_circuit_operator.py took 0.057 seconds
[2025-08-12T15:50:55.062+0000] {processor.py:157} INFO - Started process (PID=23939) to work on /home/vscode/.local/lib/python3.10/site-packages/airflow/example_dags/example_short_circuit_operator.py
[2025-08-12T15:50:55.063+0000] {processor.py:826} INFO - Processing file /home/vscode/.local/lib/python3.10/site-packages/airflow/example_dags/example_short_circuit_operator.py for tasks to queue
[2025-08-12T15:50:55.063+0000] {logging_mixin.py:150} INFO - [2025-08-12T15:50:55.063+0000] {dagbag.py:541} INFO - Filling up the DagBag from /home/vscode/.local/lib/python3.10/site-packages/airflow/example_dags/example_short_circuit_operator.py
[2025-08-12T15:50:55.069+0000] {processor.py:836} INFO - DAG(s) dict_keys(['example_short_circuit_operator']) retrieved from /home/vscode/.local/lib/python3.10/site-packages/airflow/example_dags/example_short_circuit_operator.py
[2025-08-12T15:50:55.083+0000] {logging_mixin.py:150} INFO - [2025-08-12T15:50:55.083+0000] {dag.py:2742} INFO - Sync 1 DAGs
[2025-08-12T15:50:55.097+0000] {logging_mixin.py:150} INFO - [2025-08-12T15:50:55.097+0000] {dag.py:3504} INFO - Setting next_dagrun for example_short_circuit_operator to 2025-08-11T15:50:55.096938+00:00, run_after=2025-08-12T15:50:55.096938+00:00
[2025-08-12T15:50:55.113+0000] {processor.py:179} INFO - Processing /home/vscode/.local/lib/python3.10/site-packages/airflow/example_dags/example_short_circuit_operator.py took 0.053 seconds
[2025-08-12T15:51:39.357+0000] {processor.py:157} INFO - Started process (PID=24233) to work on /home/vscode/.local/lib/python3.10/site-packages/airflow/example_dags/example_short_circuit_operator.py
[2025-08-12T15:51:39.358+0000] {processor.py:826} INFO - Processing file /home/vscode/.local/lib/python3.10/site-packages/airflow/example_dags/example_short_circuit_operator.py for tasks to queue
[2025-08-12T15:51:39.359+0000] {logging_mixin.py:150} INFO - [2025-08-12T15:51:39.358+0000] {dagbag.py:541} INFO - Filling up the DagBag from /home/vscode/.local/lib/python3.10/site-packages/airflow/example_dags/example_short_circuit_operator.py
[2025-08-12T15:51:39.365+0000] {processor.py:836} INFO - DAG(s) dict_keys(['example_short_circuit_operator']) retrieved from /home/vscode/.local/lib/python3.10/site-packages/airflow/example_dags/example_short_circuit_operator.py
[2025-08-12T15:51:39.379+0000] {logging_mixin.py:150} INFO - [2025-08-12T15:51:39.379+0000] {dag.py:2742} INFO - Sync 1 DAGs
[2025-08-12T15:51:39.394+0000] {logging_mixin.py:150} INFO - [2025-08-12T15:51:39.394+0000] {dag.py:3504} INFO - Setting next_dagrun for example_short_circuit_operator to 2025-08-11T15:51:39.394359+00:00, run_after=2025-08-12T15:51:39.394359+00:00
[2025-08-12T15:51:39.410+0000] {processor.py:179} INFO - Processing /home/vscode/.local/lib/python3.10/site-packages/airflow/example_dags/example_short_circuit_operator.py took 0.055 seconds
[2025-08-12T15:52:22.453+0000] {processor.py:157} INFO - Started process (PID=24520) to work on /home/vscode/.local/lib/python3.10/site-packages/airflow/example_dags/example_short_circuit_operator.py
[2025-08-12T15:52:22.454+0000] {processor.py:826} INFO - Processing file /home/vscode/.local/lib/python3.10/site-packages/airflow/example_dags/example_short_circuit_operator.py for tasks to queue
[2025-08-12T15:52:22.454+0000] {logging_mixin.py:150} INFO - [2025-08-12T15:52:22.454+0000] {dagbag.py:541} INFO - Filling up the DagBag from /home/vscode/.local/lib/python3.10/site-packages/airflow/example_dags/example_short_circuit_operator.py
[2025-08-12T15:52:22.460+0000] {processor.py:836} INFO - DAG(s) dict_keys(['example_short_circuit_operator']) retrieved from /home/vscode/.local/lib/python3.10/site-packages/airflow/example_dags/example_short_circuit_operator.py
[2025-08-12T15:52:22.473+0000] {logging_mixin.py:150} INFO - [2025-08-12T15:52:22.473+0000] {dag.py:2742} INFO - Sync 1 DAGs
[2025-08-12T15:52:22.487+0000] {logging_mixin.py:150} INFO - [2025-08-12T15:52:22.486+0000] {dag.py:3504} INFO - Setting next_dagrun for example_short_circuit_operator to 2025-08-11T15:52:22.486833+00:00, run_after=2025-08-12T15:52:22.486833+00:00
[2025-08-12T15:52:22.502+0000] {processor.py:179} INFO - Processing /home/vscode/.local/lib/python3.10/site-packages/airflow/example_dags/example_short_circuit_operator.py took 0.051 seconds
[2025-08-12T15:53:08.088+0000] {processor.py:157} INFO - Started process (PID=24871) to work on /home/vscode/.local/lib/python3.10/site-packages/airflow/example_dags/example_short_circuit_operator.py
[2025-08-12T15:53:08.089+0000] {processor.py:826} INFO - Processing file /home/vscode/.local/lib/python3.10/site-packages/airflow/example_dags/example_short_circuit_operator.py for tasks to queue
[2025-08-12T15:53:08.090+0000] {logging_mixin.py:150} INFO - [2025-08-12T15:53:08.089+0000] {dagbag.py:541} INFO - Filling up the DagBag from /home/vscode/.local/lib/python3.10/site-packages/airflow/example_dags/example_short_circuit_operator.py
[2025-08-12T15:53:08.096+0000] {processor.py:836} INFO - DAG(s) dict_keys(['example_short_circuit_operator']) retrieved from /home/vscode/.local/lib/python3.10/site-packages/airflow/example_dags/example_short_circuit_operator.py
[2025-08-12T15:53:08.110+0000] {logging_mixin.py:150} INFO - [2025-08-12T15:53:08.110+0000] {dag.py:2742} INFO - Sync 1 DAGs
[2025-08-12T15:53:08.124+0000] {logging_mixin.py:150} INFO - [2025-08-12T15:53:08.124+0000] {dag.py:3504} INFO - Setting next_dagrun for example_short_circuit_operator to 2025-08-11T15:53:08.124169+00:00, run_after=2025-08-12T15:53:08.124169+00:00
[2025-08-12T15:53:08.140+0000] {processor.py:179} INFO - Processing /home/vscode/.local/lib/python3.10/site-packages/airflow/example_dags/example_short_circuit_operator.py took 0.054 seconds
[2025-08-12T15:53:49.550+0000] {processor.py:157} INFO - Started process (PID=25184) to work on /home/vscode/.local/lib/python3.10/site-packages/airflow/example_dags/example_short_circuit_operator.py
[2025-08-12T15:53:49.551+0000] {processor.py:826} INFO - Processing file /home/vscode/.local/lib/python3.10/site-packages/airflow/example_dags/example_short_circuit_operator.py for tasks to queue
[2025-08-12T15:53:49.552+0000] {logging_mixin.py:150} INFO - [2025-08-12T15:53:49.551+0000] {dagbag.py:541} INFO - Filling up the DagBag from /home/vscode/.local/lib/python3.10/site-packages/airflow/example_dags/example_short_circuit_operator.py
[2025-08-12T15:53:49.558+0000] {processor.py:836} INFO - DAG(s) dict_keys(['example_short_circuit_operator']) retrieved from /home/vscode/.local/lib/python3.10/site-packages/airflow/example_dags/example_short_circuit_operator.py
[2025-08-12T15:53:49.572+0000] {logging_mixin.py:150} INFO - [2025-08-12T15:53:49.572+0000] {dag.py:2742} INFO - Sync 1 DAGs
[2025-08-12T15:53:49.587+0000] {logging_mixin.py:150} INFO - [2025-08-12T15:53:49.587+0000] {dag.py:3504} INFO - Setting next_dagrun for example_short_circuit_operator to 2025-08-11T15:53:49.586952+00:00, run_after=2025-08-12T15:53:49.586952+00:00
[2025-08-12T15:53:49.604+0000] {processor.py:179} INFO - Processing /home/vscode/.local/lib/python3.10/site-packages/airflow/example_dags/example_short_circuit_operator.py took 0.056 seconds
[2025-08-12T15:54:34.385+0000] {processor.py:157} INFO - Started process (PID=25534) to work on /home/vscode/.local/lib/python3.10/site-packages/airflow/example_dags/example_short_circuit_operator.py
[2025-08-12T15:54:34.386+0000] {processor.py:826} INFO - Processing file /home/vscode/.local/lib/python3.10/site-packages/airflow/example_dags/example_short_circuit_operator.py for tasks to queue
[2025-08-12T15:54:34.386+0000] {logging_mixin.py:150} INFO - [2025-08-12T15:54:34.386+0000] {dagbag.py:541} INFO - Filling up the DagBag from /home/vscode/.local/lib/python3.10/site-packages/airflow/example_dags/example_short_circuit_operator.py
[2025-08-12T15:54:34.392+0000] {processor.py:836} INFO - DAG(s) dict_keys(['example_short_circuit_operator']) retrieved from /home/vscode/.local/lib/python3.10/site-packages/airflow/example_dags/example_short_circuit_operator.py
[2025-08-12T15:54:34.406+0000] {logging_mixin.py:150} INFO - [2025-08-12T15:54:34.406+0000] {dag.py:2742} INFO - Sync 1 DAGs
[2025-08-12T15:54:34.420+0000] {logging_mixin.py:150} INFO - [2025-08-12T15:54:34.420+0000] {dag.py:3504} INFO - Setting next_dagrun for example_short_circuit_operator to 2025-08-11T15:54:34.420649+00:00, run_after=2025-08-12T15:54:34.420649+00:00
[2025-08-12T15:54:34.437+0000] {processor.py:179} INFO - Processing /home/vscode/.local/lib/python3.10/site-packages/airflow/example_dags/example_short_circuit_operator.py took 0.054 seconds
[2025-08-12T15:55:17.200+0000] {processor.py:157} INFO - Started process (PID=25861) to work on /home/vscode/.local/lib/python3.10/site-packages/airflow/example_dags/example_short_circuit_operator.py
[2025-08-12T15:55:17.201+0000] {processor.py:826} INFO - Processing file /home/vscode/.local/lib/python3.10/site-packages/airflow/example_dags/example_short_circuit_operator.py for tasks to queue
[2025-08-12T15:55:17.202+0000] {logging_mixin.py:150} INFO - [2025-08-12T15:55:17.201+0000] {dagbag.py:541} INFO - Filling up the DagBag from /home/vscode/.local/lib/python3.10/site-packages/airflow/example_dags/example_short_circuit_operator.py
[2025-08-12T15:55:17.208+0000] {processor.py:836} INFO - DAG(s) dict_keys(['example_short_circuit_operator']) retrieved from /home/vscode/.local/lib/python3.10/site-packages/airflow/example_dags/example_short_circuit_operator.py
[2025-08-12T15:55:17.221+0000] {logging_mixin.py:150} INFO - [2025-08-12T15:55:17.221+0000] {dag.py:2742} INFO - Sync 1 DAGs
[2025-08-12T15:55:17.235+0000] {logging_mixin.py:150} INFO - [2025-08-12T15:55:17.235+0000] {dag.py:3504} INFO - Setting next_dagrun for example_short_circuit_operator to 2025-08-11T15:55:17.235080+00:00, run_after=2025-08-12T15:55:17.235080+00:00
[2025-08-12T15:55:17.251+0000] {processor.py:179} INFO - Processing /home/vscode/.local/lib/python3.10/site-packages/airflow/example_dags/example_short_circuit_operator.py took 0.053 seconds
[2025-08-12T15:56:01.309+0000] {processor.py:157} INFO - Started process (PID=26205) to work on /home/vscode/.local/lib/python3.10/site-packages/airflow/example_dags/example_short_circuit_operator.py
[2025-08-12T15:56:01.309+0000] {processor.py:826} INFO - Processing file /home/vscode/.local/lib/python3.10/site-packages/airflow/example_dags/example_short_circuit_operator.py for tasks to queue
[2025-08-12T15:56:01.310+0000] {logging_mixin.py:150} INFO - [2025-08-12T15:56:01.310+0000] {dagbag.py:541} INFO - Filling up the DagBag from /home/vscode/.local/lib/python3.10/site-packages/airflow/example_dags/example_short_circuit_operator.py
[2025-08-12T15:56:01.319+0000] {processor.py:836} INFO - DAG(s) dict_keys(['example_short_circuit_operator']) retrieved from /home/vscode/.local/lib/python3.10/site-packages/airflow/example_dags/example_short_circuit_operator.py
[2025-08-12T15:56:01.335+0000] {logging_mixin.py:150} INFO - [2025-08-12T15:56:01.335+0000] {dag.py:2742} INFO - Sync 1 DAGs
[2025-08-12T15:56:01.351+0000] {logging_mixin.py:150} INFO - [2025-08-12T15:56:01.351+0000] {dag.py:3504} INFO - Setting next_dagrun for example_short_circuit_operator to 2025-08-11T15:56:01.351190+00:00, run_after=2025-08-12T15:56:01.351190+00:00
[2025-08-12T15:56:01.369+0000] {processor.py:179} INFO - Processing /home/vscode/.local/lib/python3.10/site-packages/airflow/example_dags/example_short_circuit_operator.py took 0.063 seconds
[2025-08-12T15:56:44.528+0000] {processor.py:157} INFO - Started process (PID=26532) to work on /home/vscode/.local/lib/python3.10/site-packages/airflow/example_dags/example_short_circuit_operator.py
[2025-08-12T15:56:44.529+0000] {processor.py:826} INFO - Processing file /home/vscode/.local/lib/python3.10/site-packages/airflow/example_dags/example_short_circuit_operator.py for tasks to queue
[2025-08-12T15:56:44.530+0000] {logging_mixin.py:150} INFO - [2025-08-12T15:56:44.530+0000] {dagbag.py:541} INFO - Filling up the DagBag from /home/vscode/.local/lib/python3.10/site-packages/airflow/example_dags/example_short_circuit_operator.py
[2025-08-12T15:56:44.538+0000] {processor.py:836} INFO - DAG(s) dict_keys(['example_short_circuit_operator']) retrieved from /home/vscode/.local/lib/python3.10/site-packages/airflow/example_dags/example_short_circuit_operator.py
[2025-08-12T15:56:44.559+0000] {logging_mixin.py:150} INFO - [2025-08-12T15:56:44.559+0000] {dag.py:2742} INFO - Sync 1 DAGs
[2025-08-12T15:56:44.574+0000] {logging_mixin.py:150} INFO - [2025-08-12T15:56:44.574+0000] {dag.py:3504} INFO - Setting next_dagrun for example_short_circuit_operator to 2025-08-11T15:56:44.573992+00:00, run_after=2025-08-12T15:56:44.573992+00:00
[2025-08-12T15:56:44.591+0000] {processor.py:179} INFO - Processing /home/vscode/.local/lib/python3.10/site-packages/airflow/example_dags/example_short_circuit_operator.py took 0.065 seconds
[2025-08-12T15:57:23.483+0000] {processor.py:157} INFO - Started process (PID=26830) to work on /home/vscode/.local/lib/python3.10/site-packages/airflow/example_dags/example_short_circuit_operator.py
[2025-08-12T15:57:23.483+0000] {processor.py:826} INFO - Processing file /home/vscode/.local/lib/python3.10/site-packages/airflow/example_dags/example_short_circuit_operator.py for tasks to queue
[2025-08-12T15:57:23.484+0000] {logging_mixin.py:150} INFO - [2025-08-12T15:57:23.484+0000] {dagbag.py:541} INFO - Filling up the DagBag from /home/vscode/.local/lib/python3.10/site-packages/airflow/example_dags/example_short_circuit_operator.py
[2025-08-12T15:57:23.490+0000] {processor.py:836} INFO - DAG(s) dict_keys(['example_short_circuit_operator']) retrieved from /home/vscode/.local/lib/python3.10/site-packages/airflow/example_dags/example_short_circuit_operator.py
[2025-08-12T15:57:23.504+0000] {logging_mixin.py:150} INFO - [2025-08-12T15:57:23.504+0000] {dag.py:2742} INFO - Sync 1 DAGs
[2025-08-12T15:57:23.519+0000] {logging_mixin.py:150} INFO - [2025-08-12T15:57:23.519+0000] {dag.py:3504} INFO - Setting next_dagrun for example_short_circuit_operator to 2025-08-11T15:57:23.518928+00:00, run_after=2025-08-12T15:57:23.518928+00:00
[2025-08-12T15:57:23.535+0000] {processor.py:179} INFO - Processing /home/vscode/.local/lib/python3.10/site-packages/airflow/example_dags/example_short_circuit_operator.py took 0.055 seconds
[2025-08-12T15:58:09.216+0000] {processor.py:157} INFO - Started process (PID=27153) to work on /home/vscode/.local/lib/python3.10/site-packages/airflow/example_dags/example_short_circuit_operator.py
[2025-08-12T15:58:09.217+0000] {processor.py:826} INFO - Processing file /home/vscode/.local/lib/python3.10/site-packages/airflow/example_dags/example_short_circuit_operator.py for tasks to queue
[2025-08-12T15:58:09.217+0000] {logging_mixin.py:150} INFO - [2025-08-12T15:58:09.217+0000] {dagbag.py:541} INFO - Filling up the DagBag from /home/vscode/.local/lib/python3.10/site-packages/airflow/example_dags/example_short_circuit_operator.py
[2025-08-12T15:58:09.223+0000] {processor.py:836} INFO - DAG(s) dict_keys(['example_short_circuit_operator']) retrieved from /home/vscode/.local/lib/python3.10/site-packages/airflow/example_dags/example_short_circuit_operator.py
[2025-08-12T15:58:09.236+0000] {logging_mixin.py:150} INFO - [2025-08-12T15:58:09.236+0000] {dag.py:2742} INFO - Sync 1 DAGs
[2025-08-12T15:58:09.251+0000] {logging_mixin.py:150} INFO - [2025-08-12T15:58:09.251+0000] {dag.py:3504} INFO - Setting next_dagrun for example_short_circuit_operator to 2025-08-11T15:58:09.250910+00:00, run_after=2025-08-12T15:58:09.250910+00:00
[2025-08-12T15:58:09.266+0000] {processor.py:179} INFO - Processing /home/vscode/.local/lib/python3.10/site-packages/airflow/example_dags/example_short_circuit_operator.py took 0.052 seconds
[2025-08-12T15:58:55.494+0000] {processor.py:157} INFO - Started process (PID=27463) to work on /home/vscode/.local/lib/python3.10/site-packages/airflow/example_dags/example_short_circuit_operator.py
[2025-08-12T15:58:55.494+0000] {processor.py:826} INFO - Processing file /home/vscode/.local/lib/python3.10/site-packages/airflow/example_dags/example_short_circuit_operator.py for tasks to queue
[2025-08-12T15:58:55.495+0000] {logging_mixin.py:150} INFO - [2025-08-12T15:58:55.495+0000] {dagbag.py:541} INFO - Filling up the DagBag from /home/vscode/.local/lib/python3.10/site-packages/airflow/example_dags/example_short_circuit_operator.py
[2025-08-12T15:58:55.501+0000] {processor.py:836} INFO - DAG(s) dict_keys(['example_short_circuit_operator']) retrieved from /home/vscode/.local/lib/python3.10/site-packages/airflow/example_dags/example_short_circuit_operator.py
[2025-08-12T15:58:55.514+0000] {logging_mixin.py:150} INFO - [2025-08-12T15:58:55.514+0000] {dag.py:2742} INFO - Sync 1 DAGs
[2025-08-12T15:58:55.529+0000] {logging_mixin.py:150} INFO - [2025-08-12T15:58:55.528+0000] {dag.py:3504} INFO - Setting next_dagrun for example_short_circuit_operator to 2025-08-11T15:58:55.528797+00:00, run_after=2025-08-12T15:58:55.528797+00:00
[2025-08-12T15:58:55.545+0000] {processor.py:179} INFO - Processing /home/vscode/.local/lib/python3.10/site-packages/airflow/example_dags/example_short_circuit_operator.py took 0.053 seconds
[2025-08-12T15:59:35.472+0000] {processor.py:157} INFO - Started process (PID=27732) to work on /home/vscode/.local/lib/python3.10/site-packages/airflow/example_dags/example_short_circuit_operator.py
[2025-08-12T15:59:35.473+0000] {processor.py:826} INFO - Processing file /home/vscode/.local/lib/python3.10/site-packages/airflow/example_dags/example_short_circuit_operator.py for tasks to queue
[2025-08-12T15:59:35.474+0000] {logging_mixin.py:150} INFO - [2025-08-12T15:59:35.473+0000] {dagbag.py:541} INFO - Filling up the DagBag from /home/vscode/.local/lib/python3.10/site-packages/airflow/example_dags/example_short_circuit_operator.py
[2025-08-12T15:59:35.480+0000] {processor.py:836} INFO - DAG(s) dict_keys(['example_short_circuit_operator']) retrieved from /home/vscode/.local/lib/python3.10/site-packages/airflow/example_dags/example_short_circuit_operator.py
[2025-08-12T15:59:35.493+0000] {logging_mixin.py:150} INFO - [2025-08-12T15:59:35.493+0000] {dag.py:2742} INFO - Sync 1 DAGs
[2025-08-12T15:59:35.508+0000] {logging_mixin.py:150} INFO - [2025-08-12T15:59:35.508+0000] {dag.py:3504} INFO - Setting next_dagrun for example_short_circuit_operator to 2025-08-11T15:59:35.508041+00:00, run_after=2025-08-12T15:59:35.508041+00:00
[2025-08-12T15:59:35.523+0000] {processor.py:179} INFO - Processing /home/vscode/.local/lib/python3.10/site-packages/airflow/example_dags/example_short_circuit_operator.py took 0.053 seconds
[2025-08-12T16:00:16.574+0000] {processor.py:157} INFO - Started process (PID=28008) to work on /home/vscode/.local/lib/python3.10/site-packages/airflow/example_dags/example_short_circuit_operator.py
[2025-08-12T16:00:16.575+0000] {processor.py:826} INFO - Processing file /home/vscode/.local/lib/python3.10/site-packages/airflow/example_dags/example_short_circuit_operator.py for tasks to queue
[2025-08-12T16:00:16.575+0000] {logging_mixin.py:150} INFO - [2025-08-12T16:00:16.575+0000] {dagbag.py:541} INFO - Filling up the DagBag from /home/vscode/.local/lib/python3.10/site-packages/airflow/example_dags/example_short_circuit_operator.py
[2025-08-12T16:00:16.582+0000] {processor.py:836} INFO - DAG(s) dict_keys(['example_short_circuit_operator']) retrieved from /home/vscode/.local/lib/python3.10/site-packages/airflow/example_dags/example_short_circuit_operator.py
[2025-08-12T16:00:16.595+0000] {logging_mixin.py:150} INFO - [2025-08-12T16:00:16.595+0000] {dag.py:2742} INFO - Sync 1 DAGs
[2025-08-12T16:00:16.609+0000] {logging_mixin.py:150} INFO - [2025-08-12T16:00:16.609+0000] {dag.py:3504} INFO - Setting next_dagrun for example_short_circuit_operator to 2025-08-11T16:00:16.609655+00:00, run_after=2025-08-12T16:00:16.609655+00:00
[2025-08-12T16:00:16.626+0000] {processor.py:179} INFO - Processing /home/vscode/.local/lib/python3.10/site-packages/airflow/example_dags/example_short_circuit_operator.py took 0.054 seconds
[2025-08-12T16:01:01.076+0000] {processor.py:157} INFO - Started process (PID=28425) to work on /home/vscode/.local/lib/python3.10/site-packages/airflow/example_dags/example_short_circuit_operator.py
[2025-08-12T16:01:01.076+0000] {processor.py:826} INFO - Processing file /home/vscode/.local/lib/python3.10/site-packages/airflow/example_dags/example_short_circuit_operator.py for tasks to queue
[2025-08-12T16:01:01.077+0000] {logging_mixin.py:150} INFO - [2025-08-12T16:01:01.077+0000] {dagbag.py:541} INFO - Filling up the DagBag from /home/vscode/.local/lib/python3.10/site-packages/airflow/example_dags/example_short_circuit_operator.py
[2025-08-12T16:01:01.083+0000] {processor.py:836} INFO - DAG(s) dict_keys(['example_short_circuit_operator']) retrieved from /home/vscode/.local/lib/python3.10/site-packages/airflow/example_dags/example_short_circuit_operator.py
[2025-08-12T16:01:01.100+0000] {logging_mixin.py:150} INFO - [2025-08-12T16:01:01.100+0000] {dag.py:2742} INFO - Sync 1 DAGs
[2025-08-12T16:01:01.114+0000] {logging_mixin.py:150} INFO - [2025-08-12T16:01:01.114+0000] {dag.py:3504} INFO - Setting next_dagrun for example_short_circuit_operator to 2025-08-11T16:01:01.114490+00:00, run_after=2025-08-12T16:01:01.114490+00:00
[2025-08-12T16:01:01.130+0000] {processor.py:179} INFO - Processing /home/vscode/.local/lib/python3.10/site-packages/airflow/example_dags/example_short_circuit_operator.py took 0.056 seconds
[2025-08-12T16:01:47.937+0000] {processor.py:157} INFO - Started process (PID=28774) to work on /home/vscode/.local/lib/python3.10/site-packages/airflow/example_dags/example_short_circuit_operator.py
[2025-08-12T16:01:47.938+0000] {processor.py:826} INFO - Processing file /home/vscode/.local/lib/python3.10/site-packages/airflow/example_dags/example_short_circuit_operator.py for tasks to queue
[2025-08-12T16:01:47.938+0000] {logging_mixin.py:150} INFO - [2025-08-12T16:01:47.938+0000] {dagbag.py:541} INFO - Filling up the DagBag from /home/vscode/.local/lib/python3.10/site-packages/airflow/example_dags/example_short_circuit_operator.py
[2025-08-12T16:01:47.945+0000] {processor.py:836} INFO - DAG(s) dict_keys(['example_short_circuit_operator']) retrieved from /home/vscode/.local/lib/python3.10/site-packages/airflow/example_dags/example_short_circuit_operator.py
[2025-08-12T16:01:47.958+0000] {logging_mixin.py:150} INFO - [2025-08-12T16:01:47.957+0000] {dag.py:2742} INFO - Sync 1 DAGs
[2025-08-12T16:01:47.972+0000] {logging_mixin.py:150} INFO - [2025-08-12T16:01:47.972+0000] {dag.py:3504} INFO - Setting next_dagrun for example_short_circuit_operator to 2025-08-11T16:01:47.971932+00:00, run_after=2025-08-12T16:01:47.971932+00:00
[2025-08-12T16:01:47.987+0000] {processor.py:179} INFO - Processing /home/vscode/.local/lib/python3.10/site-packages/airflow/example_dags/example_short_circuit_operator.py took 0.052 seconds
[2025-08-12T16:02:31.187+0000] {processor.py:157} INFO - Started process (PID=29067) to work on /home/vscode/.local/lib/python3.10/site-packages/airflow/example_dags/example_short_circuit_operator.py
[2025-08-12T16:02:31.187+0000] {processor.py:826} INFO - Processing file /home/vscode/.local/lib/python3.10/site-packages/airflow/example_dags/example_short_circuit_operator.py for tasks to queue
[2025-08-12T16:02:31.188+0000] {logging_mixin.py:150} INFO - [2025-08-12T16:02:31.188+0000] {dagbag.py:541} INFO - Filling up the DagBag from /home/vscode/.local/lib/python3.10/site-packages/airflow/example_dags/example_short_circuit_operator.py
[2025-08-12T16:02:31.194+0000] {processor.py:836} INFO - DAG(s) dict_keys(['example_short_circuit_operator']) retrieved from /home/vscode/.local/lib/python3.10/site-packages/airflow/example_dags/example_short_circuit_operator.py
[2025-08-12T16:02:31.207+0000] {logging_mixin.py:150} INFO - [2025-08-12T16:02:31.207+0000] {dag.py:2742} INFO - Sync 1 DAGs
[2025-08-12T16:02:31.222+0000] {logging_mixin.py:150} INFO - [2025-08-12T16:02:31.221+0000] {dag.py:3504} INFO - Setting next_dagrun for example_short_circuit_operator to 2025-08-11T16:02:31.221800+00:00, run_after=2025-08-12T16:02:31.221800+00:00
[2025-08-12T16:02:31.238+0000] {processor.py:179} INFO - Processing /home/vscode/.local/lib/python3.10/site-packages/airflow/example_dags/example_short_circuit_operator.py took 0.054 seconds
[2025-08-12T16:03:09.001+0000] {processor.py:157} INFO - Started process (PID=29317) to work on /home/vscode/.local/lib/python3.10/site-packages/airflow/example_dags/example_short_circuit_operator.py
[2025-08-12T16:03:09.001+0000] {processor.py:826} INFO - Processing file /home/vscode/.local/lib/python3.10/site-packages/airflow/example_dags/example_short_circuit_operator.py for tasks to queue
[2025-08-12T16:03:09.002+0000] {logging_mixin.py:150} INFO - [2025-08-12T16:03:09.002+0000] {dagbag.py:541} INFO - Filling up the DagBag from /home/vscode/.local/lib/python3.10/site-packages/airflow/example_dags/example_short_circuit_operator.py
[2025-08-12T16:03:09.008+0000] {processor.py:836} INFO - DAG(s) dict_keys(['example_short_circuit_operator']) retrieved from /home/vscode/.local/lib/python3.10/site-packages/airflow/example_dags/example_short_circuit_operator.py
[2025-08-12T16:03:09.022+0000] {logging_mixin.py:150} INFO - [2025-08-12T16:03:09.022+0000] {dag.py:2742} INFO - Sync 1 DAGs
[2025-08-12T16:03:09.041+0000] {logging_mixin.py:150} INFO - [2025-08-12T16:03:09.041+0000] {dag.py:3504} INFO - Setting next_dagrun for example_short_circuit_operator to 2025-08-11T16:03:09.041476+00:00, run_after=2025-08-12T16:03:09.041476+00:00
[2025-08-12T16:03:09.057+0000] {processor.py:179} INFO - Processing /home/vscode/.local/lib/python3.10/site-packages/airflow/example_dags/example_short_circuit_operator.py took 0.059 seconds
[2025-08-12T16:03:54.621+0000] {processor.py:157} INFO - Started process (PID=29624) to work on /home/vscode/.local/lib/python3.10/site-packages/airflow/example_dags/example_short_circuit_operator.py
[2025-08-12T16:03:54.622+0000] {processor.py:826} INFO - Processing file /home/vscode/.local/lib/python3.10/site-packages/airflow/example_dags/example_short_circuit_operator.py for tasks to queue
[2025-08-12T16:03:54.622+0000] {logging_mixin.py:150} INFO - [2025-08-12T16:03:54.622+0000] {dagbag.py:541} INFO - Filling up the DagBag from /home/vscode/.local/lib/python3.10/site-packages/airflow/example_dags/example_short_circuit_operator.py
[2025-08-12T16:03:54.628+0000] {processor.py:836} INFO - DAG(s) dict_keys(['example_short_circuit_operator']) retrieved from /home/vscode/.local/lib/python3.10/site-packages/airflow/example_dags/example_short_circuit_operator.py
[2025-08-12T16:03:54.641+0000] {logging_mixin.py:150} INFO - [2025-08-12T16:03:54.641+0000] {dag.py:2742} INFO - Sync 1 DAGs
[2025-08-12T16:03:54.655+0000] {logging_mixin.py:150} INFO - [2025-08-12T16:03:54.655+0000] {dag.py:3504} INFO - Setting next_dagrun for example_short_circuit_operator to 2025-08-11T16:03:54.655427+00:00, run_after=2025-08-12T16:03:54.655427+00:00
[2025-08-12T16:03:54.671+0000] {processor.py:179} INFO - Processing /home/vscode/.local/lib/python3.10/site-packages/airflow/example_dags/example_short_circuit_operator.py took 0.052 seconds
[2025-08-12T16:04:43.696+0000] {processor.py:157} INFO - Started process (PID=29951) to work on /home/vscode/.local/lib/python3.10/site-packages/airflow/example_dags/example_short_circuit_operator.py
[2025-08-12T16:04:43.697+0000] {processor.py:826} INFO - Processing file /home/vscode/.local/lib/python3.10/site-packages/airflow/example_dags/example_short_circuit_operator.py for tasks to queue
[2025-08-12T16:04:43.698+0000] {logging_mixin.py:150} INFO - [2025-08-12T16:04:43.697+0000] {dagbag.py:541} INFO - Filling up the DagBag from /home/vscode/.local/lib/python3.10/site-packages/airflow/example_dags/example_short_circuit_operator.py
[2025-08-12T16:04:43.704+0000] {processor.py:836} INFO - DAG(s) dict_keys(['example_short_circuit_operator']) retrieved from /home/vscode/.local/lib/python3.10/site-packages/airflow/example_dags/example_short_circuit_operator.py
[2025-08-12T16:04:43.717+0000] {logging_mixin.py:150} INFO - [2025-08-12T16:04:43.717+0000] {dag.py:2742} INFO - Sync 1 DAGs
[2025-08-12T16:04:43.731+0000] {logging_mixin.py:150} INFO - [2025-08-12T16:04:43.731+0000] {dag.py:3504} INFO - Setting next_dagrun for example_short_circuit_operator to 2025-08-11T16:04:43.731425+00:00, run_after=2025-08-12T16:04:43.731425+00:00
[2025-08-12T16:04:43.747+0000] {processor.py:179} INFO - Processing /home/vscode/.local/lib/python3.10/site-packages/airflow/example_dags/example_short_circuit_operator.py took 0.053 seconds
[2025-08-12T16:05:28.224+0000] {processor.py:157} INFO - Started process (PID=30246) to work on /home/vscode/.local/lib/python3.10/site-packages/airflow/example_dags/example_short_circuit_operator.py
[2025-08-12T16:05:28.225+0000] {processor.py:826} INFO - Processing file /home/vscode/.local/lib/python3.10/site-packages/airflow/example_dags/example_short_circuit_operator.py for tasks to queue
[2025-08-12T16:05:28.226+0000] {logging_mixin.py:150} INFO - [2025-08-12T16:05:28.225+0000] {dagbag.py:541} INFO - Filling up the DagBag from /home/vscode/.local/lib/python3.10/site-packages/airflow/example_dags/example_short_circuit_operator.py
[2025-08-12T16:05:28.232+0000] {processor.py:836} INFO - DAG(s) dict_keys(['example_short_circuit_operator']) retrieved from /home/vscode/.local/lib/python3.10/site-packages/airflow/example_dags/example_short_circuit_operator.py
[2025-08-12T16:05:28.246+0000] {logging_mixin.py:150} INFO - [2025-08-12T16:05:28.246+0000] {dag.py:2742} INFO - Sync 1 DAGs
[2025-08-12T16:05:28.261+0000] {logging_mixin.py:150} INFO - [2025-08-12T16:05:28.261+0000] {dag.py:3504} INFO - Setting next_dagrun for example_short_circuit_operator to 2025-08-11T16:05:28.261235+00:00, run_after=2025-08-12T16:05:28.261235+00:00
[2025-08-12T16:05:28.277+0000] {processor.py:179} INFO - Processing /home/vscode/.local/lib/python3.10/site-packages/airflow/example_dags/example_short_circuit_operator.py took 0.055 seconds
[2025-08-12T16:06:12.224+0000] {processor.py:157} INFO - Started process (PID=30534) to work on /home/vscode/.local/lib/python3.10/site-packages/airflow/example_dags/example_short_circuit_operator.py
[2025-08-12T16:06:12.225+0000] {processor.py:826} INFO - Processing file /home/vscode/.local/lib/python3.10/site-packages/airflow/example_dags/example_short_circuit_operator.py for tasks to queue
[2025-08-12T16:06:12.225+0000] {logging_mixin.py:150} INFO - [2025-08-12T16:06:12.225+0000] {dagbag.py:541} INFO - Filling up the DagBag from /home/vscode/.local/lib/python3.10/site-packages/airflow/example_dags/example_short_circuit_operator.py
[2025-08-12T16:06:12.231+0000] {processor.py:836} INFO - DAG(s) dict_keys(['example_short_circuit_operator']) retrieved from /home/vscode/.local/lib/python3.10/site-packages/airflow/example_dags/example_short_circuit_operator.py
[2025-08-12T16:06:12.256+0000] {logging_mixin.py:150} INFO - [2025-08-12T16:06:12.255+0000] {dag.py:2742} INFO - Sync 1 DAGs
[2025-08-12T16:06:12.288+0000] {logging_mixin.py:150} INFO - [2025-08-12T16:06:12.288+0000] {dag.py:3504} INFO - Setting next_dagrun for example_short_circuit_operator to 2025-08-11T16:06:12.287567+00:00, run_after=2025-08-12T16:06:12.287567+00:00
[2025-08-12T16:06:12.311+0000] {processor.py:179} INFO - Processing /home/vscode/.local/lib/python3.10/site-packages/airflow/example_dags/example_short_circuit_operator.py took 0.090 seconds
[2025-08-12T16:06:59.555+0000] {processor.py:157} INFO - Started process (PID=30858) to work on /home/vscode/.local/lib/python3.10/site-packages/airflow/example_dags/example_short_circuit_operator.py
[2025-08-12T16:06:59.556+0000] {processor.py:826} INFO - Processing file /home/vscode/.local/lib/python3.10/site-packages/airflow/example_dags/example_short_circuit_operator.py for tasks to queue
[2025-08-12T16:06:59.556+0000] {logging_mixin.py:150} INFO - [2025-08-12T16:06:59.556+0000] {dagbag.py:541} INFO - Filling up the DagBag from /home/vscode/.local/lib/python3.10/site-packages/airflow/example_dags/example_short_circuit_operator.py
[2025-08-12T16:06:59.563+0000] {processor.py:836} INFO - DAG(s) dict_keys(['example_short_circuit_operator']) retrieved from /home/vscode/.local/lib/python3.10/site-packages/airflow/example_dags/example_short_circuit_operator.py
[2025-08-12T16:06:59.576+0000] {logging_mixin.py:150} INFO - [2025-08-12T16:06:59.576+0000] {dag.py:2742} INFO - Sync 1 DAGs
[2025-08-12T16:06:59.590+0000] {logging_mixin.py:150} INFO - [2025-08-12T16:06:59.590+0000] {dag.py:3504} INFO - Setting next_dagrun for example_short_circuit_operator to 2025-08-11T16:06:59.590506+00:00, run_after=2025-08-12T16:06:59.590506+00:00
[2025-08-12T16:06:59.606+0000] {processor.py:179} INFO - Processing /home/vscode/.local/lib/python3.10/site-packages/airflow/example_dags/example_short_circuit_operator.py took 0.053 seconds
[2025-08-12T16:07:39.825+0000] {processor.py:157} INFO - Started process (PID=31120) to work on /home/vscode/.local/lib/python3.10/site-packages/airflow/example_dags/example_short_circuit_operator.py
[2025-08-12T16:07:39.826+0000] {processor.py:826} INFO - Processing file /home/vscode/.local/lib/python3.10/site-packages/airflow/example_dags/example_short_circuit_operator.py for tasks to queue
[2025-08-12T16:07:39.826+0000] {logging_mixin.py:150} INFO - [2025-08-12T16:07:39.826+0000] {dagbag.py:541} INFO - Filling up the DagBag from /home/vscode/.local/lib/python3.10/site-packages/airflow/example_dags/example_short_circuit_operator.py
[2025-08-12T16:07:39.833+0000] {processor.py:836} INFO - DAG(s) dict_keys(['example_short_circuit_operator']) retrieved from /home/vscode/.local/lib/python3.10/site-packages/airflow/example_dags/example_short_circuit_operator.py
[2025-08-12T16:07:39.846+0000] {logging_mixin.py:150} INFO - [2025-08-12T16:07:39.846+0000] {dag.py:2742} INFO - Sync 1 DAGs
[2025-08-12T16:07:39.861+0000] {logging_mixin.py:150} INFO - [2025-08-12T16:07:39.861+0000] {dag.py:3504} INFO - Setting next_dagrun for example_short_circuit_operator to 2025-08-11T16:07:39.861114+00:00, run_after=2025-08-12T16:07:39.861114+00:00
[2025-08-12T16:07:39.877+0000] {processor.py:179} INFO - Processing /home/vscode/.local/lib/python3.10/site-packages/airflow/example_dags/example_short_circuit_operator.py took 0.054 seconds
[2025-08-12T16:08:21.937+0000] {processor.py:157} INFO - Started process (PID=31405) to work on /home/vscode/.local/lib/python3.10/site-packages/airflow/example_dags/example_short_circuit_operator.py
[2025-08-12T16:08:21.938+0000] {processor.py:826} INFO - Processing file /home/vscode/.local/lib/python3.10/site-packages/airflow/example_dags/example_short_circuit_operator.py for tasks to queue
[2025-08-12T16:08:21.939+0000] {logging_mixin.py:150} INFO - [2025-08-12T16:08:21.938+0000] {dagbag.py:541} INFO - Filling up the DagBag from /home/vscode/.local/lib/python3.10/site-packages/airflow/example_dags/example_short_circuit_operator.py
[2025-08-12T16:08:21.944+0000] {processor.py:836} INFO - DAG(s) dict_keys(['example_short_circuit_operator']) retrieved from /home/vscode/.local/lib/python3.10/site-packages/airflow/example_dags/example_short_circuit_operator.py
[2025-08-12T16:08:21.957+0000] {logging_mixin.py:150} INFO - [2025-08-12T16:08:21.957+0000] {dag.py:2742} INFO - Sync 1 DAGs
[2025-08-12T16:08:21.971+0000] {logging_mixin.py:150} INFO - [2025-08-12T16:08:21.971+0000] {dag.py:3504} INFO - Setting next_dagrun for example_short_circuit_operator to 2025-08-11T16:08:21.971274+00:00, run_after=2025-08-12T16:08:21.971274+00:00
[2025-08-12T16:08:21.987+0000] {processor.py:179} INFO - Processing /home/vscode/.local/lib/python3.10/site-packages/airflow/example_dags/example_short_circuit_operator.py took 0.052 seconds
[2025-08-12T16:09:03.619+0000] {processor.py:157} INFO - Started process (PID=31680) to work on /home/vscode/.local/lib/python3.10/site-packages/airflow/example_dags/example_short_circuit_operator.py
[2025-08-12T16:09:03.620+0000] {processor.py:826} INFO - Processing file /home/vscode/.local/lib/python3.10/site-packages/airflow/example_dags/example_short_circuit_operator.py for tasks to queue
[2025-08-12T16:09:03.621+0000] {logging_mixin.py:150} INFO - [2025-08-12T16:09:03.620+0000] {dagbag.py:541} INFO - Filling up the DagBag from /home/vscode/.local/lib/python3.10/site-packages/airflow/example_dags/example_short_circuit_operator.py
[2025-08-12T16:09:03.627+0000] {processor.py:836} INFO - DAG(s) dict_keys(['example_short_circuit_operator']) retrieved from /home/vscode/.local/lib/python3.10/site-packages/airflow/example_dags/example_short_circuit_operator.py
[2025-08-12T16:09:03.640+0000] {logging_mixin.py:150} INFO - [2025-08-12T16:09:03.640+0000] {dag.py:2742} INFO - Sync 1 DAGs
[2025-08-12T16:09:03.654+0000] {logging_mixin.py:150} INFO - [2025-08-12T16:09:03.653+0000] {dag.py:3504} INFO - Setting next_dagrun for example_short_circuit_operator to 2025-08-11T16:09:03.653818+00:00, run_after=2025-08-12T16:09:03.653818+00:00
[2025-08-12T16:09:03.669+0000] {processor.py:179} INFO - Processing /home/vscode/.local/lib/python3.10/site-packages/airflow/example_dags/example_short_circuit_operator.py took 0.051 seconds
[2025-08-12T16:09:48.010+0000] {processor.py:157} INFO - Started process (PID=31981) to work on /home/vscode/.local/lib/python3.10/site-packages/airflow/example_dags/example_short_circuit_operator.py
[2025-08-12T16:09:48.011+0000] {processor.py:826} INFO - Processing file /home/vscode/.local/lib/python3.10/site-packages/airflow/example_dags/example_short_circuit_operator.py for tasks to queue
[2025-08-12T16:09:48.012+0000] {logging_mixin.py:150} INFO - [2025-08-12T16:09:48.011+0000] {dagbag.py:541} INFO - Filling up the DagBag from /home/vscode/.local/lib/python3.10/site-packages/airflow/example_dags/example_short_circuit_operator.py
[2025-08-12T16:09:48.019+0000] {processor.py:836} INFO - DAG(s) dict_keys(['example_short_circuit_operator']) retrieved from /home/vscode/.local/lib/python3.10/site-packages/airflow/example_dags/example_short_circuit_operator.py
[2025-08-12T16:09:48.032+0000] {logging_mixin.py:150} INFO - [2025-08-12T16:09:48.032+0000] {dag.py:2742} INFO - Sync 1 DAGs
[2025-08-12T16:09:48.047+0000] {logging_mixin.py:150} INFO - [2025-08-12T16:09:48.046+0000] {dag.py:3504} INFO - Setting next_dagrun for example_short_circuit_operator to 2025-08-11T16:09:48.046758+00:00, run_after=2025-08-12T16:09:48.046758+00:00
[2025-08-12T16:09:48.062+0000] {processor.py:179} INFO - Processing /home/vscode/.local/lib/python3.10/site-packages/airflow/example_dags/example_short_circuit_operator.py took 0.055 seconds
[2025-08-12T16:10:35.961+0000] {processor.py:157} INFO - Started process (PID=32292) to work on /home/vscode/.local/lib/python3.10/site-packages/airflow/example_dags/example_short_circuit_operator.py
[2025-08-12T16:10:35.962+0000] {processor.py:826} INFO - Processing file /home/vscode/.local/lib/python3.10/site-packages/airflow/example_dags/example_short_circuit_operator.py for tasks to queue
[2025-08-12T16:10:35.963+0000] {logging_mixin.py:150} INFO - [2025-08-12T16:10:35.963+0000] {dagbag.py:541} INFO - Filling up the DagBag from /home/vscode/.local/lib/python3.10/site-packages/airflow/example_dags/example_short_circuit_operator.py
[2025-08-12T16:10:35.972+0000] {processor.py:836} INFO - DAG(s) dict_keys(['example_short_circuit_operator']) retrieved from /home/vscode/.local/lib/python3.10/site-packages/airflow/example_dags/example_short_circuit_operator.py
[2025-08-12T16:10:35.995+0000] {logging_mixin.py:150} INFO - [2025-08-12T16:10:35.994+0000] {dag.py:2742} INFO - Sync 1 DAGs
[2025-08-12T16:10:36.015+0000] {logging_mixin.py:150} INFO - [2025-08-12T16:10:36.015+0000] {dag.py:3504} INFO - Setting next_dagrun for example_short_circuit_operator to 2025-08-11T16:10:36.015325+00:00, run_after=2025-08-12T16:10:36.015325+00:00
[2025-08-12T16:10:36.034+0000] {processor.py:179} INFO - Processing /home/vscode/.local/lib/python3.10/site-packages/airflow/example_dags/example_short_circuit_operator.py took 0.076 seconds
[2025-08-12T16:11:19.220+0000] {processor.py:157} INFO - Started process (PID=32585) to work on /home/vscode/.local/lib/python3.10/site-packages/airflow/example_dags/example_short_circuit_operator.py
[2025-08-12T16:11:19.221+0000] {processor.py:826} INFO - Processing file /home/vscode/.local/lib/python3.10/site-packages/airflow/example_dags/example_short_circuit_operator.py for tasks to queue
[2025-08-12T16:11:19.222+0000] {logging_mixin.py:150} INFO - [2025-08-12T16:11:19.221+0000] {dagbag.py:541} INFO - Filling up the DagBag from /home/vscode/.local/lib/python3.10/site-packages/airflow/example_dags/example_short_circuit_operator.py
[2025-08-12T16:11:19.229+0000] {processor.py:836} INFO - DAG(s) dict_keys(['example_short_circuit_operator']) retrieved from /home/vscode/.local/lib/python3.10/site-packages/airflow/example_dags/example_short_circuit_operator.py
[2025-08-12T16:11:19.242+0000] {logging_mixin.py:150} INFO - [2025-08-12T16:11:19.242+0000] {dag.py:2742} INFO - Sync 1 DAGs
[2025-08-12T16:11:19.257+0000] {logging_mixin.py:150} INFO - [2025-08-12T16:11:19.257+0000] {dag.py:3504} INFO - Setting next_dagrun for example_short_circuit_operator to 2025-08-11T16:11:19.257002+00:00, run_after=2025-08-12T16:11:19.257002+00:00
[2025-08-12T16:11:19.273+0000] {processor.py:179} INFO - Processing /home/vscode/.local/lib/python3.10/site-packages/airflow/example_dags/example_short_circuit_operator.py took 0.056 seconds
[2025-08-12T16:12:04.159+0000] {processor.py:157} INFO - Started process (PID=32881) to work on /home/vscode/.local/lib/python3.10/site-packages/airflow/example_dags/example_short_circuit_operator.py
[2025-08-12T16:12:04.160+0000] {processor.py:826} INFO - Processing file /home/vscode/.local/lib/python3.10/site-packages/airflow/example_dags/example_short_circuit_operator.py for tasks to queue
[2025-08-12T16:12:04.161+0000] {logging_mixin.py:150} INFO - [2025-08-12T16:12:04.160+0000] {dagbag.py:541} INFO - Filling up the DagBag from /home/vscode/.local/lib/python3.10/site-packages/airflow/example_dags/example_short_circuit_operator.py
[2025-08-12T16:12:04.167+0000] {processor.py:836} INFO - DAG(s) dict_keys(['example_short_circuit_operator']) retrieved from /home/vscode/.local/lib/python3.10/site-packages/airflow/example_dags/example_short_circuit_operator.py
[2025-08-12T16:12:04.181+0000] {logging_mixin.py:150} INFO - [2025-08-12T16:12:04.180+0000] {dag.py:2742} INFO - Sync 1 DAGs
[2025-08-12T16:12:04.195+0000] {logging_mixin.py:150} INFO - [2025-08-12T16:12:04.195+0000] {dag.py:3504} INFO - Setting next_dagrun for example_short_circuit_operator to 2025-08-11T16:12:04.195313+00:00, run_after=2025-08-12T16:12:04.195313+00:00
[2025-08-12T16:12:04.212+0000] {processor.py:179} INFO - Processing /home/vscode/.local/lib/python3.10/site-packages/airflow/example_dags/example_short_circuit_operator.py took 0.055 seconds
[2025-08-12T16:12:49.802+0000] {processor.py:157} INFO - Started process (PID=33188) to work on /home/vscode/.local/lib/python3.10/site-packages/airflow/example_dags/example_short_circuit_operator.py
[2025-08-12T16:12:49.802+0000] {processor.py:826} INFO - Processing file /home/vscode/.local/lib/python3.10/site-packages/airflow/example_dags/example_short_circuit_operator.py for tasks to queue
[2025-08-12T16:12:49.803+0000] {logging_mixin.py:150} INFO - [2025-08-12T16:12:49.803+0000] {dagbag.py:541} INFO - Filling up the DagBag from /home/vscode/.local/lib/python3.10/site-packages/airflow/example_dags/example_short_circuit_operator.py
[2025-08-12T16:12:49.809+0000] {processor.py:836} INFO - DAG(s) dict_keys(['example_short_circuit_operator']) retrieved from /home/vscode/.local/lib/python3.10/site-packages/airflow/example_dags/example_short_circuit_operator.py
[2025-08-12T16:12:49.822+0000] {logging_mixin.py:150} INFO - [2025-08-12T16:12:49.822+0000] {dag.py:2742} INFO - Sync 1 DAGs
[2025-08-12T16:12:49.836+0000] {logging_mixin.py:150} INFO - [2025-08-12T16:12:49.836+0000] {dag.py:3504} INFO - Setting next_dagrun for example_short_circuit_operator to 2025-08-11T16:12:49.836513+00:00, run_after=2025-08-12T16:12:49.836513+00:00
[2025-08-12T16:12:49.853+0000] {processor.py:179} INFO - Processing /home/vscode/.local/lib/python3.10/site-packages/airflow/example_dags/example_short_circuit_operator.py took 0.053 seconds
[2025-08-12T16:13:34.823+0000] {processor.py:157} INFO - Started process (PID=33490) to work on /home/vscode/.local/lib/python3.10/site-packages/airflow/example_dags/example_short_circuit_operator.py
[2025-08-12T16:13:34.824+0000] {processor.py:826} INFO - Processing file /home/vscode/.local/lib/python3.10/site-packages/airflow/example_dags/example_short_circuit_operator.py for tasks to queue
[2025-08-12T16:13:34.824+0000] {logging_mixin.py:150} INFO - [2025-08-12T16:13:34.824+0000] {dagbag.py:541} INFO - Filling up the DagBag from /home/vscode/.local/lib/python3.10/site-packages/airflow/example_dags/example_short_circuit_operator.py
[2025-08-12T16:13:34.832+0000] {processor.py:836} INFO - DAG(s) dict_keys(['example_short_circuit_operator']) retrieved from /home/vscode/.local/lib/python3.10/site-packages/airflow/example_dags/example_short_circuit_operator.py
[2025-08-12T16:13:34.845+0000] {logging_mixin.py:150} INFO - [2025-08-12T16:13:34.845+0000] {dag.py:2742} INFO - Sync 1 DAGs
[2025-08-12T16:13:34.859+0000] {logging_mixin.py:150} INFO - [2025-08-12T16:13:34.859+0000] {dag.py:3504} INFO - Setting next_dagrun for example_short_circuit_operator to 2025-08-11T16:13:34.859682+00:00, run_after=2025-08-12T16:13:34.859682+00:00
[2025-08-12T16:13:34.875+0000] {processor.py:179} INFO - Processing /home/vscode/.local/lib/python3.10/site-packages/airflow/example_dags/example_short_circuit_operator.py took 0.054 seconds
[2025-08-12T16:14:16.651+0000] {processor.py:157} INFO - Started process (PID=33757) to work on /home/vscode/.local/lib/python3.10/site-packages/airflow/example_dags/example_short_circuit_operator.py
[2025-08-12T16:14:16.651+0000] {processor.py:826} INFO - Processing file /home/vscode/.local/lib/python3.10/site-packages/airflow/example_dags/example_short_circuit_operator.py for tasks to queue
[2025-08-12T16:14:16.652+0000] {logging_mixin.py:150} INFO - [2025-08-12T16:14:16.652+0000] {dagbag.py:541} INFO - Filling up the DagBag from /home/vscode/.local/lib/python3.10/site-packages/airflow/example_dags/example_short_circuit_operator.py
[2025-08-12T16:14:16.658+0000] {processor.py:836} INFO - DAG(s) dict_keys(['example_short_circuit_operator']) retrieved from /home/vscode/.local/lib/python3.10/site-packages/airflow/example_dags/example_short_circuit_operator.py
[2025-08-12T16:14:16.671+0000] {logging_mixin.py:150} INFO - [2025-08-12T16:14:16.671+0000] {dag.py:2742} INFO - Sync 1 DAGs
[2025-08-12T16:14:16.686+0000] {logging_mixin.py:150} INFO - [2025-08-12T16:14:16.686+0000] {dag.py:3504} INFO - Setting next_dagrun for example_short_circuit_operator to 2025-08-11T16:14:16.686130+00:00, run_after=2025-08-12T16:14:16.686130+00:00
[2025-08-12T16:14:16.702+0000] {processor.py:179} INFO - Processing /home/vscode/.local/lib/python3.10/site-packages/airflow/example_dags/example_short_circuit_operator.py took 0.054 seconds
[2025-08-12T16:14:58.894+0000] {processor.py:157} INFO - Started process (PID=34044) to work on /home/vscode/.local/lib/python3.10/site-packages/airflow/example_dags/example_short_circuit_operator.py
[2025-08-12T16:14:58.895+0000] {processor.py:826} INFO - Processing file /home/vscode/.local/lib/python3.10/site-packages/airflow/example_dags/example_short_circuit_operator.py for tasks to queue
[2025-08-12T16:14:58.895+0000] {logging_mixin.py:150} INFO - [2025-08-12T16:14:58.895+0000] {dagbag.py:541} INFO - Filling up the DagBag from /home/vscode/.local/lib/python3.10/site-packages/airflow/example_dags/example_short_circuit_operator.py
[2025-08-12T16:14:58.904+0000] {processor.py:836} INFO - DAG(s) dict_keys(['example_short_circuit_operator']) retrieved from /home/vscode/.local/lib/python3.10/site-packages/airflow/example_dags/example_short_circuit_operator.py
[2025-08-12T16:14:58.920+0000] {logging_mixin.py:150} INFO - [2025-08-12T16:14:58.920+0000] {dag.py:2742} INFO - Sync 1 DAGs
[2025-08-12T16:14:58.934+0000] {logging_mixin.py:150} INFO - [2025-08-12T16:14:58.934+0000] {dag.py:3504} INFO - Setting next_dagrun for example_short_circuit_operator to 2025-08-11T16:14:58.934136+00:00, run_after=2025-08-12T16:14:58.934136+00:00
[2025-08-12T16:14:58.951+0000] {processor.py:179} INFO - Processing /home/vscode/.local/lib/python3.10/site-packages/airflow/example_dags/example_short_circuit_operator.py took 0.060 seconds
[2025-08-12T16:15:41.112+0000] {processor.py:157} INFO - Started process (PID=34325) to work on /home/vscode/.local/lib/python3.10/site-packages/airflow/example_dags/example_short_circuit_operator.py
[2025-08-12T16:15:41.113+0000] {processor.py:826} INFO - Processing file /home/vscode/.local/lib/python3.10/site-packages/airflow/example_dags/example_short_circuit_operator.py for tasks to queue
[2025-08-12T16:15:41.113+0000] {logging_mixin.py:150} INFO - [2025-08-12T16:15:41.113+0000] {dagbag.py:541} INFO - Filling up the DagBag from /home/vscode/.local/lib/python3.10/site-packages/airflow/example_dags/example_short_circuit_operator.py
[2025-08-12T16:15:41.119+0000] {processor.py:836} INFO - DAG(s) dict_keys(['example_short_circuit_operator']) retrieved from /home/vscode/.local/lib/python3.10/site-packages/airflow/example_dags/example_short_circuit_operator.py
[2025-08-12T16:15:41.133+0000] {logging_mixin.py:150} INFO - [2025-08-12T16:15:41.133+0000] {dag.py:2742} INFO - Sync 1 DAGs
[2025-08-12T16:15:41.149+0000] {logging_mixin.py:150} INFO - [2025-08-12T16:15:41.149+0000] {dag.py:3504} INFO - Setting next_dagrun for example_short_circuit_operator to 2025-08-11T16:15:41.149025+00:00, run_after=2025-08-12T16:15:41.149025+00:00
[2025-08-12T16:15:41.167+0000] {processor.py:179} INFO - Processing /home/vscode/.local/lib/python3.10/site-packages/airflow/example_dags/example_short_circuit_operator.py took 0.057 seconds
[2025-08-12T16:16:21.113+0000] {processor.py:157} INFO - Started process (PID=34595) to work on /home/vscode/.local/lib/python3.10/site-packages/airflow/example_dags/example_short_circuit_operator.py
[2025-08-12T16:16:21.114+0000] {processor.py:826} INFO - Processing file /home/vscode/.local/lib/python3.10/site-packages/airflow/example_dags/example_short_circuit_operator.py for tasks to queue
[2025-08-12T16:16:21.114+0000] {logging_mixin.py:150} INFO - [2025-08-12T16:16:21.114+0000] {dagbag.py:541} INFO - Filling up the DagBag from /home/vscode/.local/lib/python3.10/site-packages/airflow/example_dags/example_short_circuit_operator.py
[2025-08-12T16:16:21.120+0000] {processor.py:836} INFO - DAG(s) dict_keys(['example_short_circuit_operator']) retrieved from /home/vscode/.local/lib/python3.10/site-packages/airflow/example_dags/example_short_circuit_operator.py
[2025-08-12T16:16:21.134+0000] {logging_mixin.py:150} INFO - [2025-08-12T16:16:21.134+0000] {dag.py:2742} INFO - Sync 1 DAGs
[2025-08-12T16:16:21.148+0000] {logging_mixin.py:150} INFO - [2025-08-12T16:16:21.148+0000] {dag.py:3504} INFO - Setting next_dagrun for example_short_circuit_operator to 2025-08-11T16:16:21.148103+00:00, run_after=2025-08-12T16:16:21.148103+00:00
[2025-08-12T16:16:21.164+0000] {processor.py:179} INFO - Processing /home/vscode/.local/lib/python3.10/site-packages/airflow/example_dags/example_short_circuit_operator.py took 0.053 seconds
[2025-08-12T16:17:03.476+0000] {processor.py:157} INFO - Started process (PID=34873) to work on /home/vscode/.local/lib/python3.10/site-packages/airflow/example_dags/example_short_circuit_operator.py
[2025-08-12T16:17:03.477+0000] {processor.py:826} INFO - Processing file /home/vscode/.local/lib/python3.10/site-packages/airflow/example_dags/example_short_circuit_operator.py for tasks to queue
[2025-08-12T16:17:03.477+0000] {logging_mixin.py:150} INFO - [2025-08-12T16:17:03.477+0000] {dagbag.py:541} INFO - Filling up the DagBag from /home/vscode/.local/lib/python3.10/site-packages/airflow/example_dags/example_short_circuit_operator.py
[2025-08-12T16:17:03.483+0000] {processor.py:836} INFO - DAG(s) dict_keys(['example_short_circuit_operator']) retrieved from /home/vscode/.local/lib/python3.10/site-packages/airflow/example_dags/example_short_circuit_operator.py
[2025-08-12T16:17:03.496+0000] {logging_mixin.py:150} INFO - [2025-08-12T16:17:03.496+0000] {dag.py:2742} INFO - Sync 1 DAGs
[2025-08-12T16:17:03.511+0000] {logging_mixin.py:150} INFO - [2025-08-12T16:17:03.510+0000] {dag.py:3504} INFO - Setting next_dagrun for example_short_circuit_operator to 2025-08-11T16:17:03.510778+00:00, run_after=2025-08-12T16:17:03.510778+00:00
[2025-08-12T16:17:03.526+0000] {processor.py:179} INFO - Processing /home/vscode/.local/lib/python3.10/site-packages/airflow/example_dags/example_short_circuit_operator.py took 0.052 seconds
[2025-08-12T16:17:43.457+0000] {processor.py:157} INFO - Started process (PID=35148) to work on /home/vscode/.local/lib/python3.10/site-packages/airflow/example_dags/example_short_circuit_operator.py
[2025-08-12T16:17:43.458+0000] {processor.py:826} INFO - Processing file /home/vscode/.local/lib/python3.10/site-packages/airflow/example_dags/example_short_circuit_operator.py for tasks to queue
[2025-08-12T16:17:43.458+0000] {logging_mixin.py:150} INFO - [2025-08-12T16:17:43.458+0000] {dagbag.py:541} INFO - Filling up the DagBag from /home/vscode/.local/lib/python3.10/site-packages/airflow/example_dags/example_short_circuit_operator.py
[2025-08-12T16:17:43.465+0000] {processor.py:836} INFO - DAG(s) dict_keys(['example_short_circuit_operator']) retrieved from /home/vscode/.local/lib/python3.10/site-packages/airflow/example_dags/example_short_circuit_operator.py
[2025-08-12T16:17:43.478+0000] {logging_mixin.py:150} INFO - [2025-08-12T16:17:43.478+0000] {dag.py:2742} INFO - Sync 1 DAGs
[2025-08-12T16:17:43.493+0000] {logging_mixin.py:150} INFO - [2025-08-12T16:17:43.493+0000] {dag.py:3504} INFO - Setting next_dagrun for example_short_circuit_operator to 2025-08-11T16:17:43.493602+00:00, run_after=2025-08-12T16:17:43.493602+00:00
[2025-08-12T16:17:43.510+0000] {processor.py:179} INFO - Processing /home/vscode/.local/lib/python3.10/site-packages/airflow/example_dags/example_short_circuit_operator.py took 0.055 seconds
[2025-08-12T16:18:24.002+0000] {processor.py:157} INFO - Started process (PID=35414) to work on /home/vscode/.local/lib/python3.10/site-packages/airflow/example_dags/example_short_circuit_operator.py
[2025-08-12T16:18:24.003+0000] {processor.py:826} INFO - Processing file /home/vscode/.local/lib/python3.10/site-packages/airflow/example_dags/example_short_circuit_operator.py for tasks to queue
[2025-08-12T16:18:24.004+0000] {logging_mixin.py:150} INFO - [2025-08-12T16:18:24.003+0000] {dagbag.py:541} INFO - Filling up the DagBag from /home/vscode/.local/lib/python3.10/site-packages/airflow/example_dags/example_short_circuit_operator.py
[2025-08-12T16:18:24.010+0000] {processor.py:836} INFO - DAG(s) dict_keys(['example_short_circuit_operator']) retrieved from /home/vscode/.local/lib/python3.10/site-packages/airflow/example_dags/example_short_circuit_operator.py
[2025-08-12T16:18:24.023+0000] {logging_mixin.py:150} INFO - [2025-08-12T16:18:24.023+0000] {dag.py:2742} INFO - Sync 1 DAGs
[2025-08-12T16:18:24.038+0000] {logging_mixin.py:150} INFO - [2025-08-12T16:18:24.037+0000] {dag.py:3504} INFO - Setting next_dagrun for example_short_circuit_operator to 2025-08-11T16:18:24.037686+00:00, run_after=2025-08-12T16:18:24.037686+00:00
[2025-08-12T16:18:24.055+0000] {processor.py:179} INFO - Processing /home/vscode/.local/lib/python3.10/site-packages/airflow/example_dags/example_short_circuit_operator.py took 0.055 seconds
[2025-08-12T16:19:05.245+0000] {processor.py:157} INFO - Started process (PID=35691) to work on /home/vscode/.local/lib/python3.10/site-packages/airflow/example_dags/example_short_circuit_operator.py
[2025-08-12T16:19:05.245+0000] {processor.py:826} INFO - Processing file /home/vscode/.local/lib/python3.10/site-packages/airflow/example_dags/example_short_circuit_operator.py for tasks to queue
[2025-08-12T16:19:05.246+0000] {logging_mixin.py:150} INFO - [2025-08-12T16:19:05.245+0000] {dagbag.py:541} INFO - Filling up the DagBag from /home/vscode/.local/lib/python3.10/site-packages/airflow/example_dags/example_short_circuit_operator.py
[2025-08-12T16:19:05.252+0000] {processor.py:836} INFO - DAG(s) dict_keys(['example_short_circuit_operator']) retrieved from /home/vscode/.local/lib/python3.10/site-packages/airflow/example_dags/example_short_circuit_operator.py
[2025-08-12T16:19:05.265+0000] {logging_mixin.py:150} INFO - [2025-08-12T16:19:05.265+0000] {dag.py:2742} INFO - Sync 1 DAGs
[2025-08-12T16:19:05.279+0000] {logging_mixin.py:150} INFO - [2025-08-12T16:19:05.278+0000] {dag.py:3504} INFO - Setting next_dagrun for example_short_circuit_operator to 2025-08-11T16:19:05.278833+00:00, run_after=2025-08-12T16:19:05.278833+00:00
[2025-08-12T16:19:05.293+0000] {processor.py:179} INFO - Processing /home/vscode/.local/lib/python3.10/site-packages/airflow/example_dags/example_short_circuit_operator.py took 0.051 seconds
[2025-08-12T16:19:52.125+0000] {processor.py:157} INFO - Started process (PID=36001) to work on /home/vscode/.local/lib/python3.10/site-packages/airflow/example_dags/example_short_circuit_operator.py
[2025-08-12T16:19:52.126+0000] {processor.py:826} INFO - Processing file /home/vscode/.local/lib/python3.10/site-packages/airflow/example_dags/example_short_circuit_operator.py for tasks to queue
[2025-08-12T16:19:52.126+0000] {logging_mixin.py:150} INFO - [2025-08-12T16:19:52.126+0000] {dagbag.py:541} INFO - Filling up the DagBag from /home/vscode/.local/lib/python3.10/site-packages/airflow/example_dags/example_short_circuit_operator.py
[2025-08-12T16:19:52.133+0000] {processor.py:836} INFO - DAG(s) dict_keys(['example_short_circuit_operator']) retrieved from /home/vscode/.local/lib/python3.10/site-packages/airflow/example_dags/example_short_circuit_operator.py
[2025-08-12T16:19:52.146+0000] {logging_mixin.py:150} INFO - [2025-08-12T16:19:52.146+0000] {dag.py:2742} INFO - Sync 1 DAGs
[2025-08-12T16:19:52.161+0000] {logging_mixin.py:150} INFO - [2025-08-12T16:19:52.161+0000] {dag.py:3504} INFO - Setting next_dagrun for example_short_circuit_operator to 2025-08-11T16:19:52.161003+00:00, run_after=2025-08-12T16:19:52.161003+00:00
[2025-08-12T16:19:52.176+0000] {processor.py:179} INFO - Processing /home/vscode/.local/lib/python3.10/site-packages/airflow/example_dags/example_short_circuit_operator.py took 0.054 seconds
[2025-08-12T16:20:38.313+0000] {processor.py:157} INFO - Started process (PID=36304) to work on /home/vscode/.local/lib/python3.10/site-packages/airflow/example_dags/example_short_circuit_operator.py
[2025-08-12T16:20:38.313+0000] {processor.py:826} INFO - Processing file /home/vscode/.local/lib/python3.10/site-packages/airflow/example_dags/example_short_circuit_operator.py for tasks to queue
[2025-08-12T16:20:38.314+0000] {logging_mixin.py:150} INFO - [2025-08-12T16:20:38.314+0000] {dagbag.py:541} INFO - Filling up the DagBag from /home/vscode/.local/lib/python3.10/site-packages/airflow/example_dags/example_short_circuit_operator.py
[2025-08-12T16:20:38.320+0000] {processor.py:836} INFO - DAG(s) dict_keys(['example_short_circuit_operator']) retrieved from /home/vscode/.local/lib/python3.10/site-packages/airflow/example_dags/example_short_circuit_operator.py
[2025-08-12T16:20:38.333+0000] {logging_mixin.py:150} INFO - [2025-08-12T16:20:38.333+0000] {dag.py:2742} INFO - Sync 1 DAGs
[2025-08-12T16:20:38.347+0000] {logging_mixin.py:150} INFO - [2025-08-12T16:20:38.347+0000] {dag.py:3504} INFO - Setting next_dagrun for example_short_circuit_operator to 2025-08-11T16:20:38.347428+00:00, run_after=2025-08-12T16:20:38.347428+00:00
[2025-08-12T16:20:38.363+0000] {processor.py:179} INFO - Processing /home/vscode/.local/lib/python3.10/site-packages/airflow/example_dags/example_short_circuit_operator.py took 0.052 seconds
[2025-08-12T16:21:18.440+0000] {processor.py:157} INFO - Started process (PID=36572) to work on /home/vscode/.local/lib/python3.10/site-packages/airflow/example_dags/example_short_circuit_operator.py
[2025-08-12T16:21:18.441+0000] {processor.py:826} INFO - Processing file /home/vscode/.local/lib/python3.10/site-packages/airflow/example_dags/example_short_circuit_operator.py for tasks to queue
[2025-08-12T16:21:18.441+0000] {logging_mixin.py:150} INFO - [2025-08-12T16:21:18.441+0000] {dagbag.py:541} INFO - Filling up the DagBag from /home/vscode/.local/lib/python3.10/site-packages/airflow/example_dags/example_short_circuit_operator.py
[2025-08-12T16:21:18.450+0000] {processor.py:836} INFO - DAG(s) dict_keys(['example_short_circuit_operator']) retrieved from /home/vscode/.local/lib/python3.10/site-packages/airflow/example_dags/example_short_circuit_operator.py
[2025-08-12T16:21:18.464+0000] {logging_mixin.py:150} INFO - [2025-08-12T16:21:18.464+0000] {dag.py:2742} INFO - Sync 1 DAGs
[2025-08-12T16:21:18.479+0000] {logging_mixin.py:150} INFO - [2025-08-12T16:21:18.478+0000] {dag.py:3504} INFO - Setting next_dagrun for example_short_circuit_operator to 2025-08-11T16:21:18.478835+00:00, run_after=2025-08-12T16:21:18.478835+00:00
[2025-08-12T16:21:18.494+0000] {processor.py:179} INFO - Processing /home/vscode/.local/lib/python3.10/site-packages/airflow/example_dags/example_short_circuit_operator.py took 0.056 seconds
[2025-08-12T16:22:01.548+0000] {processor.py:157} INFO - Started process (PID=36864) to work on /home/vscode/.local/lib/python3.10/site-packages/airflow/example_dags/example_short_circuit_operator.py
[2025-08-12T16:22:01.548+0000] {processor.py:826} INFO - Processing file /home/vscode/.local/lib/python3.10/site-packages/airflow/example_dags/example_short_circuit_operator.py for tasks to queue
[2025-08-12T16:22:01.549+0000] {logging_mixin.py:150} INFO - [2025-08-12T16:22:01.549+0000] {dagbag.py:541} INFO - Filling up the DagBag from /home/vscode/.local/lib/python3.10/site-packages/airflow/example_dags/example_short_circuit_operator.py
[2025-08-12T16:22:01.555+0000] {processor.py:836} INFO - DAG(s) dict_keys(['example_short_circuit_operator']) retrieved from /home/vscode/.local/lib/python3.10/site-packages/airflow/example_dags/example_short_circuit_operator.py
[2025-08-12T16:22:01.568+0000] {logging_mixin.py:150} INFO - [2025-08-12T16:22:01.568+0000] {dag.py:2742} INFO - Sync 1 DAGs
[2025-08-12T16:22:01.582+0000] {logging_mixin.py:150} INFO - [2025-08-12T16:22:01.582+0000] {dag.py:3504} INFO - Setting next_dagrun for example_short_circuit_operator to 2025-08-11T16:22:01.582221+00:00, run_after=2025-08-12T16:22:01.582221+00:00
[2025-08-12T16:22:01.599+0000] {processor.py:179} INFO - Processing /home/vscode/.local/lib/python3.10/site-packages/airflow/example_dags/example_short_circuit_operator.py took 0.053 seconds
[2025-08-12T16:22:41.221+0000] {processor.py:157} INFO - Started process (PID=37124) to work on /home/vscode/.local/lib/python3.10/site-packages/airflow/example_dags/example_short_circuit_operator.py
[2025-08-12T16:22:41.222+0000] {processor.py:826} INFO - Processing file /home/vscode/.local/lib/python3.10/site-packages/airflow/example_dags/example_short_circuit_operator.py for tasks to queue
[2025-08-12T16:22:41.223+0000] {logging_mixin.py:150} INFO - [2025-08-12T16:22:41.222+0000] {dagbag.py:541} INFO - Filling up the DagBag from /home/vscode/.local/lib/python3.10/site-packages/airflow/example_dags/example_short_circuit_operator.py
[2025-08-12T16:22:41.230+0000] {processor.py:836} INFO - DAG(s) dict_keys(['example_short_circuit_operator']) retrieved from /home/vscode/.local/lib/python3.10/site-packages/airflow/example_dags/example_short_circuit_operator.py
[2025-08-12T16:22:41.243+0000] {logging_mixin.py:150} INFO - [2025-08-12T16:22:41.243+0000] {dag.py:2742} INFO - Sync 1 DAGs
[2025-08-12T16:22:41.257+0000] {logging_mixin.py:150} INFO - [2025-08-12T16:22:41.257+0000] {dag.py:3504} INFO - Setting next_dagrun for example_short_circuit_operator to 2025-08-11T16:22:41.256863+00:00, run_after=2025-08-12T16:22:41.256863+00:00
[2025-08-12T16:22:41.273+0000] {processor.py:179} INFO - Processing /home/vscode/.local/lib/python3.10/site-packages/airflow/example_dags/example_short_circuit_operator.py took 0.054 seconds
[2025-08-12T16:23:27.221+0000] {processor.py:157} INFO - Started process (PID=37432) to work on /home/vscode/.local/lib/python3.10/site-packages/airflow/example_dags/example_short_circuit_operator.py
[2025-08-12T16:23:27.221+0000] {processor.py:826} INFO - Processing file /home/vscode/.local/lib/python3.10/site-packages/airflow/example_dags/example_short_circuit_operator.py for tasks to queue
[2025-08-12T16:23:27.222+0000] {logging_mixin.py:150} INFO - [2025-08-12T16:23:27.222+0000] {dagbag.py:541} INFO - Filling up the DagBag from /home/vscode/.local/lib/python3.10/site-packages/airflow/example_dags/example_short_circuit_operator.py
[2025-08-12T16:23:27.228+0000] {processor.py:836} INFO - DAG(s) dict_keys(['example_short_circuit_operator']) retrieved from /home/vscode/.local/lib/python3.10/site-packages/airflow/example_dags/example_short_circuit_operator.py
[2025-08-12T16:23:27.241+0000] {logging_mixin.py:150} INFO - [2025-08-12T16:23:27.241+0000] {dag.py:2742} INFO - Sync 1 DAGs
[2025-08-12T16:23:27.255+0000] {logging_mixin.py:150} INFO - [2025-08-12T16:23:27.255+0000] {dag.py:3504} INFO - Setting next_dagrun for example_short_circuit_operator to 2025-08-11T16:23:27.255404+00:00, run_after=2025-08-12T16:23:27.255404+00:00
[2025-08-12T16:23:27.271+0000] {processor.py:179} INFO - Processing /home/vscode/.local/lib/python3.10/site-packages/airflow/example_dags/example_short_circuit_operator.py took 0.052 seconds
[2025-08-12T16:24:11.173+0000] {processor.py:157} INFO - Started process (PID=37719) to work on /home/vscode/.local/lib/python3.10/site-packages/airflow/example_dags/example_short_circuit_operator.py
[2025-08-12T16:24:11.174+0000] {processor.py:826} INFO - Processing file /home/vscode/.local/lib/python3.10/site-packages/airflow/example_dags/example_short_circuit_operator.py for tasks to queue
[2025-08-12T16:24:11.175+0000] {logging_mixin.py:150} INFO - [2025-08-12T16:24:11.174+0000] {dagbag.py:541} INFO - Filling up the DagBag from /home/vscode/.local/lib/python3.10/site-packages/airflow/example_dags/example_short_circuit_operator.py
[2025-08-12T16:24:11.181+0000] {processor.py:836} INFO - DAG(s) dict_keys(['example_short_circuit_operator']) retrieved from /home/vscode/.local/lib/python3.10/site-packages/airflow/example_dags/example_short_circuit_operator.py
[2025-08-12T16:24:11.194+0000] {logging_mixin.py:150} INFO - [2025-08-12T16:24:11.194+0000] {dag.py:2742} INFO - Sync 1 DAGs
[2025-08-12T16:24:11.209+0000] {logging_mixin.py:150} INFO - [2025-08-12T16:24:11.209+0000] {dag.py:3504} INFO - Setting next_dagrun for example_short_circuit_operator to 2025-08-11T16:24:11.209142+00:00, run_after=2025-08-12T16:24:11.209142+00:00
[2025-08-12T16:24:11.225+0000] {processor.py:179} INFO - Processing /home/vscode/.local/lib/python3.10/site-packages/airflow/example_dags/example_short_circuit_operator.py took 0.054 seconds
[2025-08-12T16:24:55.162+0000] {processor.py:157} INFO - Started process (PID=38018) to work on /home/vscode/.local/lib/python3.10/site-packages/airflow/example_dags/example_short_circuit_operator.py
[2025-08-12T16:24:55.163+0000] {processor.py:826} INFO - Processing file /home/vscode/.local/lib/python3.10/site-packages/airflow/example_dags/example_short_circuit_operator.py for tasks to queue
[2025-08-12T16:24:55.163+0000] {logging_mixin.py:150} INFO - [2025-08-12T16:24:55.163+0000] {dagbag.py:541} INFO - Filling up the DagBag from /home/vscode/.local/lib/python3.10/site-packages/airflow/example_dags/example_short_circuit_operator.py
[2025-08-12T16:24:55.170+0000] {processor.py:836} INFO - DAG(s) dict_keys(['example_short_circuit_operator']) retrieved from /home/vscode/.local/lib/python3.10/site-packages/airflow/example_dags/example_short_circuit_operator.py
[2025-08-12T16:24:55.184+0000] {logging_mixin.py:150} INFO - [2025-08-12T16:24:55.184+0000] {dag.py:2742} INFO - Sync 1 DAGs
[2025-08-12T16:24:55.199+0000] {logging_mixin.py:150} INFO - [2025-08-12T16:24:55.199+0000] {dag.py:3504} INFO - Setting next_dagrun for example_short_circuit_operator to 2025-08-11T16:24:55.198914+00:00, run_after=2025-08-12T16:24:55.198914+00:00
[2025-08-12T16:24:55.215+0000] {processor.py:179} INFO - Processing /home/vscode/.local/lib/python3.10/site-packages/airflow/example_dags/example_short_circuit_operator.py took 0.055 seconds
[2025-08-12T16:25:40.922+0000] {processor.py:157} INFO - Started process (PID=38318) to work on /home/vscode/.local/lib/python3.10/site-packages/airflow/example_dags/example_short_circuit_operator.py
[2025-08-12T16:25:40.927+0000] {processor.py:826} INFO - Processing file /home/vscode/.local/lib/python3.10/site-packages/airflow/example_dags/example_short_circuit_operator.py for tasks to queue
[2025-08-12T16:25:40.928+0000] {logging_mixin.py:150} INFO - [2025-08-12T16:25:40.927+0000] {dagbag.py:541} INFO - Filling up the DagBag from /home/vscode/.local/lib/python3.10/site-packages/airflow/example_dags/example_short_circuit_operator.py
[2025-08-12T16:25:40.937+0000] {processor.py:836} INFO - DAG(s) dict_keys(['example_short_circuit_operator']) retrieved from /home/vscode/.local/lib/python3.10/site-packages/airflow/example_dags/example_short_circuit_operator.py
[2025-08-12T16:25:40.959+0000] {logging_mixin.py:150} INFO - [2025-08-12T16:25:40.959+0000] {dag.py:2742} INFO - Sync 1 DAGs
[2025-08-12T16:25:40.980+0000] {logging_mixin.py:150} INFO - [2025-08-12T16:25:40.980+0000] {dag.py:3504} INFO - Setting next_dagrun for example_short_circuit_operator to 2025-08-11T16:25:40.979940+00:00, run_after=2025-08-12T16:25:40.979940+00:00
[2025-08-12T16:25:40.995+0000] {processor.py:179} INFO - Processing /home/vscode/.local/lib/python3.10/site-packages/airflow/example_dags/example_short_circuit_operator.py took 0.076 seconds
[2025-08-12T16:26:23.795+0000] {processor.py:157} INFO - Started process (PID=38604) to work on /home/vscode/.local/lib/python3.10/site-packages/airflow/example_dags/example_short_circuit_operator.py
[2025-08-12T16:26:23.796+0000] {processor.py:826} INFO - Processing file /home/vscode/.local/lib/python3.10/site-packages/airflow/example_dags/example_short_circuit_operator.py for tasks to queue
[2025-08-12T16:26:23.796+0000] {logging_mixin.py:150} INFO - [2025-08-12T16:26:23.796+0000] {dagbag.py:541} INFO - Filling up the DagBag from /home/vscode/.local/lib/python3.10/site-packages/airflow/example_dags/example_short_circuit_operator.py
[2025-08-12T16:26:23.802+0000] {processor.py:836} INFO - DAG(s) dict_keys(['example_short_circuit_operator']) retrieved from /home/vscode/.local/lib/python3.10/site-packages/airflow/example_dags/example_short_circuit_operator.py
[2025-08-12T16:26:23.815+0000] {logging_mixin.py:150} INFO - [2025-08-12T16:26:23.815+0000] {dag.py:2742} INFO - Sync 1 DAGs
[2025-08-12T16:26:23.829+0000] {logging_mixin.py:150} INFO - [2025-08-12T16:26:23.829+0000] {dag.py:3504} INFO - Setting next_dagrun for example_short_circuit_operator to 2025-08-11T16:26:23.829647+00:00, run_after=2025-08-12T16:26:23.829647+00:00
[2025-08-12T16:26:23.845+0000] {processor.py:179} INFO - Processing /home/vscode/.local/lib/python3.10/site-packages/airflow/example_dags/example_short_circuit_operator.py took 0.052 seconds
[2025-08-12T16:27:03.681+0000] {processor.py:157} INFO - Started process (PID=38870) to work on /home/vscode/.local/lib/python3.10/site-packages/airflow/example_dags/example_short_circuit_operator.py
[2025-08-12T16:27:03.681+0000] {processor.py:826} INFO - Processing file /home/vscode/.local/lib/python3.10/site-packages/airflow/example_dags/example_short_circuit_operator.py for tasks to queue
[2025-08-12T16:27:03.682+0000] {logging_mixin.py:150} INFO - [2025-08-12T16:27:03.682+0000] {dagbag.py:541} INFO - Filling up the DagBag from /home/vscode/.local/lib/python3.10/site-packages/airflow/example_dags/example_short_circuit_operator.py
[2025-08-12T16:27:03.688+0000] {processor.py:836} INFO - DAG(s) dict_keys(['example_short_circuit_operator']) retrieved from /home/vscode/.local/lib/python3.10/site-packages/airflow/example_dags/example_short_circuit_operator.py
[2025-08-12T16:27:03.701+0000] {logging_mixin.py:150} INFO - [2025-08-12T16:27:03.701+0000] {dag.py:2742} INFO - Sync 1 DAGs
[2025-08-12T16:27:03.715+0000] {logging_mixin.py:150} INFO - [2025-08-12T16:27:03.715+0000] {dag.py:3504} INFO - Setting next_dagrun for example_short_circuit_operator to 2025-08-11T16:27:03.715470+00:00, run_after=2025-08-12T16:27:03.715470+00:00
[2025-08-12T16:27:03.731+0000] {processor.py:179} INFO - Processing /home/vscode/.local/lib/python3.10/site-packages/airflow/example_dags/example_short_circuit_operator.py took 0.052 seconds
[2025-08-12T16:27:48.195+0000] {processor.py:157} INFO - Started process (PID=39166) to work on /home/vscode/.local/lib/python3.10/site-packages/airflow/example_dags/example_short_circuit_operator.py
[2025-08-12T16:27:48.196+0000] {processor.py:826} INFO - Processing file /home/vscode/.local/lib/python3.10/site-packages/airflow/example_dags/example_short_circuit_operator.py for tasks to queue
[2025-08-12T16:27:48.197+0000] {logging_mixin.py:150} INFO - [2025-08-12T16:27:48.196+0000] {dagbag.py:541} INFO - Filling up the DagBag from /home/vscode/.local/lib/python3.10/site-packages/airflow/example_dags/example_short_circuit_operator.py
[2025-08-12T16:27:48.203+0000] {processor.py:836} INFO - DAG(s) dict_keys(['example_short_circuit_operator']) retrieved from /home/vscode/.local/lib/python3.10/site-packages/airflow/example_dags/example_short_circuit_operator.py
[2025-08-12T16:27:48.216+0000] {logging_mixin.py:150} INFO - [2025-08-12T16:27:48.215+0000] {dag.py:2742} INFO - Sync 1 DAGs
[2025-08-12T16:27:48.229+0000] {logging_mixin.py:150} INFO - [2025-08-12T16:27:48.229+0000] {dag.py:3504} INFO - Setting next_dagrun for example_short_circuit_operator to 2025-08-11T16:27:48.229503+00:00, run_after=2025-08-12T16:27:48.229503+00:00
[2025-08-12T16:27:48.245+0000] {processor.py:179} INFO - Processing /home/vscode/.local/lib/python3.10/site-packages/airflow/example_dags/example_short_circuit_operator.py took 0.052 seconds
[2025-08-12T16:28:33.909+0000] {processor.py:157} INFO - Started process (PID=39469) to work on /home/vscode/.local/lib/python3.10/site-packages/airflow/example_dags/example_short_circuit_operator.py
[2025-08-12T16:28:33.910+0000] {processor.py:826} INFO - Processing file /home/vscode/.local/lib/python3.10/site-packages/airflow/example_dags/example_short_circuit_operator.py for tasks to queue
[2025-08-12T16:28:33.911+0000] {logging_mixin.py:150} INFO - [2025-08-12T16:28:33.910+0000] {dagbag.py:541} INFO - Filling up the DagBag from /home/vscode/.local/lib/python3.10/site-packages/airflow/example_dags/example_short_circuit_operator.py
[2025-08-12T16:28:33.917+0000] {processor.py:836} INFO - DAG(s) dict_keys(['example_short_circuit_operator']) retrieved from /home/vscode/.local/lib/python3.10/site-packages/airflow/example_dags/example_short_circuit_operator.py
[2025-08-12T16:28:33.930+0000] {logging_mixin.py:150} INFO - [2025-08-12T16:28:33.929+0000] {dag.py:2742} INFO - Sync 1 DAGs
[2025-08-12T16:28:33.944+0000] {logging_mixin.py:150} INFO - [2025-08-12T16:28:33.944+0000] {dag.py:3504} INFO - Setting next_dagrun for example_short_circuit_operator to 2025-08-11T16:28:33.944086+00:00, run_after=2025-08-12T16:28:33.944086+00:00
[2025-08-12T16:28:33.960+0000] {processor.py:179} INFO - Processing /home/vscode/.local/lib/python3.10/site-packages/airflow/example_dags/example_short_circuit_operator.py took 0.052 seconds
[2025-08-12T16:29:20.415+0000] {processor.py:157} INFO - Started process (PID=39779) to work on /home/vscode/.local/lib/python3.10/site-packages/airflow/example_dags/example_short_circuit_operator.py
[2025-08-12T16:29:20.415+0000] {processor.py:826} INFO - Processing file /home/vscode/.local/lib/python3.10/site-packages/airflow/example_dags/example_short_circuit_operator.py for tasks to queue
[2025-08-12T16:29:20.416+0000] {logging_mixin.py:150} INFO - [2025-08-12T16:29:20.416+0000] {dagbag.py:541} INFO - Filling up the DagBag from /home/vscode/.local/lib/python3.10/site-packages/airflow/example_dags/example_short_circuit_operator.py
[2025-08-12T16:29:20.422+0000] {processor.py:836} INFO - DAG(s) dict_keys(['example_short_circuit_operator']) retrieved from /home/vscode/.local/lib/python3.10/site-packages/airflow/example_dags/example_short_circuit_operator.py
[2025-08-12T16:29:20.435+0000] {logging_mixin.py:150} INFO - [2025-08-12T16:29:20.435+0000] {dag.py:2742} INFO - Sync 1 DAGs
[2025-08-12T16:29:20.449+0000] {logging_mixin.py:150} INFO - [2025-08-12T16:29:20.449+0000] {dag.py:3504} INFO - Setting next_dagrun for example_short_circuit_operator to 2025-08-11T16:29:20.449651+00:00, run_after=2025-08-12T16:29:20.449651+00:00
[2025-08-12T16:29:20.466+0000] {processor.py:179} INFO - Processing /home/vscode/.local/lib/python3.10/site-packages/airflow/example_dags/example_short_circuit_operator.py took 0.053 seconds
[2025-08-12T16:30:04.379+0000] {processor.py:157} INFO - Started process (PID=40077) to work on /home/vscode/.local/lib/python3.10/site-packages/airflow/example_dags/example_short_circuit_operator.py
[2025-08-12T16:30:04.379+0000] {processor.py:826} INFO - Processing file /home/vscode/.local/lib/python3.10/site-packages/airflow/example_dags/example_short_circuit_operator.py for tasks to queue
[2025-08-12T16:30:04.380+0000] {logging_mixin.py:150} INFO - [2025-08-12T16:30:04.380+0000] {dagbag.py:541} INFO - Filling up the DagBag from /home/vscode/.local/lib/python3.10/site-packages/airflow/example_dags/example_short_circuit_operator.py
[2025-08-12T16:30:04.386+0000] {processor.py:836} INFO - DAG(s) dict_keys(['example_short_circuit_operator']) retrieved from /home/vscode/.local/lib/python3.10/site-packages/airflow/example_dags/example_short_circuit_operator.py
[2025-08-12T16:30:04.399+0000] {logging_mixin.py:150} INFO - [2025-08-12T16:30:04.399+0000] {dag.py:2742} INFO - Sync 1 DAGs
[2025-08-12T16:30:04.414+0000] {logging_mixin.py:150} INFO - [2025-08-12T16:30:04.414+0000] {dag.py:3504} INFO - Setting next_dagrun for example_short_circuit_operator to 2025-08-11T16:30:04.414018+00:00, run_after=2025-08-12T16:30:04.414018+00:00
[2025-08-12T16:30:04.430+0000] {processor.py:179} INFO - Processing /home/vscode/.local/lib/python3.10/site-packages/airflow/example_dags/example_short_circuit_operator.py took 0.054 seconds
