[2025-08-12T15:37:15.457+0000] {processor.py:157} INFO - Started process (PID=18060) to work on /home/vscode/.local/lib/python3.10/site-packages/airflow/example_dags/example_dynamic_task_mapping_with_no_taskflow_operators.py
[2025-08-12T15:37:15.458+0000] {processor.py:826} INFO - Processing file /home/vscode/.local/lib/python3.10/site-packages/airflow/example_dags/example_dynamic_task_mapping_with_no_taskflow_operators.py for tasks to queue
[2025-08-12T15:37:15.458+0000] {logging_mixin.py:150} INFO - [2025-08-12T15:37:15.458+0000] {dagbag.py:541} INFO - Filling up the DagBag from /home/vscode/.local/lib/python3.10/site-packages/airflow/example_dags/example_dynamic_task_mapping_with_no_taskflow_operators.py
[2025-08-12T15:37:15.464+0000] {processor.py:836} INFO - DAG(s) dict_keys(['example_dynamic_task_mapping_with_no_taskflow_operators']) retrieved from /home/vscode/.local/lib/python3.10/site-packages/airflow/example_dags/example_dynamic_task_mapping_with_no_taskflow_operators.py
[2025-08-12T15:37:15.539+0000] {logging_mixin.py:150} INFO - [2025-08-12T15:37:15.539+0000] {manager.py:504} INFO - Created Permission View: can edit on DAG:example_dynamic_task_mapping_with_no_taskflow_operators
[2025-08-12T15:37:15.549+0000] {logging_mixin.py:150} INFO - [2025-08-12T15:37:15.549+0000] {manager.py:504} INFO - Created Permission View: can read on DAG:example_dynamic_task_mapping_with_no_taskflow_operators
[2025-08-12T15:37:15.556+0000] {logging_mixin.py:150} INFO - [2025-08-12T15:37:15.556+0000] {manager.py:504} INFO - Created Permission View: can delete on DAG:example_dynamic_task_mapping_with_no_taskflow_operators
[2025-08-12T15:37:15.563+0000] {logging_mixin.py:150} INFO - [2025-08-12T15:37:15.563+0000] {dag.py:2742} INFO - Sync 1 DAGs
[2025-08-12T15:37:15.570+0000] {logging_mixin.py:150} INFO - [2025-08-12T15:37:15.570+0000] {dag.py:2763} INFO - Creating ORM DAG for example_dynamic_task_mapping_with_no_taskflow_operators
[2025-08-12T15:37:15.576+0000] {logging_mixin.py:150} INFO - [2025-08-12T15:37:15.576+0000] {dag.py:3504} INFO - Setting next_dagrun for example_dynamic_task_mapping_with_no_taskflow_operators to 2025-08-11T15:37:15.576498+00:00, run_after=2025-08-12T15:37:15.576498+00:00
[2025-08-12T15:37:15.592+0000] {processor.py:179} INFO - Processing /home/vscode/.local/lib/python3.10/site-packages/airflow/example_dags/example_dynamic_task_mapping_with_no_taskflow_operators.py took 0.137 seconds
[2025-08-12T15:38:06.983+0000] {processor.py:157} INFO - Started process (PID=18466) to work on /home/vscode/.local/lib/python3.10/site-packages/airflow/example_dags/example_dynamic_task_mapping_with_no_taskflow_operators.py
[2025-08-12T15:38:06.984+0000] {processor.py:826} INFO - Processing file /home/vscode/.local/lib/python3.10/site-packages/airflow/example_dags/example_dynamic_task_mapping_with_no_taskflow_operators.py for tasks to queue
[2025-08-12T15:38:06.985+0000] {logging_mixin.py:150} INFO - [2025-08-12T15:38:06.984+0000] {dagbag.py:541} INFO - Filling up the DagBag from /home/vscode/.local/lib/python3.10/site-packages/airflow/example_dags/example_dynamic_task_mapping_with_no_taskflow_operators.py
[2025-08-12T15:38:06.990+0000] {processor.py:836} INFO - DAG(s) dict_keys(['example_dynamic_task_mapping_with_no_taskflow_operators']) retrieved from /home/vscode/.local/lib/python3.10/site-packages/airflow/example_dags/example_dynamic_task_mapping_with_no_taskflow_operators.py
[2025-08-12T15:38:07.001+0000] {logging_mixin.py:150} INFO - [2025-08-12T15:38:07.000+0000] {dag.py:2742} INFO - Sync 1 DAGs
[2025-08-12T15:38:07.015+0000] {logging_mixin.py:150} INFO - [2025-08-12T15:38:07.015+0000] {dag.py:3504} INFO - Setting next_dagrun for example_dynamic_task_mapping_with_no_taskflow_operators to 2025-08-11T15:38:07.015663+00:00, run_after=2025-08-12T15:38:07.015663+00:00
[2025-08-12T15:38:07.031+0000] {processor.py:179} INFO - Processing /home/vscode/.local/lib/python3.10/site-packages/airflow/example_dags/example_dynamic_task_mapping_with_no_taskflow_operators.py took 0.049 seconds
[2025-08-12T15:38:56.110+0000] {processor.py:157} INFO - Started process (PID=18865) to work on /home/vscode/.local/lib/python3.10/site-packages/airflow/example_dags/example_dynamic_task_mapping_with_no_taskflow_operators.py
[2025-08-12T15:38:56.110+0000] {processor.py:826} INFO - Processing file /home/vscode/.local/lib/python3.10/site-packages/airflow/example_dags/example_dynamic_task_mapping_with_no_taskflow_operators.py for tasks to queue
[2025-08-12T15:38:56.111+0000] {logging_mixin.py:150} INFO - [2025-08-12T15:38:56.111+0000] {dagbag.py:541} INFO - Filling up the DagBag from /home/vscode/.local/lib/python3.10/site-packages/airflow/example_dags/example_dynamic_task_mapping_with_no_taskflow_operators.py
[2025-08-12T15:38:56.116+0000] {processor.py:836} INFO - DAG(s) dict_keys(['example_dynamic_task_mapping_with_no_taskflow_operators']) retrieved from /home/vscode/.local/lib/python3.10/site-packages/airflow/example_dags/example_dynamic_task_mapping_with_no_taskflow_operators.py
[2025-08-12T15:38:56.127+0000] {logging_mixin.py:150} INFO - [2025-08-12T15:38:56.127+0000] {dag.py:2742} INFO - Sync 1 DAGs
[2025-08-12T15:38:56.141+0000] {logging_mixin.py:150} INFO - [2025-08-12T15:38:56.141+0000] {dag.py:3504} INFO - Setting next_dagrun for example_dynamic_task_mapping_with_no_taskflow_operators to 2025-08-11T15:38:56.140970+00:00, run_after=2025-08-12T15:38:56.140970+00:00
[2025-08-12T15:38:56.157+0000] {processor.py:179} INFO - Processing /home/vscode/.local/lib/python3.10/site-packages/airflow/example_dags/example_dynamic_task_mapping_with_no_taskflow_operators.py took 0.050 seconds
[2025-08-12T15:39:38.392+0000] {processor.py:157} INFO - Started process (PID=19166) to work on /home/vscode/.local/lib/python3.10/site-packages/airflow/example_dags/example_dynamic_task_mapping_with_no_taskflow_operators.py
[2025-08-12T15:39:38.392+0000] {processor.py:826} INFO - Processing file /home/vscode/.local/lib/python3.10/site-packages/airflow/example_dags/example_dynamic_task_mapping_with_no_taskflow_operators.py for tasks to queue
[2025-08-12T15:39:38.393+0000] {logging_mixin.py:150} INFO - [2025-08-12T15:39:38.393+0000] {dagbag.py:541} INFO - Filling up the DagBag from /home/vscode/.local/lib/python3.10/site-packages/airflow/example_dags/example_dynamic_task_mapping_with_no_taskflow_operators.py
[2025-08-12T15:39:38.398+0000] {processor.py:836} INFO - DAG(s) dict_keys(['example_dynamic_task_mapping_with_no_taskflow_operators']) retrieved from /home/vscode/.local/lib/python3.10/site-packages/airflow/example_dags/example_dynamic_task_mapping_with_no_taskflow_operators.py
[2025-08-12T15:39:38.410+0000] {logging_mixin.py:150} INFO - [2025-08-12T15:39:38.410+0000] {dag.py:2742} INFO - Sync 1 DAGs
[2025-08-12T15:39:38.425+0000] {logging_mixin.py:150} INFO - [2025-08-12T15:39:38.425+0000] {dag.py:3504} INFO - Setting next_dagrun for example_dynamic_task_mapping_with_no_taskflow_operators to 2025-08-11T15:39:38.425118+00:00, run_after=2025-08-12T15:39:38.425118+00:00
[2025-08-12T15:39:38.441+0000] {processor.py:179} INFO - Processing /home/vscode/.local/lib/python3.10/site-packages/airflow/example_dags/example_dynamic_task_mapping_with_no_taskflow_operators.py took 0.052 seconds
[2025-08-12T15:40:25.733+0000] {processor.py:157} INFO - Started process (PID=19493) to work on /home/vscode/.local/lib/python3.10/site-packages/airflow/example_dags/example_dynamic_task_mapping_with_no_taskflow_operators.py
[2025-08-12T15:40:25.733+0000] {processor.py:826} INFO - Processing file /home/vscode/.local/lib/python3.10/site-packages/airflow/example_dags/example_dynamic_task_mapping_with_no_taskflow_operators.py for tasks to queue
[2025-08-12T15:40:25.734+0000] {logging_mixin.py:150} INFO - [2025-08-12T15:40:25.734+0000] {dagbag.py:541} INFO - Filling up the DagBag from /home/vscode/.local/lib/python3.10/site-packages/airflow/example_dags/example_dynamic_task_mapping_with_no_taskflow_operators.py
[2025-08-12T15:40:25.739+0000] {processor.py:836} INFO - DAG(s) dict_keys(['example_dynamic_task_mapping_with_no_taskflow_operators']) retrieved from /home/vscode/.local/lib/python3.10/site-packages/airflow/example_dags/example_dynamic_task_mapping_with_no_taskflow_operators.py
[2025-08-12T15:40:25.750+0000] {logging_mixin.py:150} INFO - [2025-08-12T15:40:25.750+0000] {dag.py:2742} INFO - Sync 1 DAGs
[2025-08-12T15:40:25.764+0000] {logging_mixin.py:150} INFO - [2025-08-12T15:40:25.763+0000] {dag.py:3504} INFO - Setting next_dagrun for example_dynamic_task_mapping_with_no_taskflow_operators to 2025-08-11T15:40:25.763822+00:00, run_after=2025-08-12T15:40:25.763822+00:00
[2025-08-12T15:40:25.780+0000] {processor.py:179} INFO - Processing /home/vscode/.local/lib/python3.10/site-packages/airflow/example_dags/example_dynamic_task_mapping_with_no_taskflow_operators.py took 0.049 seconds
[2025-08-12T15:41:08.888+0000] {processor.py:157} INFO - Started process (PID=19778) to work on /home/vscode/.local/lib/python3.10/site-packages/airflow/example_dags/example_dynamic_task_mapping_with_no_taskflow_operators.py
[2025-08-12T15:41:08.889+0000] {processor.py:826} INFO - Processing file /home/vscode/.local/lib/python3.10/site-packages/airflow/example_dags/example_dynamic_task_mapping_with_no_taskflow_operators.py for tasks to queue
[2025-08-12T15:41:08.889+0000] {logging_mixin.py:150} INFO - [2025-08-12T15:41:08.889+0000] {dagbag.py:541} INFO - Filling up the DagBag from /home/vscode/.local/lib/python3.10/site-packages/airflow/example_dags/example_dynamic_task_mapping_with_no_taskflow_operators.py
[2025-08-12T15:41:08.894+0000] {processor.py:836} INFO - DAG(s) dict_keys(['example_dynamic_task_mapping_with_no_taskflow_operators']) retrieved from /home/vscode/.local/lib/python3.10/site-packages/airflow/example_dags/example_dynamic_task_mapping_with_no_taskflow_operators.py
[2025-08-12T15:41:08.905+0000] {logging_mixin.py:150} INFO - [2025-08-12T15:41:08.905+0000] {dag.py:2742} INFO - Sync 1 DAGs
[2025-08-12T15:41:08.919+0000] {logging_mixin.py:150} INFO - [2025-08-12T15:41:08.919+0000] {dag.py:3504} INFO - Setting next_dagrun for example_dynamic_task_mapping_with_no_taskflow_operators to 2025-08-11T15:41:08.919050+00:00, run_after=2025-08-12T15:41:08.919050+00:00
[2025-08-12T15:41:08.934+0000] {processor.py:179} INFO - Processing /home/vscode/.local/lib/python3.10/site-packages/airflow/example_dags/example_dynamic_task_mapping_with_no_taskflow_operators.py took 0.048 seconds
[2025-08-12T15:41:53.297+0000] {processor.py:157} INFO - Started process (PID=20066) to work on /home/vscode/.local/lib/python3.10/site-packages/airflow/example_dags/example_dynamic_task_mapping_with_no_taskflow_operators.py
[2025-08-12T15:41:53.298+0000] {processor.py:826} INFO - Processing file /home/vscode/.local/lib/python3.10/site-packages/airflow/example_dags/example_dynamic_task_mapping_with_no_taskflow_operators.py for tasks to queue
[2025-08-12T15:41:53.298+0000] {logging_mixin.py:150} INFO - [2025-08-12T15:41:53.298+0000] {dagbag.py:541} INFO - Filling up the DagBag from /home/vscode/.local/lib/python3.10/site-packages/airflow/example_dags/example_dynamic_task_mapping_with_no_taskflow_operators.py
[2025-08-12T15:41:53.303+0000] {processor.py:836} INFO - DAG(s) dict_keys(['example_dynamic_task_mapping_with_no_taskflow_operators']) retrieved from /home/vscode/.local/lib/python3.10/site-packages/airflow/example_dags/example_dynamic_task_mapping_with_no_taskflow_operators.py
[2025-08-12T15:41:53.314+0000] {logging_mixin.py:150} INFO - [2025-08-12T15:41:53.314+0000] {dag.py:2742} INFO - Sync 1 DAGs
[2025-08-12T15:41:53.329+0000] {logging_mixin.py:150} INFO - [2025-08-12T15:41:53.329+0000] {dag.py:3504} INFO - Setting next_dagrun for example_dynamic_task_mapping_with_no_taskflow_operators to 2025-08-11T15:41:53.329002+00:00, run_after=2025-08-12T15:41:53.329002+00:00
[2025-08-12T15:41:53.345+0000] {processor.py:179} INFO - Processing /home/vscode/.local/lib/python3.10/site-packages/airflow/example_dags/example_dynamic_task_mapping_with_no_taskflow_operators.py took 0.051 seconds
[2025-08-12T15:42:39.248+0000] {processor.py:157} INFO - Started process (PID=20383) to work on /home/vscode/.local/lib/python3.10/site-packages/airflow/example_dags/example_dynamic_task_mapping_with_no_taskflow_operators.py
[2025-08-12T15:42:39.249+0000] {processor.py:826} INFO - Processing file /home/vscode/.local/lib/python3.10/site-packages/airflow/example_dags/example_dynamic_task_mapping_with_no_taskflow_operators.py for tasks to queue
[2025-08-12T15:42:39.249+0000] {logging_mixin.py:150} INFO - [2025-08-12T15:42:39.249+0000] {dagbag.py:541} INFO - Filling up the DagBag from /home/vscode/.local/lib/python3.10/site-packages/airflow/example_dags/example_dynamic_task_mapping_with_no_taskflow_operators.py
[2025-08-12T15:42:39.255+0000] {processor.py:836} INFO - DAG(s) dict_keys(['example_dynamic_task_mapping_with_no_taskflow_operators']) retrieved from /home/vscode/.local/lib/python3.10/site-packages/airflow/example_dags/example_dynamic_task_mapping_with_no_taskflow_operators.py
[2025-08-12T15:42:39.266+0000] {logging_mixin.py:150} INFO - [2025-08-12T15:42:39.266+0000] {dag.py:2742} INFO - Sync 1 DAGs
[2025-08-12T15:42:39.280+0000] {logging_mixin.py:150} INFO - [2025-08-12T15:42:39.280+0000] {dag.py:3504} INFO - Setting next_dagrun for example_dynamic_task_mapping_with_no_taskflow_operators to 2025-08-11T15:42:39.280241+00:00, run_after=2025-08-12T15:42:39.280241+00:00
[2025-08-12T15:42:39.295+0000] {processor.py:179} INFO - Processing /home/vscode/.local/lib/python3.10/site-packages/airflow/example_dags/example_dynamic_task_mapping_with_no_taskflow_operators.py took 0.049 seconds
[2025-08-12T15:43:22.355+0000] {processor.py:157} INFO - Started process (PID=20668) to work on /home/vscode/.local/lib/python3.10/site-packages/airflow/example_dags/example_dynamic_task_mapping_with_no_taskflow_operators.py
[2025-08-12T15:43:22.355+0000] {processor.py:826} INFO - Processing file /home/vscode/.local/lib/python3.10/site-packages/airflow/example_dags/example_dynamic_task_mapping_with_no_taskflow_operators.py for tasks to queue
[2025-08-12T15:43:22.356+0000] {logging_mixin.py:150} INFO - [2025-08-12T15:43:22.356+0000] {dagbag.py:541} INFO - Filling up the DagBag from /home/vscode/.local/lib/python3.10/site-packages/airflow/example_dags/example_dynamic_task_mapping_with_no_taskflow_operators.py
[2025-08-12T15:43:22.361+0000] {processor.py:836} INFO - DAG(s) dict_keys(['example_dynamic_task_mapping_with_no_taskflow_operators']) retrieved from /home/vscode/.local/lib/python3.10/site-packages/airflow/example_dags/example_dynamic_task_mapping_with_no_taskflow_operators.py
[2025-08-12T15:43:22.372+0000] {logging_mixin.py:150} INFO - [2025-08-12T15:43:22.372+0000] {dag.py:2742} INFO - Sync 1 DAGs
[2025-08-12T15:43:22.387+0000] {logging_mixin.py:150} INFO - [2025-08-12T15:43:22.387+0000] {dag.py:3504} INFO - Setting next_dagrun for example_dynamic_task_mapping_with_no_taskflow_operators to 2025-08-11T15:43:22.387401+00:00, run_after=2025-08-12T15:43:22.387401+00:00
[2025-08-12T15:43:22.403+0000] {processor.py:179} INFO - Processing /home/vscode/.local/lib/python3.10/site-packages/airflow/example_dags/example_dynamic_task_mapping_with_no_taskflow_operators.py took 0.050 seconds
[2025-08-12T15:44:09.295+0000] {processor.py:157} INFO - Started process (PID=20977) to work on /home/vscode/.local/lib/python3.10/site-packages/airflow/example_dags/example_dynamic_task_mapping_with_no_taskflow_operators.py
[2025-08-12T15:44:09.296+0000] {processor.py:826} INFO - Processing file /home/vscode/.local/lib/python3.10/site-packages/airflow/example_dags/example_dynamic_task_mapping_with_no_taskflow_operators.py for tasks to queue
[2025-08-12T15:44:09.297+0000] {logging_mixin.py:150} INFO - [2025-08-12T15:44:09.296+0000] {dagbag.py:541} INFO - Filling up the DagBag from /home/vscode/.local/lib/python3.10/site-packages/airflow/example_dags/example_dynamic_task_mapping_with_no_taskflow_operators.py
[2025-08-12T15:44:09.302+0000] {processor.py:836} INFO - DAG(s) dict_keys(['example_dynamic_task_mapping_with_no_taskflow_operators']) retrieved from /home/vscode/.local/lib/python3.10/site-packages/airflow/example_dags/example_dynamic_task_mapping_with_no_taskflow_operators.py
[2025-08-12T15:44:09.313+0000] {logging_mixin.py:150} INFO - [2025-08-12T15:44:09.313+0000] {dag.py:2742} INFO - Sync 1 DAGs
[2025-08-12T15:44:09.328+0000] {logging_mixin.py:150} INFO - [2025-08-12T15:44:09.328+0000] {dag.py:3504} INFO - Setting next_dagrun for example_dynamic_task_mapping_with_no_taskflow_operators to 2025-08-11T15:44:09.328325+00:00, run_after=2025-08-12T15:44:09.328325+00:00
[2025-08-12T15:44:09.345+0000] {processor.py:179} INFO - Processing /home/vscode/.local/lib/python3.10/site-packages/airflow/example_dags/example_dynamic_task_mapping_with_no_taskflow_operators.py took 0.052 seconds
[2025-08-12T15:44:51.553+0000] {processor.py:157} INFO - Started process (PID=21256) to work on /home/vscode/.local/lib/python3.10/site-packages/airflow/example_dags/example_dynamic_task_mapping_with_no_taskflow_operators.py
[2025-08-12T15:44:51.554+0000] {processor.py:826} INFO - Processing file /home/vscode/.local/lib/python3.10/site-packages/airflow/example_dags/example_dynamic_task_mapping_with_no_taskflow_operators.py for tasks to queue
[2025-08-12T15:44:51.555+0000] {logging_mixin.py:150} INFO - [2025-08-12T15:44:51.554+0000] {dagbag.py:541} INFO - Filling up the DagBag from /home/vscode/.local/lib/python3.10/site-packages/airflow/example_dags/example_dynamic_task_mapping_with_no_taskflow_operators.py
[2025-08-12T15:44:51.560+0000] {processor.py:836} INFO - DAG(s) dict_keys(['example_dynamic_task_mapping_with_no_taskflow_operators']) retrieved from /home/vscode/.local/lib/python3.10/site-packages/airflow/example_dags/example_dynamic_task_mapping_with_no_taskflow_operators.py
[2025-08-12T15:44:51.570+0000] {logging_mixin.py:150} INFO - [2025-08-12T15:44:51.570+0000] {dag.py:2742} INFO - Sync 1 DAGs
[2025-08-12T15:44:51.584+0000] {logging_mixin.py:150} INFO - [2025-08-12T15:44:51.584+0000] {dag.py:3504} INFO - Setting next_dagrun for example_dynamic_task_mapping_with_no_taskflow_operators to 2025-08-11T15:44:51.584312+00:00, run_after=2025-08-12T15:44:51.584312+00:00
[2025-08-12T15:44:51.599+0000] {processor.py:179} INFO - Processing /home/vscode/.local/lib/python3.10/site-packages/airflow/example_dags/example_dynamic_task_mapping_with_no_taskflow_operators.py took 0.048 seconds
[2025-08-12T15:45:36.393+0000] {processor.py:157} INFO - Started process (PID=21556) to work on /home/vscode/.local/lib/python3.10/site-packages/airflow/example_dags/example_dynamic_task_mapping_with_no_taskflow_operators.py
[2025-08-12T15:45:36.394+0000] {processor.py:826} INFO - Processing file /home/vscode/.local/lib/python3.10/site-packages/airflow/example_dags/example_dynamic_task_mapping_with_no_taskflow_operators.py for tasks to queue
[2025-08-12T15:45:36.395+0000] {logging_mixin.py:150} INFO - [2025-08-12T15:45:36.394+0000] {dagbag.py:541} INFO - Filling up the DagBag from /home/vscode/.local/lib/python3.10/site-packages/airflow/example_dags/example_dynamic_task_mapping_with_no_taskflow_operators.py
[2025-08-12T15:45:36.400+0000] {processor.py:836} INFO - DAG(s) dict_keys(['example_dynamic_task_mapping_with_no_taskflow_operators']) retrieved from /home/vscode/.local/lib/python3.10/site-packages/airflow/example_dags/example_dynamic_task_mapping_with_no_taskflow_operators.py
[2025-08-12T15:45:36.411+0000] {logging_mixin.py:150} INFO - [2025-08-12T15:45:36.410+0000] {dag.py:2742} INFO - Sync 1 DAGs
[2025-08-12T15:45:36.424+0000] {logging_mixin.py:150} INFO - [2025-08-12T15:45:36.424+0000] {dag.py:3504} INFO - Setting next_dagrun for example_dynamic_task_mapping_with_no_taskflow_operators to 2025-08-11T15:45:36.424662+00:00, run_after=2025-08-12T15:45:36.424662+00:00
[2025-08-12T15:45:36.442+0000] {processor.py:179} INFO - Processing /home/vscode/.local/lib/python3.10/site-packages/airflow/example_dags/example_dynamic_task_mapping_with_no_taskflow_operators.py took 0.051 seconds
[2025-08-12T15:46:30.366+0000] {processor.py:157} INFO - Started process (PID=21918) to work on /home/vscode/.local/lib/python3.10/site-packages/airflow/example_dags/example_dynamic_task_mapping_with_no_taskflow_operators.py
[2025-08-12T15:46:30.367+0000] {processor.py:826} INFO - Processing file /home/vscode/.local/lib/python3.10/site-packages/airflow/example_dags/example_dynamic_task_mapping_with_no_taskflow_operators.py for tasks to queue
[2025-08-12T15:46:30.368+0000] {logging_mixin.py:150} INFO - [2025-08-12T15:46:30.367+0000] {dagbag.py:541} INFO - Filling up the DagBag from /home/vscode/.local/lib/python3.10/site-packages/airflow/example_dags/example_dynamic_task_mapping_with_no_taskflow_operators.py
[2025-08-12T15:46:30.373+0000] {processor.py:836} INFO - DAG(s) dict_keys(['example_dynamic_task_mapping_with_no_taskflow_operators']) retrieved from /home/vscode/.local/lib/python3.10/site-packages/airflow/example_dags/example_dynamic_task_mapping_with_no_taskflow_operators.py
[2025-08-12T15:46:30.384+0000] {logging_mixin.py:150} INFO - [2025-08-12T15:46:30.384+0000] {dag.py:2742} INFO - Sync 1 DAGs
[2025-08-12T15:46:30.397+0000] {logging_mixin.py:150} INFO - [2025-08-12T15:46:30.397+0000] {dag.py:3504} INFO - Setting next_dagrun for example_dynamic_task_mapping_with_no_taskflow_operators to 2025-08-11T15:46:30.397609+00:00, run_after=2025-08-12T15:46:30.397609+00:00
[2025-08-12T15:46:30.412+0000] {processor.py:179} INFO - Processing /home/vscode/.local/lib/python3.10/site-packages/airflow/example_dags/example_dynamic_task_mapping_with_no_taskflow_operators.py took 0.048 seconds
[2025-08-12T15:47:13.200+0000] {processor.py:157} INFO - Started process (PID=22198) to work on /home/vscode/.local/lib/python3.10/site-packages/airflow/example_dags/example_dynamic_task_mapping_with_no_taskflow_operators.py
[2025-08-12T15:47:13.200+0000] {processor.py:826} INFO - Processing file /home/vscode/.local/lib/python3.10/site-packages/airflow/example_dags/example_dynamic_task_mapping_with_no_taskflow_operators.py for tasks to queue
[2025-08-12T15:47:13.201+0000] {logging_mixin.py:150} INFO - [2025-08-12T15:47:13.201+0000] {dagbag.py:541} INFO - Filling up the DagBag from /home/vscode/.local/lib/python3.10/site-packages/airflow/example_dags/example_dynamic_task_mapping_with_no_taskflow_operators.py
[2025-08-12T15:47:13.206+0000] {processor.py:836} INFO - DAG(s) dict_keys(['example_dynamic_task_mapping_with_no_taskflow_operators']) retrieved from /home/vscode/.local/lib/python3.10/site-packages/airflow/example_dags/example_dynamic_task_mapping_with_no_taskflow_operators.py
[2025-08-12T15:47:13.217+0000] {logging_mixin.py:150} INFO - [2025-08-12T15:47:13.217+0000] {dag.py:2742} INFO - Sync 1 DAGs
[2025-08-12T15:47:13.232+0000] {logging_mixin.py:150} INFO - [2025-08-12T15:47:13.232+0000] {dag.py:3504} INFO - Setting next_dagrun for example_dynamic_task_mapping_with_no_taskflow_operators to 2025-08-11T15:47:13.231860+00:00, run_after=2025-08-12T15:47:13.231860+00:00
[2025-08-12T15:47:13.250+0000] {processor.py:179} INFO - Processing /home/vscode/.local/lib/python3.10/site-packages/airflow/example_dags/example_dynamic_task_mapping_with_no_taskflow_operators.py took 0.052 seconds
[2025-08-12T15:47:54.883+0000] {processor.py:157} INFO - Started process (PID=22482) to work on /home/vscode/.local/lib/python3.10/site-packages/airflow/example_dags/example_dynamic_task_mapping_with_no_taskflow_operators.py
[2025-08-12T15:47:54.884+0000] {processor.py:826} INFO - Processing file /home/vscode/.local/lib/python3.10/site-packages/airflow/example_dags/example_dynamic_task_mapping_with_no_taskflow_operators.py for tasks to queue
[2025-08-12T15:47:54.885+0000] {logging_mixin.py:150} INFO - [2025-08-12T15:47:54.884+0000] {dagbag.py:541} INFO - Filling up the DagBag from /home/vscode/.local/lib/python3.10/site-packages/airflow/example_dags/example_dynamic_task_mapping_with_no_taskflow_operators.py
[2025-08-12T15:47:54.890+0000] {processor.py:836} INFO - DAG(s) dict_keys(['example_dynamic_task_mapping_with_no_taskflow_operators']) retrieved from /home/vscode/.local/lib/python3.10/site-packages/airflow/example_dags/example_dynamic_task_mapping_with_no_taskflow_operators.py
[2025-08-12T15:47:54.901+0000] {logging_mixin.py:150} INFO - [2025-08-12T15:47:54.901+0000] {dag.py:2742} INFO - Sync 1 DAGs
[2025-08-12T15:47:54.915+0000] {logging_mixin.py:150} INFO - [2025-08-12T15:47:54.915+0000] {dag.py:3504} INFO - Setting next_dagrun for example_dynamic_task_mapping_with_no_taskflow_operators to 2025-08-11T15:47:54.915051+00:00, run_after=2025-08-12T15:47:54.915051+00:00
[2025-08-12T15:47:54.930+0000] {processor.py:179} INFO - Processing /home/vscode/.local/lib/python3.10/site-packages/airflow/example_dags/example_dynamic_task_mapping_with_no_taskflow_operators.py took 0.049 seconds
[2025-08-12T15:48:47.822+0000] {processor.py:157} INFO - Started process (PID=22851) to work on /home/vscode/.local/lib/python3.10/site-packages/airflow/example_dags/example_dynamic_task_mapping_with_no_taskflow_operators.py
[2025-08-12T15:48:47.823+0000] {processor.py:826} INFO - Processing file /home/vscode/.local/lib/python3.10/site-packages/airflow/example_dags/example_dynamic_task_mapping_with_no_taskflow_operators.py for tasks to queue
[2025-08-12T15:48:47.823+0000] {logging_mixin.py:150} INFO - [2025-08-12T15:48:47.823+0000] {dagbag.py:541} INFO - Filling up the DagBag from /home/vscode/.local/lib/python3.10/site-packages/airflow/example_dags/example_dynamic_task_mapping_with_no_taskflow_operators.py
[2025-08-12T15:48:47.829+0000] {processor.py:836} INFO - DAG(s) dict_keys(['example_dynamic_task_mapping_with_no_taskflow_operators']) retrieved from /home/vscode/.local/lib/python3.10/site-packages/airflow/example_dags/example_dynamic_task_mapping_with_no_taskflow_operators.py
[2025-08-12T15:48:47.839+0000] {logging_mixin.py:150} INFO - [2025-08-12T15:48:47.839+0000] {dag.py:2742} INFO - Sync 1 DAGs
[2025-08-12T15:48:47.854+0000] {logging_mixin.py:150} INFO - [2025-08-12T15:48:47.854+0000] {dag.py:3504} INFO - Setting next_dagrun for example_dynamic_task_mapping_with_no_taskflow_operators to 2025-08-11T15:48:47.854019+00:00, run_after=2025-08-12T15:48:47.854019+00:00
[2025-08-12T15:48:47.869+0000] {processor.py:179} INFO - Processing /home/vscode/.local/lib/python3.10/site-packages/airflow/example_dags/example_dynamic_task_mapping_with_no_taskflow_operators.py took 0.049 seconds
[2025-08-12T15:49:29.395+0000] {processor.py:157} INFO - Started process (PID=23142) to work on /home/vscode/.local/lib/python3.10/site-packages/airflow/example_dags/example_dynamic_task_mapping_with_no_taskflow_operators.py
[2025-08-12T15:49:29.396+0000] {processor.py:826} INFO - Processing file /home/vscode/.local/lib/python3.10/site-packages/airflow/example_dags/example_dynamic_task_mapping_with_no_taskflow_operators.py for tasks to queue
[2025-08-12T15:49:29.396+0000] {logging_mixin.py:150} INFO - [2025-08-12T15:49:29.396+0000] {dagbag.py:541} INFO - Filling up the DagBag from /home/vscode/.local/lib/python3.10/site-packages/airflow/example_dags/example_dynamic_task_mapping_with_no_taskflow_operators.py
[2025-08-12T15:49:29.401+0000] {processor.py:836} INFO - DAG(s) dict_keys(['example_dynamic_task_mapping_with_no_taskflow_operators']) retrieved from /home/vscode/.local/lib/python3.10/site-packages/airflow/example_dags/example_dynamic_task_mapping_with_no_taskflow_operators.py
[2025-08-12T15:49:29.412+0000] {logging_mixin.py:150} INFO - [2025-08-12T15:49:29.412+0000] {dag.py:2742} INFO - Sync 1 DAGs
[2025-08-12T15:49:29.426+0000] {logging_mixin.py:150} INFO - [2025-08-12T15:49:29.426+0000] {dag.py:3504} INFO - Setting next_dagrun for example_dynamic_task_mapping_with_no_taskflow_operators to 2025-08-11T15:49:29.426441+00:00, run_after=2025-08-12T15:49:29.426441+00:00
[2025-08-12T15:49:29.442+0000] {processor.py:179} INFO - Processing /home/vscode/.local/lib/python3.10/site-packages/airflow/example_dags/example_dynamic_task_mapping_with_no_taskflow_operators.py took 0.049 seconds
[2025-08-12T15:50:13.925+0000] {processor.py:157} INFO - Started process (PID=23572) to work on /home/vscode/.local/lib/python3.10/site-packages/airflow/example_dags/example_dynamic_task_mapping_with_no_taskflow_operators.py
[2025-08-12T15:50:13.925+0000] {processor.py:826} INFO - Processing file /home/vscode/.local/lib/python3.10/site-packages/airflow/example_dags/example_dynamic_task_mapping_with_no_taskflow_operators.py for tasks to queue
[2025-08-12T15:50:13.926+0000] {logging_mixin.py:150} INFO - [2025-08-12T15:50:13.926+0000] {dagbag.py:541} INFO - Filling up the DagBag from /home/vscode/.local/lib/python3.10/site-packages/airflow/example_dags/example_dynamic_task_mapping_with_no_taskflow_operators.py
[2025-08-12T15:50:13.934+0000] {processor.py:836} INFO - DAG(s) dict_keys(['example_dynamic_task_mapping_with_no_taskflow_operators']) retrieved from /home/vscode/.local/lib/python3.10/site-packages/airflow/example_dags/example_dynamic_task_mapping_with_no_taskflow_operators.py
[2025-08-12T15:50:13.950+0000] {logging_mixin.py:150} INFO - [2025-08-12T15:50:13.950+0000] {dag.py:2742} INFO - Sync 1 DAGs
[2025-08-12T15:50:13.969+0000] {logging_mixin.py:150} INFO - [2025-08-12T15:50:13.969+0000] {dag.py:3504} INFO - Setting next_dagrun for example_dynamic_task_mapping_with_no_taskflow_operators to 2025-08-11T15:50:13.969308+00:00, run_after=2025-08-12T15:50:13.969308+00:00
[2025-08-12T15:50:13.985+0000] {processor.py:179} INFO - Processing /home/vscode/.local/lib/python3.10/site-packages/airflow/example_dags/example_dynamic_task_mapping_with_no_taskflow_operators.py took 0.062 seconds
[2025-08-12T15:50:58.471+0000] {processor.py:157} INFO - Started process (PID=23963) to work on /home/vscode/.local/lib/python3.10/site-packages/airflow/example_dags/example_dynamic_task_mapping_with_no_taskflow_operators.py
[2025-08-12T15:50:58.471+0000] {processor.py:826} INFO - Processing file /home/vscode/.local/lib/python3.10/site-packages/airflow/example_dags/example_dynamic_task_mapping_with_no_taskflow_operators.py for tasks to queue
[2025-08-12T15:50:58.472+0000] {logging_mixin.py:150} INFO - [2025-08-12T15:50:58.471+0000] {dagbag.py:541} INFO - Filling up the DagBag from /home/vscode/.local/lib/python3.10/site-packages/airflow/example_dags/example_dynamic_task_mapping_with_no_taskflow_operators.py
[2025-08-12T15:50:58.477+0000] {processor.py:836} INFO - DAG(s) dict_keys(['example_dynamic_task_mapping_with_no_taskflow_operators']) retrieved from /home/vscode/.local/lib/python3.10/site-packages/airflow/example_dags/example_dynamic_task_mapping_with_no_taskflow_operators.py
[2025-08-12T15:50:58.488+0000] {logging_mixin.py:150} INFO - [2025-08-12T15:50:58.488+0000] {dag.py:2742} INFO - Sync 1 DAGs
[2025-08-12T15:50:58.502+0000] {logging_mixin.py:150} INFO - [2025-08-12T15:50:58.502+0000] {dag.py:3504} INFO - Setting next_dagrun for example_dynamic_task_mapping_with_no_taskflow_operators to 2025-08-11T15:50:58.501877+00:00, run_after=2025-08-12T15:50:58.501877+00:00
[2025-08-12T15:50:58.518+0000] {processor.py:179} INFO - Processing /home/vscode/.local/lib/python3.10/site-packages/airflow/example_dags/example_dynamic_task_mapping_with_no_taskflow_operators.py took 0.050 seconds
[2025-08-12T15:51:42.575+0000] {processor.py:157} INFO - Started process (PID=24257) to work on /home/vscode/.local/lib/python3.10/site-packages/airflow/example_dags/example_dynamic_task_mapping_with_no_taskflow_operators.py
[2025-08-12T15:51:42.575+0000] {processor.py:826} INFO - Processing file /home/vscode/.local/lib/python3.10/site-packages/airflow/example_dags/example_dynamic_task_mapping_with_no_taskflow_operators.py for tasks to queue
[2025-08-12T15:51:42.576+0000] {logging_mixin.py:150} INFO - [2025-08-12T15:51:42.576+0000] {dagbag.py:541} INFO - Filling up the DagBag from /home/vscode/.local/lib/python3.10/site-packages/airflow/example_dags/example_dynamic_task_mapping_with_no_taskflow_operators.py
[2025-08-12T15:51:42.581+0000] {processor.py:836} INFO - DAG(s) dict_keys(['example_dynamic_task_mapping_with_no_taskflow_operators']) retrieved from /home/vscode/.local/lib/python3.10/site-packages/airflow/example_dags/example_dynamic_task_mapping_with_no_taskflow_operators.py
[2025-08-12T15:51:42.592+0000] {logging_mixin.py:150} INFO - [2025-08-12T15:51:42.592+0000] {dag.py:2742} INFO - Sync 1 DAGs
[2025-08-12T15:51:42.606+0000] {logging_mixin.py:150} INFO - [2025-08-12T15:51:42.606+0000] {dag.py:3504} INFO - Setting next_dagrun for example_dynamic_task_mapping_with_no_taskflow_operators to 2025-08-11T15:51:42.606318+00:00, run_after=2025-08-12T15:51:42.606318+00:00
[2025-08-12T15:51:42.623+0000] {processor.py:179} INFO - Processing /home/vscode/.local/lib/python3.10/site-packages/airflow/example_dags/example_dynamic_task_mapping_with_no_taskflow_operators.py took 0.050 seconds
[2025-08-12T15:52:25.859+0000] {processor.py:157} INFO - Started process (PID=24550) to work on /home/vscode/.local/lib/python3.10/site-packages/airflow/example_dags/example_dynamic_task_mapping_with_no_taskflow_operators.py
[2025-08-12T15:52:25.860+0000] {processor.py:826} INFO - Processing file /home/vscode/.local/lib/python3.10/site-packages/airflow/example_dags/example_dynamic_task_mapping_with_no_taskflow_operators.py for tasks to queue
[2025-08-12T15:52:25.861+0000] {logging_mixin.py:150} INFO - [2025-08-12T15:52:25.860+0000] {dagbag.py:541} INFO - Filling up the DagBag from /home/vscode/.local/lib/python3.10/site-packages/airflow/example_dags/example_dynamic_task_mapping_with_no_taskflow_operators.py
[2025-08-12T15:52:25.867+0000] {processor.py:836} INFO - DAG(s) dict_keys(['example_dynamic_task_mapping_with_no_taskflow_operators']) retrieved from /home/vscode/.local/lib/python3.10/site-packages/airflow/example_dags/example_dynamic_task_mapping_with_no_taskflow_operators.py
[2025-08-12T15:52:25.881+0000] {logging_mixin.py:150} INFO - [2025-08-12T15:52:25.881+0000] {dag.py:2742} INFO - Sync 1 DAGs
[2025-08-12T15:52:25.896+0000] {logging_mixin.py:150} INFO - [2025-08-12T15:52:25.896+0000] {dag.py:3504} INFO - Setting next_dagrun for example_dynamic_task_mapping_with_no_taskflow_operators to 2025-08-11T15:52:25.895856+00:00, run_after=2025-08-12T15:52:25.895856+00:00
[2025-08-12T15:52:25.913+0000] {processor.py:179} INFO - Processing /home/vscode/.local/lib/python3.10/site-packages/airflow/example_dags/example_dynamic_task_mapping_with_no_taskflow_operators.py took 0.055 seconds
[2025-08-12T15:53:10.239+0000] {processor.py:157} INFO - Started process (PID=24893) to work on /home/vscode/.local/lib/python3.10/site-packages/airflow/example_dags/example_dynamic_task_mapping_with_no_taskflow_operators.py
[2025-08-12T15:53:10.239+0000] {processor.py:826} INFO - Processing file /home/vscode/.local/lib/python3.10/site-packages/airflow/example_dags/example_dynamic_task_mapping_with_no_taskflow_operators.py for tasks to queue
[2025-08-12T15:53:10.240+0000] {logging_mixin.py:150} INFO - [2025-08-12T15:53:10.239+0000] {dagbag.py:541} INFO - Filling up the DagBag from /home/vscode/.local/lib/python3.10/site-packages/airflow/example_dags/example_dynamic_task_mapping_with_no_taskflow_operators.py
[2025-08-12T15:53:10.245+0000] {processor.py:836} INFO - DAG(s) dict_keys(['example_dynamic_task_mapping_with_no_taskflow_operators']) retrieved from /home/vscode/.local/lib/python3.10/site-packages/airflow/example_dags/example_dynamic_task_mapping_with_no_taskflow_operators.py
[2025-08-12T15:53:10.256+0000] {logging_mixin.py:150} INFO - [2025-08-12T15:53:10.256+0000] {dag.py:2742} INFO - Sync 1 DAGs
[2025-08-12T15:53:10.270+0000] {logging_mixin.py:150} INFO - [2025-08-12T15:53:10.270+0000] {dag.py:3504} INFO - Setting next_dagrun for example_dynamic_task_mapping_with_no_taskflow_operators to 2025-08-11T15:53:10.270628+00:00, run_after=2025-08-12T15:53:10.270628+00:00
[2025-08-12T15:53:10.287+0000] {processor.py:179} INFO - Processing /home/vscode/.local/lib/python3.10/site-packages/airflow/example_dags/example_dynamic_task_mapping_with_no_taskflow_operators.py took 0.050 seconds
[2025-08-12T15:53:52.111+0000] {processor.py:157} INFO - Started process (PID=25202) to work on /home/vscode/.local/lib/python3.10/site-packages/airflow/example_dags/example_dynamic_task_mapping_with_no_taskflow_operators.py
[2025-08-12T15:53:52.111+0000] {processor.py:826} INFO - Processing file /home/vscode/.local/lib/python3.10/site-packages/airflow/example_dags/example_dynamic_task_mapping_with_no_taskflow_operators.py for tasks to queue
[2025-08-12T15:53:52.112+0000] {logging_mixin.py:150} INFO - [2025-08-12T15:53:52.112+0000] {dagbag.py:541} INFO - Filling up the DagBag from /home/vscode/.local/lib/python3.10/site-packages/airflow/example_dags/example_dynamic_task_mapping_with_no_taskflow_operators.py
[2025-08-12T15:53:52.117+0000] {processor.py:836} INFO - DAG(s) dict_keys(['example_dynamic_task_mapping_with_no_taskflow_operators']) retrieved from /home/vscode/.local/lib/python3.10/site-packages/airflow/example_dags/example_dynamic_task_mapping_with_no_taskflow_operators.py
[2025-08-12T15:53:52.128+0000] {logging_mixin.py:150} INFO - [2025-08-12T15:53:52.128+0000] {dag.py:2742} INFO - Sync 1 DAGs
[2025-08-12T15:53:52.142+0000] {logging_mixin.py:150} INFO - [2025-08-12T15:53:52.142+0000] {dag.py:3504} INFO - Setting next_dagrun for example_dynamic_task_mapping_with_no_taskflow_operators to 2025-08-11T15:53:52.142306+00:00, run_after=2025-08-12T15:53:52.142306+00:00
[2025-08-12T15:53:52.159+0000] {processor.py:179} INFO - Processing /home/vscode/.local/lib/python3.10/site-packages/airflow/example_dags/example_dynamic_task_mapping_with_no_taskflow_operators.py took 0.051 seconds
[2025-08-12T15:54:37.259+0000] {processor.py:157} INFO - Started process (PID=25551) to work on /home/vscode/.local/lib/python3.10/site-packages/airflow/example_dags/example_dynamic_task_mapping_with_no_taskflow_operators.py
[2025-08-12T15:54:37.260+0000] {processor.py:826} INFO - Processing file /home/vscode/.local/lib/python3.10/site-packages/airflow/example_dags/example_dynamic_task_mapping_with_no_taskflow_operators.py for tasks to queue
[2025-08-12T15:54:37.261+0000] {logging_mixin.py:150} INFO - [2025-08-12T15:54:37.260+0000] {dagbag.py:541} INFO - Filling up the DagBag from /home/vscode/.local/lib/python3.10/site-packages/airflow/example_dags/example_dynamic_task_mapping_with_no_taskflow_operators.py
[2025-08-12T15:54:37.266+0000] {processor.py:836} INFO - DAG(s) dict_keys(['example_dynamic_task_mapping_with_no_taskflow_operators']) retrieved from /home/vscode/.local/lib/python3.10/site-packages/airflow/example_dags/example_dynamic_task_mapping_with_no_taskflow_operators.py
[2025-08-12T15:54:37.277+0000] {logging_mixin.py:150} INFO - [2025-08-12T15:54:37.277+0000] {dag.py:2742} INFO - Sync 1 DAGs
[2025-08-12T15:54:37.291+0000] {logging_mixin.py:150} INFO - [2025-08-12T15:54:37.291+0000] {dag.py:3504} INFO - Setting next_dagrun for example_dynamic_task_mapping_with_no_taskflow_operators to 2025-08-11T15:54:37.291114+00:00, run_after=2025-08-12T15:54:37.291114+00:00
[2025-08-12T15:54:37.306+0000] {processor.py:179} INFO - Processing /home/vscode/.local/lib/python3.10/site-packages/airflow/example_dags/example_dynamic_task_mapping_with_no_taskflow_operators.py took 0.049 seconds
[2025-08-12T15:55:20.606+0000] {processor.py:157} INFO - Started process (PID=25885) to work on /home/vscode/.local/lib/python3.10/site-packages/airflow/example_dags/example_dynamic_task_mapping_with_no_taskflow_operators.py
[2025-08-12T15:55:20.606+0000] {processor.py:826} INFO - Processing file /home/vscode/.local/lib/python3.10/site-packages/airflow/example_dags/example_dynamic_task_mapping_with_no_taskflow_operators.py for tasks to queue
[2025-08-12T15:55:20.607+0000] {logging_mixin.py:150} INFO - [2025-08-12T15:55:20.607+0000] {dagbag.py:541} INFO - Filling up the DagBag from /home/vscode/.local/lib/python3.10/site-packages/airflow/example_dags/example_dynamic_task_mapping_with_no_taskflow_operators.py
[2025-08-12T15:55:20.612+0000] {processor.py:836} INFO - DAG(s) dict_keys(['example_dynamic_task_mapping_with_no_taskflow_operators']) retrieved from /home/vscode/.local/lib/python3.10/site-packages/airflow/example_dags/example_dynamic_task_mapping_with_no_taskflow_operators.py
[2025-08-12T15:55:20.623+0000] {logging_mixin.py:150} INFO - [2025-08-12T15:55:20.623+0000] {dag.py:2742} INFO - Sync 1 DAGs
[2025-08-12T15:55:20.637+0000] {logging_mixin.py:150} INFO - [2025-08-12T15:55:20.637+0000] {dag.py:3504} INFO - Setting next_dagrun for example_dynamic_task_mapping_with_no_taskflow_operators to 2025-08-11T15:55:20.636892+00:00, run_after=2025-08-12T15:55:20.636892+00:00
[2025-08-12T15:55:20.653+0000] {processor.py:179} INFO - Processing /home/vscode/.local/lib/python3.10/site-packages/airflow/example_dags/example_dynamic_task_mapping_with_no_taskflow_operators.py took 0.049 seconds
[2025-08-12T15:56:03.463+0000] {processor.py:157} INFO - Started process (PID=26216) to work on /home/vscode/.local/lib/python3.10/site-packages/airflow/example_dags/example_dynamic_task_mapping_with_no_taskflow_operators.py
[2025-08-12T15:56:03.464+0000] {processor.py:826} INFO - Processing file /home/vscode/.local/lib/python3.10/site-packages/airflow/example_dags/example_dynamic_task_mapping_with_no_taskflow_operators.py for tasks to queue
[2025-08-12T15:56:03.464+0000] {logging_mixin.py:150} INFO - [2025-08-12T15:56:03.464+0000] {dagbag.py:541} INFO - Filling up the DagBag from /home/vscode/.local/lib/python3.10/site-packages/airflow/example_dags/example_dynamic_task_mapping_with_no_taskflow_operators.py
[2025-08-12T15:56:03.470+0000] {processor.py:836} INFO - DAG(s) dict_keys(['example_dynamic_task_mapping_with_no_taskflow_operators']) retrieved from /home/vscode/.local/lib/python3.10/site-packages/airflow/example_dags/example_dynamic_task_mapping_with_no_taskflow_operators.py
[2025-08-12T15:56:03.481+0000] {logging_mixin.py:150} INFO - [2025-08-12T15:56:03.480+0000] {dag.py:2742} INFO - Sync 1 DAGs
[2025-08-12T15:56:03.495+0000] {logging_mixin.py:150} INFO - [2025-08-12T15:56:03.495+0000] {dag.py:3504} INFO - Setting next_dagrun for example_dynamic_task_mapping_with_no_taskflow_operators to 2025-08-11T15:56:03.495098+00:00, run_after=2025-08-12T15:56:03.495098+00:00
[2025-08-12T15:56:03.510+0000] {processor.py:179} INFO - Processing /home/vscode/.local/lib/python3.10/site-packages/airflow/example_dags/example_dynamic_task_mapping_with_no_taskflow_operators.py took 0.050 seconds
[2025-08-12T15:56:47.216+0000] {processor.py:157} INFO - Started process (PID=26554) to work on /home/vscode/.local/lib/python3.10/site-packages/airflow/example_dags/example_dynamic_task_mapping_with_no_taskflow_operators.py
[2025-08-12T15:56:47.217+0000] {processor.py:826} INFO - Processing file /home/vscode/.local/lib/python3.10/site-packages/airflow/example_dags/example_dynamic_task_mapping_with_no_taskflow_operators.py for tasks to queue
[2025-08-12T15:56:47.218+0000] {logging_mixin.py:150} INFO - [2025-08-12T15:56:47.217+0000] {dagbag.py:541} INFO - Filling up the DagBag from /home/vscode/.local/lib/python3.10/site-packages/airflow/example_dags/example_dynamic_task_mapping_with_no_taskflow_operators.py
[2025-08-12T15:56:47.223+0000] {processor.py:836} INFO - DAG(s) dict_keys(['example_dynamic_task_mapping_with_no_taskflow_operators']) retrieved from /home/vscode/.local/lib/python3.10/site-packages/airflow/example_dags/example_dynamic_task_mapping_with_no_taskflow_operators.py
[2025-08-12T15:56:47.234+0000] {logging_mixin.py:150} INFO - [2025-08-12T15:56:47.234+0000] {dag.py:2742} INFO - Sync 1 DAGs
[2025-08-12T15:56:47.248+0000] {logging_mixin.py:150} INFO - [2025-08-12T15:56:47.248+0000] {dag.py:3504} INFO - Setting next_dagrun for example_dynamic_task_mapping_with_no_taskflow_operators to 2025-08-11T15:56:47.248406+00:00, run_after=2025-08-12T15:56:47.248406+00:00
[2025-08-12T15:56:47.267+0000] {processor.py:179} INFO - Processing /home/vscode/.local/lib/python3.10/site-packages/airflow/example_dags/example_dynamic_task_mapping_with_no_taskflow_operators.py took 0.052 seconds
[2025-08-12T15:57:42.345+0000] {processor.py:157} INFO - Started process (PID=26979) to work on /home/vscode/.local/lib/python3.10/site-packages/airflow/example_dags/example_dynamic_task_mapping_with_no_taskflow_operators.py
[2025-08-12T15:57:42.346+0000] {processor.py:826} INFO - Processing file /home/vscode/.local/lib/python3.10/site-packages/airflow/example_dags/example_dynamic_task_mapping_with_no_taskflow_operators.py for tasks to queue
[2025-08-12T15:57:42.346+0000] {logging_mixin.py:150} INFO - [2025-08-12T15:57:42.346+0000] {dagbag.py:541} INFO - Filling up the DagBag from /home/vscode/.local/lib/python3.10/site-packages/airflow/example_dags/example_dynamic_task_mapping_with_no_taskflow_operators.py
[2025-08-12T15:57:42.352+0000] {processor.py:836} INFO - DAG(s) dict_keys(['example_dynamic_task_mapping_with_no_taskflow_operators']) retrieved from /home/vscode/.local/lib/python3.10/site-packages/airflow/example_dags/example_dynamic_task_mapping_with_no_taskflow_operators.py
[2025-08-12T15:57:42.362+0000] {logging_mixin.py:150} INFO - [2025-08-12T15:57:42.362+0000] {dag.py:2742} INFO - Sync 1 DAGs
[2025-08-12T15:57:42.377+0000] {logging_mixin.py:150} INFO - [2025-08-12T15:57:42.376+0000] {dag.py:3504} INFO - Setting next_dagrun for example_dynamic_task_mapping_with_no_taskflow_operators to 2025-08-11T15:57:42.376764+00:00, run_after=2025-08-12T15:57:42.376764+00:00
[2025-08-12T15:57:42.392+0000] {processor.py:179} INFO - Processing /home/vscode/.local/lib/python3.10/site-packages/airflow/example_dags/example_dynamic_task_mapping_with_no_taskflow_operators.py took 0.049 seconds
[2025-08-12T15:58:28.659+0000] {processor.py:157} INFO - Started process (PID=27281) to work on /home/vscode/.local/lib/python3.10/site-packages/airflow/example_dags/example_dynamic_task_mapping_with_no_taskflow_operators.py
[2025-08-12T15:58:28.659+0000] {processor.py:826} INFO - Processing file /home/vscode/.local/lib/python3.10/site-packages/airflow/example_dags/example_dynamic_task_mapping_with_no_taskflow_operators.py for tasks to queue
[2025-08-12T15:58:28.660+0000] {logging_mixin.py:150} INFO - [2025-08-12T15:58:28.660+0000] {dagbag.py:541} INFO - Filling up the DagBag from /home/vscode/.local/lib/python3.10/site-packages/airflow/example_dags/example_dynamic_task_mapping_with_no_taskflow_operators.py
[2025-08-12T15:58:28.666+0000] {processor.py:836} INFO - DAG(s) dict_keys(['example_dynamic_task_mapping_with_no_taskflow_operators']) retrieved from /home/vscode/.local/lib/python3.10/site-packages/airflow/example_dags/example_dynamic_task_mapping_with_no_taskflow_operators.py
[2025-08-12T15:58:28.678+0000] {logging_mixin.py:150} INFO - [2025-08-12T15:58:28.678+0000] {dag.py:2742} INFO - Sync 1 DAGs
[2025-08-12T15:58:28.693+0000] {logging_mixin.py:150} INFO - [2025-08-12T15:58:28.693+0000] {dag.py:3504} INFO - Setting next_dagrun for example_dynamic_task_mapping_with_no_taskflow_operators to 2025-08-11T15:58:28.693073+00:00, run_after=2025-08-12T15:58:28.693073+00:00
[2025-08-12T15:58:28.709+0000] {processor.py:179} INFO - Processing /home/vscode/.local/lib/python3.10/site-packages/airflow/example_dags/example_dynamic_task_mapping_with_no_taskflow_operators.py took 0.052 seconds
[2025-08-12T15:59:12.144+0000] {processor.py:157} INFO - Started process (PID=27575) to work on /home/vscode/.local/lib/python3.10/site-packages/airflow/example_dags/example_dynamic_task_mapping_with_no_taskflow_operators.py
[2025-08-12T15:59:12.144+0000] {processor.py:826} INFO - Processing file /home/vscode/.local/lib/python3.10/site-packages/airflow/example_dags/example_dynamic_task_mapping_with_no_taskflow_operators.py for tasks to queue
[2025-08-12T15:59:12.145+0000] {logging_mixin.py:150} INFO - [2025-08-12T15:59:12.145+0000] {dagbag.py:541} INFO - Filling up the DagBag from /home/vscode/.local/lib/python3.10/site-packages/airflow/example_dags/example_dynamic_task_mapping_with_no_taskflow_operators.py
[2025-08-12T15:59:12.150+0000] {processor.py:836} INFO - DAG(s) dict_keys(['example_dynamic_task_mapping_with_no_taskflow_operators']) retrieved from /home/vscode/.local/lib/python3.10/site-packages/airflow/example_dags/example_dynamic_task_mapping_with_no_taskflow_operators.py
[2025-08-12T15:59:12.161+0000] {logging_mixin.py:150} INFO - [2025-08-12T15:59:12.161+0000] {dag.py:2742} INFO - Sync 1 DAGs
[2025-08-12T15:59:12.175+0000] {logging_mixin.py:150} INFO - [2025-08-12T15:59:12.175+0000] {dag.py:3504} INFO - Setting next_dagrun for example_dynamic_task_mapping_with_no_taskflow_operators to 2025-08-11T15:59:12.175301+00:00, run_after=2025-08-12T15:59:12.175301+00:00
[2025-08-12T15:59:12.192+0000] {processor.py:179} INFO - Processing /home/vscode/.local/lib/python3.10/site-packages/airflow/example_dags/example_dynamic_task_mapping_with_no_taskflow_operators.py took 0.050 seconds
[2025-08-12T16:00:04.165+0000] {processor.py:157} INFO - Started process (PID=27923) to work on /home/vscode/.local/lib/python3.10/site-packages/airflow/example_dags/example_dynamic_task_mapping_with_no_taskflow_operators.py
[2025-08-12T16:00:04.166+0000] {processor.py:826} INFO - Processing file /home/vscode/.local/lib/python3.10/site-packages/airflow/example_dags/example_dynamic_task_mapping_with_no_taskflow_operators.py for tasks to queue
[2025-08-12T16:00:04.166+0000] {logging_mixin.py:150} INFO - [2025-08-12T16:00:04.166+0000] {dagbag.py:541} INFO - Filling up the DagBag from /home/vscode/.local/lib/python3.10/site-packages/airflow/example_dags/example_dynamic_task_mapping_with_no_taskflow_operators.py
[2025-08-12T16:00:04.171+0000] {processor.py:836} INFO - DAG(s) dict_keys(['example_dynamic_task_mapping_with_no_taskflow_operators']) retrieved from /home/vscode/.local/lib/python3.10/site-packages/airflow/example_dags/example_dynamic_task_mapping_with_no_taskflow_operators.py
[2025-08-12T16:00:04.182+0000] {logging_mixin.py:150} INFO - [2025-08-12T16:00:04.182+0000] {dag.py:2742} INFO - Sync 1 DAGs
[2025-08-12T16:00:04.196+0000] {logging_mixin.py:150} INFO - [2025-08-12T16:00:04.196+0000] {dag.py:3504} INFO - Setting next_dagrun for example_dynamic_task_mapping_with_no_taskflow_operators to 2025-08-11T16:00:04.195929+00:00, run_after=2025-08-12T16:00:04.195929+00:00
[2025-08-12T16:00:04.210+0000] {processor.py:179} INFO - Processing /home/vscode/.local/lib/python3.10/site-packages/airflow/example_dags/example_dynamic_task_mapping_with_no_taskflow_operators.py took 0.047 seconds
[2025-08-12T16:00:48.652+0000] {processor.py:157} INFO - Started process (PID=28329) to work on /home/vscode/.local/lib/python3.10/site-packages/airflow/example_dags/example_dynamic_task_mapping_with_no_taskflow_operators.py
[2025-08-12T16:00:48.653+0000] {processor.py:826} INFO - Processing file /home/vscode/.local/lib/python3.10/site-packages/airflow/example_dags/example_dynamic_task_mapping_with_no_taskflow_operators.py for tasks to queue
[2025-08-12T16:00:48.653+0000] {logging_mixin.py:150} INFO - [2025-08-12T16:00:48.653+0000] {dagbag.py:541} INFO - Filling up the DagBag from /home/vscode/.local/lib/python3.10/site-packages/airflow/example_dags/example_dynamic_task_mapping_with_no_taskflow_operators.py
[2025-08-12T16:00:48.659+0000] {processor.py:836} INFO - DAG(s) dict_keys(['example_dynamic_task_mapping_with_no_taskflow_operators']) retrieved from /home/vscode/.local/lib/python3.10/site-packages/airflow/example_dags/example_dynamic_task_mapping_with_no_taskflow_operators.py
[2025-08-12T16:00:48.674+0000] {logging_mixin.py:150} INFO - [2025-08-12T16:00:48.673+0000] {dag.py:2742} INFO - Sync 1 DAGs
[2025-08-12T16:00:48.696+0000] {logging_mixin.py:150} INFO - [2025-08-12T16:00:48.696+0000] {dag.py:3504} INFO - Setting next_dagrun for example_dynamic_task_mapping_with_no_taskflow_operators to 2025-08-11T16:00:48.695735+00:00, run_after=2025-08-12T16:00:48.695735+00:00
[2025-08-12T16:00:48.717+0000] {processor.py:179} INFO - Processing /home/vscode/.local/lib/python3.10/site-packages/airflow/example_dags/example_dynamic_task_mapping_with_no_taskflow_operators.py took 0.067 seconds
[2025-08-12T16:01:32.544+0000] {processor.py:157} INFO - Started process (PID=28667) to work on /home/vscode/.local/lib/python3.10/site-packages/airflow/example_dags/example_dynamic_task_mapping_with_no_taskflow_operators.py
[2025-08-12T16:01:32.545+0000] {processor.py:826} INFO - Processing file /home/vscode/.local/lib/python3.10/site-packages/airflow/example_dags/example_dynamic_task_mapping_with_no_taskflow_operators.py for tasks to queue
[2025-08-12T16:01:32.546+0000] {logging_mixin.py:150} INFO - [2025-08-12T16:01:32.546+0000] {dagbag.py:541} INFO - Filling up the DagBag from /home/vscode/.local/lib/python3.10/site-packages/airflow/example_dags/example_dynamic_task_mapping_with_no_taskflow_operators.py
[2025-08-12T16:01:32.551+0000] {processor.py:836} INFO - DAG(s) dict_keys(['example_dynamic_task_mapping_with_no_taskflow_operators']) retrieved from /home/vscode/.local/lib/python3.10/site-packages/airflow/example_dags/example_dynamic_task_mapping_with_no_taskflow_operators.py
[2025-08-12T16:01:32.562+0000] {logging_mixin.py:150} INFO - [2025-08-12T16:01:32.562+0000] {dag.py:2742} INFO - Sync 1 DAGs
[2025-08-12T16:01:32.576+0000] {logging_mixin.py:150} INFO - [2025-08-12T16:01:32.576+0000] {dag.py:3504} INFO - Setting next_dagrun for example_dynamic_task_mapping_with_no_taskflow_operators to 2025-08-11T16:01:32.576432+00:00, run_after=2025-08-12T16:01:32.576432+00:00
[2025-08-12T16:01:32.591+0000] {processor.py:179} INFO - Processing /home/vscode/.local/lib/python3.10/site-packages/airflow/example_dags/example_dynamic_task_mapping_with_no_taskflow_operators.py took 0.050 seconds
[2025-08-12T16:02:18.634+0000] {processor.py:157} INFO - Started process (PID=28980) to work on /home/vscode/.local/lib/python3.10/site-packages/airflow/example_dags/example_dynamic_task_mapping_with_no_taskflow_operators.py
[2025-08-12T16:02:18.634+0000] {processor.py:826} INFO - Processing file /home/vscode/.local/lib/python3.10/site-packages/airflow/example_dags/example_dynamic_task_mapping_with_no_taskflow_operators.py for tasks to queue
[2025-08-12T16:02:18.635+0000] {logging_mixin.py:150} INFO - [2025-08-12T16:02:18.635+0000] {dagbag.py:541} INFO - Filling up the DagBag from /home/vscode/.local/lib/python3.10/site-packages/airflow/example_dags/example_dynamic_task_mapping_with_no_taskflow_operators.py
[2025-08-12T16:02:18.640+0000] {processor.py:836} INFO - DAG(s) dict_keys(['example_dynamic_task_mapping_with_no_taskflow_operators']) retrieved from /home/vscode/.local/lib/python3.10/site-packages/airflow/example_dags/example_dynamic_task_mapping_with_no_taskflow_operators.py
[2025-08-12T16:02:18.651+0000] {logging_mixin.py:150} INFO - [2025-08-12T16:02:18.651+0000] {dag.py:2742} INFO - Sync 1 DAGs
[2025-08-12T16:02:18.665+0000] {logging_mixin.py:150} INFO - [2025-08-12T16:02:18.665+0000] {dag.py:3504} INFO - Setting next_dagrun for example_dynamic_task_mapping_with_no_taskflow_operators to 2025-08-11T16:02:18.665419+00:00, run_after=2025-08-12T16:02:18.665419+00:00
[2025-08-12T16:02:18.680+0000] {processor.py:179} INFO - Processing /home/vscode/.local/lib/python3.10/site-packages/airflow/example_dags/example_dynamic_task_mapping_with_no_taskflow_operators.py took 0.048 seconds
[2025-08-12T16:03:09.988+0000] {processor.py:157} INFO - Started process (PID=29325) to work on /home/vscode/.local/lib/python3.10/site-packages/airflow/example_dags/example_dynamic_task_mapping_with_no_taskflow_operators.py
[2025-08-12T16:03:09.989+0000] {processor.py:826} INFO - Processing file /home/vscode/.local/lib/python3.10/site-packages/airflow/example_dags/example_dynamic_task_mapping_with_no_taskflow_operators.py for tasks to queue
[2025-08-12T16:03:09.990+0000] {logging_mixin.py:150} INFO - [2025-08-12T16:03:09.989+0000] {dagbag.py:541} INFO - Filling up the DagBag from /home/vscode/.local/lib/python3.10/site-packages/airflow/example_dags/example_dynamic_task_mapping_with_no_taskflow_operators.py
[2025-08-12T16:03:09.995+0000] {processor.py:836} INFO - DAG(s) dict_keys(['example_dynamic_task_mapping_with_no_taskflow_operators']) retrieved from /home/vscode/.local/lib/python3.10/site-packages/airflow/example_dags/example_dynamic_task_mapping_with_no_taskflow_operators.py
[2025-08-12T16:03:10.007+0000] {logging_mixin.py:150} INFO - [2025-08-12T16:03:10.007+0000] {dag.py:2742} INFO - Sync 1 DAGs
[2025-08-12T16:03:10.034+0000] {logging_mixin.py:150} INFO - [2025-08-12T16:03:10.034+0000] {dag.py:3504} INFO - Setting next_dagrun for example_dynamic_task_mapping_with_no_taskflow_operators to 2025-08-11T16:03:10.034315+00:00, run_after=2025-08-12T16:03:10.034315+00:00
[2025-08-12T16:03:10.063+0000] {processor.py:179} INFO - Processing /home/vscode/.local/lib/python3.10/site-packages/airflow/example_dags/example_dynamic_task_mapping_with_no_taskflow_operators.py took 0.077 seconds
[2025-08-12T16:03:55.759+0000] {processor.py:157} INFO - Started process (PID=29632) to work on /home/vscode/.local/lib/python3.10/site-packages/airflow/example_dags/example_dynamic_task_mapping_with_no_taskflow_operators.py
[2025-08-12T16:03:55.760+0000] {processor.py:826} INFO - Processing file /home/vscode/.local/lib/python3.10/site-packages/airflow/example_dags/example_dynamic_task_mapping_with_no_taskflow_operators.py for tasks to queue
[2025-08-12T16:03:55.762+0000] {logging_mixin.py:150} INFO - [2025-08-12T16:03:55.761+0000] {dagbag.py:541} INFO - Filling up the DagBag from /home/vscode/.local/lib/python3.10/site-packages/airflow/example_dags/example_dynamic_task_mapping_with_no_taskflow_operators.py
[2025-08-12T16:03:55.774+0000] {processor.py:836} INFO - DAG(s) dict_keys(['example_dynamic_task_mapping_with_no_taskflow_operators']) retrieved from /home/vscode/.local/lib/python3.10/site-packages/airflow/example_dags/example_dynamic_task_mapping_with_no_taskflow_operators.py
[2025-08-12T16:03:55.791+0000] {logging_mixin.py:150} INFO - [2025-08-12T16:03:55.791+0000] {dag.py:2742} INFO - Sync 1 DAGs
[2025-08-12T16:03:55.806+0000] {logging_mixin.py:150} INFO - [2025-08-12T16:03:55.805+0000] {dag.py:3504} INFO - Setting next_dagrun for example_dynamic_task_mapping_with_no_taskflow_operators to 2025-08-11T16:03:55.805763+00:00, run_after=2025-08-12T16:03:55.805763+00:00
[2025-08-12T16:03:55.821+0000] {processor.py:179} INFO - Processing /home/vscode/.local/lib/python3.10/site-packages/airflow/example_dags/example_dynamic_task_mapping_with_no_taskflow_operators.py took 0.064 seconds
[2025-08-12T16:04:44.829+0000] {processor.py:157} INFO - Started process (PID=29959) to work on /home/vscode/.local/lib/python3.10/site-packages/airflow/example_dags/example_dynamic_task_mapping_with_no_taskflow_operators.py
[2025-08-12T16:04:44.830+0000] {processor.py:826} INFO - Processing file /home/vscode/.local/lib/python3.10/site-packages/airflow/example_dags/example_dynamic_task_mapping_with_no_taskflow_operators.py for tasks to queue
[2025-08-12T16:04:44.830+0000] {logging_mixin.py:150} INFO - [2025-08-12T16:04:44.830+0000] {dagbag.py:541} INFO - Filling up the DagBag from /home/vscode/.local/lib/python3.10/site-packages/airflow/example_dags/example_dynamic_task_mapping_with_no_taskflow_operators.py
[2025-08-12T16:04:44.836+0000] {processor.py:836} INFO - DAG(s) dict_keys(['example_dynamic_task_mapping_with_no_taskflow_operators']) retrieved from /home/vscode/.local/lib/python3.10/site-packages/airflow/example_dags/example_dynamic_task_mapping_with_no_taskflow_operators.py
[2025-08-12T16:04:44.852+0000] {logging_mixin.py:150} INFO - [2025-08-12T16:04:44.851+0000] {dag.py:2742} INFO - Sync 1 DAGs
[2025-08-12T16:04:44.866+0000] {logging_mixin.py:150} INFO - [2025-08-12T16:04:44.866+0000] {dag.py:3504} INFO - Setting next_dagrun for example_dynamic_task_mapping_with_no_taskflow_operators to 2025-08-11T16:04:44.865845+00:00, run_after=2025-08-12T16:04:44.865845+00:00
[2025-08-12T16:04:44.881+0000] {processor.py:179} INFO - Processing /home/vscode/.local/lib/python3.10/site-packages/airflow/example_dags/example_dynamic_task_mapping_with_no_taskflow_operators.py took 0.054 seconds
[2025-08-12T16:05:28.491+0000] {processor.py:157} INFO - Started process (PID=30247) to work on /home/vscode/.local/lib/python3.10/site-packages/airflow/example_dags/example_dynamic_task_mapping_with_no_taskflow_operators.py
[2025-08-12T16:05:28.491+0000] {processor.py:826} INFO - Processing file /home/vscode/.local/lib/python3.10/site-packages/airflow/example_dags/example_dynamic_task_mapping_with_no_taskflow_operators.py for tasks to queue
[2025-08-12T16:05:28.492+0000] {logging_mixin.py:150} INFO - [2025-08-12T16:05:28.492+0000] {dagbag.py:541} INFO - Filling up the DagBag from /home/vscode/.local/lib/python3.10/site-packages/airflow/example_dags/example_dynamic_task_mapping_with_no_taskflow_operators.py
[2025-08-12T16:05:28.498+0000] {processor.py:836} INFO - DAG(s) dict_keys(['example_dynamic_task_mapping_with_no_taskflow_operators']) retrieved from /home/vscode/.local/lib/python3.10/site-packages/airflow/example_dags/example_dynamic_task_mapping_with_no_taskflow_operators.py
[2025-08-12T16:05:28.509+0000] {logging_mixin.py:150} INFO - [2025-08-12T16:05:28.509+0000] {dag.py:2742} INFO - Sync 1 DAGs
[2025-08-12T16:05:28.524+0000] {logging_mixin.py:150} INFO - [2025-08-12T16:05:28.524+0000] {dag.py:3504} INFO - Setting next_dagrun for example_dynamic_task_mapping_with_no_taskflow_operators to 2025-08-11T16:05:28.524264+00:00, run_after=2025-08-12T16:05:28.524264+00:00
[2025-08-12T16:05:28.540+0000] {processor.py:179} INFO - Processing /home/vscode/.local/lib/python3.10/site-packages/airflow/example_dags/example_dynamic_task_mapping_with_no_taskflow_operators.py took 0.052 seconds
[2025-08-12T16:06:13.363+0000] {processor.py:157} INFO - Started process (PID=30542) to work on /home/vscode/.local/lib/python3.10/site-packages/airflow/example_dags/example_dynamic_task_mapping_with_no_taskflow_operators.py
[2025-08-12T16:06:13.364+0000] {processor.py:826} INFO - Processing file /home/vscode/.local/lib/python3.10/site-packages/airflow/example_dags/example_dynamic_task_mapping_with_no_taskflow_operators.py for tasks to queue
[2025-08-12T16:06:13.365+0000] {logging_mixin.py:150} INFO - [2025-08-12T16:06:13.364+0000] {dagbag.py:541} INFO - Filling up the DagBag from /home/vscode/.local/lib/python3.10/site-packages/airflow/example_dags/example_dynamic_task_mapping_with_no_taskflow_operators.py
[2025-08-12T16:06:13.370+0000] {processor.py:836} INFO - DAG(s) dict_keys(['example_dynamic_task_mapping_with_no_taskflow_operators']) retrieved from /home/vscode/.local/lib/python3.10/site-packages/airflow/example_dags/example_dynamic_task_mapping_with_no_taskflow_operators.py
[2025-08-12T16:06:13.382+0000] {logging_mixin.py:150} INFO - [2025-08-12T16:06:13.381+0000] {dag.py:2742} INFO - Sync 1 DAGs
[2025-08-12T16:06:13.396+0000] {logging_mixin.py:150} INFO - [2025-08-12T16:06:13.396+0000] {dag.py:3504} INFO - Setting next_dagrun for example_dynamic_task_mapping_with_no_taskflow_operators to 2025-08-11T16:06:13.395899+00:00, run_after=2025-08-12T16:06:13.395899+00:00
[2025-08-12T16:06:13.412+0000] {processor.py:179} INFO - Processing /home/vscode/.local/lib/python3.10/site-packages/airflow/example_dags/example_dynamic_task_mapping_with_no_taskflow_operators.py took 0.051 seconds
[2025-08-12T16:06:59.704+0000] {processor.py:157} INFO - Started process (PID=30859) to work on /home/vscode/.local/lib/python3.10/site-packages/airflow/example_dags/example_dynamic_task_mapping_with_no_taskflow_operators.py
[2025-08-12T16:06:59.705+0000] {processor.py:826} INFO - Processing file /home/vscode/.local/lib/python3.10/site-packages/airflow/example_dags/example_dynamic_task_mapping_with_no_taskflow_operators.py for tasks to queue
[2025-08-12T16:06:59.705+0000] {logging_mixin.py:150} INFO - [2025-08-12T16:06:59.705+0000] {dagbag.py:541} INFO - Filling up the DagBag from /home/vscode/.local/lib/python3.10/site-packages/airflow/example_dags/example_dynamic_task_mapping_with_no_taskflow_operators.py
[2025-08-12T16:06:59.711+0000] {processor.py:836} INFO - DAG(s) dict_keys(['example_dynamic_task_mapping_with_no_taskflow_operators']) retrieved from /home/vscode/.local/lib/python3.10/site-packages/airflow/example_dags/example_dynamic_task_mapping_with_no_taskflow_operators.py
[2025-08-12T16:06:59.721+0000] {logging_mixin.py:150} INFO - [2025-08-12T16:06:59.721+0000] {dag.py:2742} INFO - Sync 1 DAGs
[2025-08-12T16:06:59.735+0000] {logging_mixin.py:150} INFO - [2025-08-12T16:06:59.735+0000] {dag.py:3504} INFO - Setting next_dagrun for example_dynamic_task_mapping_with_no_taskflow_operators to 2025-08-11T16:06:59.735612+00:00, run_after=2025-08-12T16:06:59.735612+00:00
[2025-08-12T16:06:59.750+0000] {processor.py:179} INFO - Processing /home/vscode/.local/lib/python3.10/site-packages/airflow/example_dags/example_dynamic_task_mapping_with_no_taskflow_operators.py took 0.048 seconds
[2025-08-12T16:07:40.430+0000] {processor.py:157} INFO - Started process (PID=31126) to work on /home/vscode/.local/lib/python3.10/site-packages/airflow/example_dags/example_dynamic_task_mapping_with_no_taskflow_operators.py
[2025-08-12T16:07:40.431+0000] {processor.py:826} INFO - Processing file /home/vscode/.local/lib/python3.10/site-packages/airflow/example_dags/example_dynamic_task_mapping_with_no_taskflow_operators.py for tasks to queue
[2025-08-12T16:07:40.432+0000] {logging_mixin.py:150} INFO - [2025-08-12T16:07:40.432+0000] {dagbag.py:541} INFO - Filling up the DagBag from /home/vscode/.local/lib/python3.10/site-packages/airflow/example_dags/example_dynamic_task_mapping_with_no_taskflow_operators.py
[2025-08-12T16:07:40.440+0000] {processor.py:836} INFO - DAG(s) dict_keys(['example_dynamic_task_mapping_with_no_taskflow_operators']) retrieved from /home/vscode/.local/lib/python3.10/site-packages/airflow/example_dags/example_dynamic_task_mapping_with_no_taskflow_operators.py
[2025-08-12T16:07:40.457+0000] {logging_mixin.py:150} INFO - [2025-08-12T16:07:40.456+0000] {dag.py:2742} INFO - Sync 1 DAGs
[2025-08-12T16:07:40.478+0000] {logging_mixin.py:150} INFO - [2025-08-12T16:07:40.478+0000] {dag.py:3504} INFO - Setting next_dagrun for example_dynamic_task_mapping_with_no_taskflow_operators to 2025-08-11T16:07:40.477864+00:00, run_after=2025-08-12T16:07:40.477864+00:00
[2025-08-12T16:07:40.493+0000] {processor.py:179} INFO - Processing /home/vscode/.local/lib/python3.10/site-packages/airflow/example_dags/example_dynamic_task_mapping_with_no_taskflow_operators.py took 0.066 seconds
[2025-08-12T16:08:23.515+0000] {processor.py:157} INFO - Started process (PID=31415) to work on /home/vscode/.local/lib/python3.10/site-packages/airflow/example_dags/example_dynamic_task_mapping_with_no_taskflow_operators.py
[2025-08-12T16:08:23.516+0000] {processor.py:826} INFO - Processing file /home/vscode/.local/lib/python3.10/site-packages/airflow/example_dags/example_dynamic_task_mapping_with_no_taskflow_operators.py for tasks to queue
[2025-08-12T16:08:23.516+0000] {logging_mixin.py:150} INFO - [2025-08-12T16:08:23.516+0000] {dagbag.py:541} INFO - Filling up the DagBag from /home/vscode/.local/lib/python3.10/site-packages/airflow/example_dags/example_dynamic_task_mapping_with_no_taskflow_operators.py
[2025-08-12T16:08:23.522+0000] {processor.py:836} INFO - DAG(s) dict_keys(['example_dynamic_task_mapping_with_no_taskflow_operators']) retrieved from /home/vscode/.local/lib/python3.10/site-packages/airflow/example_dags/example_dynamic_task_mapping_with_no_taskflow_operators.py
[2025-08-12T16:08:23.533+0000] {logging_mixin.py:150} INFO - [2025-08-12T16:08:23.533+0000] {dag.py:2742} INFO - Sync 1 DAGs
[2025-08-12T16:08:23.547+0000] {logging_mixin.py:150} INFO - [2025-08-12T16:08:23.547+0000] {dag.py:3504} INFO - Setting next_dagrun for example_dynamic_task_mapping_with_no_taskflow_operators to 2025-08-11T16:08:23.547525+00:00, run_after=2025-08-12T16:08:23.547525+00:00
[2025-08-12T16:08:23.562+0000] {processor.py:179} INFO - Processing /home/vscode/.local/lib/python3.10/site-packages/airflow/example_dags/example_dynamic_task_mapping_with_no_taskflow_operators.py took 0.049 seconds
[2025-08-12T16:09:08.057+0000] {processor.py:157} INFO - Started process (PID=31712) to work on /home/vscode/.local/lib/python3.10/site-packages/airflow/example_dags/example_dynamic_task_mapping_with_no_taskflow_operators.py
[2025-08-12T16:09:08.057+0000] {processor.py:826} INFO - Processing file /home/vscode/.local/lib/python3.10/site-packages/airflow/example_dags/example_dynamic_task_mapping_with_no_taskflow_operators.py for tasks to queue
[2025-08-12T16:09:08.058+0000] {logging_mixin.py:150} INFO - [2025-08-12T16:09:08.058+0000] {dagbag.py:541} INFO - Filling up the DagBag from /home/vscode/.local/lib/python3.10/site-packages/airflow/example_dags/example_dynamic_task_mapping_with_no_taskflow_operators.py
[2025-08-12T16:09:08.063+0000] {processor.py:836} INFO - DAG(s) dict_keys(['example_dynamic_task_mapping_with_no_taskflow_operators']) retrieved from /home/vscode/.local/lib/python3.10/site-packages/airflow/example_dags/example_dynamic_task_mapping_with_no_taskflow_operators.py
[2025-08-12T16:09:08.074+0000] {logging_mixin.py:150} INFO - [2025-08-12T16:09:08.074+0000] {dag.py:2742} INFO - Sync 1 DAGs
[2025-08-12T16:09:08.104+0000] {logging_mixin.py:150} INFO - [2025-08-12T16:09:08.104+0000] {dag.py:3504} INFO - Setting next_dagrun for example_dynamic_task_mapping_with_no_taskflow_operators to 2025-08-11T16:09:08.103890+00:00, run_after=2025-08-12T16:09:08.103890+00:00
[2025-08-12T16:09:08.122+0000] {processor.py:179} INFO - Processing /home/vscode/.local/lib/python3.10/site-packages/airflow/example_dags/example_dynamic_task_mapping_with_no_taskflow_operators.py took 0.068 seconds
[2025-08-12T16:09:52.017+0000] {processor.py:157} INFO - Started process (PID=32007) to work on /home/vscode/.local/lib/python3.10/site-packages/airflow/example_dags/example_dynamic_task_mapping_with_no_taskflow_operators.py
[2025-08-12T16:09:52.017+0000] {processor.py:826} INFO - Processing file /home/vscode/.local/lib/python3.10/site-packages/airflow/example_dags/example_dynamic_task_mapping_with_no_taskflow_operators.py for tasks to queue
[2025-08-12T16:09:52.018+0000] {logging_mixin.py:150} INFO - [2025-08-12T16:09:52.018+0000] {dagbag.py:541} INFO - Filling up the DagBag from /home/vscode/.local/lib/python3.10/site-packages/airflow/example_dags/example_dynamic_task_mapping_with_no_taskflow_operators.py
[2025-08-12T16:09:52.023+0000] {processor.py:836} INFO - DAG(s) dict_keys(['example_dynamic_task_mapping_with_no_taskflow_operators']) retrieved from /home/vscode/.local/lib/python3.10/site-packages/airflow/example_dags/example_dynamic_task_mapping_with_no_taskflow_operators.py
[2025-08-12T16:09:52.034+0000] {logging_mixin.py:150} INFO - [2025-08-12T16:09:52.034+0000] {dag.py:2742} INFO - Sync 1 DAGs
[2025-08-12T16:09:52.049+0000] {logging_mixin.py:150} INFO - [2025-08-12T16:09:52.049+0000] {dag.py:3504} INFO - Setting next_dagrun for example_dynamic_task_mapping_with_no_taskflow_operators to 2025-08-11T16:09:52.049162+00:00, run_after=2025-08-12T16:09:52.049162+00:00
[2025-08-12T16:09:52.064+0000] {processor.py:179} INFO - Processing /home/vscode/.local/lib/python3.10/site-packages/airflow/example_dags/example_dynamic_task_mapping_with_no_taskflow_operators.py took 0.050 seconds
[2025-08-12T16:10:40.487+0000] {processor.py:157} INFO - Started process (PID=32324) to work on /home/vscode/.local/lib/python3.10/site-packages/airflow/example_dags/example_dynamic_task_mapping_with_no_taskflow_operators.py
[2025-08-12T16:10:40.488+0000] {processor.py:826} INFO - Processing file /home/vscode/.local/lib/python3.10/site-packages/airflow/example_dags/example_dynamic_task_mapping_with_no_taskflow_operators.py for tasks to queue
[2025-08-12T16:10:40.489+0000] {logging_mixin.py:150} INFO - [2025-08-12T16:10:40.489+0000] {dagbag.py:541} INFO - Filling up the DagBag from /home/vscode/.local/lib/python3.10/site-packages/airflow/example_dags/example_dynamic_task_mapping_with_no_taskflow_operators.py
[2025-08-12T16:10:40.494+0000] {processor.py:836} INFO - DAG(s) dict_keys(['example_dynamic_task_mapping_with_no_taskflow_operators']) retrieved from /home/vscode/.local/lib/python3.10/site-packages/airflow/example_dags/example_dynamic_task_mapping_with_no_taskflow_operators.py
[2025-08-12T16:10:40.505+0000] {logging_mixin.py:150} INFO - [2025-08-12T16:10:40.505+0000] {dag.py:2742} INFO - Sync 1 DAGs
[2025-08-12T16:10:40.520+0000] {logging_mixin.py:150} INFO - [2025-08-12T16:10:40.520+0000] {dag.py:3504} INFO - Setting next_dagrun for example_dynamic_task_mapping_with_no_taskflow_operators to 2025-08-11T16:10:40.520412+00:00, run_after=2025-08-12T16:10:40.520412+00:00
[2025-08-12T16:10:40.537+0000] {processor.py:179} INFO - Processing /home/vscode/.local/lib/python3.10/site-packages/airflow/example_dags/example_dynamic_task_mapping_with_no_taskflow_operators.py took 0.051 seconds
[2025-08-12T16:11:23.217+0000] {processor.py:157} INFO - Started process (PID=32605) to work on /home/vscode/.local/lib/python3.10/site-packages/airflow/example_dags/example_dynamic_task_mapping_with_no_taskflow_operators.py
[2025-08-12T16:11:23.218+0000] {processor.py:826} INFO - Processing file /home/vscode/.local/lib/python3.10/site-packages/airflow/example_dags/example_dynamic_task_mapping_with_no_taskflow_operators.py for tasks to queue
[2025-08-12T16:11:23.218+0000] {logging_mixin.py:150} INFO - [2025-08-12T16:11:23.218+0000] {dagbag.py:541} INFO - Filling up the DagBag from /home/vscode/.local/lib/python3.10/site-packages/airflow/example_dags/example_dynamic_task_mapping_with_no_taskflow_operators.py
[2025-08-12T16:11:23.224+0000] {processor.py:836} INFO - DAG(s) dict_keys(['example_dynamic_task_mapping_with_no_taskflow_operators']) retrieved from /home/vscode/.local/lib/python3.10/site-packages/airflow/example_dags/example_dynamic_task_mapping_with_no_taskflow_operators.py
[2025-08-12T16:11:23.234+0000] {logging_mixin.py:150} INFO - [2025-08-12T16:11:23.234+0000] {dag.py:2742} INFO - Sync 1 DAGs
[2025-08-12T16:11:23.248+0000] {logging_mixin.py:150} INFO - [2025-08-12T16:11:23.248+0000] {dag.py:3504} INFO - Setting next_dagrun for example_dynamic_task_mapping_with_no_taskflow_operators to 2025-08-11T16:11:23.248257+00:00, run_after=2025-08-12T16:11:23.248257+00:00
[2025-08-12T16:11:23.267+0000] {processor.py:179} INFO - Processing /home/vscode/.local/lib/python3.10/site-packages/airflow/example_dags/example_dynamic_task_mapping_with_no_taskflow_operators.py took 0.052 seconds
[2025-08-12T16:12:08.708+0000] {processor.py:157} INFO - Started process (PID=32913) to work on /home/vscode/.local/lib/python3.10/site-packages/airflow/example_dags/example_dynamic_task_mapping_with_no_taskflow_operators.py
[2025-08-12T16:12:08.709+0000] {processor.py:826} INFO - Processing file /home/vscode/.local/lib/python3.10/site-packages/airflow/example_dags/example_dynamic_task_mapping_with_no_taskflow_operators.py for tasks to queue
[2025-08-12T16:12:08.710+0000] {logging_mixin.py:150} INFO - [2025-08-12T16:12:08.710+0000] {dagbag.py:541} INFO - Filling up the DagBag from /home/vscode/.local/lib/python3.10/site-packages/airflow/example_dags/example_dynamic_task_mapping_with_no_taskflow_operators.py
[2025-08-12T16:12:08.720+0000] {processor.py:836} INFO - DAG(s) dict_keys(['example_dynamic_task_mapping_with_no_taskflow_operators']) retrieved from /home/vscode/.local/lib/python3.10/site-packages/airflow/example_dags/example_dynamic_task_mapping_with_no_taskflow_operators.py
[2025-08-12T16:12:08.739+0000] {logging_mixin.py:150} INFO - [2025-08-12T16:12:08.738+0000] {dag.py:2742} INFO - Sync 1 DAGs
[2025-08-12T16:12:08.761+0000] {logging_mixin.py:150} INFO - [2025-08-12T16:12:08.761+0000] {dag.py:3504} INFO - Setting next_dagrun for example_dynamic_task_mapping_with_no_taskflow_operators to 2025-08-11T16:12:08.761079+00:00, run_after=2025-08-12T16:12:08.761079+00:00
[2025-08-12T16:12:08.781+0000] {processor.py:179} INFO - Processing /home/vscode/.local/lib/python3.10/site-packages/airflow/example_dags/example_dynamic_task_mapping_with_no_taskflow_operators.py took 0.077 seconds
[2025-08-12T16:12:53.817+0000] {processor.py:157} INFO - Started process (PID=33211) to work on /home/vscode/.local/lib/python3.10/site-packages/airflow/example_dags/example_dynamic_task_mapping_with_no_taskflow_operators.py
[2025-08-12T16:12:53.818+0000] {processor.py:826} INFO - Processing file /home/vscode/.local/lib/python3.10/site-packages/airflow/example_dags/example_dynamic_task_mapping_with_no_taskflow_operators.py for tasks to queue
[2025-08-12T16:12:53.819+0000] {logging_mixin.py:150} INFO - [2025-08-12T16:12:53.819+0000] {dagbag.py:541} INFO - Filling up the DagBag from /home/vscode/.local/lib/python3.10/site-packages/airflow/example_dags/example_dynamic_task_mapping_with_no_taskflow_operators.py
[2025-08-12T16:12:53.827+0000] {processor.py:836} INFO - DAG(s) dict_keys(['example_dynamic_task_mapping_with_no_taskflow_operators']) retrieved from /home/vscode/.local/lib/python3.10/site-packages/airflow/example_dags/example_dynamic_task_mapping_with_no_taskflow_operators.py
[2025-08-12T16:12:53.842+0000] {logging_mixin.py:150} INFO - [2025-08-12T16:12:53.842+0000] {dag.py:2742} INFO - Sync 1 DAGs
[2025-08-12T16:12:53.859+0000] {logging_mixin.py:150} INFO - [2025-08-12T16:12:53.859+0000] {dag.py:3504} INFO - Setting next_dagrun for example_dynamic_task_mapping_with_no_taskflow_operators to 2025-08-11T16:12:53.859257+00:00, run_after=2025-08-12T16:12:53.859257+00:00
[2025-08-12T16:12:53.874+0000] {processor.py:179} INFO - Processing /home/vscode/.local/lib/python3.10/site-packages/airflow/example_dags/example_dynamic_task_mapping_with_no_taskflow_operators.py took 0.060 seconds
[2025-08-12T16:13:37.691+0000] {processor.py:157} INFO - Started process (PID=33508) to work on /home/vscode/.local/lib/python3.10/site-packages/airflow/example_dags/example_dynamic_task_mapping_with_no_taskflow_operators.py
[2025-08-12T16:13:37.691+0000] {processor.py:826} INFO - Processing file /home/vscode/.local/lib/python3.10/site-packages/airflow/example_dags/example_dynamic_task_mapping_with_no_taskflow_operators.py for tasks to queue
[2025-08-12T16:13:37.692+0000] {logging_mixin.py:150} INFO - [2025-08-12T16:13:37.692+0000] {dagbag.py:541} INFO - Filling up the DagBag from /home/vscode/.local/lib/python3.10/site-packages/airflow/example_dags/example_dynamic_task_mapping_with_no_taskflow_operators.py
[2025-08-12T16:13:37.697+0000] {processor.py:836} INFO - DAG(s) dict_keys(['example_dynamic_task_mapping_with_no_taskflow_operators']) retrieved from /home/vscode/.local/lib/python3.10/site-packages/airflow/example_dags/example_dynamic_task_mapping_with_no_taskflow_operators.py
[2025-08-12T16:13:37.708+0000] {logging_mixin.py:150} INFO - [2025-08-12T16:13:37.707+0000] {dag.py:2742} INFO - Sync 1 DAGs
[2025-08-12T16:13:37.722+0000] {logging_mixin.py:150} INFO - [2025-08-12T16:13:37.722+0000] {dag.py:3504} INFO - Setting next_dagrun for example_dynamic_task_mapping_with_no_taskflow_operators to 2025-08-11T16:13:37.721860+00:00, run_after=2025-08-12T16:13:37.721860+00:00
[2025-08-12T16:13:37.737+0000] {processor.py:179} INFO - Processing /home/vscode/.local/lib/python3.10/site-packages/airflow/example_dags/example_dynamic_task_mapping_with_no_taskflow_operators.py took 0.048 seconds
[2025-08-12T16:14:21.150+0000] {processor.py:157} INFO - Started process (PID=33789) to work on /home/vscode/.local/lib/python3.10/site-packages/airflow/example_dags/example_dynamic_task_mapping_with_no_taskflow_operators.py
[2025-08-12T16:14:21.151+0000] {processor.py:826} INFO - Processing file /home/vscode/.local/lib/python3.10/site-packages/airflow/example_dags/example_dynamic_task_mapping_with_no_taskflow_operators.py for tasks to queue
[2025-08-12T16:14:21.152+0000] {logging_mixin.py:150} INFO - [2025-08-12T16:14:21.151+0000] {dagbag.py:541} INFO - Filling up the DagBag from /home/vscode/.local/lib/python3.10/site-packages/airflow/example_dags/example_dynamic_task_mapping_with_no_taskflow_operators.py
[2025-08-12T16:14:21.157+0000] {processor.py:836} INFO - DAG(s) dict_keys(['example_dynamic_task_mapping_with_no_taskflow_operators']) retrieved from /home/vscode/.local/lib/python3.10/site-packages/airflow/example_dags/example_dynamic_task_mapping_with_no_taskflow_operators.py
[2025-08-12T16:14:21.167+0000] {logging_mixin.py:150} INFO - [2025-08-12T16:14:21.167+0000] {dag.py:2742} INFO - Sync 1 DAGs
[2025-08-12T16:14:21.181+0000] {logging_mixin.py:150} INFO - [2025-08-12T16:14:21.181+0000] {dag.py:3504} INFO - Setting next_dagrun for example_dynamic_task_mapping_with_no_taskflow_operators to 2025-08-11T16:14:21.181605+00:00, run_after=2025-08-12T16:14:21.181605+00:00
[2025-08-12T16:14:21.196+0000] {processor.py:179} INFO - Processing /home/vscode/.local/lib/python3.10/site-packages/airflow/example_dags/example_dynamic_task_mapping_with_no_taskflow_operators.py took 0.048 seconds
[2025-08-12T16:15:03.434+0000] {processor.py:157} INFO - Started process (PID=34074) to work on /home/vscode/.local/lib/python3.10/site-packages/airflow/example_dags/example_dynamic_task_mapping_with_no_taskflow_operators.py
[2025-08-12T16:15:03.434+0000] {processor.py:826} INFO - Processing file /home/vscode/.local/lib/python3.10/site-packages/airflow/example_dags/example_dynamic_task_mapping_with_no_taskflow_operators.py for tasks to queue
[2025-08-12T16:15:03.435+0000] {logging_mixin.py:150} INFO - [2025-08-12T16:15:03.435+0000] {dagbag.py:541} INFO - Filling up the DagBag from /home/vscode/.local/lib/python3.10/site-packages/airflow/example_dags/example_dynamic_task_mapping_with_no_taskflow_operators.py
[2025-08-12T16:15:03.440+0000] {processor.py:836} INFO - DAG(s) dict_keys(['example_dynamic_task_mapping_with_no_taskflow_operators']) retrieved from /home/vscode/.local/lib/python3.10/site-packages/airflow/example_dags/example_dynamic_task_mapping_with_no_taskflow_operators.py
[2025-08-12T16:15:03.451+0000] {logging_mixin.py:150} INFO - [2025-08-12T16:15:03.451+0000] {dag.py:2742} INFO - Sync 1 DAGs
[2025-08-12T16:15:03.466+0000] {logging_mixin.py:150} INFO - [2025-08-12T16:15:03.465+0000] {dag.py:3504} INFO - Setting next_dagrun for example_dynamic_task_mapping_with_no_taskflow_operators to 2025-08-11T16:15:03.465802+00:00, run_after=2025-08-12T16:15:03.465802+00:00
[2025-08-12T16:15:03.482+0000] {processor.py:179} INFO - Processing /home/vscode/.local/lib/python3.10/site-packages/airflow/example_dags/example_dynamic_task_mapping_with_no_taskflow_operators.py took 0.050 seconds
[2025-08-12T16:15:44.425+0000] {processor.py:157} INFO - Started process (PID=34350) to work on /home/vscode/.local/lib/python3.10/site-packages/airflow/example_dags/example_dynamic_task_mapping_with_no_taskflow_operators.py
[2025-08-12T16:15:44.425+0000] {processor.py:826} INFO - Processing file /home/vscode/.local/lib/python3.10/site-packages/airflow/example_dags/example_dynamic_task_mapping_with_no_taskflow_operators.py for tasks to queue
[2025-08-12T16:15:44.426+0000] {logging_mixin.py:150} INFO - [2025-08-12T16:15:44.426+0000] {dagbag.py:541} INFO - Filling up the DagBag from /home/vscode/.local/lib/python3.10/site-packages/airflow/example_dags/example_dynamic_task_mapping_with_no_taskflow_operators.py
[2025-08-12T16:15:44.431+0000] {processor.py:836} INFO - DAG(s) dict_keys(['example_dynamic_task_mapping_with_no_taskflow_operators']) retrieved from /home/vscode/.local/lib/python3.10/site-packages/airflow/example_dags/example_dynamic_task_mapping_with_no_taskflow_operators.py
[2025-08-12T16:15:44.442+0000] {logging_mixin.py:150} INFO - [2025-08-12T16:15:44.442+0000] {dag.py:2742} INFO - Sync 1 DAGs
[2025-08-12T16:15:44.458+0000] {logging_mixin.py:150} INFO - [2025-08-12T16:15:44.458+0000] {dag.py:3504} INFO - Setting next_dagrun for example_dynamic_task_mapping_with_no_taskflow_operators to 2025-08-11T16:15:44.457897+00:00, run_after=2025-08-12T16:15:44.457897+00:00
[2025-08-12T16:15:44.473+0000] {processor.py:179} INFO - Processing /home/vscode/.local/lib/python3.10/site-packages/airflow/example_dags/example_dynamic_task_mapping_with_no_taskflow_operators.py took 0.051 seconds
[2025-08-12T16:16:25.654+0000] {processor.py:157} INFO - Started process (PID=34621) to work on /home/vscode/.local/lib/python3.10/site-packages/airflow/example_dags/example_dynamic_task_mapping_with_no_taskflow_operators.py
[2025-08-12T16:16:25.654+0000] {processor.py:826} INFO - Processing file /home/vscode/.local/lib/python3.10/site-packages/airflow/example_dags/example_dynamic_task_mapping_with_no_taskflow_operators.py for tasks to queue
[2025-08-12T16:16:25.655+0000] {logging_mixin.py:150} INFO - [2025-08-12T16:16:25.655+0000] {dagbag.py:541} INFO - Filling up the DagBag from /home/vscode/.local/lib/python3.10/site-packages/airflow/example_dags/example_dynamic_task_mapping_with_no_taskflow_operators.py
[2025-08-12T16:16:25.661+0000] {processor.py:836} INFO - DAG(s) dict_keys(['example_dynamic_task_mapping_with_no_taskflow_operators']) retrieved from /home/vscode/.local/lib/python3.10/site-packages/airflow/example_dags/example_dynamic_task_mapping_with_no_taskflow_operators.py
[2025-08-12T16:16:25.672+0000] {logging_mixin.py:150} INFO - [2025-08-12T16:16:25.671+0000] {dag.py:2742} INFO - Sync 1 DAGs
[2025-08-12T16:16:25.686+0000] {logging_mixin.py:150} INFO - [2025-08-12T16:16:25.686+0000] {dag.py:3504} INFO - Setting next_dagrun for example_dynamic_task_mapping_with_no_taskflow_operators to 2025-08-11T16:16:25.686404+00:00, run_after=2025-08-12T16:16:25.686404+00:00
[2025-08-12T16:16:25.702+0000] {processor.py:179} INFO - Processing /home/vscode/.local/lib/python3.10/site-packages/airflow/example_dags/example_dynamic_task_mapping_with_no_taskflow_operators.py took 0.050 seconds
[2025-08-12T16:17:08.965+0000] {processor.py:157} INFO - Started process (PID=34914) to work on /home/vscode/.local/lib/python3.10/site-packages/airflow/example_dags/example_dynamic_task_mapping_with_no_taskflow_operators.py
[2025-08-12T16:17:08.966+0000] {processor.py:826} INFO - Processing file /home/vscode/.local/lib/python3.10/site-packages/airflow/example_dags/example_dynamic_task_mapping_with_no_taskflow_operators.py for tasks to queue
[2025-08-12T16:17:08.966+0000] {logging_mixin.py:150} INFO - [2025-08-12T16:17:08.966+0000] {dagbag.py:541} INFO - Filling up the DagBag from /home/vscode/.local/lib/python3.10/site-packages/airflow/example_dags/example_dynamic_task_mapping_with_no_taskflow_operators.py
[2025-08-12T16:17:08.972+0000] {processor.py:836} INFO - DAG(s) dict_keys(['example_dynamic_task_mapping_with_no_taskflow_operators']) retrieved from /home/vscode/.local/lib/python3.10/site-packages/airflow/example_dags/example_dynamic_task_mapping_with_no_taskflow_operators.py
[2025-08-12T16:17:08.983+0000] {logging_mixin.py:150} INFO - [2025-08-12T16:17:08.983+0000] {dag.py:2742} INFO - Sync 1 DAGs
[2025-08-12T16:17:08.998+0000] {logging_mixin.py:150} INFO - [2025-08-12T16:17:08.998+0000] {dag.py:3504} INFO - Setting next_dagrun for example_dynamic_task_mapping_with_no_taskflow_operators to 2025-08-11T16:17:08.998403+00:00, run_after=2025-08-12T16:17:08.998403+00:00
[2025-08-12T16:17:09.014+0000] {processor.py:179} INFO - Processing /home/vscode/.local/lib/python3.10/site-packages/airflow/example_dags/example_dynamic_task_mapping_with_no_taskflow_operators.py took 0.051 seconds
[2025-08-12T16:18:00.039+0000] {processor.py:157} INFO - Started process (PID=35259) to work on /home/vscode/.local/lib/python3.10/site-packages/airflow/example_dags/example_dynamic_task_mapping_with_no_taskflow_operators.py
[2025-08-12T16:18:00.040+0000] {processor.py:826} INFO - Processing file /home/vscode/.local/lib/python3.10/site-packages/airflow/example_dags/example_dynamic_task_mapping_with_no_taskflow_operators.py for tasks to queue
[2025-08-12T16:18:00.041+0000] {logging_mixin.py:150} INFO - [2025-08-12T16:18:00.040+0000] {dagbag.py:541} INFO - Filling up the DagBag from /home/vscode/.local/lib/python3.10/site-packages/airflow/example_dags/example_dynamic_task_mapping_with_no_taskflow_operators.py
[2025-08-12T16:18:00.046+0000] {processor.py:836} INFO - DAG(s) dict_keys(['example_dynamic_task_mapping_with_no_taskflow_operators']) retrieved from /home/vscode/.local/lib/python3.10/site-packages/airflow/example_dags/example_dynamic_task_mapping_with_no_taskflow_operators.py
[2025-08-12T16:18:00.057+0000] {logging_mixin.py:150} INFO - [2025-08-12T16:18:00.057+0000] {dag.py:2742} INFO - Sync 1 DAGs
[2025-08-12T16:18:00.072+0000] {logging_mixin.py:150} INFO - [2025-08-12T16:18:00.071+0000] {dag.py:3504} INFO - Setting next_dagrun for example_dynamic_task_mapping_with_no_taskflow_operators to 2025-08-11T16:18:00.071623+00:00, run_after=2025-08-12T16:18:00.071623+00:00
[2025-08-12T16:18:00.097+0000] {processor.py:179} INFO - Processing /home/vscode/.local/lib/python3.10/site-packages/airflow/example_dags/example_dynamic_task_mapping_with_no_taskflow_operators.py took 0.060 seconds
[2025-08-12T16:18:42.869+0000] {processor.py:157} INFO - Started process (PID=35537) to work on /home/vscode/.local/lib/python3.10/site-packages/airflow/example_dags/example_dynamic_task_mapping_with_no_taskflow_operators.py
[2025-08-12T16:18:42.870+0000] {processor.py:826} INFO - Processing file /home/vscode/.local/lib/python3.10/site-packages/airflow/example_dags/example_dynamic_task_mapping_with_no_taskflow_operators.py for tasks to queue
[2025-08-12T16:18:42.870+0000] {logging_mixin.py:150} INFO - [2025-08-12T16:18:42.870+0000] {dagbag.py:541} INFO - Filling up the DagBag from /home/vscode/.local/lib/python3.10/site-packages/airflow/example_dags/example_dynamic_task_mapping_with_no_taskflow_operators.py
[2025-08-12T16:18:42.875+0000] {processor.py:836} INFO - DAG(s) dict_keys(['example_dynamic_task_mapping_with_no_taskflow_operators']) retrieved from /home/vscode/.local/lib/python3.10/site-packages/airflow/example_dags/example_dynamic_task_mapping_with_no_taskflow_operators.py
[2025-08-12T16:18:42.887+0000] {logging_mixin.py:150} INFO - [2025-08-12T16:18:42.887+0000] {dag.py:2742} INFO - Sync 1 DAGs
[2025-08-12T16:18:42.910+0000] {logging_mixin.py:150} INFO - [2025-08-12T16:18:42.909+0000] {dag.py:3504} INFO - Setting next_dagrun for example_dynamic_task_mapping_with_no_taskflow_operators to 2025-08-11T16:18:42.909030+00:00, run_after=2025-08-12T16:18:42.909030+00:00
[2025-08-12T16:18:42.932+0000] {processor.py:179} INFO - Processing /home/vscode/.local/lib/python3.10/site-packages/airflow/example_dags/example_dynamic_task_mapping_with_no_taskflow_operators.py took 0.064 seconds
[2025-08-12T16:19:26.422+0000] {processor.py:157} INFO - Started process (PID=35830) to work on /home/vscode/.local/lib/python3.10/site-packages/airflow/example_dags/example_dynamic_task_mapping_with_no_taskflow_operators.py
[2025-08-12T16:19:26.423+0000] {processor.py:826} INFO - Processing file /home/vscode/.local/lib/python3.10/site-packages/airflow/example_dags/example_dynamic_task_mapping_with_no_taskflow_operators.py for tasks to queue
[2025-08-12T16:19:26.423+0000] {logging_mixin.py:150} INFO - [2025-08-12T16:19:26.423+0000] {dagbag.py:541} INFO - Filling up the DagBag from /home/vscode/.local/lib/python3.10/site-packages/airflow/example_dags/example_dynamic_task_mapping_with_no_taskflow_operators.py
[2025-08-12T16:19:26.428+0000] {processor.py:836} INFO - DAG(s) dict_keys(['example_dynamic_task_mapping_with_no_taskflow_operators']) retrieved from /home/vscode/.local/lib/python3.10/site-packages/airflow/example_dags/example_dynamic_task_mapping_with_no_taskflow_operators.py
[2025-08-12T16:19:26.439+0000] {logging_mixin.py:150} INFO - [2025-08-12T16:19:26.439+0000] {dag.py:2742} INFO - Sync 1 DAGs
[2025-08-12T16:19:26.454+0000] {logging_mixin.py:150} INFO - [2025-08-12T16:19:26.453+0000] {dag.py:3504} INFO - Setting next_dagrun for example_dynamic_task_mapping_with_no_taskflow_operators to 2025-08-11T16:19:26.453726+00:00, run_after=2025-08-12T16:19:26.453726+00:00
[2025-08-12T16:19:26.469+0000] {processor.py:179} INFO - Processing /home/vscode/.local/lib/python3.10/site-packages/airflow/example_dags/example_dynamic_task_mapping_with_no_taskflow_operators.py took 0.049 seconds
[2025-08-12T16:20:15.630+0000] {processor.py:157} INFO - Started process (PID=36156) to work on /home/vscode/.local/lib/python3.10/site-packages/airflow/example_dags/example_dynamic_task_mapping_with_no_taskflow_operators.py
[2025-08-12T16:20:15.631+0000] {processor.py:826} INFO - Processing file /home/vscode/.local/lib/python3.10/site-packages/airflow/example_dags/example_dynamic_task_mapping_with_no_taskflow_operators.py for tasks to queue
[2025-08-12T16:20:15.631+0000] {logging_mixin.py:150} INFO - [2025-08-12T16:20:15.631+0000] {dagbag.py:541} INFO - Filling up the DagBag from /home/vscode/.local/lib/python3.10/site-packages/airflow/example_dags/example_dynamic_task_mapping_with_no_taskflow_operators.py
[2025-08-12T16:20:15.637+0000] {processor.py:836} INFO - DAG(s) dict_keys(['example_dynamic_task_mapping_with_no_taskflow_operators']) retrieved from /home/vscode/.local/lib/python3.10/site-packages/airflow/example_dags/example_dynamic_task_mapping_with_no_taskflow_operators.py
[2025-08-12T16:20:15.648+0000] {logging_mixin.py:150} INFO - [2025-08-12T16:20:15.648+0000] {dag.py:2742} INFO - Sync 1 DAGs
[2025-08-12T16:20:15.663+0000] {logging_mixin.py:150} INFO - [2025-08-12T16:20:15.662+0000] {dag.py:3504} INFO - Setting next_dagrun for example_dynamic_task_mapping_with_no_taskflow_operators to 2025-08-11T16:20:15.662821+00:00, run_after=2025-08-12T16:20:15.662821+00:00
[2025-08-12T16:20:15.678+0000] {processor.py:179} INFO - Processing /home/vscode/.local/lib/python3.10/site-packages/airflow/example_dags/example_dynamic_task_mapping_with_no_taskflow_operators.py took 0.050 seconds
[2025-08-12T16:21:08.563+0000] {processor.py:157} INFO - Started process (PID=36505) to work on /home/vscode/.local/lib/python3.10/site-packages/airflow/example_dags/example_dynamic_task_mapping_with_no_taskflow_operators.py
[2025-08-12T16:21:08.564+0000] {processor.py:826} INFO - Processing file /home/vscode/.local/lib/python3.10/site-packages/airflow/example_dags/example_dynamic_task_mapping_with_no_taskflow_operators.py for tasks to queue
[2025-08-12T16:21:08.565+0000] {logging_mixin.py:150} INFO - [2025-08-12T16:21:08.564+0000] {dagbag.py:541} INFO - Filling up the DagBag from /home/vscode/.local/lib/python3.10/site-packages/airflow/example_dags/example_dynamic_task_mapping_with_no_taskflow_operators.py
[2025-08-12T16:21:08.570+0000] {processor.py:836} INFO - DAG(s) dict_keys(['example_dynamic_task_mapping_with_no_taskflow_operators']) retrieved from /home/vscode/.local/lib/python3.10/site-packages/airflow/example_dags/example_dynamic_task_mapping_with_no_taskflow_operators.py
[2025-08-12T16:21:08.580+0000] {logging_mixin.py:150} INFO - [2025-08-12T16:21:08.580+0000] {dag.py:2742} INFO - Sync 1 DAGs
[2025-08-12T16:21:08.595+0000] {logging_mixin.py:150} INFO - [2025-08-12T16:21:08.595+0000] {dag.py:3504} INFO - Setting next_dagrun for example_dynamic_task_mapping_with_no_taskflow_operators to 2025-08-11T16:21:08.594889+00:00, run_after=2025-08-12T16:21:08.594889+00:00
[2025-08-12T16:21:08.610+0000] {processor.py:179} INFO - Processing /home/vscode/.local/lib/python3.10/site-packages/airflow/example_dags/example_dynamic_task_mapping_with_no_taskflow_operators.py took 0.049 seconds
[2025-08-12T16:21:54.976+0000] {processor.py:157} INFO - Started process (PID=36821) to work on /home/vscode/.local/lib/python3.10/site-packages/airflow/example_dags/example_dynamic_task_mapping_with_no_taskflow_operators.py
[2025-08-12T16:21:54.976+0000] {processor.py:826} INFO - Processing file /home/vscode/.local/lib/python3.10/site-packages/airflow/example_dags/example_dynamic_task_mapping_with_no_taskflow_operators.py for tasks to queue
[2025-08-12T16:21:54.977+0000] {logging_mixin.py:150} INFO - [2025-08-12T16:21:54.977+0000] {dagbag.py:541} INFO - Filling up the DagBag from /home/vscode/.local/lib/python3.10/site-packages/airflow/example_dags/example_dynamic_task_mapping_with_no_taskflow_operators.py
[2025-08-12T16:21:54.982+0000] {processor.py:836} INFO - DAG(s) dict_keys(['example_dynamic_task_mapping_with_no_taskflow_operators']) retrieved from /home/vscode/.local/lib/python3.10/site-packages/airflow/example_dags/example_dynamic_task_mapping_with_no_taskflow_operators.py
[2025-08-12T16:21:54.993+0000] {logging_mixin.py:150} INFO - [2025-08-12T16:21:54.993+0000] {dag.py:2742} INFO - Sync 1 DAGs
[2025-08-12T16:21:55.007+0000] {logging_mixin.py:150} INFO - [2025-08-12T16:21:55.007+0000] {dag.py:3504} INFO - Setting next_dagrun for example_dynamic_task_mapping_with_no_taskflow_operators to 2025-08-11T16:21:55.007597+00:00, run_after=2025-08-12T16:21:55.007597+00:00
[2025-08-12T16:21:55.023+0000] {processor.py:179} INFO - Processing /home/vscode/.local/lib/python3.10/site-packages/airflow/example_dags/example_dynamic_task_mapping_with_no_taskflow_operators.py took 0.049 seconds
[2025-08-12T16:22:46.697+0000] {processor.py:157} INFO - Started process (PID=37161) to work on /home/vscode/.local/lib/python3.10/site-packages/airflow/example_dags/example_dynamic_task_mapping_with_no_taskflow_operators.py
[2025-08-12T16:22:46.698+0000] {processor.py:826} INFO - Processing file /home/vscode/.local/lib/python3.10/site-packages/airflow/example_dags/example_dynamic_task_mapping_with_no_taskflow_operators.py for tasks to queue
[2025-08-12T16:22:46.698+0000] {logging_mixin.py:150} INFO - [2025-08-12T16:22:46.698+0000] {dagbag.py:541} INFO - Filling up the DagBag from /home/vscode/.local/lib/python3.10/site-packages/airflow/example_dags/example_dynamic_task_mapping_with_no_taskflow_operators.py
[2025-08-12T16:22:46.703+0000] {processor.py:836} INFO - DAG(s) dict_keys(['example_dynamic_task_mapping_with_no_taskflow_operators']) retrieved from /home/vscode/.local/lib/python3.10/site-packages/airflow/example_dags/example_dynamic_task_mapping_with_no_taskflow_operators.py
[2025-08-12T16:22:46.714+0000] {logging_mixin.py:150} INFO - [2025-08-12T16:22:46.714+0000] {dag.py:2742} INFO - Sync 1 DAGs
[2025-08-12T16:22:46.728+0000] {logging_mixin.py:150} INFO - [2025-08-12T16:22:46.728+0000] {dag.py:3504} INFO - Setting next_dagrun for example_dynamic_task_mapping_with_no_taskflow_operators to 2025-08-11T16:22:46.728139+00:00, run_after=2025-08-12T16:22:46.728139+00:00
[2025-08-12T16:22:46.744+0000] {processor.py:179} INFO - Processing /home/vscode/.local/lib/python3.10/site-packages/airflow/example_dags/example_dynamic_task_mapping_with_no_taskflow_operators.py took 0.049 seconds
[2025-08-12T16:23:33.957+0000] {processor.py:157} INFO - Started process (PID=37476) to work on /home/vscode/.local/lib/python3.10/site-packages/airflow/example_dags/example_dynamic_task_mapping_with_no_taskflow_operators.py
[2025-08-12T16:23:33.958+0000] {processor.py:826} INFO - Processing file /home/vscode/.local/lib/python3.10/site-packages/airflow/example_dags/example_dynamic_task_mapping_with_no_taskflow_operators.py for tasks to queue
[2025-08-12T16:23:33.958+0000] {logging_mixin.py:150} INFO - [2025-08-12T16:23:33.958+0000] {dagbag.py:541} INFO - Filling up the DagBag from /home/vscode/.local/lib/python3.10/site-packages/airflow/example_dags/example_dynamic_task_mapping_with_no_taskflow_operators.py
[2025-08-12T16:23:33.963+0000] {processor.py:836} INFO - DAG(s) dict_keys(['example_dynamic_task_mapping_with_no_taskflow_operators']) retrieved from /home/vscode/.local/lib/python3.10/site-packages/airflow/example_dags/example_dynamic_task_mapping_with_no_taskflow_operators.py
[2025-08-12T16:23:33.974+0000] {logging_mixin.py:150} INFO - [2025-08-12T16:23:33.974+0000] {dag.py:2742} INFO - Sync 1 DAGs
[2025-08-12T16:23:33.988+0000] {logging_mixin.py:150} INFO - [2025-08-12T16:23:33.988+0000] {dag.py:3504} INFO - Setting next_dagrun for example_dynamic_task_mapping_with_no_taskflow_operators to 2025-08-11T16:23:33.987994+00:00, run_after=2025-08-12T16:23:33.987994+00:00
[2025-08-12T16:23:34.012+0000] {processor.py:179} INFO - Processing /home/vscode/.local/lib/python3.10/site-packages/airflow/example_dags/example_dynamic_task_mapping_with_no_taskflow_operators.py took 0.057 seconds
[2025-08-12T16:24:17.744+0000] {processor.py:157} INFO - Started process (PID=37762) to work on /home/vscode/.local/lib/python3.10/site-packages/airflow/example_dags/example_dynamic_task_mapping_with_no_taskflow_operators.py
[2025-08-12T16:24:17.745+0000] {processor.py:826} INFO - Processing file /home/vscode/.local/lib/python3.10/site-packages/airflow/example_dags/example_dynamic_task_mapping_with_no_taskflow_operators.py for tasks to queue
[2025-08-12T16:24:17.745+0000] {logging_mixin.py:150} INFO - [2025-08-12T16:24:17.745+0000] {dagbag.py:541} INFO - Filling up the DagBag from /home/vscode/.local/lib/python3.10/site-packages/airflow/example_dags/example_dynamic_task_mapping_with_no_taskflow_operators.py
[2025-08-12T16:24:17.750+0000] {processor.py:836} INFO - DAG(s) dict_keys(['example_dynamic_task_mapping_with_no_taskflow_operators']) retrieved from /home/vscode/.local/lib/python3.10/site-packages/airflow/example_dags/example_dynamic_task_mapping_with_no_taskflow_operators.py
[2025-08-12T16:24:17.761+0000] {logging_mixin.py:150} INFO - [2025-08-12T16:24:17.761+0000] {dag.py:2742} INFO - Sync 1 DAGs
[2025-08-12T16:24:17.775+0000] {logging_mixin.py:150} INFO - [2025-08-12T16:24:17.775+0000] {dag.py:3504} INFO - Setting next_dagrun for example_dynamic_task_mapping_with_no_taskflow_operators to 2025-08-11T16:24:17.775430+00:00, run_after=2025-08-12T16:24:17.775430+00:00
[2025-08-12T16:24:17.790+0000] {processor.py:179} INFO - Processing /home/vscode/.local/lib/python3.10/site-packages/airflow/example_dags/example_dynamic_task_mapping_with_no_taskflow_operators.py took 0.048 seconds
[2025-08-12T16:25:02.021+0000] {processor.py:157} INFO - Started process (PID=38061) to work on /home/vscode/.local/lib/python3.10/site-packages/airflow/example_dags/example_dynamic_task_mapping_with_no_taskflow_operators.py
[2025-08-12T16:25:02.022+0000] {processor.py:826} INFO - Processing file /home/vscode/.local/lib/python3.10/site-packages/airflow/example_dags/example_dynamic_task_mapping_with_no_taskflow_operators.py for tasks to queue
[2025-08-12T16:25:02.022+0000] {logging_mixin.py:150} INFO - [2025-08-12T16:25:02.022+0000] {dagbag.py:541} INFO - Filling up the DagBag from /home/vscode/.local/lib/python3.10/site-packages/airflow/example_dags/example_dynamic_task_mapping_with_no_taskflow_operators.py
[2025-08-12T16:25:02.028+0000] {processor.py:836} INFO - DAG(s) dict_keys(['example_dynamic_task_mapping_with_no_taskflow_operators']) retrieved from /home/vscode/.local/lib/python3.10/site-packages/airflow/example_dags/example_dynamic_task_mapping_with_no_taskflow_operators.py
[2025-08-12T16:25:02.039+0000] {logging_mixin.py:150} INFO - [2025-08-12T16:25:02.039+0000] {dag.py:2742} INFO - Sync 1 DAGs
[2025-08-12T16:25:02.053+0000] {logging_mixin.py:150} INFO - [2025-08-12T16:25:02.053+0000] {dag.py:3504} INFO - Setting next_dagrun for example_dynamic_task_mapping_with_no_taskflow_operators to 2025-08-11T16:25:02.053116+00:00, run_after=2025-08-12T16:25:02.053116+00:00
[2025-08-12T16:25:02.068+0000] {processor.py:179} INFO - Processing /home/vscode/.local/lib/python3.10/site-packages/airflow/example_dags/example_dynamic_task_mapping_with_no_taskflow_operators.py took 0.049 seconds
[2025-08-12T16:25:47.427+0000] {processor.py:157} INFO - Started process (PID=38362) to work on /home/vscode/.local/lib/python3.10/site-packages/airflow/example_dags/example_dynamic_task_mapping_with_no_taskflow_operators.py
[2025-08-12T16:25:47.427+0000] {processor.py:826} INFO - Processing file /home/vscode/.local/lib/python3.10/site-packages/airflow/example_dags/example_dynamic_task_mapping_with_no_taskflow_operators.py for tasks to queue
[2025-08-12T16:25:47.428+0000] {logging_mixin.py:150} INFO - [2025-08-12T16:25:47.428+0000] {dagbag.py:541} INFO - Filling up the DagBag from /home/vscode/.local/lib/python3.10/site-packages/airflow/example_dags/example_dynamic_task_mapping_with_no_taskflow_operators.py
[2025-08-12T16:25:47.435+0000] {processor.py:836} INFO - DAG(s) dict_keys(['example_dynamic_task_mapping_with_no_taskflow_operators']) retrieved from /home/vscode/.local/lib/python3.10/site-packages/airflow/example_dags/example_dynamic_task_mapping_with_no_taskflow_operators.py
[2025-08-12T16:25:47.446+0000] {logging_mixin.py:150} INFO - [2025-08-12T16:25:47.446+0000] {dag.py:2742} INFO - Sync 1 DAGs
[2025-08-12T16:25:47.460+0000] {logging_mixin.py:150} INFO - [2025-08-12T16:25:47.460+0000] {dag.py:3504} INFO - Setting next_dagrun for example_dynamic_task_mapping_with_no_taskflow_operators to 2025-08-11T16:25:47.460324+00:00, run_after=2025-08-12T16:25:47.460324+00:00
[2025-08-12T16:25:47.476+0000] {processor.py:179} INFO - Processing /home/vscode/.local/lib/python3.10/site-packages/airflow/example_dags/example_dynamic_task_mapping_with_no_taskflow_operators.py took 0.053 seconds
[2025-08-12T16:26:31.202+0000] {processor.py:157} INFO - Started process (PID=38649) to work on /home/vscode/.local/lib/python3.10/site-packages/airflow/example_dags/example_dynamic_task_mapping_with_no_taskflow_operators.py
[2025-08-12T16:26:31.203+0000] {processor.py:826} INFO - Processing file /home/vscode/.local/lib/python3.10/site-packages/airflow/example_dags/example_dynamic_task_mapping_with_no_taskflow_operators.py for tasks to queue
[2025-08-12T16:26:31.203+0000] {logging_mixin.py:150} INFO - [2025-08-12T16:26:31.203+0000] {dagbag.py:541} INFO - Filling up the DagBag from /home/vscode/.local/lib/python3.10/site-packages/airflow/example_dags/example_dynamic_task_mapping_with_no_taskflow_operators.py
[2025-08-12T16:26:31.208+0000] {processor.py:836} INFO - DAG(s) dict_keys(['example_dynamic_task_mapping_with_no_taskflow_operators']) retrieved from /home/vscode/.local/lib/python3.10/site-packages/airflow/example_dags/example_dynamic_task_mapping_with_no_taskflow_operators.py
[2025-08-12T16:26:31.219+0000] {logging_mixin.py:150} INFO - [2025-08-12T16:26:31.219+0000] {dag.py:2742} INFO - Sync 1 DAGs
[2025-08-12T16:26:31.233+0000] {logging_mixin.py:150} INFO - [2025-08-12T16:26:31.233+0000] {dag.py:3504} INFO - Setting next_dagrun for example_dynamic_task_mapping_with_no_taskflow_operators to 2025-08-11T16:26:31.232833+00:00, run_after=2025-08-12T16:26:31.232833+00:00
[2025-08-12T16:26:31.248+0000] {processor.py:179} INFO - Processing /home/vscode/.local/lib/python3.10/site-packages/airflow/example_dags/example_dynamic_task_mapping_with_no_taskflow_operators.py took 0.048 seconds
[2025-08-12T16:27:13.364+0000] {processor.py:157} INFO - Started process (PID=38937) to work on /home/vscode/.local/lib/python3.10/site-packages/airflow/example_dags/example_dynamic_task_mapping_with_no_taskflow_operators.py
[2025-08-12T16:27:13.365+0000] {processor.py:826} INFO - Processing file /home/vscode/.local/lib/python3.10/site-packages/airflow/example_dags/example_dynamic_task_mapping_with_no_taskflow_operators.py for tasks to queue
[2025-08-12T16:27:13.365+0000] {logging_mixin.py:150} INFO - [2025-08-12T16:27:13.365+0000] {dagbag.py:541} INFO - Filling up the DagBag from /home/vscode/.local/lib/python3.10/site-packages/airflow/example_dags/example_dynamic_task_mapping_with_no_taskflow_operators.py
[2025-08-12T16:27:13.371+0000] {processor.py:836} INFO - DAG(s) dict_keys(['example_dynamic_task_mapping_with_no_taskflow_operators']) retrieved from /home/vscode/.local/lib/python3.10/site-packages/airflow/example_dags/example_dynamic_task_mapping_with_no_taskflow_operators.py
[2025-08-12T16:27:13.381+0000] {logging_mixin.py:150} INFO - [2025-08-12T16:27:13.381+0000] {dag.py:2742} INFO - Sync 1 DAGs
[2025-08-12T16:27:13.395+0000] {logging_mixin.py:150} INFO - [2025-08-12T16:27:13.395+0000] {dag.py:3504} INFO - Setting next_dagrun for example_dynamic_task_mapping_with_no_taskflow_operators to 2025-08-11T16:27:13.395129+00:00, run_after=2025-08-12T16:27:13.395129+00:00
[2025-08-12T16:27:13.410+0000] {processor.py:179} INFO - Processing /home/vscode/.local/lib/python3.10/site-packages/airflow/example_dags/example_dynamic_task_mapping_with_no_taskflow_operators.py took 0.048 seconds
[2025-08-12T16:27:56.061+0000] {processor.py:157} INFO - Started process (PID=39218) to work on /home/vscode/.local/lib/python3.10/site-packages/airflow/example_dags/example_dynamic_task_mapping_with_no_taskflow_operators.py
[2025-08-12T16:27:56.062+0000] {processor.py:826} INFO - Processing file /home/vscode/.local/lib/python3.10/site-packages/airflow/example_dags/example_dynamic_task_mapping_with_no_taskflow_operators.py for tasks to queue
[2025-08-12T16:27:56.062+0000] {logging_mixin.py:150} INFO - [2025-08-12T16:27:56.062+0000] {dagbag.py:541} INFO - Filling up the DagBag from /home/vscode/.local/lib/python3.10/site-packages/airflow/example_dags/example_dynamic_task_mapping_with_no_taskflow_operators.py
[2025-08-12T16:27:56.067+0000] {processor.py:836} INFO - DAG(s) dict_keys(['example_dynamic_task_mapping_with_no_taskflow_operators']) retrieved from /home/vscode/.local/lib/python3.10/site-packages/airflow/example_dags/example_dynamic_task_mapping_with_no_taskflow_operators.py
[2025-08-12T16:27:56.078+0000] {logging_mixin.py:150} INFO - [2025-08-12T16:27:56.078+0000] {dag.py:2742} INFO - Sync 1 DAGs
[2025-08-12T16:27:56.092+0000] {logging_mixin.py:150} INFO - [2025-08-12T16:27:56.091+0000] {dag.py:3504} INFO - Setting next_dagrun for example_dynamic_task_mapping_with_no_taskflow_operators to 2025-08-11T16:27:56.091817+00:00, run_after=2025-08-12T16:27:56.091817+00:00
[2025-08-12T16:27:56.107+0000] {processor.py:179} INFO - Processing /home/vscode/.local/lib/python3.10/site-packages/airflow/example_dags/example_dynamic_task_mapping_with_no_taskflow_operators.py took 0.048 seconds
[2025-08-12T16:28:42.428+0000] {processor.py:157} INFO - Started process (PID=39529) to work on /home/vscode/.local/lib/python3.10/site-packages/airflow/example_dags/example_dynamic_task_mapping_with_no_taskflow_operators.py
[2025-08-12T16:28:42.429+0000] {processor.py:826} INFO - Processing file /home/vscode/.local/lib/python3.10/site-packages/airflow/example_dags/example_dynamic_task_mapping_with_no_taskflow_operators.py for tasks to queue
[2025-08-12T16:28:42.430+0000] {logging_mixin.py:150} INFO - [2025-08-12T16:28:42.429+0000] {dagbag.py:541} INFO - Filling up the DagBag from /home/vscode/.local/lib/python3.10/site-packages/airflow/example_dags/example_dynamic_task_mapping_with_no_taskflow_operators.py
[2025-08-12T16:28:42.435+0000] {processor.py:836} INFO - DAG(s) dict_keys(['example_dynamic_task_mapping_with_no_taskflow_operators']) retrieved from /home/vscode/.local/lib/python3.10/site-packages/airflow/example_dags/example_dynamic_task_mapping_with_no_taskflow_operators.py
[2025-08-12T16:28:42.446+0000] {logging_mixin.py:150} INFO - [2025-08-12T16:28:42.446+0000] {dag.py:2742} INFO - Sync 1 DAGs
[2025-08-12T16:28:42.460+0000] {logging_mixin.py:150} INFO - [2025-08-12T16:28:42.460+0000] {dag.py:3504} INFO - Setting next_dagrun for example_dynamic_task_mapping_with_no_taskflow_operators to 2025-08-11T16:28:42.460211+00:00, run_after=2025-08-12T16:28:42.460211+00:00
[2025-08-12T16:28:42.475+0000] {processor.py:179} INFO - Processing /home/vscode/.local/lib/python3.10/site-packages/airflow/example_dags/example_dynamic_task_mapping_with_no_taskflow_operators.py took 0.049 seconds
[2025-08-12T16:29:29.532+0000] {processor.py:157} INFO - Started process (PID=39844) to work on /home/vscode/.local/lib/python3.10/site-packages/airflow/example_dags/example_dynamic_task_mapping_with_no_taskflow_operators.py
[2025-08-12T16:29:29.533+0000] {processor.py:826} INFO - Processing file /home/vscode/.local/lib/python3.10/site-packages/airflow/example_dags/example_dynamic_task_mapping_with_no_taskflow_operators.py for tasks to queue
[2025-08-12T16:29:29.534+0000] {logging_mixin.py:150} INFO - [2025-08-12T16:29:29.533+0000] {dagbag.py:541} INFO - Filling up the DagBag from /home/vscode/.local/lib/python3.10/site-packages/airflow/example_dags/example_dynamic_task_mapping_with_no_taskflow_operators.py
[2025-08-12T16:29:29.539+0000] {processor.py:836} INFO - DAG(s) dict_keys(['example_dynamic_task_mapping_with_no_taskflow_operators']) retrieved from /home/vscode/.local/lib/python3.10/site-packages/airflow/example_dags/example_dynamic_task_mapping_with_no_taskflow_operators.py
[2025-08-12T16:29:29.549+0000] {logging_mixin.py:150} INFO - [2025-08-12T16:29:29.549+0000] {dag.py:2742} INFO - Sync 1 DAGs
[2025-08-12T16:29:29.563+0000] {logging_mixin.py:150} INFO - [2025-08-12T16:29:29.563+0000] {dag.py:3504} INFO - Setting next_dagrun for example_dynamic_task_mapping_with_no_taskflow_operators to 2025-08-11T16:29:29.563674+00:00, run_after=2025-08-12T16:29:29.563674+00:00
[2025-08-12T16:29:29.578+0000] {processor.py:179} INFO - Processing /home/vscode/.local/lib/python3.10/site-packages/airflow/example_dags/example_dynamic_task_mapping_with_no_taskflow_operators.py took 0.048 seconds
[2025-08-12T16:30:12.936+0000] {processor.py:157} INFO - Started process (PID=40130) to work on /home/vscode/.local/lib/python3.10/site-packages/airflow/example_dags/example_dynamic_task_mapping_with_no_taskflow_operators.py
[2025-08-12T16:30:12.936+0000] {processor.py:826} INFO - Processing file /home/vscode/.local/lib/python3.10/site-packages/airflow/example_dags/example_dynamic_task_mapping_with_no_taskflow_operators.py for tasks to queue
[2025-08-12T16:30:12.937+0000] {logging_mixin.py:150} INFO - [2025-08-12T16:30:12.937+0000] {dagbag.py:541} INFO - Filling up the DagBag from /home/vscode/.local/lib/python3.10/site-packages/airflow/example_dags/example_dynamic_task_mapping_with_no_taskflow_operators.py
[2025-08-12T16:30:12.942+0000] {processor.py:836} INFO - DAG(s) dict_keys(['example_dynamic_task_mapping_with_no_taskflow_operators']) retrieved from /home/vscode/.local/lib/python3.10/site-packages/airflow/example_dags/example_dynamic_task_mapping_with_no_taskflow_operators.py
[2025-08-12T16:30:12.953+0000] {logging_mixin.py:150} INFO - [2025-08-12T16:30:12.953+0000] {dag.py:2742} INFO - Sync 1 DAGs
[2025-08-12T16:30:12.967+0000] {logging_mixin.py:150} INFO - [2025-08-12T16:30:12.967+0000] {dag.py:3504} INFO - Setting next_dagrun for example_dynamic_task_mapping_with_no_taskflow_operators to 2025-08-11T16:30:12.967279+00:00, run_after=2025-08-12T16:30:12.967279+00:00
[2025-08-12T16:30:12.982+0000] {processor.py:179} INFO - Processing /home/vscode/.local/lib/python3.10/site-packages/airflow/example_dags/example_dynamic_task_mapping_with_no_taskflow_operators.py took 0.049 seconds
