[2025-08-12T15:36:43.801+0000] {processor.py:157} INFO - Started process (PID=17836) to work on /home/vscode/.local/lib/python3.10/site-packages/airflow/example_dags/tutorial_taskflow_api.py
[2025-08-12T15:36:43.802+0000] {processor.py:826} INFO - Processing file /home/vscode/.local/lib/python3.10/site-packages/airflow/example_dags/tutorial_taskflow_api.py for tasks to queue
[2025-08-12T15:36:43.802+0000] {logging_mixin.py:150} INFO - [2025-08-12T15:36:43.802+0000] {dagbag.py:541} INFO - Filling up the DagBag from /home/vscode/.local/lib/python3.10/site-packages/airflow/example_dags/tutorial_taskflow_api.py
[2025-08-12T15:36:43.809+0000] {processor.py:836} INFO - DAG(s) dict_keys(['tutorial_taskflow_api']) retrieved from /home/vscode/.local/lib/python3.10/site-packages/airflow/example_dags/tutorial_taskflow_api.py
[2025-08-12T15:36:43.890+0000] {logging_mixin.py:150} INFO - [2025-08-12T15:36:43.890+0000] {manager.py:504} INFO - Created Permission View: can edit on DAG:tutorial_taskflow_api
[2025-08-12T15:36:43.900+0000] {logging_mixin.py:150} INFO - [2025-08-12T15:36:43.900+0000] {manager.py:504} INFO - Created Permission View: can read on DAG:tutorial_taskflow_api
[2025-08-12T15:36:43.907+0000] {logging_mixin.py:150} INFO - [2025-08-12T15:36:43.907+0000] {manager.py:504} INFO - Created Permission View: can delete on DAG:tutorial_taskflow_api
[2025-08-12T15:36:43.915+0000] {logging_mixin.py:150} INFO - [2025-08-12T15:36:43.915+0000] {dag.py:2742} INFO - Sync 1 DAGs
[2025-08-12T15:36:43.923+0000] {logging_mixin.py:150} INFO - [2025-08-12T15:36:43.923+0000] {dag.py:2763} INFO - Creating ORM DAG for tutorial_taskflow_api
[2025-08-12T15:36:43.930+0000] {logging_mixin.py:150} INFO - [2025-08-12T15:36:43.930+0000] {dag.py:3504} INFO - Setting next_dagrun for tutorial_taskflow_api to None, run_after=None
[2025-08-12T15:36:43.949+0000] {processor.py:179} INFO - Processing /home/vscode/.local/lib/python3.10/site-packages/airflow/example_dags/tutorial_taskflow_api.py took 0.150 seconds
[2025-08-12T15:37:32.136+0000] {processor.py:157} INFO - Started process (PID=18188) to work on /home/vscode/.local/lib/python3.10/site-packages/airflow/example_dags/tutorial_taskflow_api.py
[2025-08-12T15:37:32.137+0000] {processor.py:826} INFO - Processing file /home/vscode/.local/lib/python3.10/site-packages/airflow/example_dags/tutorial_taskflow_api.py for tasks to queue
[2025-08-12T15:37:32.137+0000] {logging_mixin.py:150} INFO - [2025-08-12T15:37:32.137+0000] {dagbag.py:541} INFO - Filling up the DagBag from /home/vscode/.local/lib/python3.10/site-packages/airflow/example_dags/tutorial_taskflow_api.py
[2025-08-12T15:37:32.142+0000] {processor.py:836} INFO - DAG(s) dict_keys(['tutorial_taskflow_api']) retrieved from /home/vscode/.local/lib/python3.10/site-packages/airflow/example_dags/tutorial_taskflow_api.py
[2025-08-12T15:37:32.154+0000] {logging_mixin.py:150} INFO - [2025-08-12T15:37:32.154+0000] {dag.py:2742} INFO - Sync 1 DAGs
[2025-08-12T15:37:32.168+0000] {logging_mixin.py:150} INFO - [2025-08-12T15:37:32.167+0000] {dag.py:3504} INFO - Setting next_dagrun for tutorial_taskflow_api to None, run_after=None
[2025-08-12T15:37:32.184+0000] {processor.py:179} INFO - Processing /home/vscode/.local/lib/python3.10/site-packages/airflow/example_dags/tutorial_taskflow_api.py took 0.050 seconds
[2025-08-12T15:38:17.365+0000] {processor.py:157} INFO - Started process (PID=18559) to work on /home/vscode/.local/lib/python3.10/site-packages/airflow/example_dags/tutorial_taskflow_api.py
[2025-08-12T15:38:17.366+0000] {processor.py:826} INFO - Processing file /home/vscode/.local/lib/python3.10/site-packages/airflow/example_dags/tutorial_taskflow_api.py for tasks to queue
[2025-08-12T15:38:17.366+0000] {logging_mixin.py:150} INFO - [2025-08-12T15:38:17.366+0000] {dagbag.py:541} INFO - Filling up the DagBag from /home/vscode/.local/lib/python3.10/site-packages/airflow/example_dags/tutorial_taskflow_api.py
[2025-08-12T15:38:17.371+0000] {processor.py:836} INFO - DAG(s) dict_keys(['tutorial_taskflow_api']) retrieved from /home/vscode/.local/lib/python3.10/site-packages/airflow/example_dags/tutorial_taskflow_api.py
[2025-08-12T15:38:17.383+0000] {logging_mixin.py:150} INFO - [2025-08-12T15:38:17.383+0000] {dag.py:2742} INFO - Sync 1 DAGs
[2025-08-12T15:38:17.400+0000] {logging_mixin.py:150} INFO - [2025-08-12T15:38:17.400+0000] {dag.py:3504} INFO - Setting next_dagrun for tutorial_taskflow_api to None, run_after=None
[2025-08-12T15:38:17.416+0000] {processor.py:179} INFO - Processing /home/vscode/.local/lib/python3.10/site-packages/airflow/example_dags/tutorial_taskflow_api.py took 0.053 seconds
[2025-08-12T15:38:52.708+0000] {processor.py:157} INFO - Started process (PID=18793) to work on /home/vscode/.local/lib/python3.10/site-packages/airflow/example_dags/tutorial_taskflow_api.py
[2025-08-12T15:38:52.708+0000] {processor.py:826} INFO - Processing file /home/vscode/.local/lib/python3.10/site-packages/airflow/example_dags/tutorial_taskflow_api.py for tasks to queue
[2025-08-12T15:38:52.709+0000] {logging_mixin.py:150} INFO - [2025-08-12T15:38:52.709+0000] {dagbag.py:541} INFO - Filling up the DagBag from /home/vscode/.local/lib/python3.10/site-packages/airflow/example_dags/tutorial_taskflow_api.py
[2025-08-12T15:38:52.714+0000] {processor.py:836} INFO - DAG(s) dict_keys(['tutorial_taskflow_api']) retrieved from /home/vscode/.local/lib/python3.10/site-packages/airflow/example_dags/tutorial_taskflow_api.py
[2025-08-12T15:38:52.725+0000] {logging_mixin.py:150} INFO - [2025-08-12T15:38:52.725+0000] {dag.py:2742} INFO - Sync 1 DAGs
[2025-08-12T15:38:52.739+0000] {logging_mixin.py:150} INFO - [2025-08-12T15:38:52.739+0000] {dag.py:3504} INFO - Setting next_dagrun for tutorial_taskflow_api to None, run_after=None
[2025-08-12T15:38:52.754+0000] {processor.py:179} INFO - Processing /home/vscode/.local/lib/python3.10/site-packages/airflow/example_dags/tutorial_taskflow_api.py took 0.049 seconds
[2025-08-12T15:39:36.566+0000] {processor.py:157} INFO - Started process (PID=19161) to work on /home/vscode/.local/lib/python3.10/site-packages/airflow/example_dags/tutorial_taskflow_api.py
[2025-08-12T15:39:36.567+0000] {processor.py:826} INFO - Processing file /home/vscode/.local/lib/python3.10/site-packages/airflow/example_dags/tutorial_taskflow_api.py for tasks to queue
[2025-08-12T15:39:36.568+0000] {logging_mixin.py:150} INFO - [2025-08-12T15:39:36.567+0000] {dagbag.py:541} INFO - Filling up the DagBag from /home/vscode/.local/lib/python3.10/site-packages/airflow/example_dags/tutorial_taskflow_api.py
[2025-08-12T15:39:36.572+0000] {processor.py:836} INFO - DAG(s) dict_keys(['tutorial_taskflow_api']) retrieved from /home/vscode/.local/lib/python3.10/site-packages/airflow/example_dags/tutorial_taskflow_api.py
[2025-08-12T15:39:36.584+0000] {logging_mixin.py:150} INFO - [2025-08-12T15:39:36.584+0000] {dag.py:2742} INFO - Sync 1 DAGs
[2025-08-12T15:39:36.598+0000] {logging_mixin.py:150} INFO - [2025-08-12T15:39:36.598+0000] {dag.py:3504} INFO - Setting next_dagrun for tutorial_taskflow_api to None, run_after=None
[2025-08-12T15:39:36.613+0000] {processor.py:179} INFO - Processing /home/vscode/.local/lib/python3.10/site-packages/airflow/example_dags/tutorial_taskflow_api.py took 0.049 seconds
[2025-08-12T15:40:18.936+0000] {processor.py:157} INFO - Started process (PID=19444) to work on /home/vscode/.local/lib/python3.10/site-packages/airflow/example_dags/tutorial_taskflow_api.py
[2025-08-12T15:40:18.936+0000] {processor.py:826} INFO - Processing file /home/vscode/.local/lib/python3.10/site-packages/airflow/example_dags/tutorial_taskflow_api.py for tasks to queue
[2025-08-12T15:40:18.937+0000] {logging_mixin.py:150} INFO - [2025-08-12T15:40:18.937+0000] {dagbag.py:541} INFO - Filling up the DagBag from /home/vscode/.local/lib/python3.10/site-packages/airflow/example_dags/tutorial_taskflow_api.py
[2025-08-12T15:40:18.942+0000] {processor.py:836} INFO - DAG(s) dict_keys(['tutorial_taskflow_api']) retrieved from /home/vscode/.local/lib/python3.10/site-packages/airflow/example_dags/tutorial_taskflow_api.py
[2025-08-12T15:40:18.955+0000] {logging_mixin.py:150} INFO - [2025-08-12T15:40:18.954+0000] {dag.py:2742} INFO - Sync 1 DAGs
[2025-08-12T15:40:18.969+0000] {logging_mixin.py:150} INFO - [2025-08-12T15:40:18.969+0000] {dag.py:3504} INFO - Setting next_dagrun for tutorial_taskflow_api to None, run_after=None
[2025-08-12T15:40:18.985+0000] {processor.py:179} INFO - Processing /home/vscode/.local/lib/python3.10/site-packages/airflow/example_dags/tutorial_taskflow_api.py took 0.051 seconds
[2025-08-12T15:41:02.925+0000] {processor.py:157} INFO - Started process (PID=19737) to work on /home/vscode/.local/lib/python3.10/site-packages/airflow/example_dags/tutorial_taskflow_api.py
[2025-08-12T15:41:02.926+0000] {processor.py:826} INFO - Processing file /home/vscode/.local/lib/python3.10/site-packages/airflow/example_dags/tutorial_taskflow_api.py for tasks to queue
[2025-08-12T15:41:02.927+0000] {logging_mixin.py:150} INFO - [2025-08-12T15:41:02.926+0000] {dagbag.py:541} INFO - Filling up the DagBag from /home/vscode/.local/lib/python3.10/site-packages/airflow/example_dags/tutorial_taskflow_api.py
[2025-08-12T15:41:02.931+0000] {processor.py:836} INFO - DAG(s) dict_keys(['tutorial_taskflow_api']) retrieved from /home/vscode/.local/lib/python3.10/site-packages/airflow/example_dags/tutorial_taskflow_api.py
[2025-08-12T15:41:02.942+0000] {logging_mixin.py:150} INFO - [2025-08-12T15:41:02.942+0000] {dag.py:2742} INFO - Sync 1 DAGs
[2025-08-12T15:41:02.956+0000] {logging_mixin.py:150} INFO - [2025-08-12T15:41:02.956+0000] {dag.py:3504} INFO - Setting next_dagrun for tutorial_taskflow_api to None, run_after=None
[2025-08-12T15:41:02.971+0000] {processor.py:179} INFO - Processing /home/vscode/.local/lib/python3.10/site-packages/airflow/example_dags/tutorial_taskflow_api.py took 0.048 seconds
[2025-08-12T15:41:45.293+0000] {processor.py:157} INFO - Started process (PID=20020) to work on /home/vscode/.local/lib/python3.10/site-packages/airflow/example_dags/tutorial_taskflow_api.py
[2025-08-12T15:41:45.294+0000] {processor.py:826} INFO - Processing file /home/vscode/.local/lib/python3.10/site-packages/airflow/example_dags/tutorial_taskflow_api.py for tasks to queue
[2025-08-12T15:41:45.294+0000] {logging_mixin.py:150} INFO - [2025-08-12T15:41:45.294+0000] {dagbag.py:541} INFO - Filling up the DagBag from /home/vscode/.local/lib/python3.10/site-packages/airflow/example_dags/tutorial_taskflow_api.py
[2025-08-12T15:41:45.299+0000] {processor.py:836} INFO - DAG(s) dict_keys(['tutorial_taskflow_api']) retrieved from /home/vscode/.local/lib/python3.10/site-packages/airflow/example_dags/tutorial_taskflow_api.py
[2025-08-12T15:41:45.310+0000] {logging_mixin.py:150} INFO - [2025-08-12T15:41:45.310+0000] {dag.py:2742} INFO - Sync 1 DAGs
[2025-08-12T15:41:45.323+0000] {logging_mixin.py:150} INFO - [2025-08-12T15:41:45.323+0000] {dag.py:3504} INFO - Setting next_dagrun for tutorial_taskflow_api to None, run_after=None
[2025-08-12T15:41:45.338+0000] {processor.py:179} INFO - Processing /home/vscode/.local/lib/python3.10/site-packages/airflow/example_dags/tutorial_taskflow_api.py took 0.047 seconds
[2025-08-12T15:42:18.914+0000] {processor.py:157} INFO - Started process (PID=20243) to work on /home/vscode/.local/lib/python3.10/site-packages/airflow/example_dags/tutorial_taskflow_api.py
[2025-08-12T15:42:18.915+0000] {processor.py:826} INFO - Processing file /home/vscode/.local/lib/python3.10/site-packages/airflow/example_dags/tutorial_taskflow_api.py for tasks to queue
[2025-08-12T15:42:18.915+0000] {logging_mixin.py:150} INFO - [2025-08-12T15:42:18.915+0000] {dagbag.py:541} INFO - Filling up the DagBag from /home/vscode/.local/lib/python3.10/site-packages/airflow/example_dags/tutorial_taskflow_api.py
[2025-08-12T15:42:18.920+0000] {processor.py:836} INFO - DAG(s) dict_keys(['tutorial_taskflow_api']) retrieved from /home/vscode/.local/lib/python3.10/site-packages/airflow/example_dags/tutorial_taskflow_api.py
[2025-08-12T15:42:18.932+0000] {logging_mixin.py:150} INFO - [2025-08-12T15:42:18.932+0000] {dag.py:2742} INFO - Sync 1 DAGs
[2025-08-12T15:42:18.947+0000] {logging_mixin.py:150} INFO - [2025-08-12T15:42:18.947+0000] {dag.py:3504} INFO - Setting next_dagrun for tutorial_taskflow_api to None, run_after=None
[2025-08-12T15:42:18.963+0000] {processor.py:179} INFO - Processing /home/vscode/.local/lib/python3.10/site-packages/airflow/example_dags/tutorial_taskflow_api.py took 0.052 seconds
[2025-08-12T15:42:59.803+0000] {processor.py:157} INFO - Started process (PID=20522) to work on /home/vscode/.local/lib/python3.10/site-packages/airflow/example_dags/tutorial_taskflow_api.py
[2025-08-12T15:42:59.804+0000] {processor.py:826} INFO - Processing file /home/vscode/.local/lib/python3.10/site-packages/airflow/example_dags/tutorial_taskflow_api.py for tasks to queue
[2025-08-12T15:42:59.804+0000] {logging_mixin.py:150} INFO - [2025-08-12T15:42:59.804+0000] {dagbag.py:541} INFO - Filling up the DagBag from /home/vscode/.local/lib/python3.10/site-packages/airflow/example_dags/tutorial_taskflow_api.py
[2025-08-12T15:42:59.809+0000] {processor.py:836} INFO - DAG(s) dict_keys(['tutorial_taskflow_api']) retrieved from /home/vscode/.local/lib/python3.10/site-packages/airflow/example_dags/tutorial_taskflow_api.py
[2025-08-12T15:42:59.821+0000] {logging_mixin.py:150} INFO - [2025-08-12T15:42:59.821+0000] {dag.py:2742} INFO - Sync 1 DAGs
[2025-08-12T15:42:59.836+0000] {logging_mixin.py:150} INFO - [2025-08-12T15:42:59.836+0000] {dag.py:3504} INFO - Setting next_dagrun for tutorial_taskflow_api to None, run_after=None
[2025-08-12T15:42:59.852+0000] {processor.py:179} INFO - Processing /home/vscode/.local/lib/python3.10/site-packages/airflow/example_dags/tutorial_taskflow_api.py took 0.051 seconds
[2025-08-12T15:43:46.000+0000] {processor.py:157} INFO - Started process (PID=20822) to work on /home/vscode/.local/lib/python3.10/site-packages/airflow/example_dags/tutorial_taskflow_api.py
[2025-08-12T15:43:46.001+0000] {processor.py:826} INFO - Processing file /home/vscode/.local/lib/python3.10/site-packages/airflow/example_dags/tutorial_taskflow_api.py for tasks to queue
[2025-08-12T15:43:46.001+0000] {logging_mixin.py:150} INFO - [2025-08-12T15:43:46.001+0000] {dagbag.py:541} INFO - Filling up the DagBag from /home/vscode/.local/lib/python3.10/site-packages/airflow/example_dags/tutorial_taskflow_api.py
[2025-08-12T15:43:46.006+0000] {processor.py:836} INFO - DAG(s) dict_keys(['tutorial_taskflow_api']) retrieved from /home/vscode/.local/lib/python3.10/site-packages/airflow/example_dags/tutorial_taskflow_api.py
[2025-08-12T15:43:46.017+0000] {logging_mixin.py:150} INFO - [2025-08-12T15:43:46.017+0000] {dag.py:2742} INFO - Sync 1 DAGs
[2025-08-12T15:43:46.031+0000] {logging_mixin.py:150} INFO - [2025-08-12T15:43:46.031+0000] {dag.py:3504} INFO - Setting next_dagrun for tutorial_taskflow_api to None, run_after=None
[2025-08-12T15:43:46.046+0000] {processor.py:179} INFO - Processing /home/vscode/.local/lib/python3.10/site-packages/airflow/example_dags/tutorial_taskflow_api.py took 0.048 seconds
[2025-08-12T15:44:29.089+0000] {processor.py:157} INFO - Started process (PID=21108) to work on /home/vscode/.local/lib/python3.10/site-packages/airflow/example_dags/tutorial_taskflow_api.py
[2025-08-12T15:44:29.089+0000] {processor.py:826} INFO - Processing file /home/vscode/.local/lib/python3.10/site-packages/airflow/example_dags/tutorial_taskflow_api.py for tasks to queue
[2025-08-12T15:44:29.090+0000] {logging_mixin.py:150} INFO - [2025-08-12T15:44:29.090+0000] {dagbag.py:541} INFO - Filling up the DagBag from /home/vscode/.local/lib/python3.10/site-packages/airflow/example_dags/tutorial_taskflow_api.py
[2025-08-12T15:44:29.094+0000] {processor.py:836} INFO - DAG(s) dict_keys(['tutorial_taskflow_api']) retrieved from /home/vscode/.local/lib/python3.10/site-packages/airflow/example_dags/tutorial_taskflow_api.py
[2025-08-12T15:44:29.106+0000] {logging_mixin.py:150} INFO - [2025-08-12T15:44:29.106+0000] {dag.py:2742} INFO - Sync 1 DAGs
[2025-08-12T15:44:29.121+0000] {logging_mixin.py:150} INFO - [2025-08-12T15:44:29.120+0000] {dag.py:3504} INFO - Setting next_dagrun for tutorial_taskflow_api to None, run_after=None
[2025-08-12T15:44:29.136+0000] {processor.py:179} INFO - Processing /home/vscode/.local/lib/python3.10/site-packages/airflow/example_dags/tutorial_taskflow_api.py took 0.050 seconds
[2025-08-12T15:45:10.381+0000] {processor.py:157} INFO - Started process (PID=21390) to work on /home/vscode/.local/lib/python3.10/site-packages/airflow/example_dags/tutorial_taskflow_api.py
[2025-08-12T15:45:10.382+0000] {processor.py:826} INFO - Processing file /home/vscode/.local/lib/python3.10/site-packages/airflow/example_dags/tutorial_taskflow_api.py for tasks to queue
[2025-08-12T15:45:10.382+0000] {logging_mixin.py:150} INFO - [2025-08-12T15:45:10.382+0000] {dagbag.py:541} INFO - Filling up the DagBag from /home/vscode/.local/lib/python3.10/site-packages/airflow/example_dags/tutorial_taskflow_api.py
[2025-08-12T15:45:10.387+0000] {processor.py:836} INFO - DAG(s) dict_keys(['tutorial_taskflow_api']) retrieved from /home/vscode/.local/lib/python3.10/site-packages/airflow/example_dags/tutorial_taskflow_api.py
[2025-08-12T15:45:10.399+0000] {logging_mixin.py:150} INFO - [2025-08-12T15:45:10.399+0000] {dag.py:2742} INFO - Sync 1 DAGs
[2025-08-12T15:45:10.413+0000] {logging_mixin.py:150} INFO - [2025-08-12T15:45:10.413+0000] {dag.py:3504} INFO - Setting next_dagrun for tutorial_taskflow_api to None, run_after=None
[2025-08-12T15:45:10.431+0000] {processor.py:179} INFO - Processing /home/vscode/.local/lib/python3.10/site-packages/airflow/example_dags/tutorial_taskflow_api.py took 0.052 seconds
[2025-08-12T15:45:53.251+0000] {processor.py:157} INFO - Started process (PID=21664) to work on /home/vscode/.local/lib/python3.10/site-packages/airflow/example_dags/tutorial_taskflow_api.py
[2025-08-12T15:45:53.256+0000] {processor.py:826} INFO - Processing file /home/vscode/.local/lib/python3.10/site-packages/airflow/example_dags/tutorial_taskflow_api.py for tasks to queue
[2025-08-12T15:45:53.257+0000] {logging_mixin.py:150} INFO - [2025-08-12T15:45:53.256+0000] {dagbag.py:541} INFO - Filling up the DagBag from /home/vscode/.local/lib/python3.10/site-packages/airflow/example_dags/tutorial_taskflow_api.py
[2025-08-12T15:45:53.277+0000] {processor.py:836} INFO - DAG(s) dict_keys(['tutorial_taskflow_api']) retrieved from /home/vscode/.local/lib/python3.10/site-packages/airflow/example_dags/tutorial_taskflow_api.py
[2025-08-12T15:45:53.311+0000] {logging_mixin.py:150} INFO - [2025-08-12T15:45:53.311+0000] {dag.py:2742} INFO - Sync 1 DAGs
[2025-08-12T15:45:53.346+0000] {logging_mixin.py:150} INFO - [2025-08-12T15:45:53.346+0000] {dag.py:3504} INFO - Setting next_dagrun for tutorial_taskflow_api to None, run_after=None
[2025-08-12T15:45:53.401+0000] {processor.py:179} INFO - Processing /home/vscode/.local/lib/python3.10/site-packages/airflow/example_dags/tutorial_taskflow_api.py took 0.155 seconds
[2025-08-12T15:46:38.380+0000] {processor.py:157} INFO - Started process (PID=21972) to work on /home/vscode/.local/lib/python3.10/site-packages/airflow/example_dags/tutorial_taskflow_api.py
[2025-08-12T15:46:38.380+0000] {processor.py:826} INFO - Processing file /home/vscode/.local/lib/python3.10/site-packages/airflow/example_dags/tutorial_taskflow_api.py for tasks to queue
[2025-08-12T15:46:38.381+0000] {logging_mixin.py:150} INFO - [2025-08-12T15:46:38.381+0000] {dagbag.py:541} INFO - Filling up the DagBag from /home/vscode/.local/lib/python3.10/site-packages/airflow/example_dags/tutorial_taskflow_api.py
[2025-08-12T15:46:38.387+0000] {processor.py:836} INFO - DAG(s) dict_keys(['tutorial_taskflow_api']) retrieved from /home/vscode/.local/lib/python3.10/site-packages/airflow/example_dags/tutorial_taskflow_api.py
[2025-08-12T15:46:38.405+0000] {logging_mixin.py:150} INFO - [2025-08-12T15:46:38.405+0000] {dag.py:2742} INFO - Sync 1 DAGs
[2025-08-12T15:46:38.426+0000] {logging_mixin.py:150} INFO - [2025-08-12T15:46:38.426+0000] {dag.py:3504} INFO - Setting next_dagrun for tutorial_taskflow_api to None, run_after=None
[2025-08-12T15:46:38.449+0000] {processor.py:179} INFO - Processing /home/vscode/.local/lib/python3.10/site-packages/airflow/example_dags/tutorial_taskflow_api.py took 0.071 seconds
[2025-08-12T15:47:20.616+0000] {processor.py:157} INFO - Started process (PID=22254) to work on /home/vscode/.local/lib/python3.10/site-packages/airflow/example_dags/tutorial_taskflow_api.py
[2025-08-12T15:47:20.616+0000] {processor.py:826} INFO - Processing file /home/vscode/.local/lib/python3.10/site-packages/airflow/example_dags/tutorial_taskflow_api.py for tasks to queue
[2025-08-12T15:47:20.617+0000] {logging_mixin.py:150} INFO - [2025-08-12T15:47:20.616+0000] {dagbag.py:541} INFO - Filling up the DagBag from /home/vscode/.local/lib/python3.10/site-packages/airflow/example_dags/tutorial_taskflow_api.py
[2025-08-12T15:47:20.621+0000] {processor.py:836} INFO - DAG(s) dict_keys(['tutorial_taskflow_api']) retrieved from /home/vscode/.local/lib/python3.10/site-packages/airflow/example_dags/tutorial_taskflow_api.py
[2025-08-12T15:47:20.633+0000] {logging_mixin.py:150} INFO - [2025-08-12T15:47:20.633+0000] {dag.py:2742} INFO - Sync 1 DAGs
[2025-08-12T15:47:20.647+0000] {logging_mixin.py:150} INFO - [2025-08-12T15:47:20.647+0000] {dag.py:3504} INFO - Setting next_dagrun for tutorial_taskflow_api to None, run_after=None
[2025-08-12T15:47:20.663+0000] {processor.py:179} INFO - Processing /home/vscode/.local/lib/python3.10/site-packages/airflow/example_dags/tutorial_taskflow_api.py took 0.049 seconds
[2025-08-12T15:48:00.465+0000] {processor.py:157} INFO - Started process (PID=22518) to work on /home/vscode/.local/lib/python3.10/site-packages/airflow/example_dags/tutorial_taskflow_api.py
[2025-08-12T15:48:00.465+0000] {processor.py:826} INFO - Processing file /home/vscode/.local/lib/python3.10/site-packages/airflow/example_dags/tutorial_taskflow_api.py for tasks to queue
[2025-08-12T15:48:00.466+0000] {logging_mixin.py:150} INFO - [2025-08-12T15:48:00.466+0000] {dagbag.py:541} INFO - Filling up the DagBag from /home/vscode/.local/lib/python3.10/site-packages/airflow/example_dags/tutorial_taskflow_api.py
[2025-08-12T15:48:00.472+0000] {processor.py:836} INFO - DAG(s) dict_keys(['tutorial_taskflow_api']) retrieved from /home/vscode/.local/lib/python3.10/site-packages/airflow/example_dags/tutorial_taskflow_api.py
[2025-08-12T15:48:00.489+0000] {logging_mixin.py:150} INFO - [2025-08-12T15:48:00.488+0000] {dag.py:2742} INFO - Sync 1 DAGs
[2025-08-12T15:48:00.511+0000] {logging_mixin.py:150} INFO - [2025-08-12T15:48:00.511+0000] {dag.py:3504} INFO - Setting next_dagrun for tutorial_taskflow_api to None, run_after=None
[2025-08-12T15:48:00.532+0000] {processor.py:179} INFO - Processing /home/vscode/.local/lib/python3.10/site-packages/airflow/example_dags/tutorial_taskflow_api.py took 0.069 seconds
[2025-08-12T15:48:41.298+0000] {processor.py:157} INFO - Started process (PID=22790) to work on /home/vscode/.local/lib/python3.10/site-packages/airflow/example_dags/tutorial_taskflow_api.py
[2025-08-12T15:48:41.298+0000] {processor.py:826} INFO - Processing file /home/vscode/.local/lib/python3.10/site-packages/airflow/example_dags/tutorial_taskflow_api.py for tasks to queue
[2025-08-12T15:48:41.299+0000] {logging_mixin.py:150} INFO - [2025-08-12T15:48:41.299+0000] {dagbag.py:541} INFO - Filling up the DagBag from /home/vscode/.local/lib/python3.10/site-packages/airflow/example_dags/tutorial_taskflow_api.py
[2025-08-12T15:48:41.304+0000] {processor.py:836} INFO - DAG(s) dict_keys(['tutorial_taskflow_api']) retrieved from /home/vscode/.local/lib/python3.10/site-packages/airflow/example_dags/tutorial_taskflow_api.py
[2025-08-12T15:48:41.315+0000] {logging_mixin.py:150} INFO - [2025-08-12T15:48:41.315+0000] {dag.py:2742} INFO - Sync 1 DAGs
[2025-08-12T15:48:41.329+0000] {logging_mixin.py:150} INFO - [2025-08-12T15:48:41.329+0000] {dag.py:3504} INFO - Setting next_dagrun for tutorial_taskflow_api to None, run_after=None
[2025-08-12T15:48:41.345+0000] {processor.py:179} INFO - Processing /home/vscode/.local/lib/python3.10/site-packages/airflow/example_dags/tutorial_taskflow_api.py took 0.049 seconds
[2025-08-12T15:49:22.547+0000] {processor.py:157} INFO - Started process (PID=23098) to work on /home/vscode/.local/lib/python3.10/site-packages/airflow/example_dags/tutorial_taskflow_api.py
[2025-08-12T15:49:22.548+0000] {processor.py:826} INFO - Processing file /home/vscode/.local/lib/python3.10/site-packages/airflow/example_dags/tutorial_taskflow_api.py for tasks to queue
[2025-08-12T15:49:22.548+0000] {logging_mixin.py:150} INFO - [2025-08-12T15:49:22.548+0000] {dagbag.py:541} INFO - Filling up the DagBag from /home/vscode/.local/lib/python3.10/site-packages/airflow/example_dags/tutorial_taskflow_api.py
[2025-08-12T15:49:22.553+0000] {processor.py:836} INFO - DAG(s) dict_keys(['tutorial_taskflow_api']) retrieved from /home/vscode/.local/lib/python3.10/site-packages/airflow/example_dags/tutorial_taskflow_api.py
[2025-08-12T15:49:22.564+0000] {logging_mixin.py:150} INFO - [2025-08-12T15:49:22.564+0000] {dag.py:2742} INFO - Sync 1 DAGs
[2025-08-12T15:49:22.578+0000] {logging_mixin.py:150} INFO - [2025-08-12T15:49:22.578+0000] {dag.py:3504} INFO - Setting next_dagrun for tutorial_taskflow_api to None, run_after=None
[2025-08-12T15:49:22.593+0000] {processor.py:179} INFO - Processing /home/vscode/.local/lib/python3.10/site-packages/airflow/example_dags/tutorial_taskflow_api.py took 0.048 seconds
[2025-08-12T15:50:06.707+0000] {processor.py:157} INFO - Started process (PID=23507) to work on /home/vscode/.local/lib/python3.10/site-packages/airflow/example_dags/tutorial_taskflow_api.py
[2025-08-12T15:50:06.708+0000] {processor.py:826} INFO - Processing file /home/vscode/.local/lib/python3.10/site-packages/airflow/example_dags/tutorial_taskflow_api.py for tasks to queue
[2025-08-12T15:50:06.709+0000] {logging_mixin.py:150} INFO - [2025-08-12T15:50:06.708+0000] {dagbag.py:541} INFO - Filling up the DagBag from /home/vscode/.local/lib/python3.10/site-packages/airflow/example_dags/tutorial_taskflow_api.py
[2025-08-12T15:50:06.713+0000] {processor.py:836} INFO - DAG(s) dict_keys(['tutorial_taskflow_api']) retrieved from /home/vscode/.local/lib/python3.10/site-packages/airflow/example_dags/tutorial_taskflow_api.py
[2025-08-12T15:50:06.725+0000] {logging_mixin.py:150} INFO - [2025-08-12T15:50:06.725+0000] {dag.py:2742} INFO - Sync 1 DAGs
[2025-08-12T15:50:06.739+0000] {logging_mixin.py:150} INFO - [2025-08-12T15:50:06.739+0000] {dag.py:3504} INFO - Setting next_dagrun for tutorial_taskflow_api to None, run_after=None
[2025-08-12T15:50:06.755+0000] {processor.py:179} INFO - Processing /home/vscode/.local/lib/python3.10/site-packages/airflow/example_dags/tutorial_taskflow_api.py took 0.050 seconds
[2025-08-12T15:50:49.922+0000] {processor.py:157} INFO - Started process (PID=23905) to work on /home/vscode/.local/lib/python3.10/site-packages/airflow/example_dags/tutorial_taskflow_api.py
[2025-08-12T15:50:49.923+0000] {processor.py:826} INFO - Processing file /home/vscode/.local/lib/python3.10/site-packages/airflow/example_dags/tutorial_taskflow_api.py for tasks to queue
[2025-08-12T15:50:49.924+0000] {logging_mixin.py:150} INFO - [2025-08-12T15:50:49.923+0000] {dagbag.py:541} INFO - Filling up the DagBag from /home/vscode/.local/lib/python3.10/site-packages/airflow/example_dags/tutorial_taskflow_api.py
[2025-08-12T15:50:49.928+0000] {processor.py:836} INFO - DAG(s) dict_keys(['tutorial_taskflow_api']) retrieved from /home/vscode/.local/lib/python3.10/site-packages/airflow/example_dags/tutorial_taskflow_api.py
[2025-08-12T15:50:49.940+0000] {logging_mixin.py:150} INFO - [2025-08-12T15:50:49.940+0000] {dag.py:2742} INFO - Sync 1 DAGs
[2025-08-12T15:50:49.954+0000] {logging_mixin.py:150} INFO - [2025-08-12T15:50:49.954+0000] {dag.py:3504} INFO - Setting next_dagrun for tutorial_taskflow_api to None, run_after=None
[2025-08-12T15:50:49.970+0000] {processor.py:179} INFO - Processing /home/vscode/.local/lib/python3.10/site-packages/airflow/example_dags/tutorial_taskflow_api.py took 0.050 seconds
[2025-08-12T15:51:35.699+0000] {processor.py:157} INFO - Started process (PID=24212) to work on /home/vscode/.local/lib/python3.10/site-packages/airflow/example_dags/tutorial_taskflow_api.py
[2025-08-12T15:51:35.700+0000] {processor.py:826} INFO - Processing file /home/vscode/.local/lib/python3.10/site-packages/airflow/example_dags/tutorial_taskflow_api.py for tasks to queue
[2025-08-12T15:51:35.700+0000] {logging_mixin.py:150} INFO - [2025-08-12T15:51:35.700+0000] {dagbag.py:541} INFO - Filling up the DagBag from /home/vscode/.local/lib/python3.10/site-packages/airflow/example_dags/tutorial_taskflow_api.py
[2025-08-12T15:51:35.705+0000] {processor.py:836} INFO - DAG(s) dict_keys(['tutorial_taskflow_api']) retrieved from /home/vscode/.local/lib/python3.10/site-packages/airflow/example_dags/tutorial_taskflow_api.py
[2025-08-12T15:51:35.718+0000] {logging_mixin.py:150} INFO - [2025-08-12T15:51:35.718+0000] {dag.py:2742} INFO - Sync 1 DAGs
[2025-08-12T15:51:35.732+0000] {logging_mixin.py:150} INFO - [2025-08-12T15:51:35.732+0000] {dag.py:3504} INFO - Setting next_dagrun for tutorial_taskflow_api to None, run_after=None
[2025-08-12T15:51:35.748+0000] {processor.py:179} INFO - Processing /home/vscode/.local/lib/python3.10/site-packages/airflow/example_dags/tutorial_taskflow_api.py took 0.051 seconds
[2025-08-12T15:52:17.314+0000] {processor.py:157} INFO - Started process (PID=24486) to work on /home/vscode/.local/lib/python3.10/site-packages/airflow/example_dags/tutorial_taskflow_api.py
[2025-08-12T15:52:17.314+0000] {processor.py:826} INFO - Processing file /home/vscode/.local/lib/python3.10/site-packages/airflow/example_dags/tutorial_taskflow_api.py for tasks to queue
[2025-08-12T15:52:17.315+0000] {logging_mixin.py:150} INFO - [2025-08-12T15:52:17.315+0000] {dagbag.py:541} INFO - Filling up the DagBag from /home/vscode/.local/lib/python3.10/site-packages/airflow/example_dags/tutorial_taskflow_api.py
[2025-08-12T15:52:17.320+0000] {processor.py:836} INFO - DAG(s) dict_keys(['tutorial_taskflow_api']) retrieved from /home/vscode/.local/lib/python3.10/site-packages/airflow/example_dags/tutorial_taskflow_api.py
[2025-08-12T15:52:17.334+0000] {logging_mixin.py:150} INFO - [2025-08-12T15:52:17.334+0000] {dag.py:2742} INFO - Sync 1 DAGs
[2025-08-12T15:52:17.355+0000] {logging_mixin.py:150} INFO - [2025-08-12T15:52:17.354+0000] {dag.py:3504} INFO - Setting next_dagrun for tutorial_taskflow_api to None, run_after=None
[2025-08-12T15:52:17.372+0000] {processor.py:179} INFO - Processing /home/vscode/.local/lib/python3.10/site-packages/airflow/example_dags/tutorial_taskflow_api.py took 0.060 seconds
[2025-08-12T15:53:02.542+0000] {processor.py:157} INFO - Started process (PID=24831) to work on /home/vscode/.local/lib/python3.10/site-packages/airflow/example_dags/tutorial_taskflow_api.py
[2025-08-12T15:53:02.543+0000] {processor.py:826} INFO - Processing file /home/vscode/.local/lib/python3.10/site-packages/airflow/example_dags/tutorial_taskflow_api.py for tasks to queue
[2025-08-12T15:53:02.543+0000] {logging_mixin.py:150} INFO - [2025-08-12T15:53:02.543+0000] {dagbag.py:541} INFO - Filling up the DagBag from /home/vscode/.local/lib/python3.10/site-packages/airflow/example_dags/tutorial_taskflow_api.py
[2025-08-12T15:53:02.548+0000] {processor.py:836} INFO - DAG(s) dict_keys(['tutorial_taskflow_api']) retrieved from /home/vscode/.local/lib/python3.10/site-packages/airflow/example_dags/tutorial_taskflow_api.py
[2025-08-12T15:53:02.559+0000] {logging_mixin.py:150} INFO - [2025-08-12T15:53:02.559+0000] {dag.py:2742} INFO - Sync 1 DAGs
[2025-08-12T15:53:02.574+0000] {logging_mixin.py:150} INFO - [2025-08-12T15:53:02.573+0000] {dag.py:3504} INFO - Setting next_dagrun for tutorial_taskflow_api to None, run_after=None
[2025-08-12T15:53:02.589+0000] {processor.py:179} INFO - Processing /home/vscode/.local/lib/python3.10/site-packages/airflow/example_dags/tutorial_taskflow_api.py took 0.049 seconds
[2025-08-12T15:53:44.698+0000] {processor.py:157} INFO - Started process (PID=25144) to work on /home/vscode/.local/lib/python3.10/site-packages/airflow/example_dags/tutorial_taskflow_api.py
[2025-08-12T15:53:44.699+0000] {processor.py:826} INFO - Processing file /home/vscode/.local/lib/python3.10/site-packages/airflow/example_dags/tutorial_taskflow_api.py for tasks to queue
[2025-08-12T15:53:44.699+0000] {logging_mixin.py:150} INFO - [2025-08-12T15:53:44.699+0000] {dagbag.py:541} INFO - Filling up the DagBag from /home/vscode/.local/lib/python3.10/site-packages/airflow/example_dags/tutorial_taskflow_api.py
[2025-08-12T15:53:44.705+0000] {processor.py:836} INFO - DAG(s) dict_keys(['tutorial_taskflow_api']) retrieved from /home/vscode/.local/lib/python3.10/site-packages/airflow/example_dags/tutorial_taskflow_api.py
[2025-08-12T15:53:44.721+0000] {logging_mixin.py:150} INFO - [2025-08-12T15:53:44.721+0000] {dag.py:2742} INFO - Sync 1 DAGs
[2025-08-12T15:53:44.743+0000] {logging_mixin.py:150} INFO - [2025-08-12T15:53:44.743+0000] {dag.py:3504} INFO - Setting next_dagrun for tutorial_taskflow_api to None, run_after=None
[2025-08-12T15:53:44.764+0000] {processor.py:179} INFO - Processing /home/vscode/.local/lib/python3.10/site-packages/airflow/example_dags/tutorial_taskflow_api.py took 0.068 seconds
[2025-08-12T15:54:29.271+0000] {processor.py:157} INFO - Started process (PID=25489) to work on /home/vscode/.local/lib/python3.10/site-packages/airflow/example_dags/tutorial_taskflow_api.py
[2025-08-12T15:54:29.272+0000] {processor.py:826} INFO - Processing file /home/vscode/.local/lib/python3.10/site-packages/airflow/example_dags/tutorial_taskflow_api.py for tasks to queue
[2025-08-12T15:54:29.272+0000] {logging_mixin.py:150} INFO - [2025-08-12T15:54:29.272+0000] {dagbag.py:541} INFO - Filling up the DagBag from /home/vscode/.local/lib/python3.10/site-packages/airflow/example_dags/tutorial_taskflow_api.py
[2025-08-12T15:54:29.277+0000] {processor.py:836} INFO - DAG(s) dict_keys(['tutorial_taskflow_api']) retrieved from /home/vscode/.local/lib/python3.10/site-packages/airflow/example_dags/tutorial_taskflow_api.py
[2025-08-12T15:54:29.288+0000] {logging_mixin.py:150} INFO - [2025-08-12T15:54:29.288+0000] {dag.py:2742} INFO - Sync 1 DAGs
[2025-08-12T15:54:29.302+0000] {logging_mixin.py:150} INFO - [2025-08-12T15:54:29.302+0000] {dag.py:3504} INFO - Setting next_dagrun for tutorial_taskflow_api to None, run_after=None
[2025-08-12T15:54:29.320+0000] {processor.py:179} INFO - Processing /home/vscode/.local/lib/python3.10/site-packages/airflow/example_dags/tutorial_taskflow_api.py took 0.051 seconds
[2025-08-12T15:55:12.061+0000] {processor.py:157} INFO - Started process (PID=25821) to work on /home/vscode/.local/lib/python3.10/site-packages/airflow/example_dags/tutorial_taskflow_api.py
[2025-08-12T15:55:12.062+0000] {processor.py:826} INFO - Processing file /home/vscode/.local/lib/python3.10/site-packages/airflow/example_dags/tutorial_taskflow_api.py for tasks to queue
[2025-08-12T15:55:12.062+0000] {logging_mixin.py:150} INFO - [2025-08-12T15:55:12.062+0000] {dagbag.py:541} INFO - Filling up the DagBag from /home/vscode/.local/lib/python3.10/site-packages/airflow/example_dags/tutorial_taskflow_api.py
[2025-08-12T15:55:12.067+0000] {processor.py:836} INFO - DAG(s) dict_keys(['tutorial_taskflow_api']) retrieved from /home/vscode/.local/lib/python3.10/site-packages/airflow/example_dags/tutorial_taskflow_api.py
[2025-08-12T15:55:12.079+0000] {logging_mixin.py:150} INFO - [2025-08-12T15:55:12.079+0000] {dag.py:2742} INFO - Sync 1 DAGs
[2025-08-12T15:55:12.093+0000] {logging_mixin.py:150} INFO - [2025-08-12T15:55:12.093+0000] {dag.py:3504} INFO - Setting next_dagrun for tutorial_taskflow_api to None, run_after=None
[2025-08-12T15:55:12.110+0000] {processor.py:179} INFO - Processing /home/vscode/.local/lib/python3.10/site-packages/airflow/example_dags/tutorial_taskflow_api.py took 0.051 seconds
[2025-08-12T15:55:56.589+0000] {processor.py:157} INFO - Started process (PID=26166) to work on /home/vscode/.local/lib/python3.10/site-packages/airflow/example_dags/tutorial_taskflow_api.py
[2025-08-12T15:55:56.590+0000] {processor.py:826} INFO - Processing file /home/vscode/.local/lib/python3.10/site-packages/airflow/example_dags/tutorial_taskflow_api.py for tasks to queue
[2025-08-12T15:55:56.590+0000] {logging_mixin.py:150} INFO - [2025-08-12T15:55:56.590+0000] {dagbag.py:541} INFO - Filling up the DagBag from /home/vscode/.local/lib/python3.10/site-packages/airflow/example_dags/tutorial_taskflow_api.py
[2025-08-12T15:55:56.596+0000] {processor.py:836} INFO - DAG(s) dict_keys(['tutorial_taskflow_api']) retrieved from /home/vscode/.local/lib/python3.10/site-packages/airflow/example_dags/tutorial_taskflow_api.py
[2025-08-12T15:55:56.610+0000] {logging_mixin.py:150} INFO - [2025-08-12T15:55:56.610+0000] {dag.py:2742} INFO - Sync 1 DAGs
[2025-08-12T15:55:56.626+0000] {logging_mixin.py:150} INFO - [2025-08-12T15:55:56.626+0000] {dag.py:3504} INFO - Setting next_dagrun for tutorial_taskflow_api to None, run_after=None
[2025-08-12T15:55:56.644+0000] {processor.py:179} INFO - Processing /home/vscode/.local/lib/python3.10/site-packages/airflow/example_dags/tutorial_taskflow_api.py took 0.057 seconds
[2025-08-12T15:56:40.522+0000] {processor.py:157} INFO - Started process (PID=26500) to work on /home/vscode/.local/lib/python3.10/site-packages/airflow/example_dags/tutorial_taskflow_api.py
[2025-08-12T15:56:40.523+0000] {processor.py:826} INFO - Processing file /home/vscode/.local/lib/python3.10/site-packages/airflow/example_dags/tutorial_taskflow_api.py for tasks to queue
[2025-08-12T15:56:40.524+0000] {logging_mixin.py:150} INFO - [2025-08-12T15:56:40.523+0000] {dagbag.py:541} INFO - Filling up the DagBag from /home/vscode/.local/lib/python3.10/site-packages/airflow/example_dags/tutorial_taskflow_api.py
[2025-08-12T15:56:40.528+0000] {processor.py:836} INFO - DAG(s) dict_keys(['tutorial_taskflow_api']) retrieved from /home/vscode/.local/lib/python3.10/site-packages/airflow/example_dags/tutorial_taskflow_api.py
[2025-08-12T15:56:40.540+0000] {logging_mixin.py:150} INFO - [2025-08-12T15:56:40.540+0000] {dag.py:2742} INFO - Sync 1 DAGs
[2025-08-12T15:56:40.554+0000] {logging_mixin.py:150} INFO - [2025-08-12T15:56:40.553+0000] {dag.py:3504} INFO - Setting next_dagrun for tutorial_taskflow_api to None, run_after=None
[2025-08-12T15:56:40.569+0000] {processor.py:179} INFO - Processing /home/vscode/.local/lib/python3.10/site-packages/airflow/example_dags/tutorial_taskflow_api.py took 0.049 seconds
[2025-08-12T15:57:18.628+0000] {processor.py:157} INFO - Started process (PID=26791) to work on /home/vscode/.local/lib/python3.10/site-packages/airflow/example_dags/tutorial_taskflow_api.py
[2025-08-12T15:57:18.628+0000] {processor.py:826} INFO - Processing file /home/vscode/.local/lib/python3.10/site-packages/airflow/example_dags/tutorial_taskflow_api.py for tasks to queue
[2025-08-12T15:57:18.629+0000] {logging_mixin.py:150} INFO - [2025-08-12T15:57:18.629+0000] {dagbag.py:541} INFO - Filling up the DagBag from /home/vscode/.local/lib/python3.10/site-packages/airflow/example_dags/tutorial_taskflow_api.py
[2025-08-12T15:57:18.633+0000] {processor.py:836} INFO - DAG(s) dict_keys(['tutorial_taskflow_api']) retrieved from /home/vscode/.local/lib/python3.10/site-packages/airflow/example_dags/tutorial_taskflow_api.py
[2025-08-12T15:57:18.645+0000] {logging_mixin.py:150} INFO - [2025-08-12T15:57:18.645+0000] {dag.py:2742} INFO - Sync 1 DAGs
[2025-08-12T15:57:18.660+0000] {logging_mixin.py:150} INFO - [2025-08-12T15:57:18.659+0000] {dag.py:3504} INFO - Setting next_dagrun for tutorial_taskflow_api to None, run_after=None
[2025-08-12T15:57:18.677+0000] {processor.py:179} INFO - Processing /home/vscode/.local/lib/python3.10/site-packages/airflow/example_dags/tutorial_taskflow_api.py took 0.052 seconds
[2025-08-12T15:58:03.933+0000] {processor.py:157} INFO - Started process (PID=27119) to work on /home/vscode/.local/lib/python3.10/site-packages/airflow/example_dags/tutorial_taskflow_api.py
[2025-08-12T15:58:03.934+0000] {processor.py:826} INFO - Processing file /home/vscode/.local/lib/python3.10/site-packages/airflow/example_dags/tutorial_taskflow_api.py for tasks to queue
[2025-08-12T15:58:03.935+0000] {logging_mixin.py:150} INFO - [2025-08-12T15:58:03.934+0000] {dagbag.py:541} INFO - Filling up the DagBag from /home/vscode/.local/lib/python3.10/site-packages/airflow/example_dags/tutorial_taskflow_api.py
[2025-08-12T15:58:03.939+0000] {processor.py:836} INFO - DAG(s) dict_keys(['tutorial_taskflow_api']) retrieved from /home/vscode/.local/lib/python3.10/site-packages/airflow/example_dags/tutorial_taskflow_api.py
[2025-08-12T15:58:03.951+0000] {logging_mixin.py:150} INFO - [2025-08-12T15:58:03.951+0000] {dag.py:2742} INFO - Sync 1 DAGs
[2025-08-12T15:58:03.965+0000] {logging_mixin.py:150} INFO - [2025-08-12T15:58:03.965+0000] {dag.py:3504} INFO - Setting next_dagrun for tutorial_taskflow_api to None, run_after=None
[2025-08-12T15:58:03.981+0000] {processor.py:179} INFO - Processing /home/vscode/.local/lib/python3.10/site-packages/airflow/example_dags/tutorial_taskflow_api.py took 0.050 seconds
[2025-08-12T15:58:49.222+0000] {processor.py:157} INFO - Started process (PID=27414) to work on /home/vscode/.local/lib/python3.10/site-packages/airflow/example_dags/tutorial_taskflow_api.py
[2025-08-12T15:58:49.223+0000] {processor.py:826} INFO - Processing file /home/vscode/.local/lib/python3.10/site-packages/airflow/example_dags/tutorial_taskflow_api.py for tasks to queue
[2025-08-12T15:58:49.224+0000] {logging_mixin.py:150} INFO - [2025-08-12T15:58:49.223+0000] {dagbag.py:541} INFO - Filling up the DagBag from /home/vscode/.local/lib/python3.10/site-packages/airflow/example_dags/tutorial_taskflow_api.py
[2025-08-12T15:58:49.228+0000] {processor.py:836} INFO - DAG(s) dict_keys(['tutorial_taskflow_api']) retrieved from /home/vscode/.local/lib/python3.10/site-packages/airflow/example_dags/tutorial_taskflow_api.py
[2025-08-12T15:58:49.240+0000] {logging_mixin.py:150} INFO - [2025-08-12T15:58:49.240+0000] {dag.py:2742} INFO - Sync 1 DAGs
[2025-08-12T15:58:49.254+0000] {logging_mixin.py:150} INFO - [2025-08-12T15:58:49.253+0000] {dag.py:3504} INFO - Setting next_dagrun for tutorial_taskflow_api to None, run_after=None
[2025-08-12T15:58:49.272+0000] {processor.py:179} INFO - Processing /home/vscode/.local/lib/python3.10/site-packages/airflow/example_dags/tutorial_taskflow_api.py took 0.052 seconds
[2025-08-12T15:59:30.333+0000] {processor.py:157} INFO - Started process (PID=27691) to work on /home/vscode/.local/lib/python3.10/site-packages/airflow/example_dags/tutorial_taskflow_api.py
[2025-08-12T15:59:30.334+0000] {processor.py:826} INFO - Processing file /home/vscode/.local/lib/python3.10/site-packages/airflow/example_dags/tutorial_taskflow_api.py for tasks to queue
[2025-08-12T15:59:30.335+0000] {logging_mixin.py:150} INFO - [2025-08-12T15:59:30.334+0000] {dagbag.py:541} INFO - Filling up the DagBag from /home/vscode/.local/lib/python3.10/site-packages/airflow/example_dags/tutorial_taskflow_api.py
[2025-08-12T15:59:30.339+0000] {processor.py:836} INFO - DAG(s) dict_keys(['tutorial_taskflow_api']) retrieved from /home/vscode/.local/lib/python3.10/site-packages/airflow/example_dags/tutorial_taskflow_api.py
[2025-08-12T15:59:30.350+0000] {logging_mixin.py:150} INFO - [2025-08-12T15:59:30.350+0000] {dag.py:2742} INFO - Sync 1 DAGs
[2025-08-12T15:59:30.364+0000] {logging_mixin.py:150} INFO - [2025-08-12T15:59:30.364+0000] {dag.py:3504} INFO - Setting next_dagrun for tutorial_taskflow_api to None, run_after=None
[2025-08-12T15:59:30.379+0000] {processor.py:179} INFO - Processing /home/vscode/.local/lib/python3.10/site-packages/airflow/example_dags/tutorial_taskflow_api.py took 0.048 seconds
[2025-08-12T16:00:10.289+0000] {processor.py:157} INFO - Started process (PID=27959) to work on /home/vscode/.local/lib/python3.10/site-packages/airflow/example_dags/tutorial_taskflow_api.py
[2025-08-12T16:00:10.289+0000] {processor.py:826} INFO - Processing file /home/vscode/.local/lib/python3.10/site-packages/airflow/example_dags/tutorial_taskflow_api.py for tasks to queue
[2025-08-12T16:00:10.290+0000] {logging_mixin.py:150} INFO - [2025-08-12T16:00:10.290+0000] {dagbag.py:541} INFO - Filling up the DagBag from /home/vscode/.local/lib/python3.10/site-packages/airflow/example_dags/tutorial_taskflow_api.py
[2025-08-12T16:00:10.295+0000] {processor.py:836} INFO - DAG(s) dict_keys(['tutorial_taskflow_api']) retrieved from /home/vscode/.local/lib/python3.10/site-packages/airflow/example_dags/tutorial_taskflow_api.py
[2025-08-12T16:00:10.307+0000] {logging_mixin.py:150} INFO - [2025-08-12T16:00:10.307+0000] {dag.py:2742} INFO - Sync 1 DAGs
[2025-08-12T16:00:10.322+0000] {logging_mixin.py:150} INFO - [2025-08-12T16:00:10.322+0000] {dag.py:3504} INFO - Setting next_dagrun for tutorial_taskflow_api to None, run_after=None
[2025-08-12T16:00:10.340+0000] {processor.py:179} INFO - Processing /home/vscode/.local/lib/python3.10/site-packages/airflow/example_dags/tutorial_taskflow_api.py took 0.054 seconds
[2025-08-12T16:00:54.795+0000] {processor.py:157} INFO - Started process (PID=28384) to work on /home/vscode/.local/lib/python3.10/site-packages/airflow/example_dags/tutorial_taskflow_api.py
[2025-08-12T16:00:54.796+0000] {processor.py:826} INFO - Processing file /home/vscode/.local/lib/python3.10/site-packages/airflow/example_dags/tutorial_taskflow_api.py for tasks to queue
[2025-08-12T16:00:54.797+0000] {logging_mixin.py:150} INFO - [2025-08-12T16:00:54.796+0000] {dagbag.py:541} INFO - Filling up the DagBag from /home/vscode/.local/lib/python3.10/site-packages/airflow/example_dags/tutorial_taskflow_api.py
[2025-08-12T16:00:54.801+0000] {processor.py:836} INFO - DAG(s) dict_keys(['tutorial_taskflow_api']) retrieved from /home/vscode/.local/lib/python3.10/site-packages/airflow/example_dags/tutorial_taskflow_api.py
[2025-08-12T16:00:54.816+0000] {logging_mixin.py:150} INFO - [2025-08-12T16:00:54.816+0000] {dag.py:2742} INFO - Sync 1 DAGs
[2025-08-12T16:00:54.832+0000] {logging_mixin.py:150} INFO - [2025-08-12T16:00:54.832+0000] {dag.py:3504} INFO - Setting next_dagrun for tutorial_taskflow_api to None, run_after=None
[2025-08-12T16:00:54.849+0000] {processor.py:179} INFO - Processing /home/vscode/.local/lib/python3.10/site-packages/airflow/example_dags/tutorial_taskflow_api.py took 0.055 seconds
[2025-08-12T16:01:40.728+0000] {processor.py:157} INFO - Started process (PID=28725) to work on /home/vscode/.local/lib/python3.10/site-packages/airflow/example_dags/tutorial_taskflow_api.py
[2025-08-12T16:01:40.729+0000] {processor.py:826} INFO - Processing file /home/vscode/.local/lib/python3.10/site-packages/airflow/example_dags/tutorial_taskflow_api.py for tasks to queue
[2025-08-12T16:01:40.729+0000] {logging_mixin.py:150} INFO - [2025-08-12T16:01:40.729+0000] {dagbag.py:541} INFO - Filling up the DagBag from /home/vscode/.local/lib/python3.10/site-packages/airflow/example_dags/tutorial_taskflow_api.py
[2025-08-12T16:01:40.734+0000] {processor.py:836} INFO - DAG(s) dict_keys(['tutorial_taskflow_api']) retrieved from /home/vscode/.local/lib/python3.10/site-packages/airflow/example_dags/tutorial_taskflow_api.py
[2025-08-12T16:01:40.746+0000] {logging_mixin.py:150} INFO - [2025-08-12T16:01:40.746+0000] {dag.py:2742} INFO - Sync 1 DAGs
[2025-08-12T16:01:40.762+0000] {logging_mixin.py:150} INFO - [2025-08-12T16:01:40.762+0000] {dag.py:3504} INFO - Setting next_dagrun for tutorial_taskflow_api to None, run_after=None
[2025-08-12T16:01:40.778+0000] {processor.py:179} INFO - Processing /home/vscode/.local/lib/python3.10/site-packages/airflow/example_dags/tutorial_taskflow_api.py took 0.052 seconds
[2025-08-12T16:02:24.915+0000] {processor.py:157} INFO - Started process (PID=29024) to work on /home/vscode/.local/lib/python3.10/site-packages/airflow/example_dags/tutorial_taskflow_api.py
[2025-08-12T16:02:24.916+0000] {processor.py:826} INFO - Processing file /home/vscode/.local/lib/python3.10/site-packages/airflow/example_dags/tutorial_taskflow_api.py for tasks to queue
[2025-08-12T16:02:24.916+0000] {logging_mixin.py:150} INFO - [2025-08-12T16:02:24.916+0000] {dagbag.py:541} INFO - Filling up the DagBag from /home/vscode/.local/lib/python3.10/site-packages/airflow/example_dags/tutorial_taskflow_api.py
[2025-08-12T16:02:24.921+0000] {processor.py:836} INFO - DAG(s) dict_keys(['tutorial_taskflow_api']) retrieved from /home/vscode/.local/lib/python3.10/site-packages/airflow/example_dags/tutorial_taskflow_api.py
[2025-08-12T16:02:24.932+0000] {logging_mixin.py:150} INFO - [2025-08-12T16:02:24.932+0000] {dag.py:2742} INFO - Sync 1 DAGs
[2025-08-12T16:02:24.946+0000] {logging_mixin.py:150} INFO - [2025-08-12T16:02:24.946+0000] {dag.py:3504} INFO - Setting next_dagrun for tutorial_taskflow_api to None, run_after=None
[2025-08-12T16:02:24.962+0000] {processor.py:179} INFO - Processing /home/vscode/.local/lib/python3.10/site-packages/airflow/example_dags/tutorial_taskflow_api.py took 0.049 seconds
[2025-08-12T16:03:03.113+0000] {processor.py:157} INFO - Started process (PID=29280) to work on /home/vscode/.local/lib/python3.10/site-packages/airflow/example_dags/tutorial_taskflow_api.py
[2025-08-12T16:03:03.114+0000] {processor.py:826} INFO - Processing file /home/vscode/.local/lib/python3.10/site-packages/airflow/example_dags/tutorial_taskflow_api.py for tasks to queue
[2025-08-12T16:03:03.116+0000] {logging_mixin.py:150} INFO - [2025-08-12T16:03:03.115+0000] {dagbag.py:541} INFO - Filling up the DagBag from /home/vscode/.local/lib/python3.10/site-packages/airflow/example_dags/tutorial_taskflow_api.py
[2025-08-12T16:03:03.121+0000] {processor.py:836} INFO - DAG(s) dict_keys(['tutorial_taskflow_api']) retrieved from /home/vscode/.local/lib/python3.10/site-packages/airflow/example_dags/tutorial_taskflow_api.py
[2025-08-12T16:03:03.134+0000] {logging_mixin.py:150} INFO - [2025-08-12T16:03:03.134+0000] {dag.py:2742} INFO - Sync 1 DAGs
[2025-08-12T16:03:03.148+0000] {logging_mixin.py:150} INFO - [2025-08-12T16:03:03.148+0000] {dag.py:3504} INFO - Setting next_dagrun for tutorial_taskflow_api to None, run_after=None
[2025-08-12T16:03:03.163+0000] {processor.py:179} INFO - Processing /home/vscode/.local/lib/python3.10/site-packages/airflow/example_dags/tutorial_taskflow_api.py took 0.053 seconds
[2025-08-12T16:03:47.171+0000] {processor.py:157} INFO - Started process (PID=29574) to work on /home/vscode/.local/lib/python3.10/site-packages/airflow/example_dags/tutorial_taskflow_api.py
[2025-08-12T16:03:47.172+0000] {processor.py:826} INFO - Processing file /home/vscode/.local/lib/python3.10/site-packages/airflow/example_dags/tutorial_taskflow_api.py for tasks to queue
[2025-08-12T16:03:47.172+0000] {logging_mixin.py:150} INFO - [2025-08-12T16:03:47.172+0000] {dagbag.py:541} INFO - Filling up the DagBag from /home/vscode/.local/lib/python3.10/site-packages/airflow/example_dags/tutorial_taskflow_api.py
[2025-08-12T16:03:47.177+0000] {processor.py:836} INFO - DAG(s) dict_keys(['tutorial_taskflow_api']) retrieved from /home/vscode/.local/lib/python3.10/site-packages/airflow/example_dags/tutorial_taskflow_api.py
[2025-08-12T16:03:47.189+0000] {logging_mixin.py:150} INFO - [2025-08-12T16:03:47.189+0000] {dag.py:2742} INFO - Sync 1 DAGs
[2025-08-12T16:03:47.205+0000] {logging_mixin.py:150} INFO - [2025-08-12T16:03:47.205+0000] {dag.py:3504} INFO - Setting next_dagrun for tutorial_taskflow_api to None, run_after=None
[2025-08-12T16:03:47.221+0000] {processor.py:179} INFO - Processing /home/vscode/.local/lib/python3.10/site-packages/airflow/example_dags/tutorial_taskflow_api.py took 0.052 seconds
[2025-08-12T16:04:20.858+0000] {processor.py:157} INFO - Started process (PID=29796) to work on /home/vscode/.local/lib/python3.10/site-packages/airflow/example_dags/tutorial_taskflow_api.py
[2025-08-12T16:04:20.859+0000] {processor.py:826} INFO - Processing file /home/vscode/.local/lib/python3.10/site-packages/airflow/example_dags/tutorial_taskflow_api.py for tasks to queue
[2025-08-12T16:04:20.860+0000] {logging_mixin.py:150} INFO - [2025-08-12T16:04:20.859+0000] {dagbag.py:541} INFO - Filling up the DagBag from /home/vscode/.local/lib/python3.10/site-packages/airflow/example_dags/tutorial_taskflow_api.py
[2025-08-12T16:04:20.864+0000] {processor.py:836} INFO - DAG(s) dict_keys(['tutorial_taskflow_api']) retrieved from /home/vscode/.local/lib/python3.10/site-packages/airflow/example_dags/tutorial_taskflow_api.py
[2025-08-12T16:04:20.876+0000] {logging_mixin.py:150} INFO - [2025-08-12T16:04:20.876+0000] {dag.py:2742} INFO - Sync 1 DAGs
[2025-08-12T16:04:20.889+0000] {logging_mixin.py:150} INFO - [2025-08-12T16:04:20.889+0000] {dag.py:3504} INFO - Setting next_dagrun for tutorial_taskflow_api to None, run_after=None
[2025-08-12T16:04:20.904+0000] {processor.py:179} INFO - Processing /home/vscode/.local/lib/python3.10/site-packages/airflow/example_dags/tutorial_taskflow_api.py took 0.048 seconds
[2025-08-12T16:05:05.498+0000] {processor.py:157} INFO - Started process (PID=30097) to work on /home/vscode/.local/lib/python3.10/site-packages/airflow/example_dags/tutorial_taskflow_api.py
[2025-08-12T16:05:05.498+0000] {processor.py:826} INFO - Processing file /home/vscode/.local/lib/python3.10/site-packages/airflow/example_dags/tutorial_taskflow_api.py for tasks to queue
[2025-08-12T16:05:05.499+0000] {logging_mixin.py:150} INFO - [2025-08-12T16:05:05.499+0000] {dagbag.py:541} INFO - Filling up the DagBag from /home/vscode/.local/lib/python3.10/site-packages/airflow/example_dags/tutorial_taskflow_api.py
[2025-08-12T16:05:05.504+0000] {processor.py:836} INFO - DAG(s) dict_keys(['tutorial_taskflow_api']) retrieved from /home/vscode/.local/lib/python3.10/site-packages/airflow/example_dags/tutorial_taskflow_api.py
[2025-08-12T16:05:05.516+0000] {logging_mixin.py:150} INFO - [2025-08-12T16:05:05.516+0000] {dag.py:2742} INFO - Sync 1 DAGs
[2025-08-12T16:05:05.530+0000] {logging_mixin.py:150} INFO - [2025-08-12T16:05:05.530+0000] {dag.py:3504} INFO - Setting next_dagrun for tutorial_taskflow_api to None, run_after=None
[2025-08-12T16:05:05.546+0000] {processor.py:179} INFO - Processing /home/vscode/.local/lib/python3.10/site-packages/airflow/example_dags/tutorial_taskflow_api.py took 0.051 seconds
[2025-08-12T16:05:47.656+0000] {processor.py:157} INFO - Started process (PID=30377) to work on /home/vscode/.local/lib/python3.10/site-packages/airflow/example_dags/tutorial_taskflow_api.py
[2025-08-12T16:05:47.657+0000] {processor.py:826} INFO - Processing file /home/vscode/.local/lib/python3.10/site-packages/airflow/example_dags/tutorial_taskflow_api.py for tasks to queue
[2025-08-12T16:05:47.657+0000] {logging_mixin.py:150} INFO - [2025-08-12T16:05:47.657+0000] {dagbag.py:541} INFO - Filling up the DagBag from /home/vscode/.local/lib/python3.10/site-packages/airflow/example_dags/tutorial_taskflow_api.py
[2025-08-12T16:05:47.662+0000] {processor.py:836} INFO - DAG(s) dict_keys(['tutorial_taskflow_api']) retrieved from /home/vscode/.local/lib/python3.10/site-packages/airflow/example_dags/tutorial_taskflow_api.py
[2025-08-12T16:05:47.675+0000] {logging_mixin.py:150} INFO - [2025-08-12T16:05:47.674+0000] {dag.py:2742} INFO - Sync 1 DAGs
[2025-08-12T16:05:47.689+0000] {logging_mixin.py:150} INFO - [2025-08-12T16:05:47.689+0000] {dag.py:3504} INFO - Setting next_dagrun for tutorial_taskflow_api to None, run_after=None
[2025-08-12T16:05:47.706+0000] {processor.py:179} INFO - Processing /home/vscode/.local/lib/python3.10/site-packages/airflow/example_dags/tutorial_taskflow_api.py took 0.052 seconds
[2025-08-12T16:06:21.370+0000] {processor.py:157} INFO - Started process (PID=30600) to work on /home/vscode/.local/lib/python3.10/site-packages/airflow/example_dags/tutorial_taskflow_api.py
[2025-08-12T16:06:21.371+0000] {processor.py:826} INFO - Processing file /home/vscode/.local/lib/python3.10/site-packages/airflow/example_dags/tutorial_taskflow_api.py for tasks to queue
[2025-08-12T16:06:21.371+0000] {logging_mixin.py:150} INFO - [2025-08-12T16:06:21.371+0000] {dagbag.py:541} INFO - Filling up the DagBag from /home/vscode/.local/lib/python3.10/site-packages/airflow/example_dags/tutorial_taskflow_api.py
[2025-08-12T16:06:21.376+0000] {processor.py:836} INFO - DAG(s) dict_keys(['tutorial_taskflow_api']) retrieved from /home/vscode/.local/lib/python3.10/site-packages/airflow/example_dags/tutorial_taskflow_api.py
[2025-08-12T16:06:21.387+0000] {logging_mixin.py:150} INFO - [2025-08-12T16:06:21.387+0000] {dag.py:2742} INFO - Sync 1 DAGs
[2025-08-12T16:06:21.400+0000] {logging_mixin.py:150} INFO - [2025-08-12T16:06:21.400+0000] {dag.py:3504} INFO - Setting next_dagrun for tutorial_taskflow_api to None, run_after=None
[2025-08-12T16:06:21.416+0000] {processor.py:179} INFO - Processing /home/vscode/.local/lib/python3.10/site-packages/airflow/example_dags/tutorial_taskflow_api.py took 0.048 seconds
[2025-08-12T16:07:04.793+0000] {processor.py:157} INFO - Started process (PID=30893) to work on /home/vscode/.local/lib/python3.10/site-packages/airflow/example_dags/tutorial_taskflow_api.py
[2025-08-12T16:07:04.794+0000] {processor.py:826} INFO - Processing file /home/vscode/.local/lib/python3.10/site-packages/airflow/example_dags/tutorial_taskflow_api.py for tasks to queue
[2025-08-12T16:07:04.795+0000] {logging_mixin.py:150} INFO - [2025-08-12T16:07:04.794+0000] {dagbag.py:541} INFO - Filling up the DagBag from /home/vscode/.local/lib/python3.10/site-packages/airflow/example_dags/tutorial_taskflow_api.py
[2025-08-12T16:07:04.799+0000] {processor.py:836} INFO - DAG(s) dict_keys(['tutorial_taskflow_api']) retrieved from /home/vscode/.local/lib/python3.10/site-packages/airflow/example_dags/tutorial_taskflow_api.py
[2025-08-12T16:07:04.812+0000] {logging_mixin.py:150} INFO - [2025-08-12T16:07:04.811+0000] {dag.py:2742} INFO - Sync 1 DAGs
[2025-08-12T16:07:04.826+0000] {logging_mixin.py:150} INFO - [2025-08-12T16:07:04.826+0000] {dag.py:3504} INFO - Setting next_dagrun for tutorial_taskflow_api to None, run_after=None
[2025-08-12T16:07:04.843+0000] {processor.py:179} INFO - Processing /home/vscode/.local/lib/python3.10/site-packages/airflow/example_dags/tutorial_taskflow_api.py took 0.052 seconds
[2025-08-12T16:07:45.839+0000] {processor.py:157} INFO - Started process (PID=31163) to work on /home/vscode/.local/lib/python3.10/site-packages/airflow/example_dags/tutorial_taskflow_api.py
[2025-08-12T16:07:45.839+0000] {processor.py:826} INFO - Processing file /home/vscode/.local/lib/python3.10/site-packages/airflow/example_dags/tutorial_taskflow_api.py for tasks to queue
[2025-08-12T16:07:45.840+0000] {logging_mixin.py:150} INFO - [2025-08-12T16:07:45.840+0000] {dagbag.py:541} INFO - Filling up the DagBag from /home/vscode/.local/lib/python3.10/site-packages/airflow/example_dags/tutorial_taskflow_api.py
[2025-08-12T16:07:45.845+0000] {processor.py:836} INFO - DAG(s) dict_keys(['tutorial_taskflow_api']) retrieved from /home/vscode/.local/lib/python3.10/site-packages/airflow/example_dags/tutorial_taskflow_api.py
[2025-08-12T16:07:45.858+0000] {logging_mixin.py:150} INFO - [2025-08-12T16:07:45.858+0000] {dag.py:2742} INFO - Sync 1 DAGs
[2025-08-12T16:07:45.872+0000] {logging_mixin.py:150} INFO - [2025-08-12T16:07:45.872+0000] {dag.py:3504} INFO - Setting next_dagrun for tutorial_taskflow_api to None, run_after=None
[2025-08-12T16:07:45.888+0000] {processor.py:179} INFO - Processing /home/vscode/.local/lib/python3.10/site-packages/airflow/example_dags/tutorial_taskflow_api.py took 0.052 seconds
[2025-08-12T16:08:26.922+0000] {processor.py:157} INFO - Started process (PID=31439) to work on /home/vscode/.local/lib/python3.10/site-packages/airflow/example_dags/tutorial_taskflow_api.py
[2025-08-12T16:08:26.922+0000] {processor.py:826} INFO - Processing file /home/vscode/.local/lib/python3.10/site-packages/airflow/example_dags/tutorial_taskflow_api.py for tasks to queue
[2025-08-12T16:08:26.923+0000] {logging_mixin.py:150} INFO - [2025-08-12T16:08:26.923+0000] {dagbag.py:541} INFO - Filling up the DagBag from /home/vscode/.local/lib/python3.10/site-packages/airflow/example_dags/tutorial_taskflow_api.py
[2025-08-12T16:08:26.928+0000] {processor.py:836} INFO - DAG(s) dict_keys(['tutorial_taskflow_api']) retrieved from /home/vscode/.local/lib/python3.10/site-packages/airflow/example_dags/tutorial_taskflow_api.py
[2025-08-12T16:08:26.941+0000] {logging_mixin.py:150} INFO - [2025-08-12T16:08:26.940+0000] {dag.py:2742} INFO - Sync 1 DAGs
[2025-08-12T16:08:26.954+0000] {logging_mixin.py:150} INFO - [2025-08-12T16:08:26.954+0000] {dag.py:3504} INFO - Setting next_dagrun for tutorial_taskflow_api to None, run_after=None
[2025-08-12T16:08:26.970+0000] {processor.py:179} INFO - Processing /home/vscode/.local/lib/python3.10/site-packages/airflow/example_dags/tutorial_taskflow_api.py took 0.050 seconds
[2025-08-12T16:09:09.791+0000] {processor.py:157} INFO - Started process (PID=31723) to work on /home/vscode/.local/lib/python3.10/site-packages/airflow/example_dags/tutorial_taskflow_api.py
[2025-08-12T16:09:09.791+0000] {processor.py:826} INFO - Processing file /home/vscode/.local/lib/python3.10/site-packages/airflow/example_dags/tutorial_taskflow_api.py for tasks to queue
[2025-08-12T16:09:09.792+0000] {logging_mixin.py:150} INFO - [2025-08-12T16:09:09.792+0000] {dagbag.py:541} INFO - Filling up the DagBag from /home/vscode/.local/lib/python3.10/site-packages/airflow/example_dags/tutorial_taskflow_api.py
[2025-08-12T16:09:09.797+0000] {processor.py:836} INFO - DAG(s) dict_keys(['tutorial_taskflow_api']) retrieved from /home/vscode/.local/lib/python3.10/site-packages/airflow/example_dags/tutorial_taskflow_api.py
[2025-08-12T16:09:09.808+0000] {logging_mixin.py:150} INFO - [2025-08-12T16:09:09.808+0000] {dag.py:2742} INFO - Sync 1 DAGs
[2025-08-12T16:09:09.822+0000] {logging_mixin.py:150} INFO - [2025-08-12T16:09:09.822+0000] {dag.py:3504} INFO - Setting next_dagrun for tutorial_taskflow_api to None, run_after=None
[2025-08-12T16:09:09.837+0000] {processor.py:179} INFO - Processing /home/vscode/.local/lib/python3.10/site-packages/airflow/example_dags/tutorial_taskflow_api.py took 0.049 seconds
[2025-08-12T16:09:41.734+0000] {processor.py:157} INFO - Started process (PID=31938) to work on /home/vscode/.local/lib/python3.10/site-packages/airflow/example_dags/tutorial_taskflow_api.py
[2025-08-12T16:09:41.734+0000] {processor.py:826} INFO - Processing file /home/vscode/.local/lib/python3.10/site-packages/airflow/example_dags/tutorial_taskflow_api.py for tasks to queue
[2025-08-12T16:09:41.735+0000] {logging_mixin.py:150} INFO - [2025-08-12T16:09:41.735+0000] {dagbag.py:541} INFO - Filling up the DagBag from /home/vscode/.local/lib/python3.10/site-packages/airflow/example_dags/tutorial_taskflow_api.py
[2025-08-12T16:09:41.739+0000] {processor.py:836} INFO - DAG(s) dict_keys(['tutorial_taskflow_api']) retrieved from /home/vscode/.local/lib/python3.10/site-packages/airflow/example_dags/tutorial_taskflow_api.py
[2025-08-12T16:09:41.751+0000] {logging_mixin.py:150} INFO - [2025-08-12T16:09:41.751+0000] {dag.py:2742} INFO - Sync 1 DAGs
[2025-08-12T16:09:41.764+0000] {logging_mixin.py:150} INFO - [2025-08-12T16:09:41.764+0000] {dag.py:3504} INFO - Setting next_dagrun for tutorial_taskflow_api to None, run_after=None
[2025-08-12T16:09:41.779+0000] {processor.py:179} INFO - Processing /home/vscode/.local/lib/python3.10/site-packages/airflow/example_dags/tutorial_taskflow_api.py took 0.047 seconds
[2025-08-12T16:10:27.941+0000] {processor.py:157} INFO - Started process (PID=32240) to work on /home/vscode/.local/lib/python3.10/site-packages/airflow/example_dags/tutorial_taskflow_api.py
[2025-08-12T16:10:27.942+0000] {processor.py:826} INFO - Processing file /home/vscode/.local/lib/python3.10/site-packages/airflow/example_dags/tutorial_taskflow_api.py for tasks to queue
[2025-08-12T16:10:27.943+0000] {logging_mixin.py:150} INFO - [2025-08-12T16:10:27.942+0000] {dagbag.py:541} INFO - Filling up the DagBag from /home/vscode/.local/lib/python3.10/site-packages/airflow/example_dags/tutorial_taskflow_api.py
[2025-08-12T16:10:27.947+0000] {processor.py:836} INFO - DAG(s) dict_keys(['tutorial_taskflow_api']) retrieved from /home/vscode/.local/lib/python3.10/site-packages/airflow/example_dags/tutorial_taskflow_api.py
[2025-08-12T16:10:27.960+0000] {logging_mixin.py:150} INFO - [2025-08-12T16:10:27.959+0000] {dag.py:2742} INFO - Sync 1 DAGs
[2025-08-12T16:10:27.974+0000] {logging_mixin.py:150} INFO - [2025-08-12T16:10:27.974+0000] {dag.py:3504} INFO - Setting next_dagrun for tutorial_taskflow_api to None, run_after=None
[2025-08-12T16:10:27.990+0000] {processor.py:179} INFO - Processing /home/vscode/.local/lib/python3.10/site-packages/airflow/example_dags/tutorial_taskflow_api.py took 0.051 seconds
[2025-08-12T16:11:11.992+0000] {processor.py:157} INFO - Started process (PID=32534) to work on /home/vscode/.local/lib/python3.10/site-packages/airflow/example_dags/tutorial_taskflow_api.py
[2025-08-12T16:11:11.993+0000] {processor.py:826} INFO - Processing file /home/vscode/.local/lib/python3.10/site-packages/airflow/example_dags/tutorial_taskflow_api.py for tasks to queue
[2025-08-12T16:11:11.994+0000] {logging_mixin.py:150} INFO - [2025-08-12T16:11:11.993+0000] {dagbag.py:541} INFO - Filling up the DagBag from /home/vscode/.local/lib/python3.10/site-packages/airflow/example_dags/tutorial_taskflow_api.py
[2025-08-12T16:11:11.999+0000] {processor.py:836} INFO - DAG(s) dict_keys(['tutorial_taskflow_api']) retrieved from /home/vscode/.local/lib/python3.10/site-packages/airflow/example_dags/tutorial_taskflow_api.py
[2025-08-12T16:11:12.016+0000] {logging_mixin.py:150} INFO - [2025-08-12T16:11:12.015+0000] {dag.py:2742} INFO - Sync 1 DAGs
[2025-08-12T16:11:12.038+0000] {logging_mixin.py:150} INFO - [2025-08-12T16:11:12.038+0000] {dag.py:3504} INFO - Setting next_dagrun for tutorial_taskflow_api to None, run_after=None
[2025-08-12T16:11:12.057+0000] {processor.py:179} INFO - Processing /home/vscode/.local/lib/python3.10/site-packages/airflow/example_dags/tutorial_taskflow_api.py took 0.066 seconds
[2025-08-12T16:11:57.294+0000] {processor.py:157} INFO - Started process (PID=32842) to work on /home/vscode/.local/lib/python3.10/site-packages/airflow/example_dags/tutorial_taskflow_api.py
[2025-08-12T16:11:57.295+0000] {processor.py:826} INFO - Processing file /home/vscode/.local/lib/python3.10/site-packages/airflow/example_dags/tutorial_taskflow_api.py for tasks to queue
[2025-08-12T16:11:57.296+0000] {logging_mixin.py:150} INFO - [2025-08-12T16:11:57.295+0000] {dagbag.py:541} INFO - Filling up the DagBag from /home/vscode/.local/lib/python3.10/site-packages/airflow/example_dags/tutorial_taskflow_api.py
[2025-08-12T16:11:57.300+0000] {processor.py:836} INFO - DAG(s) dict_keys(['tutorial_taskflow_api']) retrieved from /home/vscode/.local/lib/python3.10/site-packages/airflow/example_dags/tutorial_taskflow_api.py
[2025-08-12T16:11:57.311+0000] {logging_mixin.py:150} INFO - [2025-08-12T16:11:57.311+0000] {dag.py:2742} INFO - Sync 1 DAGs
[2025-08-12T16:11:57.329+0000] {logging_mixin.py:150} INFO - [2025-08-12T16:11:57.329+0000] {dag.py:3504} INFO - Setting next_dagrun for tutorial_taskflow_api to None, run_after=None
[2025-08-12T16:11:57.351+0000] {processor.py:179} INFO - Processing /home/vscode/.local/lib/python3.10/site-packages/airflow/example_dags/tutorial_taskflow_api.py took 0.059 seconds
[2025-08-12T16:12:41.013+0000] {processor.py:157} INFO - Started process (PID=33129) to work on /home/vscode/.local/lib/python3.10/site-packages/airflow/example_dags/tutorial_taskflow_api.py
[2025-08-12T16:12:41.013+0000] {processor.py:826} INFO - Processing file /home/vscode/.local/lib/python3.10/site-packages/airflow/example_dags/tutorial_taskflow_api.py for tasks to queue
[2025-08-12T16:12:41.014+0000] {logging_mixin.py:150} INFO - [2025-08-12T16:12:41.014+0000] {dagbag.py:541} INFO - Filling up the DagBag from /home/vscode/.local/lib/python3.10/site-packages/airflow/example_dags/tutorial_taskflow_api.py
[2025-08-12T16:12:41.019+0000] {processor.py:836} INFO - DAG(s) dict_keys(['tutorial_taskflow_api']) retrieved from /home/vscode/.local/lib/python3.10/site-packages/airflow/example_dags/tutorial_taskflow_api.py
[2025-08-12T16:12:41.030+0000] {logging_mixin.py:150} INFO - [2025-08-12T16:12:41.030+0000] {dag.py:2742} INFO - Sync 1 DAGs
[2025-08-12T16:12:41.045+0000] {logging_mixin.py:150} INFO - [2025-08-12T16:12:41.045+0000] {dag.py:3504} INFO - Setting next_dagrun for tutorial_taskflow_api to None, run_after=None
[2025-08-12T16:12:41.062+0000] {processor.py:179} INFO - Processing /home/vscode/.local/lib/python3.10/site-packages/airflow/example_dags/tutorial_taskflow_api.py took 0.051 seconds
[2025-08-12T16:13:14.262+0000] {processor.py:157} INFO - Started process (PID=33345) to work on /home/vscode/.local/lib/python3.10/site-packages/airflow/example_dags/tutorial_taskflow_api.py
[2025-08-12T16:13:14.262+0000] {processor.py:826} INFO - Processing file /home/vscode/.local/lib/python3.10/site-packages/airflow/example_dags/tutorial_taskflow_api.py for tasks to queue
[2025-08-12T16:13:14.263+0000] {logging_mixin.py:150} INFO - [2025-08-12T16:13:14.263+0000] {dagbag.py:541} INFO - Filling up the DagBag from /home/vscode/.local/lib/python3.10/site-packages/airflow/example_dags/tutorial_taskflow_api.py
[2025-08-12T16:13:14.268+0000] {processor.py:836} INFO - DAG(s) dict_keys(['tutorial_taskflow_api']) retrieved from /home/vscode/.local/lib/python3.10/site-packages/airflow/example_dags/tutorial_taskflow_api.py
[2025-08-12T16:13:14.281+0000] {logging_mixin.py:150} INFO - [2025-08-12T16:13:14.281+0000] {dag.py:2742} INFO - Sync 1 DAGs
[2025-08-12T16:13:14.300+0000] {logging_mixin.py:150} INFO - [2025-08-12T16:13:14.300+0000] {dag.py:3504} INFO - Setting next_dagrun for tutorial_taskflow_api to None, run_after=None
[2025-08-12T16:13:14.322+0000] {processor.py:179} INFO - Processing /home/vscode/.local/lib/python3.10/site-packages/airflow/example_dags/tutorial_taskflow_api.py took 0.062 seconds
[2025-08-12T16:13:55.232+0000] {processor.py:157} INFO - Started process (PID=33614) to work on /home/vscode/.local/lib/python3.10/site-packages/airflow/example_dags/tutorial_taskflow_api.py
[2025-08-12T16:13:55.232+0000] {processor.py:826} INFO - Processing file /home/vscode/.local/lib/python3.10/site-packages/airflow/example_dags/tutorial_taskflow_api.py for tasks to queue
[2025-08-12T16:13:55.233+0000] {logging_mixin.py:150} INFO - [2025-08-12T16:13:55.232+0000] {dagbag.py:541} INFO - Filling up the DagBag from /home/vscode/.local/lib/python3.10/site-packages/airflow/example_dags/tutorial_taskflow_api.py
[2025-08-12T16:13:55.237+0000] {processor.py:836} INFO - DAG(s) dict_keys(['tutorial_taskflow_api']) retrieved from /home/vscode/.local/lib/python3.10/site-packages/airflow/example_dags/tutorial_taskflow_api.py
[2025-08-12T16:13:55.248+0000] {logging_mixin.py:150} INFO - [2025-08-12T16:13:55.248+0000] {dag.py:2742} INFO - Sync 1 DAGs
[2025-08-12T16:13:55.262+0000] {logging_mixin.py:150} INFO - [2025-08-12T16:13:55.262+0000] {dag.py:3504} INFO - Setting next_dagrun for tutorial_taskflow_api to None, run_after=None
[2025-08-12T16:13:55.278+0000] {processor.py:179} INFO - Processing /home/vscode/.local/lib/python3.10/site-packages/airflow/example_dags/tutorial_taskflow_api.py took 0.049 seconds
[2025-08-12T16:14:30.300+0000] {processor.py:157} INFO - Started process (PID=33856) to work on /home/vscode/.local/lib/python3.10/site-packages/airflow/example_dags/tutorial_taskflow_api.py
[2025-08-12T16:14:30.301+0000] {processor.py:826} INFO - Processing file /home/vscode/.local/lib/python3.10/site-packages/airflow/example_dags/tutorial_taskflow_api.py for tasks to queue
[2025-08-12T16:14:30.301+0000] {logging_mixin.py:150} INFO - [2025-08-12T16:14:30.301+0000] {dagbag.py:541} INFO - Filling up the DagBag from /home/vscode/.local/lib/python3.10/site-packages/airflow/example_dags/tutorial_taskflow_api.py
[2025-08-12T16:14:30.306+0000] {processor.py:836} INFO - DAG(s) dict_keys(['tutorial_taskflow_api']) retrieved from /home/vscode/.local/lib/python3.10/site-packages/airflow/example_dags/tutorial_taskflow_api.py
[2025-08-12T16:14:30.318+0000] {logging_mixin.py:150} INFO - [2025-08-12T16:14:30.318+0000] {dag.py:2742} INFO - Sync 1 DAGs
[2025-08-12T16:14:30.333+0000] {logging_mixin.py:150} INFO - [2025-08-12T16:14:30.333+0000] {dag.py:3504} INFO - Setting next_dagrun for tutorial_taskflow_api to None, run_after=None
[2025-08-12T16:14:30.348+0000] {processor.py:179} INFO - Processing /home/vscode/.local/lib/python3.10/site-packages/airflow/example_dags/tutorial_taskflow_api.py took 0.050 seconds
[2025-08-12T16:15:11.444+0000] {processor.py:157} INFO - Started process (PID=34132) to work on /home/vscode/.local/lib/python3.10/site-packages/airflow/example_dags/tutorial_taskflow_api.py
[2025-08-12T16:15:11.444+0000] {processor.py:826} INFO - Processing file /home/vscode/.local/lib/python3.10/site-packages/airflow/example_dags/tutorial_taskflow_api.py for tasks to queue
[2025-08-12T16:15:11.445+0000] {logging_mixin.py:150} INFO - [2025-08-12T16:15:11.445+0000] {dagbag.py:541} INFO - Filling up the DagBag from /home/vscode/.local/lib/python3.10/site-packages/airflow/example_dags/tutorial_taskflow_api.py
[2025-08-12T16:15:11.449+0000] {processor.py:836} INFO - DAG(s) dict_keys(['tutorial_taskflow_api']) retrieved from /home/vscode/.local/lib/python3.10/site-packages/airflow/example_dags/tutorial_taskflow_api.py
[2025-08-12T16:15:11.461+0000] {logging_mixin.py:150} INFO - [2025-08-12T16:15:11.461+0000] {dag.py:2742} INFO - Sync 1 DAGs
[2025-08-12T16:15:11.478+0000] {logging_mixin.py:150} INFO - [2025-08-12T16:15:11.478+0000] {dag.py:3504} INFO - Setting next_dagrun for tutorial_taskflow_api to None, run_after=None
[2025-08-12T16:15:11.503+0000] {processor.py:179} INFO - Processing /home/vscode/.local/lib/python3.10/site-packages/airflow/example_dags/tutorial_taskflow_api.py took 0.062 seconds
[2025-08-12T16:15:53.658+0000] {processor.py:157} INFO - Started process (PID=34405) to work on /home/vscode/.local/lib/python3.10/site-packages/airflow/example_dags/tutorial_taskflow_api.py
[2025-08-12T16:15:53.659+0000] {processor.py:826} INFO - Processing file /home/vscode/.local/lib/python3.10/site-packages/airflow/example_dags/tutorial_taskflow_api.py for tasks to queue
[2025-08-12T16:15:53.659+0000] {logging_mixin.py:150} INFO - [2025-08-12T16:15:53.659+0000] {dagbag.py:541} INFO - Filling up the DagBag from /home/vscode/.local/lib/python3.10/site-packages/airflow/example_dags/tutorial_taskflow_api.py
[2025-08-12T16:15:53.665+0000] {processor.py:836} INFO - DAG(s) dict_keys(['tutorial_taskflow_api']) retrieved from /home/vscode/.local/lib/python3.10/site-packages/airflow/example_dags/tutorial_taskflow_api.py
[2025-08-12T16:15:53.680+0000] {logging_mixin.py:150} INFO - [2025-08-12T16:15:53.680+0000] {dag.py:2742} INFO - Sync 1 DAGs
[2025-08-12T16:15:53.694+0000] {logging_mixin.py:150} INFO - [2025-08-12T16:15:53.694+0000] {dag.py:3504} INFO - Setting next_dagrun for tutorial_taskflow_api to None, run_after=None
[2025-08-12T16:15:53.722+0000] {processor.py:179} INFO - Processing /home/vscode/.local/lib/python3.10/site-packages/airflow/example_dags/tutorial_taskflow_api.py took 0.066 seconds
[2025-08-12T16:16:33.670+0000] {processor.py:157} INFO - Started process (PID=34680) to work on /home/vscode/.local/lib/python3.10/site-packages/airflow/example_dags/tutorial_taskflow_api.py
[2025-08-12T16:16:33.670+0000] {processor.py:826} INFO - Processing file /home/vscode/.local/lib/python3.10/site-packages/airflow/example_dags/tutorial_taskflow_api.py for tasks to queue
[2025-08-12T16:16:33.671+0000] {logging_mixin.py:150} INFO - [2025-08-12T16:16:33.671+0000] {dagbag.py:541} INFO - Filling up the DagBag from /home/vscode/.local/lib/python3.10/site-packages/airflow/example_dags/tutorial_taskflow_api.py
[2025-08-12T16:16:33.676+0000] {processor.py:836} INFO - DAG(s) dict_keys(['tutorial_taskflow_api']) retrieved from /home/vscode/.local/lib/python3.10/site-packages/airflow/example_dags/tutorial_taskflow_api.py
[2025-08-12T16:16:33.688+0000] {logging_mixin.py:150} INFO - [2025-08-12T16:16:33.687+0000] {dag.py:2742} INFO - Sync 1 DAGs
[2025-08-12T16:16:33.702+0000] {logging_mixin.py:150} INFO - [2025-08-12T16:16:33.701+0000] {dag.py:3504} INFO - Setting next_dagrun for tutorial_taskflow_api to None, run_after=None
[2025-08-12T16:16:33.717+0000] {processor.py:179} INFO - Processing /home/vscode/.local/lib/python3.10/site-packages/airflow/example_dags/tutorial_taskflow_api.py took 0.050 seconds
[2025-08-12T16:17:17.507+0000] {processor.py:157} INFO - Started process (PID=34968) to work on /home/vscode/.local/lib/python3.10/site-packages/airflow/example_dags/tutorial_taskflow_api.py
[2025-08-12T16:17:17.508+0000] {processor.py:826} INFO - Processing file /home/vscode/.local/lib/python3.10/site-packages/airflow/example_dags/tutorial_taskflow_api.py for tasks to queue
[2025-08-12T16:17:17.508+0000] {logging_mixin.py:150} INFO - [2025-08-12T16:17:17.508+0000] {dagbag.py:541} INFO - Filling up the DagBag from /home/vscode/.local/lib/python3.10/site-packages/airflow/example_dags/tutorial_taskflow_api.py
[2025-08-12T16:17:17.513+0000] {processor.py:836} INFO - DAG(s) dict_keys(['tutorial_taskflow_api']) retrieved from /home/vscode/.local/lib/python3.10/site-packages/airflow/example_dags/tutorial_taskflow_api.py
[2025-08-12T16:17:17.525+0000] {logging_mixin.py:150} INFO - [2025-08-12T16:17:17.525+0000] {dag.py:2742} INFO - Sync 1 DAGs
[2025-08-12T16:17:17.540+0000] {logging_mixin.py:150} INFO - [2025-08-12T16:17:17.540+0000] {dag.py:3504} INFO - Setting next_dagrun for tutorial_taskflow_api to None, run_after=None
[2025-08-12T16:17:17.555+0000] {processor.py:179} INFO - Processing /home/vscode/.local/lib/python3.10/site-packages/airflow/example_dags/tutorial_taskflow_api.py took 0.050 seconds
[2025-08-12T16:17:56.032+0000] {processor.py:157} INFO - Started process (PID=35226) to work on /home/vscode/.local/lib/python3.10/site-packages/airflow/example_dags/tutorial_taskflow_api.py
[2025-08-12T16:17:56.033+0000] {processor.py:826} INFO - Processing file /home/vscode/.local/lib/python3.10/site-packages/airflow/example_dags/tutorial_taskflow_api.py for tasks to queue
[2025-08-12T16:17:56.033+0000] {logging_mixin.py:150} INFO - [2025-08-12T16:17:56.033+0000] {dagbag.py:541} INFO - Filling up the DagBag from /home/vscode/.local/lib/python3.10/site-packages/airflow/example_dags/tutorial_taskflow_api.py
[2025-08-12T16:17:56.038+0000] {processor.py:836} INFO - DAG(s) dict_keys(['tutorial_taskflow_api']) retrieved from /home/vscode/.local/lib/python3.10/site-packages/airflow/example_dags/tutorial_taskflow_api.py
[2025-08-12T16:17:56.050+0000] {logging_mixin.py:150} INFO - [2025-08-12T16:17:56.050+0000] {dag.py:2742} INFO - Sync 1 DAGs
[2025-08-12T16:17:56.064+0000] {logging_mixin.py:150} INFO - [2025-08-12T16:17:56.063+0000] {dag.py:3504} INFO - Setting next_dagrun for tutorial_taskflow_api to None, run_after=None
[2025-08-12T16:17:56.079+0000] {processor.py:179} INFO - Processing /home/vscode/.local/lib/python3.10/site-packages/airflow/example_dags/tutorial_taskflow_api.py took 0.049 seconds
[2025-08-12T16:18:37.156+0000] {processor.py:157} INFO - Started process (PID=35494) to work on /home/vscode/.local/lib/python3.10/site-packages/airflow/example_dags/tutorial_taskflow_api.py
[2025-08-12T16:18:37.156+0000] {processor.py:826} INFO - Processing file /home/vscode/.local/lib/python3.10/site-packages/airflow/example_dags/tutorial_taskflow_api.py for tasks to queue
[2025-08-12T16:18:37.157+0000] {logging_mixin.py:150} INFO - [2025-08-12T16:18:37.157+0000] {dagbag.py:541} INFO - Filling up the DagBag from /home/vscode/.local/lib/python3.10/site-packages/airflow/example_dags/tutorial_taskflow_api.py
[2025-08-12T16:18:37.161+0000] {processor.py:836} INFO - DAG(s) dict_keys(['tutorial_taskflow_api']) retrieved from /home/vscode/.local/lib/python3.10/site-packages/airflow/example_dags/tutorial_taskflow_api.py
[2025-08-12T16:18:37.173+0000] {logging_mixin.py:150} INFO - [2025-08-12T16:18:37.173+0000] {dag.py:2742} INFO - Sync 1 DAGs
[2025-08-12T16:18:37.186+0000] {logging_mixin.py:150} INFO - [2025-08-12T16:18:37.186+0000] {dag.py:3504} INFO - Setting next_dagrun for tutorial_taskflow_api to None, run_after=None
[2025-08-12T16:18:37.202+0000] {processor.py:179} INFO - Processing /home/vscode/.local/lib/python3.10/site-packages/airflow/example_dags/tutorial_taskflow_api.py took 0.048 seconds
[2025-08-12T16:19:18.412+0000] {processor.py:157} INFO - Started process (PID=35772) to work on /home/vscode/.local/lib/python3.10/site-packages/airflow/example_dags/tutorial_taskflow_api.py
[2025-08-12T16:19:18.413+0000] {processor.py:826} INFO - Processing file /home/vscode/.local/lib/python3.10/site-packages/airflow/example_dags/tutorial_taskflow_api.py for tasks to queue
[2025-08-12T16:19:18.414+0000] {logging_mixin.py:150} INFO - [2025-08-12T16:19:18.413+0000] {dagbag.py:541} INFO - Filling up the DagBag from /home/vscode/.local/lib/python3.10/site-packages/airflow/example_dags/tutorial_taskflow_api.py
[2025-08-12T16:19:18.418+0000] {processor.py:836} INFO - DAG(s) dict_keys(['tutorial_taskflow_api']) retrieved from /home/vscode/.local/lib/python3.10/site-packages/airflow/example_dags/tutorial_taskflow_api.py
[2025-08-12T16:19:18.431+0000] {logging_mixin.py:150} INFO - [2025-08-12T16:19:18.431+0000] {dag.py:2742} INFO - Sync 1 DAGs
[2025-08-12T16:19:18.448+0000] {logging_mixin.py:150} INFO - [2025-08-12T16:19:18.448+0000] {dag.py:3504} INFO - Setting next_dagrun for tutorial_taskflow_api to None, run_after=None
[2025-08-12T16:19:18.463+0000] {processor.py:179} INFO - Processing /home/vscode/.local/lib/python3.10/site-packages/airflow/example_dags/tutorial_taskflow_api.py took 0.053 seconds
[2025-08-12T16:20:05.740+0000] {processor.py:157} INFO - Started process (PID=36088) to work on /home/vscode/.local/lib/python3.10/site-packages/airflow/example_dags/tutorial_taskflow_api.py
[2025-08-12T16:20:05.741+0000] {processor.py:826} INFO - Processing file /home/vscode/.local/lib/python3.10/site-packages/airflow/example_dags/tutorial_taskflow_api.py for tasks to queue
[2025-08-12T16:20:05.741+0000] {logging_mixin.py:150} INFO - [2025-08-12T16:20:05.741+0000] {dagbag.py:541} INFO - Filling up the DagBag from /home/vscode/.local/lib/python3.10/site-packages/airflow/example_dags/tutorial_taskflow_api.py
[2025-08-12T16:20:05.746+0000] {processor.py:836} INFO - DAG(s) dict_keys(['tutorial_taskflow_api']) retrieved from /home/vscode/.local/lib/python3.10/site-packages/airflow/example_dags/tutorial_taskflow_api.py
[2025-08-12T16:20:05.757+0000] {logging_mixin.py:150} INFO - [2025-08-12T16:20:05.757+0000] {dag.py:2742} INFO - Sync 1 DAGs
[2025-08-12T16:20:05.771+0000] {logging_mixin.py:150} INFO - [2025-08-12T16:20:05.771+0000] {dag.py:3504} INFO - Setting next_dagrun for tutorial_taskflow_api to None, run_after=None
[2025-08-12T16:20:05.787+0000] {processor.py:179} INFO - Processing /home/vscode/.local/lib/python3.10/site-packages/airflow/example_dags/tutorial_taskflow_api.py took 0.049 seconds
[2025-08-12T16:20:47.035+0000] {processor.py:157} INFO - Started process (PID=36360) to work on /home/vscode/.local/lib/python3.10/site-packages/airflow/example_dags/tutorial_taskflow_api.py
[2025-08-12T16:20:47.036+0000] {processor.py:826} INFO - Processing file /home/vscode/.local/lib/python3.10/site-packages/airflow/example_dags/tutorial_taskflow_api.py for tasks to queue
[2025-08-12T16:20:47.037+0000] {logging_mixin.py:150} INFO - [2025-08-12T16:20:47.036+0000] {dagbag.py:541} INFO - Filling up the DagBag from /home/vscode/.local/lib/python3.10/site-packages/airflow/example_dags/tutorial_taskflow_api.py
[2025-08-12T16:20:47.041+0000] {processor.py:836} INFO - DAG(s) dict_keys(['tutorial_taskflow_api']) retrieved from /home/vscode/.local/lib/python3.10/site-packages/airflow/example_dags/tutorial_taskflow_api.py
[2025-08-12T16:20:47.053+0000] {logging_mixin.py:150} INFO - [2025-08-12T16:20:47.053+0000] {dag.py:2742} INFO - Sync 1 DAGs
[2025-08-12T16:20:47.068+0000] {logging_mixin.py:150} INFO - [2025-08-12T16:20:47.067+0000] {dag.py:3504} INFO - Setting next_dagrun for tutorial_taskflow_api to None, run_after=None
[2025-08-12T16:20:47.083+0000] {processor.py:179} INFO - Processing /home/vscode/.local/lib/python3.10/site-packages/airflow/example_dags/tutorial_taskflow_api.py took 0.050 seconds
[2025-08-12T16:21:32.419+0000] {processor.py:157} INFO - Started process (PID=36672) to work on /home/vscode/.local/lib/python3.10/site-packages/airflow/example_dags/tutorial_taskflow_api.py
[2025-08-12T16:21:32.420+0000] {processor.py:826} INFO - Processing file /home/vscode/.local/lib/python3.10/site-packages/airflow/example_dags/tutorial_taskflow_api.py for tasks to queue
[2025-08-12T16:21:32.421+0000] {logging_mixin.py:150} INFO - [2025-08-12T16:21:32.420+0000] {dagbag.py:541} INFO - Filling up the DagBag from /home/vscode/.local/lib/python3.10/site-packages/airflow/example_dags/tutorial_taskflow_api.py
[2025-08-12T16:21:32.427+0000] {processor.py:836} INFO - DAG(s) dict_keys(['tutorial_taskflow_api']) retrieved from /home/vscode/.local/lib/python3.10/site-packages/airflow/example_dags/tutorial_taskflow_api.py
[2025-08-12T16:21:32.444+0000] {logging_mixin.py:150} INFO - [2025-08-12T16:21:32.444+0000] {dag.py:2742} INFO - Sync 1 DAGs
[2025-08-12T16:21:32.464+0000] {logging_mixin.py:150} INFO - [2025-08-12T16:21:32.464+0000] {dag.py:3504} INFO - Setting next_dagrun for tutorial_taskflow_api to None, run_after=None
[2025-08-12T16:21:32.502+0000] {processor.py:179} INFO - Processing /home/vscode/.local/lib/python3.10/site-packages/airflow/example_dags/tutorial_taskflow_api.py took 0.086 seconds
[2025-08-12T16:22:15.228+0000] {processor.py:157} INFO - Started process (PID=36954) to work on /home/vscode/.local/lib/python3.10/site-packages/airflow/example_dags/tutorial_taskflow_api.py
[2025-08-12T16:22:15.229+0000] {processor.py:826} INFO - Processing file /home/vscode/.local/lib/python3.10/site-packages/airflow/example_dags/tutorial_taskflow_api.py for tasks to queue
[2025-08-12T16:22:15.229+0000] {logging_mixin.py:150} INFO - [2025-08-12T16:22:15.229+0000] {dagbag.py:541} INFO - Filling up the DagBag from /home/vscode/.local/lib/python3.10/site-packages/airflow/example_dags/tutorial_taskflow_api.py
[2025-08-12T16:22:15.236+0000] {processor.py:836} INFO - DAG(s) dict_keys(['tutorial_taskflow_api']) retrieved from /home/vscode/.local/lib/python3.10/site-packages/airflow/example_dags/tutorial_taskflow_api.py
[2025-08-12T16:22:15.253+0000] {logging_mixin.py:150} INFO - [2025-08-12T16:22:15.252+0000] {dag.py:2742} INFO - Sync 1 DAGs
[2025-08-12T16:22:15.271+0000] {logging_mixin.py:150} INFO - [2025-08-12T16:22:15.271+0000] {dag.py:3504} INFO - Setting next_dagrun for tutorial_taskflow_api to None, run_after=None
[2025-08-12T16:22:15.286+0000] {processor.py:179} INFO - Processing /home/vscode/.local/lib/python3.10/site-packages/airflow/example_dags/tutorial_taskflow_api.py took 0.061 seconds
[2025-08-12T16:22:56.911+0000] {processor.py:157} INFO - Started process (PID=37229) to work on /home/vscode/.local/lib/python3.10/site-packages/airflow/example_dags/tutorial_taskflow_api.py
[2025-08-12T16:22:56.912+0000] {processor.py:826} INFO - Processing file /home/vscode/.local/lib/python3.10/site-packages/airflow/example_dags/tutorial_taskflow_api.py for tasks to queue
[2025-08-12T16:22:56.913+0000] {logging_mixin.py:150} INFO - [2025-08-12T16:22:56.912+0000] {dagbag.py:541} INFO - Filling up the DagBag from /home/vscode/.local/lib/python3.10/site-packages/airflow/example_dags/tutorial_taskflow_api.py
[2025-08-12T16:22:56.917+0000] {processor.py:836} INFO - DAG(s) dict_keys(['tutorial_taskflow_api']) retrieved from /home/vscode/.local/lib/python3.10/site-packages/airflow/example_dags/tutorial_taskflow_api.py
[2025-08-12T16:22:56.929+0000] {logging_mixin.py:150} INFO - [2025-08-12T16:22:56.929+0000] {dag.py:2742} INFO - Sync 1 DAGs
[2025-08-12T16:22:56.944+0000] {logging_mixin.py:150} INFO - [2025-08-12T16:22:56.944+0000] {dag.py:3504} INFO - Setting next_dagrun for tutorial_taskflow_api to None, run_after=None
[2025-08-12T16:22:56.960+0000] {processor.py:179} INFO - Processing /home/vscode/.local/lib/python3.10/site-packages/airflow/example_dags/tutorial_taskflow_api.py took 0.050 seconds
[2025-08-12T16:23:44.236+0000] {processor.py:157} INFO - Started process (PID=37544) to work on /home/vscode/.local/lib/python3.10/site-packages/airflow/example_dags/tutorial_taskflow_api.py
[2025-08-12T16:23:44.237+0000] {processor.py:826} INFO - Processing file /home/vscode/.local/lib/python3.10/site-packages/airflow/example_dags/tutorial_taskflow_api.py for tasks to queue
[2025-08-12T16:23:44.237+0000] {logging_mixin.py:150} INFO - [2025-08-12T16:23:44.237+0000] {dagbag.py:541} INFO - Filling up the DagBag from /home/vscode/.local/lib/python3.10/site-packages/airflow/example_dags/tutorial_taskflow_api.py
[2025-08-12T16:23:44.242+0000] {processor.py:836} INFO - DAG(s) dict_keys(['tutorial_taskflow_api']) retrieved from /home/vscode/.local/lib/python3.10/site-packages/airflow/example_dags/tutorial_taskflow_api.py
[2025-08-12T16:23:44.253+0000] {logging_mixin.py:150} INFO - [2025-08-12T16:23:44.253+0000] {dag.py:2742} INFO - Sync 1 DAGs
[2025-08-12T16:23:44.267+0000] {logging_mixin.py:150} INFO - [2025-08-12T16:23:44.267+0000] {dag.py:3504} INFO - Setting next_dagrun for tutorial_taskflow_api to None, run_after=None
[2025-08-12T16:23:44.283+0000] {processor.py:179} INFO - Processing /home/vscode/.local/lib/python3.10/site-packages/airflow/example_dags/tutorial_taskflow_api.py took 0.050 seconds
[2025-08-12T16:24:27.740+0000] {processor.py:157} INFO - Started process (PID=37830) to work on /home/vscode/.local/lib/python3.10/site-packages/airflow/example_dags/tutorial_taskflow_api.py
[2025-08-12T16:24:27.741+0000] {processor.py:826} INFO - Processing file /home/vscode/.local/lib/python3.10/site-packages/airflow/example_dags/tutorial_taskflow_api.py for tasks to queue
[2025-08-12T16:24:27.742+0000] {logging_mixin.py:150} INFO - [2025-08-12T16:24:27.741+0000] {dagbag.py:541} INFO - Filling up the DagBag from /home/vscode/.local/lib/python3.10/site-packages/airflow/example_dags/tutorial_taskflow_api.py
[2025-08-12T16:24:27.746+0000] {processor.py:836} INFO - DAG(s) dict_keys(['tutorial_taskflow_api']) retrieved from /home/vscode/.local/lib/python3.10/site-packages/airflow/example_dags/tutorial_taskflow_api.py
[2025-08-12T16:24:27.759+0000] {logging_mixin.py:150} INFO - [2025-08-12T16:24:27.759+0000] {dag.py:2742} INFO - Sync 1 DAGs
[2025-08-12T16:24:27.774+0000] {logging_mixin.py:150} INFO - [2025-08-12T16:24:27.774+0000] {dag.py:3504} INFO - Setting next_dagrun for tutorial_taskflow_api to None, run_after=None
[2025-08-12T16:24:27.790+0000] {processor.py:179} INFO - Processing /home/vscode/.local/lib/python3.10/site-packages/airflow/example_dags/tutorial_taskflow_api.py took 0.052 seconds
[2025-08-12T16:25:13.988+0000] {processor.py:157} INFO - Started process (PID=38145) to work on /home/vscode/.local/lib/python3.10/site-packages/airflow/example_dags/tutorial_taskflow_api.py
[2025-08-12T16:25:13.989+0000] {processor.py:826} INFO - Processing file /home/vscode/.local/lib/python3.10/site-packages/airflow/example_dags/tutorial_taskflow_api.py for tasks to queue
[2025-08-12T16:25:13.989+0000] {logging_mixin.py:150} INFO - [2025-08-12T16:25:13.989+0000] {dagbag.py:541} INFO - Filling up the DagBag from /home/vscode/.local/lib/python3.10/site-packages/airflow/example_dags/tutorial_taskflow_api.py
[2025-08-12T16:25:13.994+0000] {processor.py:836} INFO - DAG(s) dict_keys(['tutorial_taskflow_api']) retrieved from /home/vscode/.local/lib/python3.10/site-packages/airflow/example_dags/tutorial_taskflow_api.py
[2025-08-12T16:25:14.006+0000] {logging_mixin.py:150} INFO - [2025-08-12T16:25:14.005+0000] {dag.py:2742} INFO - Sync 1 DAGs
[2025-08-12T16:25:14.019+0000] {logging_mixin.py:150} INFO - [2025-08-12T16:25:14.019+0000] {dag.py:3504} INFO - Setting next_dagrun for tutorial_taskflow_api to None, run_after=None
[2025-08-12T16:25:14.035+0000] {processor.py:179} INFO - Processing /home/vscode/.local/lib/python3.10/site-packages/airflow/example_dags/tutorial_taskflow_api.py took 0.049 seconds
[2025-08-12T16:25:58.093+0000] {processor.py:157} INFO - Started process (PID=38432) to work on /home/vscode/.local/lib/python3.10/site-packages/airflow/example_dags/tutorial_taskflow_api.py
[2025-08-12T16:25:58.094+0000] {processor.py:826} INFO - Processing file /home/vscode/.local/lib/python3.10/site-packages/airflow/example_dags/tutorial_taskflow_api.py for tasks to queue
[2025-08-12T16:25:58.094+0000] {logging_mixin.py:150} INFO - [2025-08-12T16:25:58.094+0000] {dagbag.py:541} INFO - Filling up the DagBag from /home/vscode/.local/lib/python3.10/site-packages/airflow/example_dags/tutorial_taskflow_api.py
[2025-08-12T16:25:58.099+0000] {processor.py:836} INFO - DAG(s) dict_keys(['tutorial_taskflow_api']) retrieved from /home/vscode/.local/lib/python3.10/site-packages/airflow/example_dags/tutorial_taskflow_api.py
[2025-08-12T16:25:58.111+0000] {logging_mixin.py:150} INFO - [2025-08-12T16:25:58.110+0000] {dag.py:2742} INFO - Sync 1 DAGs
[2025-08-12T16:25:58.124+0000] {logging_mixin.py:150} INFO - [2025-08-12T16:25:58.124+0000] {dag.py:3504} INFO - Setting next_dagrun for tutorial_taskflow_api to None, run_after=None
[2025-08-12T16:25:58.140+0000] {processor.py:179} INFO - Processing /home/vscode/.local/lib/python3.10/site-packages/airflow/example_dags/tutorial_taskflow_api.py took 0.049 seconds
[2025-08-12T16:26:40.270+0000] {processor.py:157} INFO - Started process (PID=38716) to work on /home/vscode/.local/lib/python3.10/site-packages/airflow/example_dags/tutorial_taskflow_api.py
[2025-08-12T16:26:40.270+0000] {processor.py:826} INFO - Processing file /home/vscode/.local/lib/python3.10/site-packages/airflow/example_dags/tutorial_taskflow_api.py for tasks to queue
[2025-08-12T16:26:40.271+0000] {logging_mixin.py:150} INFO - [2025-08-12T16:26:40.271+0000] {dagbag.py:541} INFO - Filling up the DagBag from /home/vscode/.local/lib/python3.10/site-packages/airflow/example_dags/tutorial_taskflow_api.py
[2025-08-12T16:26:40.276+0000] {processor.py:836} INFO - DAG(s) dict_keys(['tutorial_taskflow_api']) retrieved from /home/vscode/.local/lib/python3.10/site-packages/airflow/example_dags/tutorial_taskflow_api.py
[2025-08-12T16:26:40.287+0000] {logging_mixin.py:150} INFO - [2025-08-12T16:26:40.287+0000] {dag.py:2742} INFO - Sync 1 DAGs
[2025-08-12T16:26:40.301+0000] {logging_mixin.py:150} INFO - [2025-08-12T16:26:40.301+0000] {dag.py:3504} INFO - Setting next_dagrun for tutorial_taskflow_api to None, run_after=None
[2025-08-12T16:26:40.316+0000] {processor.py:179} INFO - Processing /home/vscode/.local/lib/python3.10/site-packages/airflow/example_dags/tutorial_taskflow_api.py took 0.049 seconds
[2025-08-12T16:27:22.506+0000] {processor.py:157} INFO - Started process (PID=38992) to work on /home/vscode/.local/lib/python3.10/site-packages/airflow/example_dags/tutorial_taskflow_api.py
[2025-08-12T16:27:22.507+0000] {processor.py:826} INFO - Processing file /home/vscode/.local/lib/python3.10/site-packages/airflow/example_dags/tutorial_taskflow_api.py for tasks to queue
[2025-08-12T16:27:22.507+0000] {logging_mixin.py:150} INFO - [2025-08-12T16:27:22.507+0000] {dagbag.py:541} INFO - Filling up the DagBag from /home/vscode/.local/lib/python3.10/site-packages/airflow/example_dags/tutorial_taskflow_api.py
[2025-08-12T16:27:22.512+0000] {processor.py:836} INFO - DAG(s) dict_keys(['tutorial_taskflow_api']) retrieved from /home/vscode/.local/lib/python3.10/site-packages/airflow/example_dags/tutorial_taskflow_api.py
[2025-08-12T16:27:22.524+0000] {logging_mixin.py:150} INFO - [2025-08-12T16:27:22.524+0000] {dag.py:2742} INFO - Sync 1 DAGs
[2025-08-12T16:27:22.537+0000] {logging_mixin.py:150} INFO - [2025-08-12T16:27:22.537+0000] {dag.py:3504} INFO - Setting next_dagrun for tutorial_taskflow_api to None, run_after=None
[2025-08-12T16:27:22.553+0000] {processor.py:179} INFO - Processing /home/vscode/.local/lib/python3.10/site-packages/airflow/example_dags/tutorial_taskflow_api.py took 0.049 seconds
[2025-08-12T16:28:06.203+0000] {processor.py:157} INFO - Started process (PID=39287) to work on /home/vscode/.local/lib/python3.10/site-packages/airflow/example_dags/tutorial_taskflow_api.py
[2025-08-12T16:28:06.204+0000] {processor.py:826} INFO - Processing file /home/vscode/.local/lib/python3.10/site-packages/airflow/example_dags/tutorial_taskflow_api.py for tasks to queue
[2025-08-12T16:28:06.205+0000] {logging_mixin.py:150} INFO - [2025-08-12T16:28:06.204+0000] {dagbag.py:541} INFO - Filling up the DagBag from /home/vscode/.local/lib/python3.10/site-packages/airflow/example_dags/tutorial_taskflow_api.py
[2025-08-12T16:28:06.209+0000] {processor.py:836} INFO - DAG(s) dict_keys(['tutorial_taskflow_api']) retrieved from /home/vscode/.local/lib/python3.10/site-packages/airflow/example_dags/tutorial_taskflow_api.py
[2025-08-12T16:28:06.221+0000] {logging_mixin.py:150} INFO - [2025-08-12T16:28:06.220+0000] {dag.py:2742} INFO - Sync 1 DAGs
[2025-08-12T16:28:06.234+0000] {logging_mixin.py:150} INFO - [2025-08-12T16:28:06.234+0000] {dag.py:3504} INFO - Setting next_dagrun for tutorial_taskflow_api to None, run_after=None
[2025-08-12T16:28:06.250+0000] {processor.py:179} INFO - Processing /home/vscode/.local/lib/python3.10/site-packages/airflow/example_dags/tutorial_taskflow_api.py took 0.049 seconds
[2025-08-12T16:28:51.673+0000] {processor.py:157} INFO - Started process (PID=39590) to work on /home/vscode/.local/lib/python3.10/site-packages/airflow/example_dags/tutorial_taskflow_api.py
[2025-08-12T16:28:51.673+0000] {processor.py:826} INFO - Processing file /home/vscode/.local/lib/python3.10/site-packages/airflow/example_dags/tutorial_taskflow_api.py for tasks to queue
[2025-08-12T16:28:51.674+0000] {logging_mixin.py:150} INFO - [2025-08-12T16:28:51.673+0000] {dagbag.py:541} INFO - Filling up the DagBag from /home/vscode/.local/lib/python3.10/site-packages/airflow/example_dags/tutorial_taskflow_api.py
[2025-08-12T16:28:51.678+0000] {processor.py:836} INFO - DAG(s) dict_keys(['tutorial_taskflow_api']) retrieved from /home/vscode/.local/lib/python3.10/site-packages/airflow/example_dags/tutorial_taskflow_api.py
[2025-08-12T16:28:51.690+0000] {logging_mixin.py:150} INFO - [2025-08-12T16:28:51.690+0000] {dag.py:2742} INFO - Sync 1 DAGs
[2025-08-12T16:28:51.704+0000] {logging_mixin.py:150} INFO - [2025-08-12T16:28:51.704+0000] {dag.py:3504} INFO - Setting next_dagrun for tutorial_taskflow_api to None, run_after=None
[2025-08-12T16:28:51.719+0000] {processor.py:179} INFO - Processing /home/vscode/.local/lib/python3.10/site-packages/airflow/example_dags/tutorial_taskflow_api.py took 0.048 seconds
[2025-08-12T16:29:37.532+0000] {processor.py:157} INFO - Started process (PID=39890) to work on /home/vscode/.local/lib/python3.10/site-packages/airflow/example_dags/tutorial_taskflow_api.py
[2025-08-12T16:29:37.533+0000] {processor.py:826} INFO - Processing file /home/vscode/.local/lib/python3.10/site-packages/airflow/example_dags/tutorial_taskflow_api.py for tasks to queue
[2025-08-12T16:29:37.534+0000] {logging_mixin.py:150} INFO - [2025-08-12T16:29:37.533+0000] {dagbag.py:541} INFO - Filling up the DagBag from /home/vscode/.local/lib/python3.10/site-packages/airflow/example_dags/tutorial_taskflow_api.py
[2025-08-12T16:29:37.538+0000] {processor.py:836} INFO - DAG(s) dict_keys(['tutorial_taskflow_api']) retrieved from /home/vscode/.local/lib/python3.10/site-packages/airflow/example_dags/tutorial_taskflow_api.py
[2025-08-12T16:29:37.553+0000] {logging_mixin.py:150} INFO - [2025-08-12T16:29:37.553+0000] {dag.py:2742} INFO - Sync 1 DAGs
[2025-08-12T16:29:37.573+0000] {logging_mixin.py:150} INFO - [2025-08-12T16:29:37.573+0000] {dag.py:3504} INFO - Setting next_dagrun for tutorial_taskflow_api to None, run_after=None
[2025-08-12T16:29:37.595+0000] {processor.py:179} INFO - Processing /home/vscode/.local/lib/python3.10/site-packages/airflow/example_dags/tutorial_taskflow_api.py took 0.065 seconds
[2025-08-12T16:30:22.091+0000] {processor.py:157} INFO - Started process (PID=40184) to work on /home/vscode/.local/lib/python3.10/site-packages/airflow/example_dags/tutorial_taskflow_api.py
[2025-08-12T16:30:22.091+0000] {processor.py:826} INFO - Processing file /home/vscode/.local/lib/python3.10/site-packages/airflow/example_dags/tutorial_taskflow_api.py for tasks to queue
[2025-08-12T16:30:22.092+0000] {logging_mixin.py:150} INFO - [2025-08-12T16:30:22.092+0000] {dagbag.py:541} INFO - Filling up the DagBag from /home/vscode/.local/lib/python3.10/site-packages/airflow/example_dags/tutorial_taskflow_api.py
[2025-08-12T16:30:22.096+0000] {processor.py:836} INFO - DAG(s) dict_keys(['tutorial_taskflow_api']) retrieved from /home/vscode/.local/lib/python3.10/site-packages/airflow/example_dags/tutorial_taskflow_api.py
[2025-08-12T16:30:22.108+0000] {logging_mixin.py:150} INFO - [2025-08-12T16:30:22.108+0000] {dag.py:2742} INFO - Sync 1 DAGs
[2025-08-12T16:30:22.122+0000] {logging_mixin.py:150} INFO - [2025-08-12T16:30:22.122+0000] {dag.py:3504} INFO - Setting next_dagrun for tutorial_taskflow_api to None, run_after=None
[2025-08-12T16:30:22.137+0000] {processor.py:179} INFO - Processing /home/vscode/.local/lib/python3.10/site-packages/airflow/example_dags/tutorial_taskflow_api.py took 0.049 seconds
