[2025-08-12T15:36:45.034+0000] {processor.py:157} INFO - Started process (PID=17850) to work on /home/vscode/.local/lib/python3.10/site-packages/airflow/example_dags/tutorial_taskflow_api_virtualenv.py
[2025-08-12T15:36:45.035+0000] {processor.py:826} INFO - Processing file /home/vscode/.local/lib/python3.10/site-packages/airflow/example_dags/tutorial_taskflow_api_virtualenv.py for tasks to queue
[2025-08-12T15:36:45.035+0000] {logging_mixin.py:150} INFO - [2025-08-12T15:36:45.035+0000] {dagbag.py:541} INFO - Filling up the DagBag from /home/vscode/.local/lib/python3.10/site-packages/airflow/example_dags/tutorial_taskflow_api_virtualenv.py
[2025-08-12T15:36:45.043+0000] {processor.py:836} INFO - DAG(s) dict_keys(['tutorial_taskflow_api_virtualenv']) retrieved from /home/vscode/.local/lib/python3.10/site-packages/airflow/example_dags/tutorial_taskflow_api_virtualenv.py
[2025-08-12T15:36:45.142+0000] {logging_mixin.py:150} INFO - [2025-08-12T15:36:45.142+0000] {manager.py:504} INFO - Created Permission View: can edit on DAG:tutorial_taskflow_api_virtualenv
[2025-08-12T15:36:45.151+0000] {logging_mixin.py:150} INFO - [2025-08-12T15:36:45.151+0000] {manager.py:504} INFO - Created Permission View: can read on DAG:tutorial_taskflow_api_virtualenv
[2025-08-12T15:36:45.158+0000] {logging_mixin.py:150} INFO - [2025-08-12T15:36:45.158+0000] {manager.py:504} INFO - Created Permission View: can delete on DAG:tutorial_taskflow_api_virtualenv
[2025-08-12T15:36:45.166+0000] {logging_mixin.py:150} INFO - [2025-08-12T15:36:45.165+0000] {dag.py:2742} INFO - Sync 1 DAGs
[2025-08-12T15:36:45.173+0000] {logging_mixin.py:150} INFO - [2025-08-12T15:36:45.173+0000] {dag.py:2763} INFO - Creating ORM DAG for tutorial_taskflow_api_virtualenv
[2025-08-12T15:36:45.179+0000] {logging_mixin.py:150} INFO - [2025-08-12T15:36:45.179+0000] {dag.py:3504} INFO - Setting next_dagrun for tutorial_taskflow_api_virtualenv to None, run_after=None
[2025-08-12T15:36:45.197+0000] {processor.py:179} INFO - Processing /home/vscode/.local/lib/python3.10/site-packages/airflow/example_dags/tutorial_taskflow_api_virtualenv.py took 0.165 seconds
[2025-08-12T15:37:33.269+0000] {processor.py:157} INFO - Started process (PID=18196) to work on /home/vscode/.local/lib/python3.10/site-packages/airflow/example_dags/tutorial_taskflow_api_virtualenv.py
[2025-08-12T15:37:33.269+0000] {processor.py:826} INFO - Processing file /home/vscode/.local/lib/python3.10/site-packages/airflow/example_dags/tutorial_taskflow_api_virtualenv.py for tasks to queue
[2025-08-12T15:37:33.270+0000] {logging_mixin.py:150} INFO - [2025-08-12T15:37:33.270+0000] {dagbag.py:541} INFO - Filling up the DagBag from /home/vscode/.local/lib/python3.10/site-packages/airflow/example_dags/tutorial_taskflow_api_virtualenv.py
[2025-08-12T15:37:33.275+0000] {processor.py:836} INFO - DAG(s) dict_keys(['tutorial_taskflow_api_virtualenv']) retrieved from /home/vscode/.local/lib/python3.10/site-packages/airflow/example_dags/tutorial_taskflow_api_virtualenv.py
[2025-08-12T15:37:33.286+0000] {logging_mixin.py:150} INFO - [2025-08-12T15:37:33.286+0000] {dag.py:2742} INFO - Sync 1 DAGs
[2025-08-12T15:37:33.300+0000] {logging_mixin.py:150} INFO - [2025-08-12T15:37:33.300+0000] {dag.py:3504} INFO - Setting next_dagrun for tutorial_taskflow_api_virtualenv to None, run_after=None
[2025-08-12T15:37:33.317+0000] {processor.py:179} INFO - Processing /home/vscode/.local/lib/python3.10/site-packages/airflow/example_dags/tutorial_taskflow_api_virtualenv.py took 0.050 seconds
[2025-08-12T15:38:18.500+0000] {processor.py:157} INFO - Started process (PID=18562) to work on /home/vscode/.local/lib/python3.10/site-packages/airflow/example_dags/tutorial_taskflow_api_virtualenv.py
[2025-08-12T15:38:18.501+0000] {processor.py:826} INFO - Processing file /home/vscode/.local/lib/python3.10/site-packages/airflow/example_dags/tutorial_taskflow_api_virtualenv.py for tasks to queue
[2025-08-12T15:38:18.502+0000] {logging_mixin.py:150} INFO - [2025-08-12T15:38:18.501+0000] {dagbag.py:541} INFO - Filling up the DagBag from /home/vscode/.local/lib/python3.10/site-packages/airflow/example_dags/tutorial_taskflow_api_virtualenv.py
[2025-08-12T15:38:18.507+0000] {processor.py:836} INFO - DAG(s) dict_keys(['tutorial_taskflow_api_virtualenv']) retrieved from /home/vscode/.local/lib/python3.10/site-packages/airflow/example_dags/tutorial_taskflow_api_virtualenv.py
[2025-08-12T15:38:18.520+0000] {logging_mixin.py:150} INFO - [2025-08-12T15:38:18.520+0000] {dag.py:2742} INFO - Sync 1 DAGs
[2025-08-12T15:38:18.535+0000] {logging_mixin.py:150} INFO - [2025-08-12T15:38:18.535+0000] {dag.py:3504} INFO - Setting next_dagrun for tutorial_taskflow_api_virtualenv to None, run_after=None
[2025-08-12T15:38:18.551+0000] {processor.py:179} INFO - Processing /home/vscode/.local/lib/python3.10/site-packages/airflow/example_dags/tutorial_taskflow_api_virtualenv.py took 0.053 seconds
[2025-08-12T15:38:53.842+0000] {processor.py:157} INFO - Started process (PID=18807) to work on /home/vscode/.local/lib/python3.10/site-packages/airflow/example_dags/tutorial_taskflow_api_virtualenv.py
[2025-08-12T15:38:53.843+0000] {processor.py:826} INFO - Processing file /home/vscode/.local/lib/python3.10/site-packages/airflow/example_dags/tutorial_taskflow_api_virtualenv.py for tasks to queue
[2025-08-12T15:38:53.843+0000] {logging_mixin.py:150} INFO - [2025-08-12T15:38:53.843+0000] {dagbag.py:541} INFO - Filling up the DagBag from /home/vscode/.local/lib/python3.10/site-packages/airflow/example_dags/tutorial_taskflow_api_virtualenv.py
[2025-08-12T15:38:53.850+0000] {processor.py:836} INFO - DAG(s) dict_keys(['tutorial_taskflow_api_virtualenv']) retrieved from /home/vscode/.local/lib/python3.10/site-packages/airflow/example_dags/tutorial_taskflow_api_virtualenv.py
[2025-08-12T15:38:53.866+0000] {logging_mixin.py:150} INFO - [2025-08-12T15:38:53.866+0000] {dag.py:2742} INFO - Sync 1 DAGs
[2025-08-12T15:38:53.882+0000] {logging_mixin.py:150} INFO - [2025-08-12T15:38:53.882+0000] {dag.py:3504} INFO - Setting next_dagrun for tutorial_taskflow_api_virtualenv to None, run_after=None
[2025-08-12T15:38:53.899+0000] {processor.py:179} INFO - Processing /home/vscode/.local/lib/python3.10/site-packages/airflow/example_dags/tutorial_taskflow_api_virtualenv.py took 0.058 seconds
[2025-08-12T15:39:37.233+0000] {processor.py:157} INFO - Started process (PID=19163) to work on /home/vscode/.local/lib/python3.10/site-packages/airflow/example_dags/tutorial_taskflow_api_virtualenv.py
[2025-08-12T15:39:37.234+0000] {processor.py:826} INFO - Processing file /home/vscode/.local/lib/python3.10/site-packages/airflow/example_dags/tutorial_taskflow_api_virtualenv.py for tasks to queue
[2025-08-12T15:39:37.235+0000] {logging_mixin.py:150} INFO - [2025-08-12T15:39:37.234+0000] {dagbag.py:541} INFO - Filling up the DagBag from /home/vscode/.local/lib/python3.10/site-packages/airflow/example_dags/tutorial_taskflow_api_virtualenv.py
[2025-08-12T15:39:37.242+0000] {processor.py:836} INFO - DAG(s) dict_keys(['tutorial_taskflow_api_virtualenv']) retrieved from /home/vscode/.local/lib/python3.10/site-packages/airflow/example_dags/tutorial_taskflow_api_virtualenv.py
[2025-08-12T15:39:37.260+0000] {logging_mixin.py:150} INFO - [2025-08-12T15:39:37.260+0000] {dag.py:2742} INFO - Sync 1 DAGs
[2025-08-12T15:39:37.286+0000] {logging_mixin.py:150} INFO - [2025-08-12T15:39:37.286+0000] {dag.py:3504} INFO - Setting next_dagrun for tutorial_taskflow_api_virtualenv to None, run_after=None
[2025-08-12T15:39:37.306+0000] {processor.py:179} INFO - Processing /home/vscode/.local/lib/python3.10/site-packages/airflow/example_dags/tutorial_taskflow_api_virtualenv.py took 0.076 seconds
[2025-08-12T15:40:20.071+0000] {processor.py:157} INFO - Started process (PID=19452) to work on /home/vscode/.local/lib/python3.10/site-packages/airflow/example_dags/tutorial_taskflow_api_virtualenv.py
[2025-08-12T15:40:20.071+0000] {processor.py:826} INFO - Processing file /home/vscode/.local/lib/python3.10/site-packages/airflow/example_dags/tutorial_taskflow_api_virtualenv.py for tasks to queue
[2025-08-12T15:40:20.072+0000] {logging_mixin.py:150} INFO - [2025-08-12T15:40:20.072+0000] {dagbag.py:541} INFO - Filling up the DagBag from /home/vscode/.local/lib/python3.10/site-packages/airflow/example_dags/tutorial_taskflow_api_virtualenv.py
[2025-08-12T15:40:20.079+0000] {processor.py:836} INFO - DAG(s) dict_keys(['tutorial_taskflow_api_virtualenv']) retrieved from /home/vscode/.local/lib/python3.10/site-packages/airflow/example_dags/tutorial_taskflow_api_virtualenv.py
[2025-08-12T15:40:20.093+0000] {logging_mixin.py:150} INFO - [2025-08-12T15:40:20.093+0000] {dag.py:2742} INFO - Sync 1 DAGs
[2025-08-12T15:40:20.108+0000] {logging_mixin.py:150} INFO - [2025-08-12T15:40:20.107+0000] {dag.py:3504} INFO - Setting next_dagrun for tutorial_taskflow_api_virtualenv to None, run_after=None
[2025-08-12T15:40:20.123+0000] {processor.py:179} INFO - Processing /home/vscode/.local/lib/python3.10/site-packages/airflow/example_dags/tutorial_taskflow_api_virtualenv.py took 0.054 seconds
[2025-08-12T15:41:04.058+0000] {processor.py:157} INFO - Started process (PID=19744) to work on /home/vscode/.local/lib/python3.10/site-packages/airflow/example_dags/tutorial_taskflow_api_virtualenv.py
[2025-08-12T15:41:04.059+0000] {processor.py:826} INFO - Processing file /home/vscode/.local/lib/python3.10/site-packages/airflow/example_dags/tutorial_taskflow_api_virtualenv.py for tasks to queue
[2025-08-12T15:41:04.060+0000] {logging_mixin.py:150} INFO - [2025-08-12T15:41:04.059+0000] {dagbag.py:541} INFO - Filling up the DagBag from /home/vscode/.local/lib/python3.10/site-packages/airflow/example_dags/tutorial_taskflow_api_virtualenv.py
[2025-08-12T15:41:04.064+0000] {processor.py:836} INFO - DAG(s) dict_keys(['tutorial_taskflow_api_virtualenv']) retrieved from /home/vscode/.local/lib/python3.10/site-packages/airflow/example_dags/tutorial_taskflow_api_virtualenv.py
[2025-08-12T15:41:04.076+0000] {logging_mixin.py:150} INFO - [2025-08-12T15:41:04.076+0000] {dag.py:2742} INFO - Sync 1 DAGs
[2025-08-12T15:41:04.092+0000] {logging_mixin.py:150} INFO - [2025-08-12T15:41:04.092+0000] {dag.py:3504} INFO - Setting next_dagrun for tutorial_taskflow_api_virtualenv to None, run_after=None
[2025-08-12T15:41:04.113+0000] {processor.py:179} INFO - Processing /home/vscode/.local/lib/python3.10/site-packages/airflow/example_dags/tutorial_taskflow_api_virtualenv.py took 0.057 seconds
[2025-08-12T15:41:45.883+0000] {processor.py:157} INFO - Started process (PID=20028) to work on /home/vscode/.local/lib/python3.10/site-packages/airflow/example_dags/tutorial_taskflow_api_virtualenv.py
[2025-08-12T15:41:45.883+0000] {processor.py:826} INFO - Processing file /home/vscode/.local/lib/python3.10/site-packages/airflow/example_dags/tutorial_taskflow_api_virtualenv.py for tasks to queue
[2025-08-12T15:41:45.884+0000] {logging_mixin.py:150} INFO - [2025-08-12T15:41:45.884+0000] {dagbag.py:541} INFO - Filling up the DagBag from /home/vscode/.local/lib/python3.10/site-packages/airflow/example_dags/tutorial_taskflow_api_virtualenv.py
[2025-08-12T15:41:45.889+0000] {processor.py:836} INFO - DAG(s) dict_keys(['tutorial_taskflow_api_virtualenv']) retrieved from /home/vscode/.local/lib/python3.10/site-packages/airflow/example_dags/tutorial_taskflow_api_virtualenv.py
[2025-08-12T15:41:45.900+0000] {logging_mixin.py:150} INFO - [2025-08-12T15:41:45.900+0000] {dag.py:2742} INFO - Sync 1 DAGs
[2025-08-12T15:41:45.914+0000] {logging_mixin.py:150} INFO - [2025-08-12T15:41:45.913+0000] {dag.py:3504} INFO - Setting next_dagrun for tutorial_taskflow_api_virtualenv to None, run_after=None
[2025-08-12T15:41:45.930+0000] {processor.py:179} INFO - Processing /home/vscode/.local/lib/python3.10/site-packages/airflow/example_dags/tutorial_taskflow_api_virtualenv.py took 0.049 seconds
[2025-08-12T15:42:20.048+0000] {processor.py:157} INFO - Started process (PID=20245) to work on /home/vscode/.local/lib/python3.10/site-packages/airflow/example_dags/tutorial_taskflow_api_virtualenv.py
[2025-08-12T15:42:20.048+0000] {processor.py:826} INFO - Processing file /home/vscode/.local/lib/python3.10/site-packages/airflow/example_dags/tutorial_taskflow_api_virtualenv.py for tasks to queue
[2025-08-12T15:42:20.049+0000] {logging_mixin.py:150} INFO - [2025-08-12T15:42:20.049+0000] {dagbag.py:541} INFO - Filling up the DagBag from /home/vscode/.local/lib/python3.10/site-packages/airflow/example_dags/tutorial_taskflow_api_virtualenv.py
[2025-08-12T15:42:20.054+0000] {processor.py:836} INFO - DAG(s) dict_keys(['tutorial_taskflow_api_virtualenv']) retrieved from /home/vscode/.local/lib/python3.10/site-packages/airflow/example_dags/tutorial_taskflow_api_virtualenv.py
[2025-08-12T15:42:20.067+0000] {logging_mixin.py:150} INFO - [2025-08-12T15:42:20.067+0000] {dag.py:2742} INFO - Sync 1 DAGs
[2025-08-12T15:42:20.082+0000] {logging_mixin.py:150} INFO - [2025-08-12T15:42:20.081+0000] {dag.py:3504} INFO - Setting next_dagrun for tutorial_taskflow_api_virtualenv to None, run_after=None
[2025-08-12T15:42:20.098+0000] {processor.py:179} INFO - Processing /home/vscode/.local/lib/python3.10/site-packages/airflow/example_dags/tutorial_taskflow_api_virtualenv.py took 0.053 seconds
[2025-08-12T15:43:00.936+0000] {processor.py:157} INFO - Started process (PID=20525) to work on /home/vscode/.local/lib/python3.10/site-packages/airflow/example_dags/tutorial_taskflow_api_virtualenv.py
[2025-08-12T15:43:00.937+0000] {processor.py:826} INFO - Processing file /home/vscode/.local/lib/python3.10/site-packages/airflow/example_dags/tutorial_taskflow_api_virtualenv.py for tasks to queue
[2025-08-12T15:43:00.937+0000] {logging_mixin.py:150} INFO - [2025-08-12T15:43:00.937+0000] {dagbag.py:541} INFO - Filling up the DagBag from /home/vscode/.local/lib/python3.10/site-packages/airflow/example_dags/tutorial_taskflow_api_virtualenv.py
[2025-08-12T15:43:00.943+0000] {processor.py:836} INFO - DAG(s) dict_keys(['tutorial_taskflow_api_virtualenv']) retrieved from /home/vscode/.local/lib/python3.10/site-packages/airflow/example_dags/tutorial_taskflow_api_virtualenv.py
[2025-08-12T15:43:00.955+0000] {logging_mixin.py:150} INFO - [2025-08-12T15:43:00.954+0000] {dag.py:2742} INFO - Sync 1 DAGs
[2025-08-12T15:43:00.969+0000] {logging_mixin.py:150} INFO - [2025-08-12T15:43:00.969+0000] {dag.py:3504} INFO - Setting next_dagrun for tutorial_taskflow_api_virtualenv to None, run_after=None
[2025-08-12T15:43:00.985+0000] {processor.py:179} INFO - Processing /home/vscode/.local/lib/python3.10/site-packages/airflow/example_dags/tutorial_taskflow_api_virtualenv.py took 0.051 seconds
[2025-08-12T15:43:47.133+0000] {processor.py:157} INFO - Started process (PID=20830) to work on /home/vscode/.local/lib/python3.10/site-packages/airflow/example_dags/tutorial_taskflow_api_virtualenv.py
[2025-08-12T15:43:47.134+0000] {processor.py:826} INFO - Processing file /home/vscode/.local/lib/python3.10/site-packages/airflow/example_dags/tutorial_taskflow_api_virtualenv.py for tasks to queue
[2025-08-12T15:43:47.134+0000] {logging_mixin.py:150} INFO - [2025-08-12T15:43:47.134+0000] {dagbag.py:541} INFO - Filling up the DagBag from /home/vscode/.local/lib/python3.10/site-packages/airflow/example_dags/tutorial_taskflow_api_virtualenv.py
[2025-08-12T15:43:47.139+0000] {processor.py:836} INFO - DAG(s) dict_keys(['tutorial_taskflow_api_virtualenv']) retrieved from /home/vscode/.local/lib/python3.10/site-packages/airflow/example_dags/tutorial_taskflow_api_virtualenv.py
[2025-08-12T15:43:47.151+0000] {logging_mixin.py:150} INFO - [2025-08-12T15:43:47.151+0000] {dag.py:2742} INFO - Sync 1 DAGs
[2025-08-12T15:43:47.165+0000] {logging_mixin.py:150} INFO - [2025-08-12T15:43:47.165+0000] {dag.py:3504} INFO - Setting next_dagrun for tutorial_taskflow_api_virtualenv to None, run_after=None
[2025-08-12T15:43:47.180+0000] {processor.py:179} INFO - Processing /home/vscode/.local/lib/python3.10/site-packages/airflow/example_dags/tutorial_taskflow_api_virtualenv.py took 0.049 seconds
[2025-08-12T15:44:29.853+0000] {processor.py:157} INFO - Started process (PID=21115) to work on /home/vscode/.local/lib/python3.10/site-packages/airflow/example_dags/tutorial_taskflow_api_virtualenv.py
[2025-08-12T15:44:29.853+0000] {processor.py:826} INFO - Processing file /home/vscode/.local/lib/python3.10/site-packages/airflow/example_dags/tutorial_taskflow_api_virtualenv.py for tasks to queue
[2025-08-12T15:44:29.854+0000] {logging_mixin.py:150} INFO - [2025-08-12T15:44:29.854+0000] {dagbag.py:541} INFO - Filling up the DagBag from /home/vscode/.local/lib/python3.10/site-packages/airflow/example_dags/tutorial_taskflow_api_virtualenv.py
[2025-08-12T15:44:29.859+0000] {processor.py:836} INFO - DAG(s) dict_keys(['tutorial_taskflow_api_virtualenv']) retrieved from /home/vscode/.local/lib/python3.10/site-packages/airflow/example_dags/tutorial_taskflow_api_virtualenv.py
[2025-08-12T15:44:29.871+0000] {logging_mixin.py:150} INFO - [2025-08-12T15:44:29.871+0000] {dag.py:2742} INFO - Sync 1 DAGs
[2025-08-12T15:44:29.885+0000] {logging_mixin.py:150} INFO - [2025-08-12T15:44:29.885+0000] {dag.py:3504} INFO - Setting next_dagrun for tutorial_taskflow_api_virtualenv to None, run_after=None
[2025-08-12T15:44:29.901+0000] {processor.py:179} INFO - Processing /home/vscode/.local/lib/python3.10/site-packages/airflow/example_dags/tutorial_taskflow_api_virtualenv.py took 0.050 seconds
[2025-08-12T15:45:10.974+0000] {processor.py:157} INFO - Started process (PID=21391) to work on /home/vscode/.local/lib/python3.10/site-packages/airflow/example_dags/tutorial_taskflow_api_virtualenv.py
[2025-08-12T15:45:10.975+0000] {processor.py:826} INFO - Processing file /home/vscode/.local/lib/python3.10/site-packages/airflow/example_dags/tutorial_taskflow_api_virtualenv.py for tasks to queue
[2025-08-12T15:45:10.975+0000] {logging_mixin.py:150} INFO - [2025-08-12T15:45:10.975+0000] {dagbag.py:541} INFO - Filling up the DagBag from /home/vscode/.local/lib/python3.10/site-packages/airflow/example_dags/tutorial_taskflow_api_virtualenv.py
[2025-08-12T15:45:10.981+0000] {processor.py:836} INFO - DAG(s) dict_keys(['tutorial_taskflow_api_virtualenv']) retrieved from /home/vscode/.local/lib/python3.10/site-packages/airflow/example_dags/tutorial_taskflow_api_virtualenv.py
[2025-08-12T15:45:10.993+0000] {logging_mixin.py:150} INFO - [2025-08-12T15:45:10.993+0000] {dag.py:2742} INFO - Sync 1 DAGs
[2025-08-12T15:45:11.007+0000] {logging_mixin.py:150} INFO - [2025-08-12T15:45:11.007+0000] {dag.py:3504} INFO - Setting next_dagrun for tutorial_taskflow_api_virtualenv to None, run_after=None
[2025-08-12T15:45:11.023+0000] {processor.py:179} INFO - Processing /home/vscode/.local/lib/python3.10/site-packages/airflow/example_dags/tutorial_taskflow_api_virtualenv.py took 0.051 seconds
[2025-08-12T15:45:54.487+0000] {processor.py:157} INFO - Started process (PID=21678) to work on /home/vscode/.local/lib/python3.10/site-packages/airflow/example_dags/tutorial_taskflow_api_virtualenv.py
[2025-08-12T15:45:54.487+0000] {processor.py:826} INFO - Processing file /home/vscode/.local/lib/python3.10/site-packages/airflow/example_dags/tutorial_taskflow_api_virtualenv.py for tasks to queue
[2025-08-12T15:45:54.488+0000] {logging_mixin.py:150} INFO - [2025-08-12T15:45:54.487+0000] {dagbag.py:541} INFO - Filling up the DagBag from /home/vscode/.local/lib/python3.10/site-packages/airflow/example_dags/tutorial_taskflow_api_virtualenv.py
[2025-08-12T15:45:54.493+0000] {processor.py:836} INFO - DAG(s) dict_keys(['tutorial_taskflow_api_virtualenv']) retrieved from /home/vscode/.local/lib/python3.10/site-packages/airflow/example_dags/tutorial_taskflow_api_virtualenv.py
[2025-08-12T15:45:54.504+0000] {logging_mixin.py:150} INFO - [2025-08-12T15:45:54.504+0000] {dag.py:2742} INFO - Sync 1 DAGs
[2025-08-12T15:45:54.519+0000] {logging_mixin.py:150} INFO - [2025-08-12T15:45:54.518+0000] {dag.py:3504} INFO - Setting next_dagrun for tutorial_taskflow_api_virtualenv to None, run_after=None
[2025-08-12T15:45:54.534+0000] {processor.py:179} INFO - Processing /home/vscode/.local/lib/python3.10/site-packages/airflow/example_dags/tutorial_taskflow_api_virtualenv.py took 0.049 seconds
[2025-08-12T15:46:39.520+0000] {processor.py:157} INFO - Started process (PID=21980) to work on /home/vscode/.local/lib/python3.10/site-packages/airflow/example_dags/tutorial_taskflow_api_virtualenv.py
[2025-08-12T15:46:39.521+0000] {processor.py:826} INFO - Processing file /home/vscode/.local/lib/python3.10/site-packages/airflow/example_dags/tutorial_taskflow_api_virtualenv.py for tasks to queue
[2025-08-12T15:46:39.521+0000] {logging_mixin.py:150} INFO - [2025-08-12T15:46:39.521+0000] {dagbag.py:541} INFO - Filling up the DagBag from /home/vscode/.local/lib/python3.10/site-packages/airflow/example_dags/tutorial_taskflow_api_virtualenv.py
[2025-08-12T15:46:39.526+0000] {processor.py:836} INFO - DAG(s) dict_keys(['tutorial_taskflow_api_virtualenv']) retrieved from /home/vscode/.local/lib/python3.10/site-packages/airflow/example_dags/tutorial_taskflow_api_virtualenv.py
[2025-08-12T15:46:39.540+0000] {logging_mixin.py:150} INFO - [2025-08-12T15:46:39.540+0000] {dag.py:2742} INFO - Sync 1 DAGs
[2025-08-12T15:46:39.554+0000] {logging_mixin.py:150} INFO - [2025-08-12T15:46:39.554+0000] {dag.py:3504} INFO - Setting next_dagrun for tutorial_taskflow_api_virtualenv to None, run_after=None
[2025-08-12T15:46:39.569+0000] {processor.py:179} INFO - Processing /home/vscode/.local/lib/python3.10/site-packages/airflow/example_dags/tutorial_taskflow_api_virtualenv.py took 0.051 seconds
[2025-08-12T15:47:21.750+0000] {processor.py:157} INFO - Started process (PID=22262) to work on /home/vscode/.local/lib/python3.10/site-packages/airflow/example_dags/tutorial_taskflow_api_virtualenv.py
[2025-08-12T15:47:21.750+0000] {processor.py:826} INFO - Processing file /home/vscode/.local/lib/python3.10/site-packages/airflow/example_dags/tutorial_taskflow_api_virtualenv.py for tasks to queue
[2025-08-12T15:47:21.751+0000] {logging_mixin.py:150} INFO - [2025-08-12T15:47:21.751+0000] {dagbag.py:541} INFO - Filling up the DagBag from /home/vscode/.local/lib/python3.10/site-packages/airflow/example_dags/tutorial_taskflow_api_virtualenv.py
[2025-08-12T15:47:21.756+0000] {processor.py:836} INFO - DAG(s) dict_keys(['tutorial_taskflow_api_virtualenv']) retrieved from /home/vscode/.local/lib/python3.10/site-packages/airflow/example_dags/tutorial_taskflow_api_virtualenv.py
[2025-08-12T15:47:21.768+0000] {logging_mixin.py:150} INFO - [2025-08-12T15:47:21.768+0000] {dag.py:2742} INFO - Sync 1 DAGs
[2025-08-12T15:47:21.787+0000] {logging_mixin.py:150} INFO - [2025-08-12T15:47:21.787+0000] {dag.py:3504} INFO - Setting next_dagrun for tutorial_taskflow_api_virtualenv to None, run_after=None
[2025-08-12T15:47:21.802+0000] {processor.py:179} INFO - Processing /home/vscode/.local/lib/python3.10/site-packages/airflow/example_dags/tutorial_taskflow_api_virtualenv.py took 0.055 seconds
[2025-08-12T15:48:01.606+0000] {processor.py:157} INFO - Started process (PID=22526) to work on /home/vscode/.local/lib/python3.10/site-packages/airflow/example_dags/tutorial_taskflow_api_virtualenv.py
[2025-08-12T15:48:01.606+0000] {processor.py:826} INFO - Processing file /home/vscode/.local/lib/python3.10/site-packages/airflow/example_dags/tutorial_taskflow_api_virtualenv.py for tasks to queue
[2025-08-12T15:48:01.607+0000] {logging_mixin.py:150} INFO - [2025-08-12T15:48:01.607+0000] {dagbag.py:541} INFO - Filling up the DagBag from /home/vscode/.local/lib/python3.10/site-packages/airflow/example_dags/tutorial_taskflow_api_virtualenv.py
[2025-08-12T15:48:01.612+0000] {processor.py:836} INFO - DAG(s) dict_keys(['tutorial_taskflow_api_virtualenv']) retrieved from /home/vscode/.local/lib/python3.10/site-packages/airflow/example_dags/tutorial_taskflow_api_virtualenv.py
[2025-08-12T15:48:01.624+0000] {logging_mixin.py:150} INFO - [2025-08-12T15:48:01.624+0000] {dag.py:2742} INFO - Sync 1 DAGs
[2025-08-12T15:48:01.638+0000] {logging_mixin.py:150} INFO - [2025-08-12T15:48:01.638+0000] {dag.py:3504} INFO - Setting next_dagrun for tutorial_taskflow_api_virtualenv to None, run_after=None
[2025-08-12T15:48:01.654+0000] {processor.py:179} INFO - Processing /home/vscode/.local/lib/python3.10/site-packages/airflow/example_dags/tutorial_taskflow_api_virtualenv.py took 0.050 seconds
[2025-08-12T15:48:41.588+0000] {processor.py:157} INFO - Started process (PID=22804) to work on /home/vscode/.local/lib/python3.10/site-packages/airflow/example_dags/tutorial_taskflow_api_virtualenv.py
[2025-08-12T15:48:41.589+0000] {processor.py:826} INFO - Processing file /home/vscode/.local/lib/python3.10/site-packages/airflow/example_dags/tutorial_taskflow_api_virtualenv.py for tasks to queue
[2025-08-12T15:48:41.590+0000] {logging_mixin.py:150} INFO - [2025-08-12T15:48:41.589+0000] {dagbag.py:541} INFO - Filling up the DagBag from /home/vscode/.local/lib/python3.10/site-packages/airflow/example_dags/tutorial_taskflow_api_virtualenv.py
[2025-08-12T15:48:41.595+0000] {processor.py:836} INFO - DAG(s) dict_keys(['tutorial_taskflow_api_virtualenv']) retrieved from /home/vscode/.local/lib/python3.10/site-packages/airflow/example_dags/tutorial_taskflow_api_virtualenv.py
[2025-08-12T15:48:41.606+0000] {logging_mixin.py:150} INFO - [2025-08-12T15:48:41.606+0000] {dag.py:2742} INFO - Sync 1 DAGs
[2025-08-12T15:48:41.621+0000] {logging_mixin.py:150} INFO - [2025-08-12T15:48:41.620+0000] {dag.py:3504} INFO - Setting next_dagrun for tutorial_taskflow_api_virtualenv to None, run_after=None
[2025-08-12T15:48:41.636+0000] {processor.py:179} INFO - Processing /home/vscode/.local/lib/python3.10/site-packages/airflow/example_dags/tutorial_taskflow_api_virtualenv.py took 0.049 seconds
[2025-08-12T15:49:23.687+0000] {processor.py:157} INFO - Started process (PID=23100) to work on /home/vscode/.local/lib/python3.10/site-packages/airflow/example_dags/tutorial_taskflow_api_virtualenv.py
[2025-08-12T15:49:23.688+0000] {processor.py:826} INFO - Processing file /home/vscode/.local/lib/python3.10/site-packages/airflow/example_dags/tutorial_taskflow_api_virtualenv.py for tasks to queue
[2025-08-12T15:49:23.689+0000] {logging_mixin.py:150} INFO - [2025-08-12T15:49:23.688+0000] {dagbag.py:541} INFO - Filling up the DagBag from /home/vscode/.local/lib/python3.10/site-packages/airflow/example_dags/tutorial_taskflow_api_virtualenv.py
[2025-08-12T15:49:23.694+0000] {processor.py:836} INFO - DAG(s) dict_keys(['tutorial_taskflow_api_virtualenv']) retrieved from /home/vscode/.local/lib/python3.10/site-packages/airflow/example_dags/tutorial_taskflow_api_virtualenv.py
[2025-08-12T15:49:23.705+0000] {logging_mixin.py:150} INFO - [2025-08-12T15:49:23.705+0000] {dag.py:2742} INFO - Sync 1 DAGs
[2025-08-12T15:49:23.718+0000] {logging_mixin.py:150} INFO - [2025-08-12T15:49:23.718+0000] {dag.py:3504} INFO - Setting next_dagrun for tutorial_taskflow_api_virtualenv to None, run_after=None
[2025-08-12T15:49:23.733+0000] {processor.py:179} INFO - Processing /home/vscode/.local/lib/python3.10/site-packages/airflow/example_dags/tutorial_taskflow_api_virtualenv.py took 0.048 seconds
[2025-08-12T15:50:07.842+0000] {processor.py:157} INFO - Started process (PID=23525) to work on /home/vscode/.local/lib/python3.10/site-packages/airflow/example_dags/tutorial_taskflow_api_virtualenv.py
[2025-08-12T15:50:07.843+0000] {processor.py:826} INFO - Processing file /home/vscode/.local/lib/python3.10/site-packages/airflow/example_dags/tutorial_taskflow_api_virtualenv.py for tasks to queue
[2025-08-12T15:50:07.843+0000] {logging_mixin.py:150} INFO - [2025-08-12T15:50:07.843+0000] {dagbag.py:541} INFO - Filling up the DagBag from /home/vscode/.local/lib/python3.10/site-packages/airflow/example_dags/tutorial_taskflow_api_virtualenv.py
[2025-08-12T15:50:07.848+0000] {processor.py:836} INFO - DAG(s) dict_keys(['tutorial_taskflow_api_virtualenv']) retrieved from /home/vscode/.local/lib/python3.10/site-packages/airflow/example_dags/tutorial_taskflow_api_virtualenv.py
[2025-08-12T15:50:07.860+0000] {logging_mixin.py:150} INFO - [2025-08-12T15:50:07.860+0000] {dag.py:2742} INFO - Sync 1 DAGs
[2025-08-12T15:50:07.874+0000] {logging_mixin.py:150} INFO - [2025-08-12T15:50:07.874+0000] {dag.py:3504} INFO - Setting next_dagrun for tutorial_taskflow_api_virtualenv to None, run_after=None
[2025-08-12T15:50:07.890+0000] {processor.py:179} INFO - Processing /home/vscode/.local/lib/python3.10/site-packages/airflow/example_dags/tutorial_taskflow_api_virtualenv.py took 0.049 seconds
[2025-08-12T15:50:51.062+0000] {processor.py:157} INFO - Started process (PID=23913) to work on /home/vscode/.local/lib/python3.10/site-packages/airflow/example_dags/tutorial_taskflow_api_virtualenv.py
[2025-08-12T15:50:51.063+0000] {processor.py:826} INFO - Processing file /home/vscode/.local/lib/python3.10/site-packages/airflow/example_dags/tutorial_taskflow_api_virtualenv.py for tasks to queue
[2025-08-12T15:50:51.064+0000] {logging_mixin.py:150} INFO - [2025-08-12T15:50:51.063+0000] {dagbag.py:541} INFO - Filling up the DagBag from /home/vscode/.local/lib/python3.10/site-packages/airflow/example_dags/tutorial_taskflow_api_virtualenv.py
[2025-08-12T15:50:51.069+0000] {processor.py:836} INFO - DAG(s) dict_keys(['tutorial_taskflow_api_virtualenv']) retrieved from /home/vscode/.local/lib/python3.10/site-packages/airflow/example_dags/tutorial_taskflow_api_virtualenv.py
[2025-08-12T15:50:51.080+0000] {logging_mixin.py:150} INFO - [2025-08-12T15:50:51.080+0000] {dag.py:2742} INFO - Sync 1 DAGs
[2025-08-12T15:50:51.094+0000] {logging_mixin.py:150} INFO - [2025-08-12T15:50:51.094+0000] {dag.py:3504} INFO - Setting next_dagrun for tutorial_taskflow_api_virtualenv to None, run_after=None
[2025-08-12T15:50:51.109+0000] {processor.py:179} INFO - Processing /home/vscode/.local/lib/python3.10/site-packages/airflow/example_dags/tutorial_taskflow_api_virtualenv.py took 0.049 seconds
[2025-08-12T15:51:36.293+0000] {processor.py:157} INFO - Started process (PID=24214) to work on /home/vscode/.local/lib/python3.10/site-packages/airflow/example_dags/tutorial_taskflow_api_virtualenv.py
[2025-08-12T15:51:36.294+0000] {processor.py:826} INFO - Processing file /home/vscode/.local/lib/python3.10/site-packages/airflow/example_dags/tutorial_taskflow_api_virtualenv.py for tasks to queue
[2025-08-12T15:51:36.295+0000] {logging_mixin.py:150} INFO - [2025-08-12T15:51:36.294+0000] {dagbag.py:541} INFO - Filling up the DagBag from /home/vscode/.local/lib/python3.10/site-packages/airflow/example_dags/tutorial_taskflow_api_virtualenv.py
[2025-08-12T15:51:36.300+0000] {processor.py:836} INFO - DAG(s) dict_keys(['tutorial_taskflow_api_virtualenv']) retrieved from /home/vscode/.local/lib/python3.10/site-packages/airflow/example_dags/tutorial_taskflow_api_virtualenv.py
[2025-08-12T15:51:36.312+0000] {logging_mixin.py:150} INFO - [2025-08-12T15:51:36.312+0000] {dag.py:2742} INFO - Sync 1 DAGs
[2025-08-12T15:51:36.327+0000] {logging_mixin.py:150} INFO - [2025-08-12T15:51:36.327+0000] {dag.py:3504} INFO - Setting next_dagrun for tutorial_taskflow_api_virtualenv to None, run_after=None
[2025-08-12T15:51:36.343+0000] {processor.py:179} INFO - Processing /home/vscode/.local/lib/python3.10/site-packages/airflow/example_dags/tutorial_taskflow_api_virtualenv.py took 0.052 seconds
[2025-08-12T15:52:18.308+0000] {processor.py:157} INFO - Started process (PID=24488) to work on /home/vscode/.local/lib/python3.10/site-packages/airflow/example_dags/tutorial_taskflow_api_virtualenv.py
[2025-08-12T15:52:18.309+0000] {processor.py:826} INFO - Processing file /home/vscode/.local/lib/python3.10/site-packages/airflow/example_dags/tutorial_taskflow_api_virtualenv.py for tasks to queue
[2025-08-12T15:52:18.310+0000] {logging_mixin.py:150} INFO - [2025-08-12T15:52:18.309+0000] {dagbag.py:541} INFO - Filling up the DagBag from /home/vscode/.local/lib/python3.10/site-packages/airflow/example_dags/tutorial_taskflow_api_virtualenv.py
[2025-08-12T15:52:18.315+0000] {processor.py:836} INFO - DAG(s) dict_keys(['tutorial_taskflow_api_virtualenv']) retrieved from /home/vscode/.local/lib/python3.10/site-packages/airflow/example_dags/tutorial_taskflow_api_virtualenv.py
[2025-08-12T15:52:18.326+0000] {logging_mixin.py:150} INFO - [2025-08-12T15:52:18.326+0000] {dag.py:2742} INFO - Sync 1 DAGs
[2025-08-12T15:52:18.340+0000] {logging_mixin.py:150} INFO - [2025-08-12T15:52:18.340+0000] {dag.py:3504} INFO - Setting next_dagrun for tutorial_taskflow_api_virtualenv to None, run_after=None
[2025-08-12T15:52:18.358+0000] {processor.py:179} INFO - Processing /home/vscode/.local/lib/python3.10/site-packages/airflow/example_dags/tutorial_taskflow_api_virtualenv.py took 0.052 seconds
[2025-08-12T15:53:03.543+0000] {processor.py:157} INFO - Started process (PID=24833) to work on /home/vscode/.local/lib/python3.10/site-packages/airflow/example_dags/tutorial_taskflow_api_virtualenv.py
[2025-08-12T15:53:03.544+0000] {processor.py:826} INFO - Processing file /home/vscode/.local/lib/python3.10/site-packages/airflow/example_dags/tutorial_taskflow_api_virtualenv.py for tasks to queue
[2025-08-12T15:53:03.544+0000] {logging_mixin.py:150} INFO - [2025-08-12T15:53:03.544+0000] {dagbag.py:541} INFO - Filling up the DagBag from /home/vscode/.local/lib/python3.10/site-packages/airflow/example_dags/tutorial_taskflow_api_virtualenv.py
[2025-08-12T15:53:03.550+0000] {processor.py:836} INFO - DAG(s) dict_keys(['tutorial_taskflow_api_virtualenv']) retrieved from /home/vscode/.local/lib/python3.10/site-packages/airflow/example_dags/tutorial_taskflow_api_virtualenv.py
[2025-08-12T15:53:03.562+0000] {logging_mixin.py:150} INFO - [2025-08-12T15:53:03.562+0000] {dag.py:2742} INFO - Sync 1 DAGs
[2025-08-12T15:53:03.577+0000] {logging_mixin.py:150} INFO - [2025-08-12T15:53:03.576+0000] {dag.py:3504} INFO - Setting next_dagrun for tutorial_taskflow_api_virtualenv to None, run_after=None
[2025-08-12T15:53:03.593+0000] {processor.py:179} INFO - Processing /home/vscode/.local/lib/python3.10/site-packages/airflow/example_dags/tutorial_taskflow_api_virtualenv.py took 0.052 seconds
[2025-08-12T15:53:45.555+0000] {processor.py:157} INFO - Started process (PID=25158) to work on /home/vscode/.local/lib/python3.10/site-packages/airflow/example_dags/tutorial_taskflow_api_virtualenv.py
[2025-08-12T15:53:45.556+0000] {processor.py:826} INFO - Processing file /home/vscode/.local/lib/python3.10/site-packages/airflow/example_dags/tutorial_taskflow_api_virtualenv.py for tasks to queue
[2025-08-12T15:53:45.556+0000] {logging_mixin.py:150} INFO - [2025-08-12T15:53:45.556+0000] {dagbag.py:541} INFO - Filling up the DagBag from /home/vscode/.local/lib/python3.10/site-packages/airflow/example_dags/tutorial_taskflow_api_virtualenv.py
[2025-08-12T15:53:45.561+0000] {processor.py:836} INFO - DAG(s) dict_keys(['tutorial_taskflow_api_virtualenv']) retrieved from /home/vscode/.local/lib/python3.10/site-packages/airflow/example_dags/tutorial_taskflow_api_virtualenv.py
[2025-08-12T15:53:45.573+0000] {logging_mixin.py:150} INFO - [2025-08-12T15:53:45.573+0000] {dag.py:2742} INFO - Sync 1 DAGs
[2025-08-12T15:53:45.587+0000] {logging_mixin.py:150} INFO - [2025-08-12T15:53:45.587+0000] {dag.py:3504} INFO - Setting next_dagrun for tutorial_taskflow_api_virtualenv to None, run_after=None
[2025-08-12T15:53:45.604+0000] {processor.py:179} INFO - Processing /home/vscode/.local/lib/python3.10/site-packages/airflow/example_dags/tutorial_taskflow_api_virtualenv.py took 0.051 seconds
[2025-08-12T15:54:30.075+0000] {processor.py:157} INFO - Started process (PID=25503) to work on /home/vscode/.local/lib/python3.10/site-packages/airflow/example_dags/tutorial_taskflow_api_virtualenv.py
[2025-08-12T15:54:30.076+0000] {processor.py:826} INFO - Processing file /home/vscode/.local/lib/python3.10/site-packages/airflow/example_dags/tutorial_taskflow_api_virtualenv.py for tasks to queue
[2025-08-12T15:54:30.076+0000] {logging_mixin.py:150} INFO - [2025-08-12T15:54:30.076+0000] {dagbag.py:541} INFO - Filling up the DagBag from /home/vscode/.local/lib/python3.10/site-packages/airflow/example_dags/tutorial_taskflow_api_virtualenv.py
[2025-08-12T15:54:30.081+0000] {processor.py:836} INFO - DAG(s) dict_keys(['tutorial_taskflow_api_virtualenv']) retrieved from /home/vscode/.local/lib/python3.10/site-packages/airflow/example_dags/tutorial_taskflow_api_virtualenv.py
[2025-08-12T15:54:30.094+0000] {logging_mixin.py:150} INFO - [2025-08-12T15:54:30.094+0000] {dag.py:2742} INFO - Sync 1 DAGs
[2025-08-12T15:54:30.108+0000] {logging_mixin.py:150} INFO - [2025-08-12T15:54:30.108+0000] {dag.py:3504} INFO - Setting next_dagrun for tutorial_taskflow_api_virtualenv to None, run_after=None
[2025-08-12T15:54:30.124+0000] {processor.py:179} INFO - Processing /home/vscode/.local/lib/python3.10/site-packages/airflow/example_dags/tutorial_taskflow_api_virtualenv.py took 0.051 seconds
[2025-08-12T15:55:13.201+0000] {processor.py:157} INFO - Started process (PID=25836) to work on /home/vscode/.local/lib/python3.10/site-packages/airflow/example_dags/tutorial_taskflow_api_virtualenv.py
[2025-08-12T15:55:13.202+0000] {processor.py:826} INFO - Processing file /home/vscode/.local/lib/python3.10/site-packages/airflow/example_dags/tutorial_taskflow_api_virtualenv.py for tasks to queue
[2025-08-12T15:55:13.202+0000] {logging_mixin.py:150} INFO - [2025-08-12T15:55:13.202+0000] {dagbag.py:541} INFO - Filling up the DagBag from /home/vscode/.local/lib/python3.10/site-packages/airflow/example_dags/tutorial_taskflow_api_virtualenv.py
[2025-08-12T15:55:13.207+0000] {processor.py:836} INFO - DAG(s) dict_keys(['tutorial_taskflow_api_virtualenv']) retrieved from /home/vscode/.local/lib/python3.10/site-packages/airflow/example_dags/tutorial_taskflow_api_virtualenv.py
[2025-08-12T15:55:13.219+0000] {logging_mixin.py:150} INFO - [2025-08-12T15:55:13.219+0000] {dag.py:2742} INFO - Sync 1 DAGs
[2025-08-12T15:55:13.233+0000] {logging_mixin.py:150} INFO - [2025-08-12T15:55:13.233+0000] {dag.py:3504} INFO - Setting next_dagrun for tutorial_taskflow_api_virtualenv to None, run_after=None
[2025-08-12T15:55:13.248+0000] {processor.py:179} INFO - Processing /home/vscode/.local/lib/python3.10/site-packages/airflow/example_dags/tutorial_taskflow_api_virtualenv.py took 0.049 seconds
[2025-08-12T15:55:57.723+0000] {processor.py:157} INFO - Started process (PID=26168) to work on /home/vscode/.local/lib/python3.10/site-packages/airflow/example_dags/tutorial_taskflow_api_virtualenv.py
[2025-08-12T15:55:57.724+0000] {processor.py:826} INFO - Processing file /home/vscode/.local/lib/python3.10/site-packages/airflow/example_dags/tutorial_taskflow_api_virtualenv.py for tasks to queue
[2025-08-12T15:55:57.724+0000] {logging_mixin.py:150} INFO - [2025-08-12T15:55:57.724+0000] {dagbag.py:541} INFO - Filling up the DagBag from /home/vscode/.local/lib/python3.10/site-packages/airflow/example_dags/tutorial_taskflow_api_virtualenv.py
[2025-08-12T15:55:57.729+0000] {processor.py:836} INFO - DAG(s) dict_keys(['tutorial_taskflow_api_virtualenv']) retrieved from /home/vscode/.local/lib/python3.10/site-packages/airflow/example_dags/tutorial_taskflow_api_virtualenv.py
[2025-08-12T15:55:57.741+0000] {logging_mixin.py:150} INFO - [2025-08-12T15:55:57.741+0000] {dag.py:2742} INFO - Sync 1 DAGs
[2025-08-12T15:55:57.755+0000] {logging_mixin.py:150} INFO - [2025-08-12T15:55:57.755+0000] {dag.py:3504} INFO - Setting next_dagrun for tutorial_taskflow_api_virtualenv to None, run_after=None
[2025-08-12T15:55:57.770+0000] {processor.py:179} INFO - Processing /home/vscode/.local/lib/python3.10/site-packages/airflow/example_dags/tutorial_taskflow_api_virtualenv.py took 0.049 seconds
[2025-08-12T15:56:41.663+0000] {processor.py:157} INFO - Started process (PID=26513) to work on /home/vscode/.local/lib/python3.10/site-packages/airflow/example_dags/tutorial_taskflow_api_virtualenv.py
[2025-08-12T15:56:41.663+0000] {processor.py:826} INFO - Processing file /home/vscode/.local/lib/python3.10/site-packages/airflow/example_dags/tutorial_taskflow_api_virtualenv.py for tasks to queue
[2025-08-12T15:56:41.664+0000] {logging_mixin.py:150} INFO - [2025-08-12T15:56:41.664+0000] {dagbag.py:541} INFO - Filling up the DagBag from /home/vscode/.local/lib/python3.10/site-packages/airflow/example_dags/tutorial_taskflow_api_virtualenv.py
[2025-08-12T15:56:41.669+0000] {processor.py:836} INFO - DAG(s) dict_keys(['tutorial_taskflow_api_virtualenv']) retrieved from /home/vscode/.local/lib/python3.10/site-packages/airflow/example_dags/tutorial_taskflow_api_virtualenv.py
[2025-08-12T15:56:41.686+0000] {logging_mixin.py:150} INFO - [2025-08-12T15:56:41.686+0000] {dag.py:2742} INFO - Sync 1 DAGs
[2025-08-12T15:56:41.700+0000] {logging_mixin.py:150} INFO - [2025-08-12T15:56:41.700+0000] {dag.py:3504} INFO - Setting next_dagrun for tutorial_taskflow_api_virtualenv to None, run_after=None
[2025-08-12T15:56:41.719+0000] {processor.py:179} INFO - Processing /home/vscode/.local/lib/python3.10/site-packages/airflow/example_dags/tutorial_taskflow_api_virtualenv.py took 0.058 seconds
[2025-08-12T15:57:19.761+0000] {processor.py:157} INFO - Started process (PID=26799) to work on /home/vscode/.local/lib/python3.10/site-packages/airflow/example_dags/tutorial_taskflow_api_virtualenv.py
[2025-08-12T15:57:19.761+0000] {processor.py:826} INFO - Processing file /home/vscode/.local/lib/python3.10/site-packages/airflow/example_dags/tutorial_taskflow_api_virtualenv.py for tasks to queue
[2025-08-12T15:57:19.762+0000] {logging_mixin.py:150} INFO - [2025-08-12T15:57:19.762+0000] {dagbag.py:541} INFO - Filling up the DagBag from /home/vscode/.local/lib/python3.10/site-packages/airflow/example_dags/tutorial_taskflow_api_virtualenv.py
[2025-08-12T15:57:19.768+0000] {processor.py:836} INFO - DAG(s) dict_keys(['tutorial_taskflow_api_virtualenv']) retrieved from /home/vscode/.local/lib/python3.10/site-packages/airflow/example_dags/tutorial_taskflow_api_virtualenv.py
[2025-08-12T15:57:19.781+0000] {logging_mixin.py:150} INFO - [2025-08-12T15:57:19.780+0000] {dag.py:2742} INFO - Sync 1 DAGs
[2025-08-12T15:57:19.795+0000] {logging_mixin.py:150} INFO - [2025-08-12T15:57:19.795+0000] {dag.py:3504} INFO - Setting next_dagrun for tutorial_taskflow_api_virtualenv to None, run_after=None
[2025-08-12T15:57:19.810+0000] {processor.py:179} INFO - Processing /home/vscode/.local/lib/python3.10/site-packages/airflow/example_dags/tutorial_taskflow_api_virtualenv.py took 0.052 seconds
[2025-08-12T15:58:05.066+0000] {processor.py:157} INFO - Started process (PID=27127) to work on /home/vscode/.local/lib/python3.10/site-packages/airflow/example_dags/tutorial_taskflow_api_virtualenv.py
[2025-08-12T15:58:05.067+0000] {processor.py:826} INFO - Processing file /home/vscode/.local/lib/python3.10/site-packages/airflow/example_dags/tutorial_taskflow_api_virtualenv.py for tasks to queue
[2025-08-12T15:58:05.067+0000] {logging_mixin.py:150} INFO - [2025-08-12T15:58:05.067+0000] {dagbag.py:541} INFO - Filling up the DagBag from /home/vscode/.local/lib/python3.10/site-packages/airflow/example_dags/tutorial_taskflow_api_virtualenv.py
[2025-08-12T15:58:05.072+0000] {processor.py:836} INFO - DAG(s) dict_keys(['tutorial_taskflow_api_virtualenv']) retrieved from /home/vscode/.local/lib/python3.10/site-packages/airflow/example_dags/tutorial_taskflow_api_virtualenv.py
[2025-08-12T15:58:05.084+0000] {logging_mixin.py:150} INFO - [2025-08-12T15:58:05.084+0000] {dag.py:2742} INFO - Sync 1 DAGs
[2025-08-12T15:58:05.099+0000] {logging_mixin.py:150} INFO - [2025-08-12T15:58:05.099+0000] {dag.py:3504} INFO - Setting next_dagrun for tutorial_taskflow_api_virtualenv to None, run_after=None
[2025-08-12T15:58:05.114+0000] {processor.py:179} INFO - Processing /home/vscode/.local/lib/python3.10/site-packages/airflow/example_dags/tutorial_taskflow_api_virtualenv.py took 0.050 seconds
[2025-08-12T15:58:50.362+0000] {processor.py:157} INFO - Started process (PID=27428) to work on /home/vscode/.local/lib/python3.10/site-packages/airflow/example_dags/tutorial_taskflow_api_virtualenv.py
[2025-08-12T15:58:50.362+0000] {processor.py:826} INFO - Processing file /home/vscode/.local/lib/python3.10/site-packages/airflow/example_dags/tutorial_taskflow_api_virtualenv.py for tasks to queue
[2025-08-12T15:58:50.363+0000] {logging_mixin.py:150} INFO - [2025-08-12T15:58:50.363+0000] {dagbag.py:541} INFO - Filling up the DagBag from /home/vscode/.local/lib/python3.10/site-packages/airflow/example_dags/tutorial_taskflow_api_virtualenv.py
[2025-08-12T15:58:50.368+0000] {processor.py:836} INFO - DAG(s) dict_keys(['tutorial_taskflow_api_virtualenv']) retrieved from /home/vscode/.local/lib/python3.10/site-packages/airflow/example_dags/tutorial_taskflow_api_virtualenv.py
[2025-08-12T15:58:50.380+0000] {logging_mixin.py:150} INFO - [2025-08-12T15:58:50.380+0000] {dag.py:2742} INFO - Sync 1 DAGs
[2025-08-12T15:58:50.395+0000] {logging_mixin.py:150} INFO - [2025-08-12T15:58:50.394+0000] {dag.py:3504} INFO - Setting next_dagrun for tutorial_taskflow_api_virtualenv to None, run_after=None
[2025-08-12T15:58:50.411+0000] {processor.py:179} INFO - Processing /home/vscode/.local/lib/python3.10/site-packages/airflow/example_dags/tutorial_taskflow_api_virtualenv.py took 0.052 seconds
[2025-08-12T15:59:31.466+0000] {processor.py:157} INFO - Started process (PID=27699) to work on /home/vscode/.local/lib/python3.10/site-packages/airflow/example_dags/tutorial_taskflow_api_virtualenv.py
[2025-08-12T15:59:31.467+0000] {processor.py:826} INFO - Processing file /home/vscode/.local/lib/python3.10/site-packages/airflow/example_dags/tutorial_taskflow_api_virtualenv.py for tasks to queue
[2025-08-12T15:59:31.467+0000] {logging_mixin.py:150} INFO - [2025-08-12T15:59:31.467+0000] {dagbag.py:541} INFO - Filling up the DagBag from /home/vscode/.local/lib/python3.10/site-packages/airflow/example_dags/tutorial_taskflow_api_virtualenv.py
[2025-08-12T15:59:31.472+0000] {processor.py:836} INFO - DAG(s) dict_keys(['tutorial_taskflow_api_virtualenv']) retrieved from /home/vscode/.local/lib/python3.10/site-packages/airflow/example_dags/tutorial_taskflow_api_virtualenv.py
[2025-08-12T15:59:31.484+0000] {logging_mixin.py:150} INFO - [2025-08-12T15:59:31.484+0000] {dag.py:2742} INFO - Sync 1 DAGs
[2025-08-12T15:59:31.498+0000] {logging_mixin.py:150} INFO - [2025-08-12T15:59:31.498+0000] {dag.py:3504} INFO - Setting next_dagrun for tutorial_taskflow_api_virtualenv to None, run_after=None
[2025-08-12T15:59:31.519+0000] {processor.py:179} INFO - Processing /home/vscode/.local/lib/python3.10/site-packages/airflow/example_dags/tutorial_taskflow_api_virtualenv.py took 0.055 seconds
[2025-08-12T16:00:11.442+0000] {processor.py:157} INFO - Started process (PID=27967) to work on /home/vscode/.local/lib/python3.10/site-packages/airflow/example_dags/tutorial_taskflow_api_virtualenv.py
[2025-08-12T16:00:11.443+0000] {processor.py:826} INFO - Processing file /home/vscode/.local/lib/python3.10/site-packages/airflow/example_dags/tutorial_taskflow_api_virtualenv.py for tasks to queue
[2025-08-12T16:00:11.443+0000] {logging_mixin.py:150} INFO - [2025-08-12T16:00:11.443+0000] {dagbag.py:541} INFO - Filling up the DagBag from /home/vscode/.local/lib/python3.10/site-packages/airflow/example_dags/tutorial_taskflow_api_virtualenv.py
[2025-08-12T16:00:11.448+0000] {processor.py:836} INFO - DAG(s) dict_keys(['tutorial_taskflow_api_virtualenv']) retrieved from /home/vscode/.local/lib/python3.10/site-packages/airflow/example_dags/tutorial_taskflow_api_virtualenv.py
[2025-08-12T16:00:11.461+0000] {logging_mixin.py:150} INFO - [2025-08-12T16:00:11.461+0000] {dag.py:2742} INFO - Sync 1 DAGs
[2025-08-12T16:00:11.476+0000] {logging_mixin.py:150} INFO - [2025-08-12T16:00:11.475+0000] {dag.py:3504} INFO - Setting next_dagrun for tutorial_taskflow_api_virtualenv to None, run_after=None
[2025-08-12T16:00:11.493+0000] {processor.py:179} INFO - Processing /home/vscode/.local/lib/python3.10/site-packages/airflow/example_dags/tutorial_taskflow_api_virtualenv.py took 0.053 seconds
[2025-08-12T16:00:55.931+0000] {processor.py:157} INFO - Started process (PID=28386) to work on /home/vscode/.local/lib/python3.10/site-packages/airflow/example_dags/tutorial_taskflow_api_virtualenv.py
[2025-08-12T16:00:55.931+0000] {processor.py:826} INFO - Processing file /home/vscode/.local/lib/python3.10/site-packages/airflow/example_dags/tutorial_taskflow_api_virtualenv.py for tasks to queue
[2025-08-12T16:00:55.932+0000] {logging_mixin.py:150} INFO - [2025-08-12T16:00:55.931+0000] {dagbag.py:541} INFO - Filling up the DagBag from /home/vscode/.local/lib/python3.10/site-packages/airflow/example_dags/tutorial_taskflow_api_virtualenv.py
[2025-08-12T16:00:55.937+0000] {processor.py:836} INFO - DAG(s) dict_keys(['tutorial_taskflow_api_virtualenv']) retrieved from /home/vscode/.local/lib/python3.10/site-packages/airflow/example_dags/tutorial_taskflow_api_virtualenv.py
[2025-08-12T16:00:55.949+0000] {logging_mixin.py:150} INFO - [2025-08-12T16:00:55.949+0000] {dag.py:2742} INFO - Sync 1 DAGs
[2025-08-12T16:00:55.964+0000] {logging_mixin.py:150} INFO - [2025-08-12T16:00:55.964+0000] {dag.py:3504} INFO - Setting next_dagrun for tutorial_taskflow_api_virtualenv to None, run_after=None
[2025-08-12T16:00:55.980+0000] {processor.py:179} INFO - Processing /home/vscode/.local/lib/python3.10/site-packages/airflow/example_dags/tutorial_taskflow_api_virtualenv.py took 0.052 seconds
[2025-08-12T16:01:41.861+0000] {processor.py:157} INFO - Started process (PID=28727) to work on /home/vscode/.local/lib/python3.10/site-packages/airflow/example_dags/tutorial_taskflow_api_virtualenv.py
[2025-08-12T16:01:41.862+0000] {processor.py:826} INFO - Processing file /home/vscode/.local/lib/python3.10/site-packages/airflow/example_dags/tutorial_taskflow_api_virtualenv.py for tasks to queue
[2025-08-12T16:01:41.863+0000] {logging_mixin.py:150} INFO - [2025-08-12T16:01:41.862+0000] {dagbag.py:541} INFO - Filling up the DagBag from /home/vscode/.local/lib/python3.10/site-packages/airflow/example_dags/tutorial_taskflow_api_virtualenv.py
[2025-08-12T16:01:41.867+0000] {processor.py:836} INFO - DAG(s) dict_keys(['tutorial_taskflow_api_virtualenv']) retrieved from /home/vscode/.local/lib/python3.10/site-packages/airflow/example_dags/tutorial_taskflow_api_virtualenv.py
[2025-08-12T16:01:41.879+0000] {logging_mixin.py:150} INFO - [2025-08-12T16:01:41.879+0000] {dag.py:2742} INFO - Sync 1 DAGs
[2025-08-12T16:01:41.893+0000] {logging_mixin.py:150} INFO - [2025-08-12T16:01:41.893+0000] {dag.py:3504} INFO - Setting next_dagrun for tutorial_taskflow_api_virtualenv to None, run_after=None
[2025-08-12T16:01:41.908+0000] {processor.py:179} INFO - Processing /home/vscode/.local/lib/python3.10/site-packages/airflow/example_dags/tutorial_taskflow_api_virtualenv.py took 0.049 seconds
[2025-08-12T16:02:26.050+0000] {processor.py:157} INFO - Started process (PID=29032) to work on /home/vscode/.local/lib/python3.10/site-packages/airflow/example_dags/tutorial_taskflow_api_virtualenv.py
[2025-08-12T16:02:26.051+0000] {processor.py:826} INFO - Processing file /home/vscode/.local/lib/python3.10/site-packages/airflow/example_dags/tutorial_taskflow_api_virtualenv.py for tasks to queue
[2025-08-12T16:02:26.051+0000] {logging_mixin.py:150} INFO - [2025-08-12T16:02:26.051+0000] {dagbag.py:541} INFO - Filling up the DagBag from /home/vscode/.local/lib/python3.10/site-packages/airflow/example_dags/tutorial_taskflow_api_virtualenv.py
[2025-08-12T16:02:26.056+0000] {processor.py:836} INFO - DAG(s) dict_keys(['tutorial_taskflow_api_virtualenv']) retrieved from /home/vscode/.local/lib/python3.10/site-packages/airflow/example_dags/tutorial_taskflow_api_virtualenv.py
[2025-08-12T16:02:26.069+0000] {logging_mixin.py:150} INFO - [2025-08-12T16:02:26.069+0000] {dag.py:2742} INFO - Sync 1 DAGs
[2025-08-12T16:02:26.083+0000] {logging_mixin.py:150} INFO - [2025-08-12T16:02:26.083+0000] {dag.py:3504} INFO - Setting next_dagrun for tutorial_taskflow_api_virtualenv to None, run_after=None
[2025-08-12T16:02:26.098+0000] {processor.py:179} INFO - Processing /home/vscode/.local/lib/python3.10/site-packages/airflow/example_dags/tutorial_taskflow_api_virtualenv.py took 0.050 seconds
[2025-08-12T16:03:04.246+0000] {processor.py:157} INFO - Started process (PID=29288) to work on /home/vscode/.local/lib/python3.10/site-packages/airflow/example_dags/tutorial_taskflow_api_virtualenv.py
[2025-08-12T16:03:04.247+0000] {processor.py:826} INFO - Processing file /home/vscode/.local/lib/python3.10/site-packages/airflow/example_dags/tutorial_taskflow_api_virtualenv.py for tasks to queue
[2025-08-12T16:03:04.247+0000] {logging_mixin.py:150} INFO - [2025-08-12T16:03:04.247+0000] {dagbag.py:541} INFO - Filling up the DagBag from /home/vscode/.local/lib/python3.10/site-packages/airflow/example_dags/tutorial_taskflow_api_virtualenv.py
[2025-08-12T16:03:04.253+0000] {processor.py:836} INFO - DAG(s) dict_keys(['tutorial_taskflow_api_virtualenv']) retrieved from /home/vscode/.local/lib/python3.10/site-packages/airflow/example_dags/tutorial_taskflow_api_virtualenv.py
[2025-08-12T16:03:04.266+0000] {logging_mixin.py:150} INFO - [2025-08-12T16:03:04.266+0000] {dag.py:2742} INFO - Sync 1 DAGs
[2025-08-12T16:03:04.280+0000] {logging_mixin.py:150} INFO - [2025-08-12T16:03:04.280+0000] {dag.py:3504} INFO - Setting next_dagrun for tutorial_taskflow_api_virtualenv to None, run_after=None
[2025-08-12T16:03:04.296+0000] {processor.py:179} INFO - Processing /home/vscode/.local/lib/python3.10/site-packages/airflow/example_dags/tutorial_taskflow_api_virtualenv.py took 0.052 seconds
[2025-08-12T16:03:48.306+0000] {processor.py:157} INFO - Started process (PID=29582) to work on /home/vscode/.local/lib/python3.10/site-packages/airflow/example_dags/tutorial_taskflow_api_virtualenv.py
[2025-08-12T16:03:48.307+0000] {processor.py:826} INFO - Processing file /home/vscode/.local/lib/python3.10/site-packages/airflow/example_dags/tutorial_taskflow_api_virtualenv.py for tasks to queue
[2025-08-12T16:03:48.307+0000] {logging_mixin.py:150} INFO - [2025-08-12T16:03:48.307+0000] {dagbag.py:541} INFO - Filling up the DagBag from /home/vscode/.local/lib/python3.10/site-packages/airflow/example_dags/tutorial_taskflow_api_virtualenv.py
[2025-08-12T16:03:48.312+0000] {processor.py:836} INFO - DAG(s) dict_keys(['tutorial_taskflow_api_virtualenv']) retrieved from /home/vscode/.local/lib/python3.10/site-packages/airflow/example_dags/tutorial_taskflow_api_virtualenv.py
[2025-08-12T16:03:48.324+0000] {logging_mixin.py:150} INFO - [2025-08-12T16:03:48.324+0000] {dag.py:2742} INFO - Sync 1 DAGs
[2025-08-12T16:03:48.338+0000] {logging_mixin.py:150} INFO - [2025-08-12T16:03:48.338+0000] {dag.py:3504} INFO - Setting next_dagrun for tutorial_taskflow_api_virtualenv to None, run_after=None
[2025-08-12T16:03:48.353+0000] {processor.py:179} INFO - Processing /home/vscode/.local/lib/python3.10/site-packages/airflow/example_dags/tutorial_taskflow_api_virtualenv.py took 0.049 seconds
[2025-08-12T16:04:37.417+0000] {processor.py:157} INFO - Started process (PID=29908) to work on /home/vscode/.local/lib/python3.10/site-packages/airflow/example_dags/tutorial_taskflow_api_virtualenv.py
[2025-08-12T16:04:37.417+0000] {processor.py:826} INFO - Processing file /home/vscode/.local/lib/python3.10/site-packages/airflow/example_dags/tutorial_taskflow_api_virtualenv.py for tasks to queue
[2025-08-12T16:04:37.418+0000] {logging_mixin.py:150} INFO - [2025-08-12T16:04:37.418+0000] {dagbag.py:541} INFO - Filling up the DagBag from /home/vscode/.local/lib/python3.10/site-packages/airflow/example_dags/tutorial_taskflow_api_virtualenv.py
[2025-08-12T16:04:37.423+0000] {processor.py:836} INFO - DAG(s) dict_keys(['tutorial_taskflow_api_virtualenv']) retrieved from /home/vscode/.local/lib/python3.10/site-packages/airflow/example_dags/tutorial_taskflow_api_virtualenv.py
[2025-08-12T16:04:37.435+0000] {logging_mixin.py:150} INFO - [2025-08-12T16:04:37.435+0000] {dag.py:2742} INFO - Sync 1 DAGs
[2025-08-12T16:04:37.449+0000] {logging_mixin.py:150} INFO - [2025-08-12T16:04:37.449+0000] {dag.py:3504} INFO - Setting next_dagrun for tutorial_taskflow_api_virtualenv to None, run_after=None
[2025-08-12T16:04:37.465+0000] {processor.py:179} INFO - Processing /home/vscode/.local/lib/python3.10/site-packages/airflow/example_dags/tutorial_taskflow_api_virtualenv.py took 0.050 seconds
[2025-08-12T16:05:20.918+0000] {processor.py:157} INFO - Started process (PID=30195) to work on /home/vscode/.local/lib/python3.10/site-packages/airflow/example_dags/tutorial_taskflow_api_virtualenv.py
[2025-08-12T16:05:20.919+0000] {processor.py:826} INFO - Processing file /home/vscode/.local/lib/python3.10/site-packages/airflow/example_dags/tutorial_taskflow_api_virtualenv.py for tasks to queue
[2025-08-12T16:05:20.919+0000] {logging_mixin.py:150} INFO - [2025-08-12T16:05:20.919+0000] {dagbag.py:541} INFO - Filling up the DagBag from /home/vscode/.local/lib/python3.10/site-packages/airflow/example_dags/tutorial_taskflow_api_virtualenv.py
[2025-08-12T16:05:20.925+0000] {processor.py:836} INFO - DAG(s) dict_keys(['tutorial_taskflow_api_virtualenv']) retrieved from /home/vscode/.local/lib/python3.10/site-packages/airflow/example_dags/tutorial_taskflow_api_virtualenv.py
[2025-08-12T16:05:20.937+0000] {logging_mixin.py:150} INFO - [2025-08-12T16:05:20.937+0000] {dag.py:2742} INFO - Sync 1 DAGs
[2025-08-12T16:05:20.952+0000] {logging_mixin.py:150} INFO - [2025-08-12T16:05:20.951+0000] {dag.py:3504} INFO - Setting next_dagrun for tutorial_taskflow_api_virtualenv to None, run_after=None
[2025-08-12T16:05:20.967+0000] {processor.py:179} INFO - Processing /home/vscode/.local/lib/python3.10/site-packages/airflow/example_dags/tutorial_taskflow_api_virtualenv.py took 0.051 seconds
[2025-08-12T16:06:04.811+0000] {processor.py:157} INFO - Started process (PID=30495) to work on /home/vscode/.local/lib/python3.10/site-packages/airflow/example_dags/tutorial_taskflow_api_virtualenv.py
[2025-08-12T16:06:04.811+0000] {processor.py:826} INFO - Processing file /home/vscode/.local/lib/python3.10/site-packages/airflow/example_dags/tutorial_taskflow_api_virtualenv.py for tasks to queue
[2025-08-12T16:06:04.812+0000] {logging_mixin.py:150} INFO - [2025-08-12T16:06:04.812+0000] {dagbag.py:541} INFO - Filling up the DagBag from /home/vscode/.local/lib/python3.10/site-packages/airflow/example_dags/tutorial_taskflow_api_virtualenv.py
[2025-08-12T16:06:04.817+0000] {processor.py:836} INFO - DAG(s) dict_keys(['tutorial_taskflow_api_virtualenv']) retrieved from /home/vscode/.local/lib/python3.10/site-packages/airflow/example_dags/tutorial_taskflow_api_virtualenv.py
[2025-08-12T16:06:04.828+0000] {logging_mixin.py:150} INFO - [2025-08-12T16:06:04.828+0000] {dag.py:2742} INFO - Sync 1 DAGs
[2025-08-12T16:06:04.842+0000] {logging_mixin.py:150} INFO - [2025-08-12T16:06:04.842+0000] {dag.py:3504} INFO - Setting next_dagrun for tutorial_taskflow_api_virtualenv to None, run_after=None
[2025-08-12T16:06:04.858+0000] {processor.py:179} INFO - Processing /home/vscode/.local/lib/python3.10/site-packages/airflow/example_dags/tutorial_taskflow_api_virtualenv.py took 0.049 seconds
[2025-08-12T16:06:38.020+0000] {processor.py:157} INFO - Started process (PID=30711) to work on /home/vscode/.local/lib/python3.10/site-packages/airflow/example_dags/tutorial_taskflow_api_virtualenv.py
[2025-08-12T16:06:38.021+0000] {processor.py:826} INFO - Processing file /home/vscode/.local/lib/python3.10/site-packages/airflow/example_dags/tutorial_taskflow_api_virtualenv.py for tasks to queue
[2025-08-12T16:06:38.022+0000] {logging_mixin.py:150} INFO - [2025-08-12T16:06:38.022+0000] {dagbag.py:541} INFO - Filling up the DagBag from /home/vscode/.local/lib/python3.10/site-packages/airflow/example_dags/tutorial_taskflow_api_virtualenv.py
[2025-08-12T16:06:38.030+0000] {processor.py:836} INFO - DAG(s) dict_keys(['tutorial_taskflow_api_virtualenv']) retrieved from /home/vscode/.local/lib/python3.10/site-packages/airflow/example_dags/tutorial_taskflow_api_virtualenv.py
[2025-08-12T16:06:38.042+0000] {logging_mixin.py:150} INFO - [2025-08-12T16:06:38.042+0000] {dag.py:2742} INFO - Sync 1 DAGs
[2025-08-12T16:06:38.056+0000] {logging_mixin.py:150} INFO - [2025-08-12T16:06:38.056+0000] {dag.py:3504} INFO - Setting next_dagrun for tutorial_taskflow_api_virtualenv to None, run_after=None
[2025-08-12T16:06:38.071+0000] {processor.py:179} INFO - Processing /home/vscode/.local/lib/python3.10/site-packages/airflow/example_dags/tutorial_taskflow_api_virtualenv.py took 0.054 seconds
[2025-08-12T16:07:19.974+0000] {processor.py:157} INFO - Started process (PID=30996) to work on /home/vscode/.local/lib/python3.10/site-packages/airflow/example_dags/tutorial_taskflow_api_virtualenv.py
[2025-08-12T16:07:19.974+0000] {processor.py:826} INFO - Processing file /home/vscode/.local/lib/python3.10/site-packages/airflow/example_dags/tutorial_taskflow_api_virtualenv.py for tasks to queue
[2025-08-12T16:07:19.975+0000] {logging_mixin.py:150} INFO - [2025-08-12T16:07:19.975+0000] {dagbag.py:541} INFO - Filling up the DagBag from /home/vscode/.local/lib/python3.10/site-packages/airflow/example_dags/tutorial_taskflow_api_virtualenv.py
[2025-08-12T16:07:19.980+0000] {processor.py:836} INFO - DAG(s) dict_keys(['tutorial_taskflow_api_virtualenv']) retrieved from /home/vscode/.local/lib/python3.10/site-packages/airflow/example_dags/tutorial_taskflow_api_virtualenv.py
[2025-08-12T16:07:19.992+0000] {logging_mixin.py:150} INFO - [2025-08-12T16:07:19.992+0000] {dag.py:2742} INFO - Sync 1 DAGs
[2025-08-12T16:07:20.007+0000] {logging_mixin.py:150} INFO - [2025-08-12T16:07:20.007+0000] {dag.py:3504} INFO - Setting next_dagrun for tutorial_taskflow_api_virtualenv to None, run_after=None
[2025-08-12T16:07:20.022+0000] {processor.py:179} INFO - Processing /home/vscode/.local/lib/python3.10/site-packages/airflow/example_dags/tutorial_taskflow_api_virtualenv.py took 0.051 seconds
[2025-08-12T16:08:02.953+0000] {processor.py:157} INFO - Started process (PID=31275) to work on /home/vscode/.local/lib/python3.10/site-packages/airflow/example_dags/tutorial_taskflow_api_virtualenv.py
[2025-08-12T16:08:02.956+0000] {processor.py:826} INFO - Processing file /home/vscode/.local/lib/python3.10/site-packages/airflow/example_dags/tutorial_taskflow_api_virtualenv.py for tasks to queue
[2025-08-12T16:08:02.957+0000] {logging_mixin.py:150} INFO - [2025-08-12T16:08:02.956+0000] {dagbag.py:541} INFO - Filling up the DagBag from /home/vscode/.local/lib/python3.10/site-packages/airflow/example_dags/tutorial_taskflow_api_virtualenv.py
[2025-08-12T16:08:02.964+0000] {processor.py:836} INFO - DAG(s) dict_keys(['tutorial_taskflow_api_virtualenv']) retrieved from /home/vscode/.local/lib/python3.10/site-packages/airflow/example_dags/tutorial_taskflow_api_virtualenv.py
[2025-08-12T16:08:02.983+0000] {logging_mixin.py:150} INFO - [2025-08-12T16:08:02.983+0000] {dag.py:2742} INFO - Sync 1 DAGs
[2025-08-12T16:08:03.004+0000] {logging_mixin.py:150} INFO - [2025-08-12T16:08:03.004+0000] {dag.py:3504} INFO - Setting next_dagrun for tutorial_taskflow_api_virtualenv to None, run_after=None
[2025-08-12T16:08:03.033+0000] {processor.py:179} INFO - Processing /home/vscode/.local/lib/python3.10/site-packages/airflow/example_dags/tutorial_taskflow_api_virtualenv.py took 0.082 seconds
[2025-08-12T16:08:42.216+0000] {processor.py:157} INFO - Started process (PID=31542) to work on /home/vscode/.local/lib/python3.10/site-packages/airflow/example_dags/tutorial_taskflow_api_virtualenv.py
[2025-08-12T16:08:42.216+0000] {processor.py:826} INFO - Processing file /home/vscode/.local/lib/python3.10/site-packages/airflow/example_dags/tutorial_taskflow_api_virtualenv.py for tasks to queue
[2025-08-12T16:08:42.217+0000] {logging_mixin.py:150} INFO - [2025-08-12T16:08:42.217+0000] {dagbag.py:541} INFO - Filling up the DagBag from /home/vscode/.local/lib/python3.10/site-packages/airflow/example_dags/tutorial_taskflow_api_virtualenv.py
[2025-08-12T16:08:42.222+0000] {processor.py:836} INFO - DAG(s) dict_keys(['tutorial_taskflow_api_virtualenv']) retrieved from /home/vscode/.local/lib/python3.10/site-packages/airflow/example_dags/tutorial_taskflow_api_virtualenv.py
[2025-08-12T16:08:42.234+0000] {logging_mixin.py:150} INFO - [2025-08-12T16:08:42.234+0000] {dag.py:2742} INFO - Sync 1 DAGs
[2025-08-12T16:08:42.250+0000] {logging_mixin.py:150} INFO - [2025-08-12T16:08:42.250+0000] {dag.py:3504} INFO - Setting next_dagrun for tutorial_taskflow_api_virtualenv to None, run_after=None
[2025-08-12T16:08:42.266+0000] {processor.py:179} INFO - Processing /home/vscode/.local/lib/python3.10/site-packages/airflow/example_dags/tutorial_taskflow_api_virtualenv.py took 0.052 seconds
[2025-08-12T16:09:28.575+0000] {processor.py:157} INFO - Started process (PID=31845) to work on /home/vscode/.local/lib/python3.10/site-packages/airflow/example_dags/tutorial_taskflow_api_virtualenv.py
[2025-08-12T16:09:28.576+0000] {processor.py:826} INFO - Processing file /home/vscode/.local/lib/python3.10/site-packages/airflow/example_dags/tutorial_taskflow_api_virtualenv.py for tasks to queue
[2025-08-12T16:09:28.576+0000] {logging_mixin.py:150} INFO - [2025-08-12T16:09:28.576+0000] {dagbag.py:541} INFO - Filling up the DagBag from /home/vscode/.local/lib/python3.10/site-packages/airflow/example_dags/tutorial_taskflow_api_virtualenv.py
[2025-08-12T16:09:28.581+0000] {processor.py:836} INFO - DAG(s) dict_keys(['tutorial_taskflow_api_virtualenv']) retrieved from /home/vscode/.local/lib/python3.10/site-packages/airflow/example_dags/tutorial_taskflow_api_virtualenv.py
[2025-08-12T16:09:28.593+0000] {logging_mixin.py:150} INFO - [2025-08-12T16:09:28.593+0000] {dag.py:2742} INFO - Sync 1 DAGs
[2025-08-12T16:09:28.608+0000] {logging_mixin.py:150} INFO - [2025-08-12T16:09:28.607+0000] {dag.py:3504} INFO - Setting next_dagrun for tutorial_taskflow_api_virtualenv to None, run_after=None
[2025-08-12T16:09:28.623+0000] {processor.py:179} INFO - Processing /home/vscode/.local/lib/python3.10/site-packages/airflow/example_dags/tutorial_taskflow_api_virtualenv.py took 0.050 seconds
[2025-08-12T16:10:14.560+0000] {processor.py:157} INFO - Started process (PID=32154) to work on /home/vscode/.local/lib/python3.10/site-packages/airflow/example_dags/tutorial_taskflow_api_virtualenv.py
[2025-08-12T16:10:14.560+0000] {processor.py:826} INFO - Processing file /home/vscode/.local/lib/python3.10/site-packages/airflow/example_dags/tutorial_taskflow_api_virtualenv.py for tasks to queue
[2025-08-12T16:10:14.561+0000] {logging_mixin.py:150} INFO - [2025-08-12T16:10:14.560+0000] {dagbag.py:541} INFO - Filling up the DagBag from /home/vscode/.local/lib/python3.10/site-packages/airflow/example_dags/tutorial_taskflow_api_virtualenv.py
[2025-08-12T16:10:14.566+0000] {processor.py:836} INFO - DAG(s) dict_keys(['tutorial_taskflow_api_virtualenv']) retrieved from /home/vscode/.local/lib/python3.10/site-packages/airflow/example_dags/tutorial_taskflow_api_virtualenv.py
[2025-08-12T16:10:14.577+0000] {logging_mixin.py:150} INFO - [2025-08-12T16:10:14.577+0000] {dag.py:2742} INFO - Sync 1 DAGs
[2025-08-12T16:10:14.592+0000] {logging_mixin.py:150} INFO - [2025-08-12T16:10:14.592+0000] {dag.py:3504} INFO - Setting next_dagrun for tutorial_taskflow_api_virtualenv to None, run_after=None
[2025-08-12T16:10:14.607+0000] {processor.py:179} INFO - Processing /home/vscode/.local/lib/python3.10/site-packages/airflow/example_dags/tutorial_taskflow_api_virtualenv.py took 0.050 seconds
[2025-08-12T16:10:59.786+0000] {processor.py:157} INFO - Started process (PID=32455) to work on /home/vscode/.local/lib/python3.10/site-packages/airflow/example_dags/tutorial_taskflow_api_virtualenv.py
[2025-08-12T16:10:59.787+0000] {processor.py:826} INFO - Processing file /home/vscode/.local/lib/python3.10/site-packages/airflow/example_dags/tutorial_taskflow_api_virtualenv.py for tasks to queue
[2025-08-12T16:10:59.788+0000] {logging_mixin.py:150} INFO - [2025-08-12T16:10:59.787+0000] {dagbag.py:541} INFO - Filling up the DagBag from /home/vscode/.local/lib/python3.10/site-packages/airflow/example_dags/tutorial_taskflow_api_virtualenv.py
[2025-08-12T16:10:59.792+0000] {processor.py:836} INFO - DAG(s) dict_keys(['tutorial_taskflow_api_virtualenv']) retrieved from /home/vscode/.local/lib/python3.10/site-packages/airflow/example_dags/tutorial_taskflow_api_virtualenv.py
[2025-08-12T16:10:59.804+0000] {logging_mixin.py:150} INFO - [2025-08-12T16:10:59.803+0000] {dag.py:2742} INFO - Sync 1 DAGs
[2025-08-12T16:10:59.817+0000] {logging_mixin.py:150} INFO - [2025-08-12T16:10:59.817+0000] {dag.py:3504} INFO - Setting next_dagrun for tutorial_taskflow_api_virtualenv to None, run_after=None
[2025-08-12T16:10:59.832+0000] {processor.py:179} INFO - Processing /home/vscode/.local/lib/python3.10/site-packages/airflow/example_dags/tutorial_taskflow_api_virtualenv.py took 0.048 seconds
[2025-08-12T16:11:43.149+0000] {processor.py:157} INFO - Started process (PID=32741) to work on /home/vscode/.local/lib/python3.10/site-packages/airflow/example_dags/tutorial_taskflow_api_virtualenv.py
[2025-08-12T16:11:43.149+0000] {processor.py:826} INFO - Processing file /home/vscode/.local/lib/python3.10/site-packages/airflow/example_dags/tutorial_taskflow_api_virtualenv.py for tasks to queue
[2025-08-12T16:11:43.150+0000] {logging_mixin.py:150} INFO - [2025-08-12T16:11:43.150+0000] {dagbag.py:541} INFO - Filling up the DagBag from /home/vscode/.local/lib/python3.10/site-packages/airflow/example_dags/tutorial_taskflow_api_virtualenv.py
[2025-08-12T16:11:43.155+0000] {processor.py:836} INFO - DAG(s) dict_keys(['tutorial_taskflow_api_virtualenv']) retrieved from /home/vscode/.local/lib/python3.10/site-packages/airflow/example_dags/tutorial_taskflow_api_virtualenv.py
[2025-08-12T16:11:43.167+0000] {logging_mixin.py:150} INFO - [2025-08-12T16:11:43.167+0000] {dag.py:2742} INFO - Sync 1 DAGs
[2025-08-12T16:11:43.181+0000] {logging_mixin.py:150} INFO - [2025-08-12T16:11:43.181+0000] {dag.py:3504} INFO - Setting next_dagrun for tutorial_taskflow_api_virtualenv to None, run_after=None
[2025-08-12T16:11:43.198+0000] {processor.py:179} INFO - Processing /home/vscode/.local/lib/python3.10/site-packages/airflow/example_dags/tutorial_taskflow_api_virtualenv.py took 0.051 seconds
[2025-08-12T16:12:26.433+0000] {processor.py:157} INFO - Started process (PID=33027) to work on /home/vscode/.local/lib/python3.10/site-packages/airflow/example_dags/tutorial_taskflow_api_virtualenv.py
[2025-08-12T16:12:26.434+0000] {processor.py:826} INFO - Processing file /home/vscode/.local/lib/python3.10/site-packages/airflow/example_dags/tutorial_taskflow_api_virtualenv.py for tasks to queue
[2025-08-12T16:12:26.434+0000] {logging_mixin.py:150} INFO - [2025-08-12T16:12:26.434+0000] {dagbag.py:541} INFO - Filling up the DagBag from /home/vscode/.local/lib/python3.10/site-packages/airflow/example_dags/tutorial_taskflow_api_virtualenv.py
[2025-08-12T16:12:26.439+0000] {processor.py:836} INFO - DAG(s) dict_keys(['tutorial_taskflow_api_virtualenv']) retrieved from /home/vscode/.local/lib/python3.10/site-packages/airflow/example_dags/tutorial_taskflow_api_virtualenv.py
[2025-08-12T16:12:26.451+0000] {logging_mixin.py:150} INFO - [2025-08-12T16:12:26.451+0000] {dag.py:2742} INFO - Sync 1 DAGs
[2025-08-12T16:12:26.465+0000] {logging_mixin.py:150} INFO - [2025-08-12T16:12:26.465+0000] {dag.py:3504} INFO - Setting next_dagrun for tutorial_taskflow_api_virtualenv to None, run_after=None
[2025-08-12T16:12:26.480+0000] {processor.py:179} INFO - Processing /home/vscode/.local/lib/python3.10/site-packages/airflow/example_dags/tutorial_taskflow_api_virtualenv.py took 0.050 seconds
[2025-08-12T16:13:14.712+0000] {processor.py:157} INFO - Started process (PID=33352) to work on /home/vscode/.local/lib/python3.10/site-packages/airflow/example_dags/tutorial_taskflow_api_virtualenv.py
[2025-08-12T16:13:14.713+0000] {processor.py:826} INFO - Processing file /home/vscode/.local/lib/python3.10/site-packages/airflow/example_dags/tutorial_taskflow_api_virtualenv.py for tasks to queue
[2025-08-12T16:13:14.714+0000] {logging_mixin.py:150} INFO - [2025-08-12T16:13:14.713+0000] {dagbag.py:541} INFO - Filling up the DagBag from /home/vscode/.local/lib/python3.10/site-packages/airflow/example_dags/tutorial_taskflow_api_virtualenv.py
[2025-08-12T16:13:14.719+0000] {processor.py:836} INFO - DAG(s) dict_keys(['tutorial_taskflow_api_virtualenv']) retrieved from /home/vscode/.local/lib/python3.10/site-packages/airflow/example_dags/tutorial_taskflow_api_virtualenv.py
[2025-08-12T16:13:14.730+0000] {logging_mixin.py:150} INFO - [2025-08-12T16:13:14.730+0000] {dag.py:2742} INFO - Sync 1 DAGs
[2025-08-12T16:13:14.744+0000] {logging_mixin.py:150} INFO - [2025-08-12T16:13:14.744+0000] {dag.py:3504} INFO - Setting next_dagrun for tutorial_taskflow_api_virtualenv to None, run_after=None
[2025-08-12T16:13:14.758+0000] {processor.py:179} INFO - Processing /home/vscode/.local/lib/python3.10/site-packages/airflow/example_dags/tutorial_taskflow_api_virtualenv.py took 0.048 seconds
[2025-08-12T16:13:56.193+0000] {processor.py:157} INFO - Started process (PID=33628) to work on /home/vscode/.local/lib/python3.10/site-packages/airflow/example_dags/tutorial_taskflow_api_virtualenv.py
[2025-08-12T16:13:56.193+0000] {processor.py:826} INFO - Processing file /home/vscode/.local/lib/python3.10/site-packages/airflow/example_dags/tutorial_taskflow_api_virtualenv.py for tasks to queue
[2025-08-12T16:13:56.194+0000] {logging_mixin.py:150} INFO - [2025-08-12T16:13:56.194+0000] {dagbag.py:541} INFO - Filling up the DagBag from /home/vscode/.local/lib/python3.10/site-packages/airflow/example_dags/tutorial_taskflow_api_virtualenv.py
[2025-08-12T16:13:56.199+0000] {processor.py:836} INFO - DAG(s) dict_keys(['tutorial_taskflow_api_virtualenv']) retrieved from /home/vscode/.local/lib/python3.10/site-packages/airflow/example_dags/tutorial_taskflow_api_virtualenv.py
[2025-08-12T16:13:56.210+0000] {logging_mixin.py:150} INFO - [2025-08-12T16:13:56.210+0000] {dag.py:2742} INFO - Sync 1 DAGs
[2025-08-12T16:13:56.224+0000] {logging_mixin.py:150} INFO - [2025-08-12T16:13:56.224+0000] {dag.py:3504} INFO - Setting next_dagrun for tutorial_taskflow_api_virtualenv to None, run_after=None
[2025-08-12T16:13:56.240+0000] {processor.py:179} INFO - Processing /home/vscode/.local/lib/python3.10/site-packages/airflow/example_dags/tutorial_taskflow_api_virtualenv.py took 0.049 seconds
[2025-08-12T16:14:41.192+0000] {processor.py:157} INFO - Started process (PID=33927) to work on /home/vscode/.local/lib/python3.10/site-packages/airflow/example_dags/tutorial_taskflow_api_virtualenv.py
[2025-08-12T16:14:41.193+0000] {processor.py:826} INFO - Processing file /home/vscode/.local/lib/python3.10/site-packages/airflow/example_dags/tutorial_taskflow_api_virtualenv.py for tasks to queue
[2025-08-12T16:14:41.193+0000] {logging_mixin.py:150} INFO - [2025-08-12T16:14:41.193+0000] {dagbag.py:541} INFO - Filling up the DagBag from /home/vscode/.local/lib/python3.10/site-packages/airflow/example_dags/tutorial_taskflow_api_virtualenv.py
[2025-08-12T16:14:41.198+0000] {processor.py:836} INFO - DAG(s) dict_keys(['tutorial_taskflow_api_virtualenv']) retrieved from /home/vscode/.local/lib/python3.10/site-packages/airflow/example_dags/tutorial_taskflow_api_virtualenv.py
[2025-08-12T16:14:41.210+0000] {logging_mixin.py:150} INFO - [2025-08-12T16:14:41.210+0000] {dag.py:2742} INFO - Sync 1 DAGs
[2025-08-12T16:14:41.226+0000] {logging_mixin.py:150} INFO - [2025-08-12T16:14:41.226+0000] {dag.py:3504} INFO - Setting next_dagrun for tutorial_taskflow_api_virtualenv to None, run_after=None
[2025-08-12T16:14:41.242+0000] {processor.py:179} INFO - Processing /home/vscode/.local/lib/python3.10/site-packages/airflow/example_dags/tutorial_taskflow_api_virtualenv.py took 0.051 seconds
[2025-08-12T16:15:20.596+0000] {processor.py:157} INFO - Started process (PID=34187) to work on /home/vscode/.local/lib/python3.10/site-packages/airflow/example_dags/tutorial_taskflow_api_virtualenv.py
[2025-08-12T16:15:20.597+0000] {processor.py:826} INFO - Processing file /home/vscode/.local/lib/python3.10/site-packages/airflow/example_dags/tutorial_taskflow_api_virtualenv.py for tasks to queue
[2025-08-12T16:15:20.597+0000] {logging_mixin.py:150} INFO - [2025-08-12T16:15:20.597+0000] {dagbag.py:541} INFO - Filling up the DagBag from /home/vscode/.local/lib/python3.10/site-packages/airflow/example_dags/tutorial_taskflow_api_virtualenv.py
[2025-08-12T16:15:20.602+0000] {processor.py:836} INFO - DAG(s) dict_keys(['tutorial_taskflow_api_virtualenv']) retrieved from /home/vscode/.local/lib/python3.10/site-packages/airflow/example_dags/tutorial_taskflow_api_virtualenv.py
[2025-08-12T16:15:20.614+0000] {logging_mixin.py:150} INFO - [2025-08-12T16:15:20.614+0000] {dag.py:2742} INFO - Sync 1 DAGs
[2025-08-12T16:15:20.627+0000] {logging_mixin.py:150} INFO - [2025-08-12T16:15:20.627+0000] {dag.py:3504} INFO - Setting next_dagrun for tutorial_taskflow_api_virtualenv to None, run_after=None
[2025-08-12T16:15:20.642+0000] {processor.py:179} INFO - Processing /home/vscode/.local/lib/python3.10/site-packages/airflow/example_dags/tutorial_taskflow_api_virtualenv.py took 0.048 seconds
[2025-08-12T16:16:04.039+0000] {processor.py:157} INFO - Started process (PID=34474) to work on /home/vscode/.local/lib/python3.10/site-packages/airflow/example_dags/tutorial_taskflow_api_virtualenv.py
[2025-08-12T16:16:04.040+0000] {processor.py:826} INFO - Processing file /home/vscode/.local/lib/python3.10/site-packages/airflow/example_dags/tutorial_taskflow_api_virtualenv.py for tasks to queue
[2025-08-12T16:16:04.041+0000] {logging_mixin.py:150} INFO - [2025-08-12T16:16:04.040+0000] {dagbag.py:541} INFO - Filling up the DagBag from /home/vscode/.local/lib/python3.10/site-packages/airflow/example_dags/tutorial_taskflow_api_virtualenv.py
[2025-08-12T16:16:04.046+0000] {processor.py:836} INFO - DAG(s) dict_keys(['tutorial_taskflow_api_virtualenv']) retrieved from /home/vscode/.local/lib/python3.10/site-packages/airflow/example_dags/tutorial_taskflow_api_virtualenv.py
[2025-08-12T16:16:04.057+0000] {logging_mixin.py:150} INFO - [2025-08-12T16:16:04.057+0000] {dag.py:2742} INFO - Sync 1 DAGs
[2025-08-12T16:16:04.071+0000] {logging_mixin.py:150} INFO - [2025-08-12T16:16:04.071+0000] {dag.py:3504} INFO - Setting next_dagrun for tutorial_taskflow_api_virtualenv to None, run_after=None
[2025-08-12T16:16:04.087+0000] {processor.py:179} INFO - Processing /home/vscode/.local/lib/python3.10/site-packages/airflow/example_dags/tutorial_taskflow_api_virtualenv.py took 0.050 seconds
[2025-08-12T16:16:43.840+0000] {processor.py:157} INFO - Started process (PID=34749) to work on /home/vscode/.local/lib/python3.10/site-packages/airflow/example_dags/tutorial_taskflow_api_virtualenv.py
[2025-08-12T16:16:43.840+0000] {processor.py:826} INFO - Processing file /home/vscode/.local/lib/python3.10/site-packages/airflow/example_dags/tutorial_taskflow_api_virtualenv.py for tasks to queue
[2025-08-12T16:16:43.841+0000] {logging_mixin.py:150} INFO - [2025-08-12T16:16:43.841+0000] {dagbag.py:541} INFO - Filling up the DagBag from /home/vscode/.local/lib/python3.10/site-packages/airflow/example_dags/tutorial_taskflow_api_virtualenv.py
[2025-08-12T16:16:43.846+0000] {processor.py:836} INFO - DAG(s) dict_keys(['tutorial_taskflow_api_virtualenv']) retrieved from /home/vscode/.local/lib/python3.10/site-packages/airflow/example_dags/tutorial_taskflow_api_virtualenv.py
[2025-08-12T16:16:43.858+0000] {logging_mixin.py:150} INFO - [2025-08-12T16:16:43.858+0000] {dag.py:2742} INFO - Sync 1 DAGs
[2025-08-12T16:16:43.877+0000] {logging_mixin.py:150} INFO - [2025-08-12T16:16:43.877+0000] {dag.py:3504} INFO - Setting next_dagrun for tutorial_taskflow_api_virtualenv to None, run_after=None
[2025-08-12T16:16:43.917+0000] {processor.py:179} INFO - Processing /home/vscode/.local/lib/python3.10/site-packages/airflow/example_dags/tutorial_taskflow_api_virtualenv.py took 0.079 seconds
[2025-08-12T16:17:27.434+0000] {processor.py:157} INFO - Started process (PID=35036) to work on /home/vscode/.local/lib/python3.10/site-packages/airflow/example_dags/tutorial_taskflow_api_virtualenv.py
[2025-08-12T16:17:27.434+0000] {processor.py:826} INFO - Processing file /home/vscode/.local/lib/python3.10/site-packages/airflow/example_dags/tutorial_taskflow_api_virtualenv.py for tasks to queue
[2025-08-12T16:17:27.435+0000] {logging_mixin.py:150} INFO - [2025-08-12T16:17:27.435+0000] {dagbag.py:541} INFO - Filling up the DagBag from /home/vscode/.local/lib/python3.10/site-packages/airflow/example_dags/tutorial_taskflow_api_virtualenv.py
[2025-08-12T16:17:27.440+0000] {processor.py:836} INFO - DAG(s) dict_keys(['tutorial_taskflow_api_virtualenv']) retrieved from /home/vscode/.local/lib/python3.10/site-packages/airflow/example_dags/tutorial_taskflow_api_virtualenv.py
[2025-08-12T16:17:27.452+0000] {logging_mixin.py:150} INFO - [2025-08-12T16:17:27.451+0000] {dag.py:2742} INFO - Sync 1 DAGs
[2025-08-12T16:17:27.466+0000] {logging_mixin.py:150} INFO - [2025-08-12T16:17:27.465+0000] {dag.py:3504} INFO - Setting next_dagrun for tutorial_taskflow_api_virtualenv to None, run_after=None
[2025-08-12T16:17:27.481+0000] {processor.py:179} INFO - Processing /home/vscode/.local/lib/python3.10/site-packages/airflow/example_dags/tutorial_taskflow_api_virtualenv.py took 0.050 seconds
[2025-08-12T16:18:05.185+0000] {processor.py:157} INFO - Started process (PID=35287) to work on /home/vscode/.local/lib/python3.10/site-packages/airflow/example_dags/tutorial_taskflow_api_virtualenv.py
[2025-08-12T16:18:05.186+0000] {processor.py:826} INFO - Processing file /home/vscode/.local/lib/python3.10/site-packages/airflow/example_dags/tutorial_taskflow_api_virtualenv.py for tasks to queue
[2025-08-12T16:18:05.187+0000] {logging_mixin.py:150} INFO - [2025-08-12T16:18:05.187+0000] {dagbag.py:541} INFO - Filling up the DagBag from /home/vscode/.local/lib/python3.10/site-packages/airflow/example_dags/tutorial_taskflow_api_virtualenv.py
[2025-08-12T16:18:05.194+0000] {processor.py:836} INFO - DAG(s) dict_keys(['tutorial_taskflow_api_virtualenv']) retrieved from /home/vscode/.local/lib/python3.10/site-packages/airflow/example_dags/tutorial_taskflow_api_virtualenv.py
[2025-08-12T16:18:05.208+0000] {logging_mixin.py:150} INFO - [2025-08-12T16:18:05.207+0000] {dag.py:2742} INFO - Sync 1 DAGs
[2025-08-12T16:18:05.221+0000] {logging_mixin.py:150} INFO - [2025-08-12T16:18:05.221+0000] {dag.py:3504} INFO - Setting next_dagrun for tutorial_taskflow_api_virtualenv to None, run_after=None
[2025-08-12T16:18:05.237+0000] {processor.py:179} INFO - Processing /home/vscode/.local/lib/python3.10/site-packages/airflow/example_dags/tutorial_taskflow_api_virtualenv.py took 0.055 seconds
[2025-08-12T16:18:47.543+0000] {processor.py:157} INFO - Started process (PID=35565) to work on /home/vscode/.local/lib/python3.10/site-packages/airflow/example_dags/tutorial_taskflow_api_virtualenv.py
[2025-08-12T16:18:47.544+0000] {processor.py:826} INFO - Processing file /home/vscode/.local/lib/python3.10/site-packages/airflow/example_dags/tutorial_taskflow_api_virtualenv.py for tasks to queue
[2025-08-12T16:18:47.544+0000] {logging_mixin.py:150} INFO - [2025-08-12T16:18:47.544+0000] {dagbag.py:541} INFO - Filling up the DagBag from /home/vscode/.local/lib/python3.10/site-packages/airflow/example_dags/tutorial_taskflow_api_virtualenv.py
[2025-08-12T16:18:47.549+0000] {processor.py:836} INFO - DAG(s) dict_keys(['tutorial_taskflow_api_virtualenv']) retrieved from /home/vscode/.local/lib/python3.10/site-packages/airflow/example_dags/tutorial_taskflow_api_virtualenv.py
[2025-08-12T16:18:47.561+0000] {logging_mixin.py:150} INFO - [2025-08-12T16:18:47.561+0000] {dag.py:2742} INFO - Sync 1 DAGs
[2025-08-12T16:18:47.574+0000] {logging_mixin.py:150} INFO - [2025-08-12T16:18:47.574+0000] {dag.py:3504} INFO - Setting next_dagrun for tutorial_taskflow_api_virtualenv to None, run_after=None
[2025-08-12T16:18:47.589+0000] {processor.py:179} INFO - Processing /home/vscode/.local/lib/python3.10/site-packages/airflow/example_dags/tutorial_taskflow_api_virtualenv.py took 0.048 seconds
[2025-08-12T16:19:29.115+0000] {processor.py:157} INFO - Started process (PID=35841) to work on /home/vscode/.local/lib/python3.10/site-packages/airflow/example_dags/tutorial_taskflow_api_virtualenv.py
[2025-08-12T16:19:29.116+0000] {processor.py:826} INFO - Processing file /home/vscode/.local/lib/python3.10/site-packages/airflow/example_dags/tutorial_taskflow_api_virtualenv.py for tasks to queue
[2025-08-12T16:19:29.116+0000] {logging_mixin.py:150} INFO - [2025-08-12T16:19:29.116+0000] {dagbag.py:541} INFO - Filling up the DagBag from /home/vscode/.local/lib/python3.10/site-packages/airflow/example_dags/tutorial_taskflow_api_virtualenv.py
[2025-08-12T16:19:29.121+0000] {processor.py:836} INFO - DAG(s) dict_keys(['tutorial_taskflow_api_virtualenv']) retrieved from /home/vscode/.local/lib/python3.10/site-packages/airflow/example_dags/tutorial_taskflow_api_virtualenv.py
[2025-08-12T16:19:29.133+0000] {logging_mixin.py:150} INFO - [2025-08-12T16:19:29.133+0000] {dag.py:2742} INFO - Sync 1 DAGs
[2025-08-12T16:19:29.147+0000] {logging_mixin.py:150} INFO - [2025-08-12T16:19:29.147+0000] {dag.py:3504} INFO - Setting next_dagrun for tutorial_taskflow_api_virtualenv to None, run_after=None
[2025-08-12T16:19:29.164+0000] {processor.py:179} INFO - Processing /home/vscode/.local/lib/python3.10/site-packages/airflow/example_dags/tutorial_taskflow_api_virtualenv.py took 0.051 seconds
[2025-08-12T16:20:06.877+0000] {processor.py:157} INFO - Started process (PID=36096) to work on /home/vscode/.local/lib/python3.10/site-packages/airflow/example_dags/tutorial_taskflow_api_virtualenv.py
[2025-08-12T16:20:06.877+0000] {processor.py:826} INFO - Processing file /home/vscode/.local/lib/python3.10/site-packages/airflow/example_dags/tutorial_taskflow_api_virtualenv.py for tasks to queue
[2025-08-12T16:20:06.878+0000] {logging_mixin.py:150} INFO - [2025-08-12T16:20:06.878+0000] {dagbag.py:541} INFO - Filling up the DagBag from /home/vscode/.local/lib/python3.10/site-packages/airflow/example_dags/tutorial_taskflow_api_virtualenv.py
[2025-08-12T16:20:06.885+0000] {processor.py:836} INFO - DAG(s) dict_keys(['tutorial_taskflow_api_virtualenv']) retrieved from /home/vscode/.local/lib/python3.10/site-packages/airflow/example_dags/tutorial_taskflow_api_virtualenv.py
[2025-08-12T16:20:06.902+0000] {logging_mixin.py:150} INFO - [2025-08-12T16:20:06.902+0000] {dag.py:2742} INFO - Sync 1 DAGs
[2025-08-12T16:20:06.921+0000] {logging_mixin.py:150} INFO - [2025-08-12T16:20:06.921+0000] {dag.py:3504} INFO - Setting next_dagrun for tutorial_taskflow_api_virtualenv to None, run_after=None
[2025-08-12T16:20:06.939+0000] {processor.py:179} INFO - Processing /home/vscode/.local/lib/python3.10/site-packages/airflow/example_dags/tutorial_taskflow_api_virtualenv.py took 0.065 seconds
[2025-08-12T16:20:48.168+0000] {processor.py:157} INFO - Started process (PID=36374) to work on /home/vscode/.local/lib/python3.10/site-packages/airflow/example_dags/tutorial_taskflow_api_virtualenv.py
[2025-08-12T16:20:48.169+0000] {processor.py:826} INFO - Processing file /home/vscode/.local/lib/python3.10/site-packages/airflow/example_dags/tutorial_taskflow_api_virtualenv.py for tasks to queue
[2025-08-12T16:20:48.170+0000] {logging_mixin.py:150} INFO - [2025-08-12T16:20:48.169+0000] {dagbag.py:541} INFO - Filling up the DagBag from /home/vscode/.local/lib/python3.10/site-packages/airflow/example_dags/tutorial_taskflow_api_virtualenv.py
[2025-08-12T16:20:48.175+0000] {processor.py:836} INFO - DAG(s) dict_keys(['tutorial_taskflow_api_virtualenv']) retrieved from /home/vscode/.local/lib/python3.10/site-packages/airflow/example_dags/tutorial_taskflow_api_virtualenv.py
[2025-08-12T16:20:48.189+0000] {logging_mixin.py:150} INFO - [2025-08-12T16:20:48.189+0000] {dag.py:2742} INFO - Sync 1 DAGs
[2025-08-12T16:20:48.204+0000] {logging_mixin.py:150} INFO - [2025-08-12T16:20:48.204+0000] {dag.py:3504} INFO - Setting next_dagrun for tutorial_taskflow_api_virtualenv to None, run_after=None
[2025-08-12T16:20:48.219+0000] {processor.py:179} INFO - Processing /home/vscode/.local/lib/python3.10/site-packages/airflow/example_dags/tutorial_taskflow_api_virtualenv.py took 0.053 seconds
[2025-08-12T16:21:33.552+0000] {processor.py:157} INFO - Started process (PID=36674) to work on /home/vscode/.local/lib/python3.10/site-packages/airflow/example_dags/tutorial_taskflow_api_virtualenv.py
[2025-08-12T16:21:33.553+0000] {processor.py:826} INFO - Processing file /home/vscode/.local/lib/python3.10/site-packages/airflow/example_dags/tutorial_taskflow_api_virtualenv.py for tasks to queue
[2025-08-12T16:21:33.553+0000] {logging_mixin.py:150} INFO - [2025-08-12T16:21:33.553+0000] {dagbag.py:541} INFO - Filling up the DagBag from /home/vscode/.local/lib/python3.10/site-packages/airflow/example_dags/tutorial_taskflow_api_virtualenv.py
[2025-08-12T16:21:33.558+0000] {processor.py:836} INFO - DAG(s) dict_keys(['tutorial_taskflow_api_virtualenv']) retrieved from /home/vscode/.local/lib/python3.10/site-packages/airflow/example_dags/tutorial_taskflow_api_virtualenv.py
[2025-08-12T16:21:33.570+0000] {logging_mixin.py:150} INFO - [2025-08-12T16:21:33.570+0000] {dag.py:2742} INFO - Sync 1 DAGs
[2025-08-12T16:21:33.584+0000] {logging_mixin.py:150} INFO - [2025-08-12T16:21:33.584+0000] {dag.py:3504} INFO - Setting next_dagrun for tutorial_taskflow_api_virtualenv to None, run_after=None
[2025-08-12T16:21:33.600+0000] {processor.py:179} INFO - Processing /home/vscode/.local/lib/python3.10/site-packages/airflow/example_dags/tutorial_taskflow_api_virtualenv.py took 0.051 seconds
[2025-08-12T16:22:15.547+0000] {processor.py:157} INFO - Started process (PID=36958) to work on /home/vscode/.local/lib/python3.10/site-packages/airflow/example_dags/tutorial_taskflow_api_virtualenv.py
[2025-08-12T16:22:15.547+0000] {processor.py:826} INFO - Processing file /home/vscode/.local/lib/python3.10/site-packages/airflow/example_dags/tutorial_taskflow_api_virtualenv.py for tasks to queue
[2025-08-12T16:22:15.548+0000] {logging_mixin.py:150} INFO - [2025-08-12T16:22:15.548+0000] {dagbag.py:541} INFO - Filling up the DagBag from /home/vscode/.local/lib/python3.10/site-packages/airflow/example_dags/tutorial_taskflow_api_virtualenv.py
[2025-08-12T16:22:15.553+0000] {processor.py:836} INFO - DAG(s) dict_keys(['tutorial_taskflow_api_virtualenv']) retrieved from /home/vscode/.local/lib/python3.10/site-packages/airflow/example_dags/tutorial_taskflow_api_virtualenv.py
[2025-08-12T16:22:15.564+0000] {logging_mixin.py:150} INFO - [2025-08-12T16:22:15.564+0000] {dag.py:2742} INFO - Sync 1 DAGs
[2025-08-12T16:22:15.578+0000] {logging_mixin.py:150} INFO - [2025-08-12T16:22:15.578+0000] {dag.py:3504} INFO - Setting next_dagrun for tutorial_taskflow_api_virtualenv to None, run_after=None
[2025-08-12T16:22:15.593+0000] {processor.py:179} INFO - Processing /home/vscode/.local/lib/python3.10/site-packages/airflow/example_dags/tutorial_taskflow_api_virtualenv.py took 0.048 seconds
[2025-08-12T16:22:58.052+0000] {processor.py:157} INFO - Started process (PID=37237) to work on /home/vscode/.local/lib/python3.10/site-packages/airflow/example_dags/tutorial_taskflow_api_virtualenv.py
[2025-08-12T16:22:58.053+0000] {processor.py:826} INFO - Processing file /home/vscode/.local/lib/python3.10/site-packages/airflow/example_dags/tutorial_taskflow_api_virtualenv.py for tasks to queue
[2025-08-12T16:22:58.053+0000] {logging_mixin.py:150} INFO - [2025-08-12T16:22:58.053+0000] {dagbag.py:541} INFO - Filling up the DagBag from /home/vscode/.local/lib/python3.10/site-packages/airflow/example_dags/tutorial_taskflow_api_virtualenv.py
[2025-08-12T16:22:58.059+0000] {processor.py:836} INFO - DAG(s) dict_keys(['tutorial_taskflow_api_virtualenv']) retrieved from /home/vscode/.local/lib/python3.10/site-packages/airflow/example_dags/tutorial_taskflow_api_virtualenv.py
[2025-08-12T16:22:58.071+0000] {logging_mixin.py:150} INFO - [2025-08-12T16:22:58.071+0000] {dag.py:2742} INFO - Sync 1 DAGs
[2025-08-12T16:22:58.084+0000] {logging_mixin.py:150} INFO - [2025-08-12T16:22:58.084+0000] {dag.py:3504} INFO - Setting next_dagrun for tutorial_taskflow_api_virtualenv to None, run_after=None
[2025-08-12T16:22:58.112+0000] {processor.py:179} INFO - Processing /home/vscode/.local/lib/python3.10/site-packages/airflow/example_dags/tutorial_taskflow_api_virtualenv.py took 0.062 seconds
[2025-08-12T16:23:45.374+0000] {processor.py:157} INFO - Started process (PID=37549) to work on /home/vscode/.local/lib/python3.10/site-packages/airflow/example_dags/tutorial_taskflow_api_virtualenv.py
[2025-08-12T16:23:45.375+0000] {processor.py:826} INFO - Processing file /home/vscode/.local/lib/python3.10/site-packages/airflow/example_dags/tutorial_taskflow_api_virtualenv.py for tasks to queue
[2025-08-12T16:23:45.376+0000] {logging_mixin.py:150} INFO - [2025-08-12T16:23:45.376+0000] {dagbag.py:541} INFO - Filling up the DagBag from /home/vscode/.local/lib/python3.10/site-packages/airflow/example_dags/tutorial_taskflow_api_virtualenv.py
[2025-08-12T16:23:45.383+0000] {processor.py:836} INFO - DAG(s) dict_keys(['tutorial_taskflow_api_virtualenv']) retrieved from /home/vscode/.local/lib/python3.10/site-packages/airflow/example_dags/tutorial_taskflow_api_virtualenv.py
[2025-08-12T16:23:45.399+0000] {logging_mixin.py:150} INFO - [2025-08-12T16:23:45.399+0000] {dag.py:2742} INFO - Sync 1 DAGs
[2025-08-12T16:23:45.413+0000] {logging_mixin.py:150} INFO - [2025-08-12T16:23:45.413+0000] {dag.py:3504} INFO - Setting next_dagrun for tutorial_taskflow_api_virtualenv to None, run_after=None
[2025-08-12T16:23:45.428+0000] {processor.py:179} INFO - Processing /home/vscode/.local/lib/python3.10/site-packages/airflow/example_dags/tutorial_taskflow_api_virtualenv.py took 0.057 seconds
[2025-08-12T16:24:28.873+0000] {processor.py:157} INFO - Started process (PID=37839) to work on /home/vscode/.local/lib/python3.10/site-packages/airflow/example_dags/tutorial_taskflow_api_virtualenv.py
[2025-08-12T16:24:28.874+0000] {processor.py:826} INFO - Processing file /home/vscode/.local/lib/python3.10/site-packages/airflow/example_dags/tutorial_taskflow_api_virtualenv.py for tasks to queue
[2025-08-12T16:24:28.874+0000] {logging_mixin.py:150} INFO - [2025-08-12T16:24:28.874+0000] {dagbag.py:541} INFO - Filling up the DagBag from /home/vscode/.local/lib/python3.10/site-packages/airflow/example_dags/tutorial_taskflow_api_virtualenv.py
[2025-08-12T16:24:28.880+0000] {processor.py:836} INFO - DAG(s) dict_keys(['tutorial_taskflow_api_virtualenv']) retrieved from /home/vscode/.local/lib/python3.10/site-packages/airflow/example_dags/tutorial_taskflow_api_virtualenv.py
[2025-08-12T16:24:28.891+0000] {logging_mixin.py:150} INFO - [2025-08-12T16:24:28.891+0000] {dag.py:2742} INFO - Sync 1 DAGs
[2025-08-12T16:24:28.905+0000] {logging_mixin.py:150} INFO - [2025-08-12T16:24:28.905+0000] {dag.py:3504} INFO - Setting next_dagrun for tutorial_taskflow_api_virtualenv to None, run_after=None
[2025-08-12T16:24:28.920+0000] {processor.py:179} INFO - Processing /home/vscode/.local/lib/python3.10/site-packages/airflow/example_dags/tutorial_taskflow_api_virtualenv.py took 0.049 seconds
[2025-08-12T16:25:15.122+0000] {processor.py:157} INFO - Started process (PID=38147) to work on /home/vscode/.local/lib/python3.10/site-packages/airflow/example_dags/tutorial_taskflow_api_virtualenv.py
[2025-08-12T16:25:15.123+0000] {processor.py:826} INFO - Processing file /home/vscode/.local/lib/python3.10/site-packages/airflow/example_dags/tutorial_taskflow_api_virtualenv.py for tasks to queue
[2025-08-12T16:25:15.124+0000] {logging_mixin.py:150} INFO - [2025-08-12T16:25:15.123+0000] {dagbag.py:541} INFO - Filling up the DagBag from /home/vscode/.local/lib/python3.10/site-packages/airflow/example_dags/tutorial_taskflow_api_virtualenv.py
[2025-08-12T16:25:15.129+0000] {processor.py:836} INFO - DAG(s) dict_keys(['tutorial_taskflow_api_virtualenv']) retrieved from /home/vscode/.local/lib/python3.10/site-packages/airflow/example_dags/tutorial_taskflow_api_virtualenv.py
[2025-08-12T16:25:15.140+0000] {logging_mixin.py:150} INFO - [2025-08-12T16:25:15.140+0000] {dag.py:2742} INFO - Sync 1 DAGs
[2025-08-12T16:25:15.154+0000] {logging_mixin.py:150} INFO - [2025-08-12T16:25:15.154+0000] {dag.py:3504} INFO - Setting next_dagrun for tutorial_taskflow_api_virtualenv to None, run_after=None
[2025-08-12T16:25:15.179+0000] {processor.py:179} INFO - Processing /home/vscode/.local/lib/python3.10/site-packages/airflow/example_dags/tutorial_taskflow_api_virtualenv.py took 0.059 seconds
[2025-08-12T16:25:59.225+0000] {processor.py:157} INFO - Started process (PID=38440) to work on /home/vscode/.local/lib/python3.10/site-packages/airflow/example_dags/tutorial_taskflow_api_virtualenv.py
[2025-08-12T16:25:59.226+0000] {processor.py:826} INFO - Processing file /home/vscode/.local/lib/python3.10/site-packages/airflow/example_dags/tutorial_taskflow_api_virtualenv.py for tasks to queue
[2025-08-12T16:25:59.227+0000] {logging_mixin.py:150} INFO - [2025-08-12T16:25:59.226+0000] {dagbag.py:541} INFO - Filling up the DagBag from /home/vscode/.local/lib/python3.10/site-packages/airflow/example_dags/tutorial_taskflow_api_virtualenv.py
[2025-08-12T16:25:59.232+0000] {processor.py:836} INFO - DAG(s) dict_keys(['tutorial_taskflow_api_virtualenv']) retrieved from /home/vscode/.local/lib/python3.10/site-packages/airflow/example_dags/tutorial_taskflow_api_virtualenv.py
[2025-08-12T16:25:59.243+0000] {logging_mixin.py:150} INFO - [2025-08-12T16:25:59.243+0000] {dag.py:2742} INFO - Sync 1 DAGs
[2025-08-12T16:25:59.257+0000] {logging_mixin.py:150} INFO - [2025-08-12T16:25:59.257+0000] {dag.py:3504} INFO - Setting next_dagrun for tutorial_taskflow_api_virtualenv to None, run_after=None
[2025-08-12T16:25:59.271+0000] {processor.py:179} INFO - Processing /home/vscode/.local/lib/python3.10/site-packages/airflow/example_dags/tutorial_taskflow_api_virtualenv.py took 0.048 seconds
[2025-08-12T16:26:41.401+0000] {processor.py:157} INFO - Started process (PID=38718) to work on /home/vscode/.local/lib/python3.10/site-packages/airflow/example_dags/tutorial_taskflow_api_virtualenv.py
[2025-08-12T16:26:41.402+0000] {processor.py:826} INFO - Processing file /home/vscode/.local/lib/python3.10/site-packages/airflow/example_dags/tutorial_taskflow_api_virtualenv.py for tasks to queue
[2025-08-12T16:26:41.403+0000] {logging_mixin.py:150} INFO - [2025-08-12T16:26:41.402+0000] {dagbag.py:541} INFO - Filling up the DagBag from /home/vscode/.local/lib/python3.10/site-packages/airflow/example_dags/tutorial_taskflow_api_virtualenv.py
[2025-08-12T16:26:41.408+0000] {processor.py:836} INFO - DAG(s) dict_keys(['tutorial_taskflow_api_virtualenv']) retrieved from /home/vscode/.local/lib/python3.10/site-packages/airflow/example_dags/tutorial_taskflow_api_virtualenv.py
[2025-08-12T16:26:41.420+0000] {logging_mixin.py:150} INFO - [2025-08-12T16:26:41.420+0000] {dag.py:2742} INFO - Sync 1 DAGs
[2025-08-12T16:26:41.435+0000] {logging_mixin.py:150} INFO - [2025-08-12T16:26:41.435+0000] {dag.py:3504} INFO - Setting next_dagrun for tutorial_taskflow_api_virtualenv to None, run_after=None
[2025-08-12T16:26:41.451+0000] {processor.py:179} INFO - Processing /home/vscode/.local/lib/python3.10/site-packages/airflow/example_dags/tutorial_taskflow_api_virtualenv.py took 0.052 seconds
[2025-08-12T16:27:23.639+0000] {processor.py:157} INFO - Started process (PID=39007) to work on /home/vscode/.local/lib/python3.10/site-packages/airflow/example_dags/tutorial_taskflow_api_virtualenv.py
[2025-08-12T16:27:23.639+0000] {processor.py:826} INFO - Processing file /home/vscode/.local/lib/python3.10/site-packages/airflow/example_dags/tutorial_taskflow_api_virtualenv.py for tasks to queue
[2025-08-12T16:27:23.640+0000] {logging_mixin.py:150} INFO - [2025-08-12T16:27:23.640+0000] {dagbag.py:541} INFO - Filling up the DagBag from /home/vscode/.local/lib/python3.10/site-packages/airflow/example_dags/tutorial_taskflow_api_virtualenv.py
[2025-08-12T16:27:23.645+0000] {processor.py:836} INFO - DAG(s) dict_keys(['tutorial_taskflow_api_virtualenv']) retrieved from /home/vscode/.local/lib/python3.10/site-packages/airflow/example_dags/tutorial_taskflow_api_virtualenv.py
[2025-08-12T16:27:23.657+0000] {logging_mixin.py:150} INFO - [2025-08-12T16:27:23.657+0000] {dag.py:2742} INFO - Sync 1 DAGs
[2025-08-12T16:27:23.671+0000] {logging_mixin.py:150} INFO - [2025-08-12T16:27:23.671+0000] {dag.py:3504} INFO - Setting next_dagrun for tutorial_taskflow_api_virtualenv to None, run_after=None
[2025-08-12T16:27:23.686+0000] {processor.py:179} INFO - Processing /home/vscode/.local/lib/python3.10/site-packages/airflow/example_dags/tutorial_taskflow_api_virtualenv.py took 0.049 seconds
[2025-08-12T16:28:07.338+0000] {processor.py:157} INFO - Started process (PID=39295) to work on /home/vscode/.local/lib/python3.10/site-packages/airflow/example_dags/tutorial_taskflow_api_virtualenv.py
[2025-08-12T16:28:07.339+0000] {processor.py:826} INFO - Processing file /home/vscode/.local/lib/python3.10/site-packages/airflow/example_dags/tutorial_taskflow_api_virtualenv.py for tasks to queue
[2025-08-12T16:28:07.339+0000] {logging_mixin.py:150} INFO - [2025-08-12T16:28:07.339+0000] {dagbag.py:541} INFO - Filling up the DagBag from /home/vscode/.local/lib/python3.10/site-packages/airflow/example_dags/tutorial_taskflow_api_virtualenv.py
[2025-08-12T16:28:07.344+0000] {processor.py:836} INFO - DAG(s) dict_keys(['tutorial_taskflow_api_virtualenv']) retrieved from /home/vscode/.local/lib/python3.10/site-packages/airflow/example_dags/tutorial_taskflow_api_virtualenv.py
[2025-08-12T16:28:07.356+0000] {logging_mixin.py:150} INFO - [2025-08-12T16:28:07.356+0000] {dag.py:2742} INFO - Sync 1 DAGs
[2025-08-12T16:28:07.369+0000] {logging_mixin.py:150} INFO - [2025-08-12T16:28:07.369+0000] {dag.py:3504} INFO - Setting next_dagrun for tutorial_taskflow_api_virtualenv to None, run_after=None
[2025-08-12T16:28:07.389+0000] {processor.py:179} INFO - Processing /home/vscode/.local/lib/python3.10/site-packages/airflow/example_dags/tutorial_taskflow_api_virtualenv.py took 0.053 seconds
[2025-08-12T16:28:52.813+0000] {processor.py:157} INFO - Started process (PID=39598) to work on /home/vscode/.local/lib/python3.10/site-packages/airflow/example_dags/tutorial_taskflow_api_virtualenv.py
[2025-08-12T16:28:52.813+0000] {processor.py:826} INFO - Processing file /home/vscode/.local/lib/python3.10/site-packages/airflow/example_dags/tutorial_taskflow_api_virtualenv.py for tasks to queue
[2025-08-12T16:28:52.814+0000] {logging_mixin.py:150} INFO - [2025-08-12T16:28:52.814+0000] {dagbag.py:541} INFO - Filling up the DagBag from /home/vscode/.local/lib/python3.10/site-packages/airflow/example_dags/tutorial_taskflow_api_virtualenv.py
[2025-08-12T16:28:52.819+0000] {processor.py:836} INFO - DAG(s) dict_keys(['tutorial_taskflow_api_virtualenv']) retrieved from /home/vscode/.local/lib/python3.10/site-packages/airflow/example_dags/tutorial_taskflow_api_virtualenv.py
[2025-08-12T16:28:52.830+0000] {logging_mixin.py:150} INFO - [2025-08-12T16:28:52.830+0000] {dag.py:2742} INFO - Sync 1 DAGs
[2025-08-12T16:28:52.844+0000] {logging_mixin.py:150} INFO - [2025-08-12T16:28:52.844+0000] {dag.py:3504} INFO - Setting next_dagrun for tutorial_taskflow_api_virtualenv to None, run_after=None
[2025-08-12T16:28:52.859+0000] {processor.py:179} INFO - Processing /home/vscode/.local/lib/python3.10/site-packages/airflow/example_dags/tutorial_taskflow_api_virtualenv.py took 0.048 seconds
[2025-08-12T16:29:38.673+0000] {processor.py:157} INFO - Started process (PID=39898) to work on /home/vscode/.local/lib/python3.10/site-packages/airflow/example_dags/tutorial_taskflow_api_virtualenv.py
[2025-08-12T16:29:38.673+0000] {processor.py:826} INFO - Processing file /home/vscode/.local/lib/python3.10/site-packages/airflow/example_dags/tutorial_taskflow_api_virtualenv.py for tasks to queue
[2025-08-12T16:29:38.674+0000] {logging_mixin.py:150} INFO - [2025-08-12T16:29:38.674+0000] {dagbag.py:541} INFO - Filling up the DagBag from /home/vscode/.local/lib/python3.10/site-packages/airflow/example_dags/tutorial_taskflow_api_virtualenv.py
[2025-08-12T16:29:38.679+0000] {processor.py:836} INFO - DAG(s) dict_keys(['tutorial_taskflow_api_virtualenv']) retrieved from /home/vscode/.local/lib/python3.10/site-packages/airflow/example_dags/tutorial_taskflow_api_virtualenv.py
[2025-08-12T16:29:38.692+0000] {logging_mixin.py:150} INFO - [2025-08-12T16:29:38.691+0000] {dag.py:2742} INFO - Sync 1 DAGs
[2025-08-12T16:29:38.706+0000] {logging_mixin.py:150} INFO - [2025-08-12T16:29:38.706+0000] {dag.py:3504} INFO - Setting next_dagrun for tutorial_taskflow_api_virtualenv to None, run_after=None
[2025-08-12T16:29:38.723+0000] {processor.py:179} INFO - Processing /home/vscode/.local/lib/python3.10/site-packages/airflow/example_dags/tutorial_taskflow_api_virtualenv.py took 0.052 seconds
[2025-08-12T16:30:23.228+0000] {processor.py:157} INFO - Started process (PID=40198) to work on /home/vscode/.local/lib/python3.10/site-packages/airflow/example_dags/tutorial_taskflow_api_virtualenv.py
[2025-08-12T16:30:23.229+0000] {processor.py:826} INFO - Processing file /home/vscode/.local/lib/python3.10/site-packages/airflow/example_dags/tutorial_taskflow_api_virtualenv.py for tasks to queue
[2025-08-12T16:30:23.230+0000] {logging_mixin.py:150} INFO - [2025-08-12T16:30:23.229+0000] {dagbag.py:541} INFO - Filling up the DagBag from /home/vscode/.local/lib/python3.10/site-packages/airflow/example_dags/tutorial_taskflow_api_virtualenv.py
[2025-08-12T16:30:23.235+0000] {processor.py:836} INFO - DAG(s) dict_keys(['tutorial_taskflow_api_virtualenv']) retrieved from /home/vscode/.local/lib/python3.10/site-packages/airflow/example_dags/tutorial_taskflow_api_virtualenv.py
[2025-08-12T16:30:23.246+0000] {logging_mixin.py:150} INFO - [2025-08-12T16:30:23.246+0000] {dag.py:2742} INFO - Sync 1 DAGs
[2025-08-12T16:30:23.260+0000] {logging_mixin.py:150} INFO - [2025-08-12T16:30:23.259+0000] {dag.py:3504} INFO - Setting next_dagrun for tutorial_taskflow_api_virtualenv to None, run_after=None
[2025-08-12T16:30:23.275+0000] {processor.py:179} INFO - Processing /home/vscode/.local/lib/python3.10/site-packages/airflow/example_dags/tutorial_taskflow_api_virtualenv.py took 0.048 seconds
